wallet,token,wallet_age_days,avg_tx,recent_tx,tx_frequency,tx_per_min,tx_per_hour,tx_per_day,avg_time_between_tx_sec,dust_tx_ratio,similarity_hits,new_sender_ratio,is_poisoned_pattern,label
0x2476a91156c907ad022b9b920fe8a8c198c7a33f,usdt,103,3451.8711801214004,0.0,92.04854368932038,0.06338278630220505,3.802967178132304,91.27121227517529,946.629258517034,0.5905,3813,0.0658,0,-1
0xb64ddc4363b5f5bbc6c0b60cb32240878a88c315,usdt,58,17686.52417403398,0.0,7.103448275862069,0.004916784613805663,0.29500707682833976,7.080169843880154,12203.097087378641,0.3174946004319654,308,0.13822894168466524,0,-1
0xf52605c7b778563a5a9144ef4dc53b57463ca2c7,usdt,8,973.7170321602352,300.55,871.375,0.5787463677874637,34.72478206724782,833.3947696139477,103.67235690718692,0.0,1471,0.5292,0,-1
0x1073c8eb9641061a6b465583e5ee3eb1bfb6af70,usdt,84,151.33589004347826,184.82,0.5476190476190477,0.00037823410717839,0.0226940464307034,0.5446571143368816,158631.91304347827,0.0,21,0.031746031746031744,0,-1
0xeb7c34ca40cd04fcafc06e260ba4053f9a6b21c2,usdt,1,1e-05,1e-05,4.0,1.0,60.0,1440.0,60.0,0.3076923076923077,2,0.15384615384615385,0,-1
0x36d10679cf6385a882e953da5ba46377b2c45cff,usdt,86,461.93907905882355,500.030001,0.3953488372093023,0.00027142111305008675,0.016285266783005205,0.39084640279212496,221058.70588235295,0.0,5,0.5,0,-1
0x00836fe54625be242bcfa286207795405ca4fd10,usdt,15,79823.39697648819,10000.098383,332.8,0.2232158826685745,13.392952960114469,321.4308710427473,268.7980769230769,0.0002,2669,0.0085,0,-1
0x7d987e9bfcd271f34b48657db090bdb4d92e6467,usdt,1,68756.93047400001,260.64487,8.0,0.008451299387280795,0.5070779632368476,12.169871117684345,7099.5,0.0,4,0.4,0,-1
0x01a7fd9621519e3906fa821c6d763190f53b2f99,usdt,594,8524.685032853344,500.0,2.3417508417508417,0.001625404452276092,0.09752426713656552,2.3405824112775724,36913.88928828181,0.1336443468715697,709,0.07272228320526894,0,-1
0x0bd9b53d4d795b76c17989fb85552620d594710b,usdt,49,24660.074146658877,76337.000763,4.36734693877551,0.002986524355524791,0.17919146133148744,4.300595071955699,20090.242990654206,0.0,0,0.12534059945504086,0,-1
0x7b7e21be60e1e5b341ba005cf4eacc795a173410,usdt,43,0.001458344537815126,0.000498,2.7674418604651163,0.0018862182433760455,0.11317309460256272,2.7161542704615056,31809.680672268907,0.7218045112781954,48,0.08270676691729323,0,-1
0x0bd9f9c0de9a4955179ea9fde3061ec0703d710b,usdt,116,0.00020399191374663068,0.0,3.1982758620689653,0.00221516871107035,0.13291012266422103,3.1898429439413043,27085.973045822102,0.8125,97,0.19419642857142858,0,-1
0x9727f59ce6e8b4dce986c9b0a436b3872c3884a6,usdt,4,80.00003999999998,100.0001,1.25,0.0008658908284843447,0.051953449709060684,1.2468827930174564,69292.8,0.14285714285714285,2,0.42857142857142855,0,-1
0xb70638f35f1d1c573c5e4cca22f3c6c0ea9f01e0,usdt,886,9269.211411960783,2966.114949,2.8205417607223477,0.0019574861272276685,0.1174491676336601,2.8187800232078426,30651.558223289318,0.18224481814626514,1450,0.07567461869378178,0,-1
0x2cc8ca0acde8a34bf12b77e6f2102f8208667cf5,usdt,1,0.00016000000000000004,0.000136,10.0,0.005702554744525547,0.34215328467153283,8.211678832116787,10521.6,1.0,4,0.2,0,-1
0xa0c2c3989ace10a73f5078343224eaf702bf904a,usdt,10,1426.2494,0.0,0.6,0.0004141358365543898,0.02484815019326339,0.5963556046383214,144880.0,0.16666666666666666,4,0.3333333333333333,0,-1
0xcb718a1636514b47717d360c4880b54d52311781,usdt,317,497.1048265,488.419306,0.012618296529968454,8.76071764294644e-06,0.0005256430585767864,0.012615433405842872,6848754.0,0.0,1,0.15,0,-1
0x289c204b35859bfb924b9c0759a4fe80f610671c,usdt,306,720522.3393653167,1192.470462,2.218954248366013,0.0015361240265181612,0.09216744159108967,2.212018598186152,39059.346097201764,0.011812812358019082,392,0.0064743298500681504,0,-1
0x53b425cb1870c28092d673a8fe5af3ec9e1e1bba,usdt,377,113475178136.6144,0.000104,9.350132625994695,0.006491394712524212,0.38948368275145273,9.347608386034866,9243.005957446809,0.21095518334087823,2458,0.10932548664554097,0,-1
0xccdf908ccf3181cdf0e95aef06f75db33319f003,usdt,1,0.005818285714285714,0.00149,14.0,0.06789524733268672,4.073714839961203,97.76915615906886,883.7142857142857,0.0,9,0.35714285714285715,0,-1
0x1b555ff953b7b64c36648db589066e1f37c10e57,usdt,143,7127.257774666667,10500.0,0.1048951048951049,7.273228023456646e-05,0.004363936814073988,0.10473448353777569,824943.2,0.045454545454545456,5,0.18181818181818182,0,-1
0x2bd1efbdd2d07ba8dfca969a4ad6ce65d1b3e620,usdt,272,4661.013765902913,0.0,0.7573529411764706,0.0005259024844041832,0.03155414906425099,0.7572995775420237,114089.59223300971,0.19086021505376344,134,0.06182795698924731,0,-1
0x1ec3cc8943edd43953cbf777e350f31aae97e670,usdt,12,0.032,0.054,0.4166666666666667,0.0002698327037236913,0.016189962223421478,0.38855909336211547,222360.0,0.0,3,0.6,0,-1
0xed94cca529486a7961a9cf88dd4180f5329fc3f8,usdt,84,2110.40469536,1486.22237,0.2976190476190476,0.0002053388090349076,0.012320328542094455,0.29568788501026694,292200.0,0.01,14,0.035,0,-1
0x9d3b180f7e50f9e3c9bf9b078aa19382edc2f2c1,usdt,2,1239.3706173333333,2054.673242,6.0,0.003951267698386566,0.23707606190319394,5.689825485676654,15185.0,0.0,7,0.1111111111111111,0,-1
0x57e61a64d21afe3837028b5783bd7332436e2c7b,usdt,643,158.81798475757574,1.099478,0.05132192846034215,3.563229287757975e-05,0.002137937572654785,0.05131050174371484,1683865.8181818181,0.0,21,0.019642857142857142,0,-1
0x8619854ae39afef8c2ce6e05d003f5f6df8a0043,usdt,81,0.0004937222222222222,0.0006,0.4444444444444444,0.0003054818721965674,0.018328912331794046,0.43989389596305706,196411.0,0.5909090909090909,18,0.09090909090909091,0,-1
0x0340a7a6e75afc0d0e3cbbd7e706501ed6274b5c,usdt,663,4599.42875617359,0.0,1.0165912518853695,0.0007057726126298951,0.04234635675779371,1.016312562187049,85013.21661721068,0.3070283600493218,418,0.17385943279901356,0,-1
0x2fed537d6fbf3e3c3001700d8c1e20ccc082b4f0,usdt,578,18046.33527509323,0.0,2.301038062283737,0.0015961029167160699,0.0957661750029642,2.2983882000711406,37591.56090225564,0.17827457724276297,693,0.061908856405846945,0,-1
0xcbeae907ac649b6a98adbbb7bc39ddaf72c6deea,usdt,1,0.03815877587006962,25.555318,4310.0,7.805143064107207,468.30858384643244,11239.406012314379,7.687238979118329,0.0008804108584005869,4308,0.00044020542920029346,0,-1
0x4d620930c94b94aa2caf110e847bd35741c1d9a0,usdt,12,0.04,0.063,0.3333333333333333,0.00021897650382114,0.0131385902292684,0.3153261655024416,274002.0,0.0,2,0.375,0,-1
0x571cfcf59f30be7cdb173878d41485e413e3f66a,usdt,697,4780.262815302274,0.001,1.5236728837876614,0.0010565944627286801,0.0633956677637208,1.5214960263292991,56786.21468926554,0.1556997219647822,616,0.13948100092678406,0,-1
0x85df80c119568847f55aad93fe3b1f80db01a61a,usdt,302,104670.61684044417,0.0,1.3940397350993377,0.0009676964090418243,0.05806178454250946,1.393482829020227,62002.91686460807,0.28994082840236685,262,0.14201183431952663,0,-1
0xea6df897fc8ea83d2b81391abec672ae1cfbae1c,usdt,172,23374186.169603694,11641797.852099,2.441860465116279,0.0016893903070828895,0.10136341842497336,2.432722042199361,35515.77142857143,0.0039,234,0.0039,0,-1
0x15be3a15a6162631e80af9b480ef0f6e76c29c20,usdt,134,536.7794977757009,500.0,0.7985074626865671,0.0005537855121429118,0.03322713072857471,0.797451137485793,108345.19626168224,0.10126582278481013,79,0.12658227848101267,0,-1
0xb0aa9393ff65c4ce9dcbc3bc153fcb2071f65d0d,usdt,134,6500.0802342263505,40000.0,28.71641791044776,0.019908301782538017,1.194498106952281,28.667954566854746,3013.8180873180872,0.21991447770311545,1734,0.1217674608022806,0,-1
0x7fac4f19f27e3de3e5bd6fd2a1c54efdb2cfb9d3,usdt,5,48.75073307142857,5.26,2.8,0.0016532048556988333,0.09919229134193001,2.38061499220632,36293.142857142855,0.16666666666666666,9,0.2777777777777778,0,-1
0x8856e104e334b23e9aa87b5a54b3105124b99e36,usdt,303,1672.507598554455,5955.728618,0.3333333333333333,0.00023093484253444816,0.01385609055206689,0.33254617324960534,259813.54455445544,0.019522776572668113,56,0.0368763557483731,0,-1
0x23e30c6613497505721ca083ae7d68a364d0a876,usdt,520,7775.103158698413,0.000692,0.12115384615384615,8.413077287335434e-05,0.005047846372401261,0.12114831293763026,713175.4285714285,0.072,34,0.192,0,-1
0xd1cff98b29972252560463e939ded83e3f12d29b,usdt,52,20.73621822727273,15.794102,1.6923076923076923,0.0011719145354690587,0.07031487212814352,1.6875569310754448,51198.27272727273,0.32967032967032966,54,0.3076923076923077,0,-1
0xdea839e7a075fb1442c7a15aaa2396071886c518,usdt,1,2.571093625,0.3,8.0,0.0031618053908781915,0.18970832345269148,4.552999762864595,18976.5,0.0,4,0.024390243902439025,0,-1
0x9ca6956a0b49b6ee6302601d14e3aa7176bc1411,usdt,85,262.4046095380381,0.000396,117.52941176470588,0.0806692560501942,4.840155363011653,116.16372871227966,743.7777777777778,0.0832,174,0.1397,0,-1
0x3388fba255680bbdfa55789763f28682daaad035,usdt,1,0.00012499999999999998,0.0,12.0,0.004383401519579193,0.2630040911747516,6.312098188194038,13688.0,0.9230769230769231,9,0.15384615384615385,0,-1
0x2e28cf412ebafcee1807e94285d523f3243dbec9,usdt,1,2693.7509014615384,11672.920573,13.0,0.021158854166666668,1.26953125,30.468749999999996,2835.6923076923076,0.0,1,0.12,0,-1
0x1a9a8bda4756edd6965a70e1c663b6af2009d803,usdt,41,2132.1565723018866,2316.116113,1.2926829268292683,0.0008862105636299185,0.053172633817795106,1.2761432116270826,67704.0,0.4074074074074074,33,0.2037037037037037,0,-1
0xcaf1bb2cf2c91612f7bf17d01b04c95a0f9d1715,usdt,71,548.247090553398,178.46,7.253521126760563,0.004990368105055485,0.2994220863033291,7.186130071279898,12023.161165048543,0.47424511545293074,247,0.2877442273534636,0,-1
0x06d5e41c2eb4c790827685d7864ac50e9de12566,usdt,318,6128.178897036008,0.0,3.056603773584906,0.002118126059880208,0.12708756359281248,3.0501015262275,28326.925925925927,0.3897529734675206,586,0.15736505032021958,0,-1
0x08083101918629208bb1edf9d5e64f1a1c034eba,usdt,214,82294.05352664615,10.0,0.3037383177570093,0.00021078629123790572,0.012647177474274345,0.30353225938258427,284648.4923076923,0.0,49,0.02849740932642487,0,-1
0x03aae65dc2d964e4d564ddc9ca3d47939daae5c7,usdt,1,4674.127555666667,0.000701,3.0,0.20833333333333331,12.5,300.0,288.0,0.25,1,0.75,0,-1
0xa3c4152506e06cc431415878c97b0607796a1ab7,usdt,501,4005.91737691776,0.000865,2.281437125748503,0.0015814238182627195,0.09488542909576317,2.2772502982983163,37940.49343832021,0.1218877740616871,741,0.0802675585284281,0,-1
0xb36dfe2568da574a7c96144c4120f2685858d14e,usdt,48,761.7472377538462,0.0,2.7083333333333335,0.0018457100020444787,0.11074260012266872,2.6578224029440496,32507.815384615384,0.1564625850340136,97,0.14965986394557823,0,-1
0xcf406d64738d2576ceb97923449c58b8b9dcb876,usdt,1,0.0028000000000000004,0.001,5.0,0.0196078431372549,1.1764705882352942,28.235294117647058,3060.0,0.0,4,0.4,0,-1
0x68a948b8dbbc09e36c22051261f0d7b995384022,usdt,1,1141.325425,1141.325425,3.0,1.3636363636363635,81.81818181818181,1963.6363636363635,44.0,0.0,1,1.0,0,-1
0xc7f40ee6e821410efd1276787b7c46092f3aa619,usdt,12,2739.1734032765958,5000.0,3.9166666666666665,0.0026132597913840266,0.15679558748304162,3.763094099592999,22959.82978723404,0.2708333333333333,32,0.22916666666666666,0,-1
0x9fa0dcbd7901c6c6e8e33b096d152d2e6f29e4c8,usdt,1,0.0006177142857142857,0.001725,7.0,0.0904392764857881,5.426356589147287,130.2325581395349,663.4285714285714,0.5454545454545454,1,0.2727272727272727,0,-1
0xe6b760d735affeb43965f7159dbc211ae4f7eca6,usdt,26,1296.939139526316,0.0,1.4615384615384615,0.0010077383699036286,0.0604643021942177,1.451143252661225,59539.26315789474,0.2692307692307692,17,0.21153846153846154,0,-1
0xe228860dd4fb27759ebdefaf19b2694a8839d766,usdt,169,131540.78796502354,60985.0,1.0059171597633136,0.0006969212478989874,0.04181527487393925,1.0035665969745418,86092.94117647059,0.0,2,0.12446351931330472,0,-1
0x3e664fb602eca3fffd440ac7c06272e48668957c,usdt,88,0.00017758823529411764,0.000101,0.19318181818181818,0.00013413265877756228,0.008047959526653738,0.1931510286396897,447318.35294117645,0.8888888888888888,10,0.16666666666666666,0,-1
0x2ec849aa1e5a4876deb51a47b7eb59b61f4bcbe1,usdt,233,1040.7561524642856,305.824167,0.12017167381974249,8.340472380525711e-05,0.0050042834283154265,0.12010280227957025,719383.7142857143,0.0,12,0.12903225806451613,0,-1
0x1f27b0482ace1b82cf7a4f0c55dfc2a05dfcfd75,usdt,1072,985.3576604615384,3001.562286,0.012126865671641791,8.416261563943389e-06,0.0005049756938366034,0.01211941665207848,7129056.0,0.0,6,0.021052631578947368,0,-1
0x97acd9ff4bb3768046980d7aae1c1c8aabb7e05e,usdt,65,0.0001,0.0001,0.09230769230769231,6.399877122359251e-05,0.0038399262734155506,0.09215823056197321,937518.0,0.46153846153846156,3,0.23076923076923078,0,-1
0x316258097029035f8eaff57ce4b9605138eeb909,usdt,65,1642.3153746333332,0.00033,0.9230769230769231,0.0006404084952321587,0.03842450971392952,0.9221882331343086,93690.2,0.13580246913580246,24,0.1111111111111111,0,-1
0xb0e4d44a8af27f7b6d445ed816a994a0093f5b17,usdt,1,0.0032538338441684147,18.112542,6199.0,2.309440429178154,138.56642575068923,3325.594218016541,25.980319406355864,0.6198,6199,0.0001,0,-1
0xb3a91e3d9e66a697b941186b8b58761e8a2a7c08,usdt,44,396.8030486666667,215.995037,0.13636363636363635,9.331346793282674e-05,0.005598808075969604,0.1343713938232705,642994.0,0.0,3,0.375,0,-1
0x9be82de8dbc0b30528e06add615a600c8c9692af,usdt,80,16200.921877151577,0.000134,18.6375,0.012844147341580235,0.7706488404948141,18.495572171875537,4671.388329979879,0.2283308568598316,648,0.11391778107974244,0,-1
0xb14df49eceaa453fff9eec92f07536c66f0e6434,usdt,68,0.19791868985507247,0.072373,5.073529411764706,0.0034878501498259106,0.20927100898955467,5.022504215749311,17202.573913043478,0.0007621951219512195,170,0.004899825783972125,0,-1
0xece2b6c8e88a486d54d83661425066142253ac92,usdt,81,1204.9397809814816,1056.151805,1.3333333333333333,0.0009255196621510448,0.05553117972906269,1.3327483134975044,64828.444444444445,0.15037593984962405,71,0.10902255639097744,0,-1
0x73016c013695e40098601d05ce9ce0c60fe23619,usdt,1,3849.1152050769233,11049.11,13.0,1.6666666666666667,100.0,2400.0,36.0,0.2,8,0.3333333333333333,0,-1
0xe4731d1d77cae73c340e47b6a10f0b34ad9c6b96,usdt,1,0.11026202266180143,20.468519,5207.0,2.365312982647406,141.91877895884437,3406.050695012265,25.36662185519493,0.0002,5201,0.0003,0,-1
0xca23a6843927bdc029a371129133f33ce44c53e5,usdt,3,0.08860223195757437,36.450816,1445.6666666666667,0.9816659121774559,58.899954730647345,1413.5989135355364,61.12059026977173,0.00036036036036036037,4333,0.00036036036036036037,0,-1
0xbc914bf74cab322f2204c7623dc40d990ddc521e,usdt,12,0.031999999999999994,0.05585,0.4166666666666667,0.00027080309365454193,0.016248185619272514,0.3899564548625404,221563.2,0.0,3,0.6,0,-1
0x412F5c7b577183dfAD04575136758d263770a0B3,usdt,12,0.0071922,0.000911,0.4166666666666667,0.0002702585834126092,0.01621551500475655,0.38917236011415723,222009.6,0.2,0,0.6,0,-1
0xf05dbae733632254f7095698405ae8fb27ab58cd,usdt,1,1100.007,1100.007,3.0,1.1538461538461537,69.23076923076923,1661.5384615384617,52.0,0.0,1,1.0,0,-1
0xca686974913389d42f3c5f61010503daccdb487a,usdt,779,307202.80035960156,0.000303,0.15789473684210525,0.00010957830171449952,0.006574698102869972,0.15779275446887933,547553.6585365854,0.0015283842794759825,65,0.007205240174672489,0,-1
0x2869e335a2f29e5cb101784c0d7776f1fdc71e9c,usdt,5,3853.503785,1232.34,1.8,0.00111185234600845,0.066711140760507,1.601067378252168,53964.0,0.3333333333333333,6,0.4444444444444444,0,-1
0x860eb5242fd01c149a09649055348604fa72311d,usdt,6,639.9999856000001,99.999964,0.8333333333333334,0.0005508670647599321,0.03305202388559593,0.7932485732543023,108919.2,0.0,2,0.2857142857142857,0,-1
0xdb56228d6b07efd49f8d0ea10cea5d716720b9f0,usdt,41,0.0003000000000000001,0.0002,0.14634146341463414,9.94388335161903e-05,0.005966330010971418,0.14319192026331404,603386.0,1.0,3,0.5,0,-1
0x0b8413fdc16b52ab737090e8b3fa29746969d8a6,usdt,186,14.54027925,0.0,0.021505376344086023,1.4863291163699086e-05,0.0008917974698219451,0.021403139275726686,4036791.0,0.125,2,0.375,0,-1
0x525a49557ed6581ea034d88292ba845f4664a3cb,usdt,13,11499.4258395,0.3002,1.2307692307692308,0.0007953393116338258,0.04772035869802954,1.1452886087527092,75439.5,0.14285714285714285,9,0.14285714285714285,0,-1
0x05d143616e0c661ea011f1609ee959c12f84178e,usdt,10,0.0002625,0.0008,1.6,0.001016453846642526,0.06098723079855155,1.4636935391652373,59028.75,1.0,8,0.3125,0,-1
0xa264b74891d7a04f3b103ab98b62d5ae65e60530,usdt,734,2520515858514.257,4355.0,2.32425068119891,0.001612717515983959,0.09676305095903755,2.322313223016901,37204.283704572095,0.07174018419777024,1202,0.07004362578768783,0,-1
0x1c60bd71598e75f29eec7c9a9040b3e6ee2f75b3,usdt,32,9.407210000000001,0.919009,0.15625,0.00010718389326199173,0.006431033595719504,0.15434480629726807,559785.6,0.0,3,0.027777777777777776,0,-1
0xa5c059237a907898963b55742ea27c1e6543d1ff,usdt,21,0.026724137931034484,0.037738,2.761904761904762,0.0018789198154771161,0.11273518892862695,2.705644534287047,31933.241379310344,0.43333333333333335,50,0.11666666666666667,0,-1
0xc51cee978a9f19e60a745afb2a762e42c67ede8a,usdt,535,1227.8266666666666,1440.0,0.011214953271028037,7.777249212877569e-06,0.0004666349527726542,0.0111992388665437,7714810.0,0.0,2,0.2,0,-1
0x3242eb4dcd3d6de3fe05f632ab40816c0461552b,usdt,401,6194.086038325868,0.0,7.905236907730673,0.005489052025131201,0.32934312150787204,7.904234916188928,10930.849211356466,0.1184,2257,0.0537,0,-1
0xb99a2c4c1c4f1fc27150681b740396f6ce1cbcf5,usdt,238,5328596811480988.0,0.005,16.558823529411764,0.011462213088387303,0.6877327853032382,16.50558684727772,5234.591220502411,0.0604,2180,0.0184,0,-1
0xbfbbc5cb3cf4241c196bf8bf20cadc6c569df49f,usdt,95,776.6511427935368,0.0004,5.863157894736842,0.004071482662939712,0.2442889597763828,5.862935034633186,14736.64631956912,0.45527156549520764,294,0.2987220447284345,0,-1
0xe5350e927b904fdb4d2af55c566e269bb3df1941,usdt,1033,20874.492146004377,3526.682215,1.547918683446273,0.0010741884670719248,0.06445130802431549,1.5468313925835717,55856.12007504691,0.0058,714,0.0171,0,-1
0x92259539742a32af979c90c93d2ca79b4cdc3c14,usdt,1,18768.597548125003,0.000748,16.0,0.008309098462816784,0.49854590776900704,11.965101786456168,7221.0,0.006535947712418301,10,0.013071895424836602,0,-1
0x7ef5992733583863a83ba672c7dd1105818e01fc,usdt,50,5965.086956521739,4040.0,0.92,0.000638197508254946,0.038291850495296764,0.9190044118871222,94014.78260869565,0.0,0,0.07865168539325842,0,-1
0xa370909fe06a103d989fe5f718f014e1649054b1,usdt,240,6147.728583111111,3601.207913,0.0375,2.5986295405276485e-05,0.0015591777243165893,0.03742026538359814,2308909.3333333335,0.0,5,0.14285714285714285,0,-1
0xdcbe6eb4b2f99bfa3115d244519ffb14f5809a18,usdt,69,508.96008959024385,1605.0,2.971014492753623,0.002041153640123704,0.12246921840742223,2.939261241778133,29395.141463414635,0.018329938900203666,110,0.06720977596741344,0,-1
0x18c29e223a02810a363ca2eec63f0e4fbda921d7,usdt,12,0.04,0.065,0.3333333333333333,0.0002186365822729459,0.013118194936376754,0.3148366784730421,274428.0,0.0,2,0.75,0,-1
0xb76aa62dcb687d2cf49879c4773e31c720d54597,usdt,66,47373.58872268122,90.0,52.75757575757576,0.03627136229070007,2.1762817374420043,52.230761698608106,1654.1975875933372,0.22321606042536274,2222,0.06658715961041542,0,-1
0x21222ea5b574df6a44058cda24c9064e393dbb21,usdt,155,15570.46190442046,0.0008,0.567741935483871,0.0003920324745446186,0.02352194847267712,0.5645267633442508,153048.54545454544,0.52,22,0.15,0,-1
0x9d3250b5843c985fbd92da410463edb16790d4f6,usdt,39,1372.750456252101,0.0,3.051282051282051,0.0020662879050966122,0.12397727430579672,2.975454583339121,29037.579831932773,0.20930232558139536,82,0.14883720930232558,0,-1
0xc83a27d63b8e14abc6551a9ffed542fd49c648ff,usdt,6,1335.6382593333333,500.0,1.5,0.0008945255039160338,0.05367153023496203,1.2881167256390889,67074.66666666667,0.0,9,0.05,0,-1
0x9faa9926add6568a9de80ace71b21998cbc9e4c8,usdt,1,0.01975470588235294,0.049499,17.0,0.17857142857142858,10.714285714285714,257.14285714285717,336.0,0.3333333333333333,0,0.6296296296296297,0,-1
0xc6b71444c1161a7be036be5db7733fe853a9d5be,usdt,6,0.003943714285714286,0.002054,2.3333333333333335,0.0014051428227311962,0.08430856936387177,2.0234056647329224,42700.28571428572,0.0,7,0.14285714285714285,0,-1
0xe7f66738dee853b9b18cde4e606f517b2f6d0a2b,usdt,342,2907683813382.6304,675.0,5.2894736842105265,0.0036708231450573755,0.22024938870344254,5.285985328882621,16345.107794361526,0.09068627450980392,1141,0.03630514705882353,0,-1
0x3b119c10e0fc28b0314f14cbb90ba0a528011393,usdt,1,4748.9971115,0.000494,12.0,0.0149402390438247,0.896414342629482,21.51394422310757,4016.0,0.2,7,0.3333333333333333,0,-1
0x049cc3cb35ea8d08dcade3829fdf40b7703c2069,usdt,5,3859.893056583333,1802.38893,24.0,0.014978281491836836,0.8986968895102102,21.568725348245042,4005.8,0.3008474576271186,40,0.19915254237288135,0,-1
0x46705dfff24256421a05d056c29e81bdc09723b8,usdt,8,17619.300131582237,37271.773613,1235.75,0.8051668811389291,48.310012868335754,1159.440308840058,74.51871333198463,0.0,1560,0.7881,0,-1
0xadb2b42f6bd96f5c65920b9ac88619dce4166f94,usdt,121,48360.379330198215,14697.076047,77.00826446280992,0.05325916602936285,3.195549961761771,76.69319908228249,1126.5666452028331,0.0007,5366,0.2506,0,-1
0x85c622d33b346bd9d738029b745c2f8962a52ed1,usdt,104,5643.269461000863,1000.0,44.59615384615385,0.030938480585736547,1.8563088351441928,44.55141204346063,1939.3324708926261,0.20646319569120286,2602,0.08473967684021544,0,-1
0x23c7b0978b97d478863781f6ee578d277a5567e3,usdt,630,506.20455059259257,1949.743797,0.12857142857142856,8.92844742235723e-05,0.005357068453414338,0.1285696428819441,672009.3333333334,0.011111111111111112,39,0.03333333333333333,0,-1
0x4278eaa424226daa35b120c94c5db1f876ba47c3,usdt,61,0.012462375,0.01,0.26229508196721313,0.0001797987153381789,0.010787922920290734,0.25891015008697765,333706.5,0.0,10,0.35294117647058826,0,-1
0x57b3abae7e7392571396a4a91bc1ae35bbdd19d7,usdt,1789,2177.236845605555,460.75314,0.10061486864169927,6.985142104728483e-05,0.0041910852628370895,0.10058604630809014,858966.0611111111,0.0026437541308658294,101,0.013218770654329148,0,-1
0xeb760b2d3d38a3deaf1a52bd690bd80ce30921c2,usdt,43,20000.0,20000.0,0.7209302325581395,0.0005001064742816212,0.03000638845689728,0.7201533229655346,119974.45161290323,0.0,0,0.014705882352941176,0,-1
0x89f959f12c5b50ec87ad625f123977f8b8f961e8,usdt,486,385120.7056447954,0.0,1.2469135802469136,0.0008641755594039413,0.051850533564236474,1.2444128055416754,69430.33663366336,0.13969425408539798,426,0.013178703215603585,0,-1
0xa8e3dfedf4d11cbd7c54afb9f49a79468ae7b56e,usdt,24,11866.304326300698,0.0,11.916666666666666,0.008024151011155252,0.48144906066931525,11.554777456063565,7477.426573426574,0.23809523809523808,190,0.26666666666666666,0,-1
0x0d072ada94b21fe61bce1e4b0696c3a8715992fe,usdt,64,28927.95038068307,0.0085,2.859375,0.0019698558237764827,0.11819134942658897,2.836592386238135,30459.081967213115,0.49800796812749004,34,0.2908366533864542,0,-1
0x87620d916cfad4caf03bca87b2e4f5f1a3d0c58d,usdt,10,0.0,0.0,0.7,0.0004712979545668772,0.028277877274012632,0.6786690545763031,127308.0,1.0,0,0.5714285714285714,0,-1
0xaaf06d5fdd701ce00a14f7fd88179b68d2a62be9,usdt,12,0.04,0.066054,0.3333333333333333,0.00022787348464132714,0.013672409078479627,0.3281378178835111,263304.0,0.0,2,0.75,0,-1
0x24f042c5b3b4f58e067ebd5e2c797383d079edc0,usdt,1,0.0285315,0.052063,4.0,3.3333333333333335,200.0,4800.0,18.0,0.0,2,0.75,0,-1
0x9eba93975846f4f58764d2b1e74b3d5d3c101082,usdt,88,618.3354477201046,0.001,112.98863636363636,0.07809125280580309,4.685475168348185,112.45140404035644,768.331891783164,0.0556,463,0.0874,0,-1
0xcbf16cd174b9ef245e619690645d4a66415078df,usdt,1408,7558139539539.861,0.001,0.3664772727272727,0.0002543641213688546,0.015261847282131275,0.36628433477115063,235882.32364341084,0.1961367013372957,284,0.11292719167904904,0,-1
0x850051c319267d0934665428b5a03697711dabc3,usdt,28,0.00022070588235294114,0.0002,1.2142857142857142,0.0008201743594197026,0.049210461565182155,1.1810510775643717,73155.17647058824,0.9714285714285714,17,0.2857142857142857,0,-1
0xa67cf9c8d8416b82e3685cccc786aa53e05d4f53,usdt,1,0.007206,0.009998,5.0,0.27472527472527475,16.483516483516482,395.6043956043956,218.4,0.2,3,0.6,0,-1
0x3193af5170d0ef79a8d887380c17f6832980d255,usdt,24,0.0,0.0,0.16666666666666666,0.00011312153211803101,0.00678729192708186,0.16289500624996464,530403.0,0.017391304347826087,4,0.004347826086956522,0,-1
0xd3768f51e0e2be81d599536ecf739fdf1e58f1d0,usdt,521,840146.8989834444,1824.2,0.0345489443378119,2.3983953136421525e-05,0.0014390371881852916,0.034536892516446996,2501672.6666666665,0.0035865666775350504,15,0.00097815454841865,0,-1
0x4a183b7ed67b9e14b3f45abfb2cf44ed22c29e54,usdt,216,8.690407448851271,0.013507,19.14351851851852,0.013249646409073461,0.7949787845444076,19.079490829065783,4528.422732769045,0.0001,2,0.0095,0,-1
0x5fdff2239c8057ce2e6cdedc14126af3c9646448,usdt,1,0.0923641891615542,51.635252,1956.0,2.8513119533527695,171.07871720116617,4105.889212827989,21.042944785276074,0.0012714558169103624,1954,0.0009535918626827717,0,-1
0x4d69004ea1155dbde453f6451b36c02822293b0f,usdt,13,7533.333333333333,12600.0,0.23076923076923078,0.00015816444884961725,0.009489866930977035,0.22775680634344883,379352.0,0.0,0,0.3333333333333333,0,-1
0xf0f34da85c37a0b298a34058d465422ed10eca1d,usdt,33,855.0799999999999,885.59,0.15151515151515152,0.0001025981967340942,0.006155891804045652,0.14774140329709565,584805.6,0.0,1,0.2222222222222222,0,-1
0x0d0707963952f2fba59dd06f2b425ace40b492fe,usdt,1,47171.944526716994,56.96,2689.0,1.4435258750268414,86.61155250161048,2078.6772600386516,41.5648940126441,0.0014,1178,0.094,0,-1
0x3358158343fc2f06b20aab9bb02282ca73033905,usdt,1,0.030755815581057052,21.768626,6187.0,4.364418735891648,261.86512415349887,6284.762979683973,13.747535154355907,0.008,6185,0.0002,0,-1
0x301d9bc22d66f7bc49329a9d9eb16d3ecc4a12b4,usdt,11,0.005,0.005,461.27272727272725,0.3113150822770054,18.678904936620324,448.29371847888774,192.730784391013,0.0,5074,0.0001,0,-1
0x933716617b5f87aa5f06ca94b0a657002ba95a50,usdt,2381,3267.142597101458,0.0,0.7202855942881142,0.0005001023217126354,0.030006139302758122,0.7201473432661949,119975.44781341108,0.14845024469820556,993,0.10570962479608483,0,-1
0xec107c70494694f48cf4fc70792cca7c19ede2ee,usdt,2,0.00037275000000000003,0.000662,4.0,0.0025921845635409244,0.15553107381245546,3.7327457714989305,23146.5,0.2962962962962963,4,0.18518518518518517,0,-1
0x936d1109a31054947d5c317aee712dd8a3614631,usdt,480,1112.7887474866666,493.0,0.3125,0.00021658529316552112,0.012995117589931268,0.31188282215835045,277027.12,0.06810035842293907,96,0.1111111111111111,0,-1
0x6f62eb97b27b23a682c4c5f98da0c9904663e99d,usdt,17,0.02519322222222222,0.006739,0.5294117647058824,0.0003618061362320705,0.02170836817392423,0.5210008361741815,165834.66666666666,0.1111111111111111,4,0.6666666666666666,0,-1
0xcda7f6f901f636e1ad775d88094af96b48401c38,usdt,1,0.00459875,0.001999,4.0,0.019588638589618023,1.1753183153770812,28.207639569049952,3063.0,0.0,3,0.3333333333333333,0,-1
0xcd6068fae4b4c59732ab9f04f632b39b8d31a501,usdt,1,0.00025,0.0002,4.0,0.002785515320334262,0.1671309192200557,4.011142061281337,21540.0,1.0,2,0.5,0,-1
0xdae3ab68ce620056040011acb9ddb4304cb9c993,usdt,740,24438.596694585718,1.637219,0.0945945945945946,6.563873900855873e-05,0.003938324340513524,0.09451978417232457,914094.3428571429,0.001422475106685633,38,0.01991465149359886,0,-1
0x87232982ff0393ca7d311cd6eae92257afed089b,usdt,150,74.6629921115336,0.990934,15.78,0.010945765972402056,0.6567459583441234,15.761903000258963,5481.571609632446,0.06170286108238538,2053,0.05653223026542571,0,-1
0xcf499f4b48a3611729ef75d8636e73ca5c4fb876,usdt,36,1.0000000000000003e-05,1e-05,0.7222222222222222,0.0004999423143483444,0.029996538860900666,0.7199169326616159,120013.84615384616,1.0,13,0.07692307692307693,0,-1
0x6e45b1418593b4ba3177b79dfeae40ebbd97a5eb,usdt,5,17541.624931500002,10193.249863,1.2,0.000813206473123526,0.04879238838741157,1.1710173212978774,73782.0,0.0,2,0.26666666666666666,0,-1
0x20dd5274180a1156096aea5e48ad14a9962e1a66,usdt,5,22135.98022125,29514.640295,1.6,0.0010854227721697602,0.0651253663301856,1.5630087919244546,55278.0,0.2,6,0.3,0,-1
0xcb4deb022048365bc387d546ef7567de96a5f3de,usdt,232,22.931328727272724,4.048567,0.04741379310344827,3.2818030584017743e-05,0.0019690818350410646,0.04725796404098555,1828263.2727272727,0.0,5,0.028169014084507043,0,-1
0x694b1fe2b295b9faca69fff9fcb24d4b3ede1bb1,usdt,34,14616.706211666666,28.112794,0.17647058823529413,0.00011940963874603959,0.0071645783247623746,0.171949879794297,502472.0,0.0,0,0.043478260869565216,0,-1
0x42459c4aab7162a0e8fad3658ce6b33281507b0e,usdt,74,25680.372570801654,199900.0,1.635135135135135,0.0011348161597821154,0.06808896958692692,1.634135270086246,52872.0,0.0,0,0.007459207459207459,0,-1
0x04dd26fb64de6d6c6b156b9058825b98144015a3,usdt,14,475.0036550714286,0.000171,1.0,0.0006900562888772784,0.04140337733263671,0.9936810559832809,86949.42857142857,0.3125,7,0.5,0,-1
0xc85adc31f6e30a50a96d6489c7442fb6396637ef,usdt,126,27004.3053385,27014.834949,0.031746031746031744,2.2044713291970104e-05,0.0013226827975182061,0.031744387140436946,2721741.0,0.0,2,0.04411764705882353,0,-1
0x86e8758a89ca617faeafcdfd04bf5dd0bb0b917a,usdt,736,21091.551801949274,0.0,0.375,0.0002604071824829749,0.015624430948978496,0.37498634277548387,230408.39130434784,0.017926356589147287,154,0.009689922480620155,0,-1
0x5eab5142b1e5d2bb9083603fdcf0a5417768b524,usdt,15,603.5209144504132,153.21,16.133333333333333,0.010574427364171043,0.6344656418502626,15.227175404406303,5674.06611570248,0.3237410071942446,145,0.30935251798561153,0,-1
0xc0cc7c398d95775cee25e8df802672feedf7223b,usdt,188,303.0157663513513,1.256065,0.19680851063829788,0.00013651836836197883,0.00819110210171873,0.1965864504412495,439501.2972972973,0.013888888888888888,18,0.16666666666666666,0,-1
0x52ffeda173b9413e5bb0bde7ae33d403ee0228ed,usdt,1,25000.5,1.0,4.0,4.0,240.0,5760.0,15.0,0.0,2,0.5,0,-1
0x2f95fe668072b0c377ca25a5ae19e27d43b5e796,usdt,374,1179.1126330461257,120.0,1.4491978609625669,0.0010054968397345636,0.06032981038407382,1.4479154492177717,59671.9926199262,0.15140845070422534,107,0.1056338028169014,0,-1
0x7c4613a7b8d39bd6b39b14e1f93d337f583b0331,usdt,75,1145.9755769272726,1038.372531,0.7333333333333333,0.0005048233577178313,0.030289401463069878,0.726945635113677,118853.45454545454,0.1527777777777778,22,0.25,0,-1
0x8aaccbcff17c3ae20edcc0b34e70d31463ee630e,usdt,39,55096.13774043283,0.00011,1.7179487179487178,0.0011739515911424476,0.07043709546854686,1.6904902912451245,51109.432835820895,0.2702702702702703,53,0.12162162162162163,0,-1
0x7a9757192192939ba09dec78a474612bcd7eab84,usdt,36,0.0004795,0.0005,0.2222222222222222,0.0001503923360065571,0.009023540160393426,0.21656496384944224,398956.5,0.5714285714285714,4,0.14285714285714285,0,-1
0x2f7c433e46df9e875a2685ef45e9ac5971a14273,usdt,1,70.24537087499999,40.0,16.0,0.08501594048884166,5.100956429330499,122.42295430393199,705.75,0.0,12,0.1875,0,-1
0x0bd9a67a9f6550a4171b2d198f1d8ed0e583710b,usdt,1,0.010000499999999999,0.01,4.0,0.19801980198019803,11.881188118811881,285.1485148514852,303.0,0.0,2,0.5,0,-1
0xbed7742414e6d1c10e11a3a4561ae0680e69c440,usdt,676,1206.568952827957,655.0,0.5502958579881657,0.0003816401539610247,0.022898409237661482,0.5495618217038756,157216.16129032258,0.33067729083665337,283,0.09561752988047809,0,-1
0x741d7f3fa155590c7e7392348e7993a4e7450a3b,usdt,832,7232.358409062499,0.0,0.019230769230769232,1.334490781671303e-05,0.0008006944690027818,0.01921666725606676,4496097.0,0.07317073170731707,9,0.12195121951219512,0,-1
0xbaab1fee27badee9e85c7498a1bc4e1bf780f460,usdt,139,2506.7592211275683,3000.0,8.402877697841726,0.005802394680078412,0.3481436808047047,8.355448339312913,10340.558219178081,0.2648305084745763,722,0.1673728813559322,0,-1
0xec875ae0b48487c014adc6571fa18673e4983ee8,usdt,38,2643.1695,1200.0,0.5263157894736842,0.00035679370901332266,0.02140762254079936,0.5137829409791846,168164.4,0.0,7,0.25,0,-1
0x05718648aec7907823660ffad84bc674549ef26b,usdt,12,0.02666666666666666,0.041489,0.5,0.0003417634996582365,0.020505809979494187,0.49213943950786054,175560.0,0.0,4,0.5,0,-1
0x3e67a459b3acbd09641396f77e1da45ee35396d5,usdt,171,307.80940574,3000.0,0.29239766081871343,0.00020286296444461396,0.012171777866676836,0.29212266880024407,295766.16,0.058823529411764705,10,0.22058823529411764,0,-1
0x352423e2fa5d5c99343d371c9e3bc56c87723cc7,usdt,70,236168.76053507,2000.0,16.12857142857143,0.011108093855030027,0.6664856313018017,15.995655151243241,5401.466784765279,0.0,565,0.0133,0,-1
0x8751f960869d588b9e1eef01258b27945b740212,usdt,1,5572.944350177273,0.000103,220.0,0.10014566642388928,6.008739985433357,144.20975965040057,599.1272727272727,0.4439461883408072,66,0.5067264573991032,1,2
0x8fca4ade3a517133ff23ca55cdaea29c78c990b8,usdt,40,3805.9418772616723,11202.599143,184.2,0.12551830816039358,7.5310984896236155,180.7463637509668,478.01791530944627,0.0087,6102,0.049,0,-1
0xaa6540992e330299454d0de857c03d5b34928f31,usdt,105,43.606497489048024,0.000147,22.60952380952381,0.015606757055253441,0.9364054233152066,22.47373015956496,3844.4886267902275,0.4640417838489353,1391,0.05383688228204098,0,-1
0x07e7a84f013dfdd30167cb243fd3609b560c2fac,usdt,41,337.10215449557523,664.0,2.7560975609756095,0.0018746536867636178,0.11247922120581706,2.6995013089396096,32005.911504424777,0.4523809523809524,61,0.24603174603174602,0,-1
0x934ca25de0ca73e217f432ff2c8d9c59c5f30e1b,usdt,282,20248.74886725926,2187.304854,0.6702127659574468,0.00046517054038049474,0.027910232422829685,0.6698455781479125,128984.95238095238,0.07471264367816093,134,0.11781609195402298,0,-1
0x61c13d98ac45cc4c9c541c6dea0db90b993805d1,usdt,1,11.495957666666667,14.487873,6.0,0.07653061224489795,4.591836734693878,110.20408163265307,784.0,0.0,3,0.19047619047619047,0,-1
0x8b32e380cb8046f1c3568cc3e759dfdd78819913,usdt,10,11836.887449759255,130000.0,548.3,0.37911054567580277,22.746632740548165,545.919185773156,158.26518329381724,0.0341,674,0.4226,0,-1
0xf81b7d38f0310a465dd4e00ed9f85eacb73a57d0,usdt,1,2432.3451499999996,3997.22,9.0,0.05382775119617225,3.229665071770335,77.51196172248804,1114.6666666666667,0.09090909090909091,7,0.2727272727272727,0,-1
0x4d69a36d0906082c09fa8a2e0451273822293b0f,usdt,50,14782.184215833333,7895.0,0.12,8.226954244422811e-05,0.004936172546653687,0.11846814111968848,729310.0,0.0,3,0.4,0,-1
0xa9ff5278c5713fd85ae915eaf25c2aa73355abe4,usdt,54,2.7000000000020275e+17,9e+17,0.18518518518518517,0.00012673018383480467,0.007603811030088279,0.18249146472211872,473446.8,0.0,0,0.3333333333333333,0,-1
0x6388a1158a2af6498bbe7bfa07684a808ac799ee,usdt,1122,98360655741585.08,6000.0,0.5436720142602496,0.0003772225830916223,0.022633354985497338,0.543200519651936,159057.28524590164,0.34106412005457026,168,0.06684856753069578,0,-1
0x2f515a0f879a06028ec46d08cf97f30e2f7787f5,usdt,340,31136481681512.832,0.000508,11.33529411764706,0.007864638430696496,0.4718783058417898,11.325079340202954,7629.085625324338,0.1134,2565,0.0284,0,-1
0x007e4067619c97cfa137fc990289883d4a8c4995,usdt,32,0.00020245454545454546,0.0,2.40625,0.001634909782705627,0.09809458696233762,2.354270087096103,36699.27272727273,0.9615384615384616,16,0.2692307692307692,0,-1
0xcf4587c245c7a9747d2924f466869db9ac6cb876,usdt,34,0.0001,0.0001,0.11764705882352941,7.999168086519002e-05,0.004799500851911402,0.11518802044587363,750078.0,0.8,2,0.4,0,-1
0xcb6b1613daefd8b72015ba1e3f7a3bb8c7cbbe7f,usdt,740,26775.663670977276,0.0,0.1783783783783784,0.00012378846726620297,0.007427308035972178,0.17825539286333228,484697.8181818182,0.01808785529715762,79,0.020025839793281652,0,-1
0xb6f85765b543836bb9771c662f4fc9095a3285c1,usdt,12,324.3717324,0.00975,0.4166666666666667,0.0002826998970972375,0.01696199382583425,0.40708785182002194,212239.2,0.0,2,0.6666666666666666,0,-1
0x6f42c22a41f663d4a03641006b48bc34ceb33871,usdt,21,1971.5818534848486,3022.61,1.5714285714285714,0.0010655128991637337,0.06393077394982404,1.5343385747957767,56310.90909090909,0.3333333333333333,20,0.21212121212121213,0,-1
0xb3ba065c4ea818992ca1df2fca5ee563d3c3ee5e,usdt,253,1455.100054089862,0.000137,5.146245059288537,0.00357152849898697,0.21429170993921817,5.143001038541237,16799.529953917052,0.2771704180064309,867,0.14790996784565916,0,-1
0xc32fb0d696b234f363c55ec9062075f5e5b42b61,usdt,14,1802.60418475,3421.75,0.8571428571428571,0.0005806020843614828,0.03483612506168897,0.8360670014805353,103341.0,0.25,9,0.25,0,-1
0x646b29c65204e846ee1ec3972ec2d4eb98f0eb30,usdt,246,636.653209125,1000.001,0.13008130081300814,9.005170656426286e-05,0.005403102393855772,0.12967445745253853,666283.875,0.029411764705882353,15,0.14705882352941177,0,-1
0x7a0a7bedaf0246775366117e54d9dd9180c3c824,usdt,30,34736.01517532792,0.0,32.833333333333336,0.02258656271497363,1.3551937628984176,32.52465030956203,2656.4467005076144,0.294072363356428,654,0.0731331793687452,0,-1
0x058c3823d4e99ec66a3bca69087fa3d820525085,usdt,2,255.65792222222223,1000.4,4.5,0.0030915086562242375,0.18549051937345423,4.451772464962902,19408.0,0.3333333333333333,5,0.4444444444444444,0,-1
0x6de7ad9c8bd8eb0e9f6607a4336cff290f537fd4,usdt,148,22.205569370579916,14.11,4.777027027027027,0.0033162377446956616,0.19897426468173968,4.775382352361753,18092.79207920792,0.09065934065934066,491,0.08104395604395605,0,-1
0x5076f0b56ff9c4d78c136187b4415b7e2d51023c,usdt,451,345.71097436363635,55.58,0.0975609756097561,6.766586595391954e-05,0.004059951957235172,0.09743884697364415,886710.0,0.14,14,0.1,0,-1
0x17e4921a3a7f7dbac55c9dc30fe50da1df9b4f2d,usdt,1,0.04040681113956466,44.976465,3124.0,1.7855509830818475,107.13305898491083,2571.1934156378597,33.60307298335467,0.07476790450928382,3123,0.0003315649867374005,0,-1
0x2e8bf3364fd49f6fdf8bdb5dd1fad130ed5cef03,usdt,177,35010.512920046414,0.001,1.3389830508474576,0.0009249495180505654,0.05549697108303393,1.3319273059928143,64868.40506329114,0.20689655172413793,128,0.11822660098522167,0,-1
0x92c14922c7fce782be072f9ba0a86c19dc10d59b,usdt,1,0.0008489999999999999,0.001132,4.0,0.0038714672861014324,0.23228803716608595,5.574912891986062,15498.0,0.2,3,0.4,0,-1
0x29cd26d26dbc724396e304108e52b5def3237d40,usdt,875,5660.994144380809,1393.0,0.7622857142857142,0.0005292022866616586,0.03175213719969952,0.7620512927927885,113378.19490254873,0.09474522292993631,411,0.12898089171974522,0,-1
0x0a6d1288bebc4c166c2d218c384e1e1452269bd3,usdt,50,1052.6274747457046,92.44562,5.82,0.003971752785003972,0.23830516710023833,5.719324010405719,15106.680412371134,0.273542600896861,164,0.23542600896860988,0,-1
0xbc3fcf7722dd4f6f6b2265e3739de079247f401d,usdt,895,1934.1393553399694,0.0,5.051396648044693,0.003504601718022273,0.21027610308133637,5.046626473952073,17120.347710683476,0.2322701688555347,3056,0.06378986866791744,0,-1
0xfd83249f64f4f71c2a14bba436eecf2712f4634d,usdt,42,18836.4764795,6696.608176,0.19047619047619047,0.0001320084089356492,0.007920504536138953,0.19009210886733485,454516.5,0.0,4,0.046875,0,-1
0xbd0f76c8f9fa0c564d397ea874e27886ad9ba4e3,usdt,56,5063.853982227536,26462.5,36.964285714285715,0.02522138773680081,1.5132832642080483,36.31879834099316,2378.9333333333334,0.22095761381475668,1170,0.14442700156985872,0,-1
0xec8abb8fdefb033bd0e83e32e893c35c63b83ee8,usdt,44,0.0032626493506493505,0.002311,1.75,0.001203738154122256,0.07222428924733537,1.7333829419360485,49844.72727272727,0.5357142857142857,36,0.07142857142857142,0,-1
0x000000000000c9b3e2c3ec88b1b4c0cd853f4321,usdt,3,223.67517049999998,398.491582,1.3333333333333333,0.0007246376811594203,0.043478260869565216,1.0434782608695652,82800.0,0.0,2,0.0003,0,-1
0x23c031f3432eee43c49884f53f6a967e1aadf0fd,usdt,1,3737.371899333333,0.00056,3.0,0.09375,5.625,135.0,640.0,0.25,1,0.75,0,-1
0xb7804a0166c02e15886150a011e028ada3c5e177,usdt,171,464.4836426304347,364.0,0.26900584795321636,0.00018590710949201286,0.011154426569520773,0.26770623766849855,322741.82608695654,0.12987012987012986,36,0.11688311688311688,0,-1
0xae5b15628f56b64ce007b2018c7b94feb289c460,usdt,32,827.034501375,1458.22966,0.25,0.000168922485694377,0.01013534914166262,0.24324837939990288,355192.5,0.09090909090909091,2,0.36363636363636365,0,-1
0x858f39b509c35cb94f9e54962e7217dd63c5e1a4,usdt,17,250.12403133333336,300.0,0.35294117647058826,0.00023248244757520807,0.013948946854512485,0.33477472450829965,258084.0,0.0,3,0.4,0,-1
0x0d56e200f4885bb88ca9c46f405255b06e18a979,usdt,108,34748.18350370859,0.0,22.083333333333332,0.01529946538471901,0.9179679230831406,22.031230153995374,3921.7056603773585,0.38482922954725973,1296,0.0845909451945989,0,-1
0xd6ad7fde3fdb9b10e038e953a2f8ada28304d6de,usdt,1600,5598.926515031745,0.0,0.63,0.00043748125894086043,0.02624887553645163,0.6299730128748391,137148.73214285713,0.09711286089238845,571,0.08858267716535433,0,-1
0x43141d1c1934d13ca1951bd6816c7405e5e94e67,usdt,89,51.09486125,0.189628,0.0449438202247191,3.1150464531302325e-05,0.0018690278718781392,0.044856668925075345,1926135.0,0.0,2,0.012605042016806723,0,-1
0x2378bf316d5e0aad09a4df6ce2bbcccd6c71ad06,usdt,14,0.06222222222222223,0.054201,0.6428571428571429,0.0004182739229446484,0.025096435376678904,0.6023144490402937,143446.66666666666,0.0,6,0.4444444444444444,0,-1
0x66464a89c6edaa5595b3ddce0b3264f2aee592cb,usdt,1,3551.7173581538464,10195.411347,13.0,0.010831528078653558,0.6498916847192134,15.597400433261123,5539.384615384615,0.3125,9,0.25,0,-1
0x5f612de693132018e7dd0429f3462dcbeff05170,usdt,94,0.0014022152777777776,0.000725,1.5319148936170213,0.0010530672778357127,0.06318403667014276,1.5164168800834263,56976.416666666664,0.7586206896551724,71,0.034482758620689655,0,-1
0x7a203a1344418e5416f4bdd2a702b4dacbce7be1,usdt,12,0.04,0.0665,0.3333333333333333,0.00021764206585848914,0.013058523951509348,0.31340457483622436,275682.0,0.0,2,0.75,0,-1
0x05296cf2aec762e36bb9482be9540ffc2284c8c7,usdt,180,200.87089292307687,291.0,0.28888888888888886,0.00020022964800397997,0.012013778880238796,0.2883306931257311,299655.92307692306,0.06557377049180328,32,0.16393442622950818,0,-1
0xa4c920c5d58aa95765278635d7903c4f4936e188,usdt,2,0.0006433333333333334,0.0025,6.0,0.0029185718455102634,0.1751143107306158,4.20274345753478,20558.0,0.9166666666666666,4,0.16666666666666666,0,-1
0xfff827123556276631904c4e381323d242d8cbb0,usdt,1,0.00030000000000000003,0.0005,4.0,0.111731843575419,6.70391061452514,160.89385474860336,537.0,1.0,2,0.5,0,-1
0xcc871a8c000bec0466f847dfdf09f8a69d36ca14,usdt,1501,79223.16971694375,50000.0,0.5329780146568954,0.0003700890940919833,0.022205345645518997,0.5329282954924559,162123.12375,0.26040658276863504,568,0.09002904162633107,0,-1
0x2222f9c5424c7feebc85493d965d0863d4597f6a,usdt,11,0.04,0.067,0.36363636363636365,0.00023545200899426677,0.014127120539656006,0.3390508929517441,254829.0,0.0,2,0.75,0,-1
0xe63b8b8c6d2306758479efbc0836c5bbdec0cdb3,usdt,38,1123.3332661863205,0.0002,11.157894736842104,0.007582694288657433,0.454961657319446,10.919079775666704,7912.754716981132,0.4658385093167702,196,0.2815734989648033,0,-1
0x5dce386af697136111eaf960354aff84cb65bb2c,usdt,37,2899.1046258261363,0.0,23.783783783783782,0.016373859876972773,0.9824315926183662,23.578358222840787,3664.3772727272726,0.5490009514747859,760,0.09134157944814462,0,-1
0x5dfa0eb6ad3cc9a29c53f3e9ae659a6e62b9a2b7,usdt,1,0.06308454659248959,26.134982,2876.0,4.589849984040855,275.3909990424513,6609.3839770188315,13.072322670375522,0.0030696576151121604,2870,0.001652892561983471,0,-1
0x621e87bb7c1eace937b0460b2d3a7999cfbc9dc2,usdt,208,68.6,30.0,0.1201923076923077,8.312656984527152e-05,0.004987594190716291,0.119702260577191,721790.88,0.018518518518518517,0,0.12962962962962962,0,-1
0x9be949263c8a66538bcc2c8b79ab6065ae883d9d,usdt,96,3016.484686319588,0.0,1.0104166666666667,0.0006953036183026851,0.0417182170981611,1.0012372103558664,86293.23711340207,0.46788990825688076,37,0.3669724770642202,0,-1
0x18c8c6ef48fa3d42a0b3a3fa6084aa243ae1b178,usdt,153,165.32807991666667,28.321816,0.0784313725490196,5.4272856787499155e-05,0.003256371407249949,0.07815291377399879,1105525.0,0.13333333333333333,3,0.5333333333333333,0,-1
0x9626df919283566c64eebfdfb64cd324c5505876,usdt,859,14395.809055977734,0.0,2.457508731082654,0.0017059561872307524,0.10235737123384514,2.4565769096122834,35170.89152060635,0.05026968716289105,1315,0.07357065803667745,0,-1
0xf909d40e6e319312d2760a9879a5604369d9a361,usdt,3,747.4430588947369,0.0,12.666666666666666,0.00804982417489302,0.48298945049358133,11.591746811845953,7453.578947368421,0.6363636363636364,11,0.22727272727272727,0,-1
0x6992009fbef4858130c47d10233f131ea82b9970,usdt,1,28851.32,28851.32,8.0,0.00866738894907909,0.5200433369447454,12.481040086673888,6922.5,0.0,0,0.125,0,-1
0x5dbfe31ef13014a1382ebda69ef0ed3ec46ccb74,usdt,254,54398.73985896551,200000.0,1.7125984251968505,0.0011867956299729465,0.07120773779837679,1.7089857071610428,50556.30344827586,0.3427835051546392,345,0.041237113402061855,0,-1
0xaf9b98d2acde5f13eaeaeb0101273cdfa86dcc95,usdt,207,1467173.8903735587,3500094.801018,2.869565217391304,0.001983663164644043,0.11901978987864256,2.8564749570874213,30247.070707070707,0.010427807486631016,342,0.007754010695187166,0,-1
0x21a5901582c910de3630b64b4c098587f41bb899,usdt,1,0.05080253942391623,26.573426,3437.0,4.9782734646581694,298.69640787949015,7168.713789107764,12.052371254000581,0.0012081463583016915,3436,0.00034518467380048324,0,-1
0xe32fd15d6b3a15ca660f54640cecdd66bf8fdac9,usdt,153,1066.771134862069,0.0,0.1895424836601307,0.00013129253425376945,0.007877552055226167,0.189061249325428,456994.7586206897,0.15384615384615385,12,0.24615384615384617,0,-1
0x26466b1d8d4003292c0494c0ee309fcd02334284,usdt,12,0.03336879999999999,0.006844,0.4166666666666667,0.00027039596785532734,0.01622375807131964,0.38937019371167136,221896.8,0.0,2,0.8,0,-1
0x7b35b73b2bf2c18ce5031067c9c1f21a6e4da763,usdt,261,884.5814683618089,0.0,0.7624521072796935,0.0005279018686134485,0.03167411211680691,0.7601786908033659,113657.48743718593,0.38257575757575757,115,0.1893939393939394,0,-1
0xd007419bff982f0f259bda52e681b56ad1511f5a,usdt,29,152.78079755555558,0.001,0.6206896551724138,0.0004268012197030412,0.025608073182182473,0.6145937563723793,140580.66666666666,0.0,2,0.2777777777777778,0,-1
0x236e00f0e45939fd9c2f36fef6a9b182b1830d23,usdt,1380,61495.08312460317,2000.0,0.04565217391304348,3.169394847653981e-05,0.0019016369085923888,0.04563928580621733,1893105.873015873,0.0,34,0.0005291938613512083,0,-1
0xac251d73317fd42b7468b6039eae38da78ba6e01,usdt,3,0.14070220886699505,41.261849,1015.0,0.7025842178126442,42.155053068758654,1011.7212736502076,85.39901477832512,0.00033647375504710633,3040,0.0005047106325706595,0,-1
0x2346dcceeeca2a3466f43a877bc931abc28c2c88,usdt,270,5279.148412848486,555.719319,0.24444444444444444,0.0001697187759881876,0.010183126559291255,0.24439503742299012,353526.0,0.007127583749109052,32,0.009265858873841768,0,-1
0x198510b7d7033cffb45d23d034ca946c8e5a072e,usdt,1472,114863.36388699998,200000.000199,0.07540760869565218,5.2362854960599785e-05,0.003141771297635987,0.07540251114326368,1145850.4324324324,0.025210084033613446,41,0.047058823529411764,0,-1
0x46a26709e9ef0db70413229894a115852f38d0f2,usdt,378,1508.1399105987653,2380.0,0.42857142857142855,0.0002975947729131442,0.017855686374788654,0.4285364729949277,201616.44444444444,0.09121621621621621,75,0.10810810810810811,0,-1
0x6a49d968a66979fbc51fe18017242eab4f206903,usdt,17,415941.32133275,399999.51645,0.47058823529411764,0.00032645599373204497,0.019587359623922693,0.4700966309741447,183792.0,0.0,4,0.3333333333333333,0,-1
0x206b529e154394857bc094d49ca58c15cf989db5,usdt,8,530.883420923077,0.000175,6.5,0.004497491783428472,0.26984950700570837,6.476388168137,13340.76923076923,0.359375,25,0.296875,0,-1
0xac75c528f19f46f29557edb550648b4274438361,usdt,357,0.0004872416081186573,0.0,21.529411764705884,0.014936203405982954,0.8961722043589772,21.508132904615454,4017.0850897736145,0.8936142709410548,1841,0.13185108583247157,0,-1
0x95a9bd206ae52c4ba8eecfc93d18eacdd41c88cc,usdt,794,671.2199691463414,5.0,0.05163727959697733,3.5835282860124055e-05,0.002150116971607443,0.05160280731857864,1674327.512195122,0.0027,32,0.001,0,-1
0xce613e00bbc2b6fa5a5aa35e928a7ec584f527d9,usdt,173,6060001.611522939,1307242.46441,1.69364161849711,0.001170638313513721,0.07023829881082325,1.685719171459758,51254.08873720137,0.17733990147783252,190,0.2019704433497537,0,-1
0x181161eedd7bff6101015004b213a8761af32236,usdt,17,0.017916666666666668,0.02101,2.823529411764706,0.0018640921482885305,0.11184552889731182,2.684292693535484,32187.25,0.125,36,0.25,0,-1
0x7f01614232877865575e1ea615756603975b212e,usdt,49,19736.616262417647,40000.0,3.4693877551020407,0.0023758878133726146,0.1425532688023569,3.421278451256565,25253.717647058824,0.0,0,0.02927927927927928,0,-1
0x6080c3be76bf24b0b3e386b9386590b268d825b5,usdt,151,248.7055767731707,0.0002,10.860927152317881,0.007506009384342464,0.4503605630605479,10.808653513453148,7993.59512195122,0.39655172413793105,901,0.1314655172413793,0,-1
0x412f5299609b92dd930a4ef4458488663770a0b3,usdt,61,0.000877111111111111,0.000167,0.29508196721311475,0.00020171683439047897,0.012103010063428737,0.2904722415222897,297446.6666666667,0.6296296296296297,17,0.07407407407407407,0,-1
0x7ff421ce4f80bb902b3d72d020c9533986a28042,usdt,272,93060.52754248593,268885.0,0.5220588235294118,0.0003624009522467838,0.021744057134807027,0.5218573712353687,165562.47887323942,0.0,0,0.046153846153846156,0,-1
0xc5057a39cf4b1741ccc9d590a27f6697dd6c369f,usdt,1,0.13503878933333333,31.117557,1500.0,1.0279605263157894,61.67763157894737,1480.2631578947367,58.368,0.00034083162917518747,1498,0.0010224948875255625,0,-1
0xe36d87299fa64fba2c2dfb426d46272831d7ac8a,usdt,1661,24968.364470128352,0.0,3.3678506923540037,0.0023384015537230587,0.1403040932233835,3.367298237361204,25658.552913836254,0.21453212591634324,3028,0.0948684777921518,0,-1
0x5c0c8d1cf51ac8e8d970051ac69dbdb1315b6036,usdt,1423,21576.958225921873,20000.0,0.13492621222768797,9.364502581603146e-05,0.0056187015489618875,0.13484883717508528,640717.4270833334,0.005580923389142567,97,0.013952308472856417,0,-1
0x26cbaf817efbb4df3e644c77b14c27380a67beba,usdt,1,0.09255711965349218,55.315183,1847.0,2.0422379478107033,122.53427686864218,2940.8226448474124,29.3795343800758,0.0016567263088137839,1844,0.0013253810470510272,0,-1
0xa90086355205d7fd1c0b60e949f81483336110bd,usdt,122,170.17026882997763,0.0,3.6639344262295084,0.0025365875803678335,0.15219525482207,3.65268611572968,23653.825503355703,0.41188118811881186,211,0.3326732673267327,0,-1
0xf33e59736ddeeff54579c20558d8839ca1ec6a5f,usdt,30,1891.833914595744,2753.397248,3.1333333333333333,0.002121465165090614,0.1272879099054368,3.054909837730484,28282.340425531915,0.12442396313364056,52,0.16589861751152074,0,-1
0x412f67f000761cbea3c2e671e32c68d63770a0b3,usdt,238,211312693460373.6,0.000121,24.991596638655462,0.01731635003481902,1.0389810020891412,24.93554405013939,3464.9334229993274,0.2073,3053,0.0206,0,-1
0x0f610b5e0216213114221ed58df117c375c21663,usdt,378,61082.986857010095,0.000132,0.5238095238095238,0.0003628591985356616,0.021771551912139694,0.5225172458913526,165353.39393939395,0.11707317073170732,97,0.07317073170731707,0,-1
0x626ea0e861027ffe6cb6a20a4682d799d588360c,usdt,126,328.6224448785425,0.001,3.9206349206349205,0.0027196113708382787,0.16317668225029672,3.916240374007122,22061.975708502025,0.31932773109243695,281,0.24033613445378152,0,-1
0x1fd70dbbb6c53c76e766c51ca61413af25896cdf,usdt,119,39973.219183619054,0.0,0.35294117647058826,0.00024476893812241246,0.014686136287344746,0.35246727089627394,245129.14285714287,0.0020881955533718216,29,0.0007370101953077017,0,-1
0xa8514d900d3d0544ae6b90000ffcb1adeffc33ef,usdt,11,30.521206354838714,50.852008,8.454545454545455,0.005486337250460144,0.3291802350276087,7.900325640662608,10936.258064516129,0.3368421052631579,58,0.2631578947368421,0,-1
0xeea36bbeab654601f99483062d5c835c833199d5,usdt,1,0.000165,0.0002,4.0,0.0017136492160054837,0.10281895296032902,2.4676548710478965,35013.0,1.0,2,0.75,1,2
0x29e758eb3241c9b31632ad60a7466a440c058b00,usdt,8,0.0004485,0.000797,0.5,0.0003116721209287829,0.018700327255726974,0.44880785413744745,192510.0,0.8,2,0.4,0,-1
0xb92b1728ed10ad59c75097c0272b92206b02ee4b,usdt,5,0.00344925,0.000906,0.8,0.000541858574911948,0.03251151449471688,0.7802763478732051,110730.0,0.25,3,0.5,0,-1
0x2645c199952cff1ff4e4241e6f9108da9670390c,usdt,302,4.962144821428571,2.0,0.09271523178807947,6.41794972178188e-05,0.0038507698330691276,0.09241847599365906,934878.0,0.0,14,0.039473684210526314,0,-1
0x168b40c7d81fabbb0a430b1a6b5592214e742c01,usdt,149,12861.118654405249,47000.0,21.993288590604028,0.015211691788935803,0.9127015073361482,21.90483617606756,3944.334452242905,0.24923826934795856,1248,0.08693885841966281,0,-1
0x04605c44157a52c4b6d02ae4b7634af8a8497e3a,usdt,2,0.00030000000000000003,0.0005,2.0,0.001278363694471077,0.07670182166826463,1.840843720038351,46935.0,0.8,2,0.6,1,2
0x7a9a70bd3382d57faba7b9105c5335471a17c30f,usdt,1261,24636.515583963635,3800.142098,0.04361617763679619,3.028822383944613e-05,0.0018172934303667676,0.04361504232880242,1980967.9272727272,0.006218905472636816,33,0.026119402985074626,0,-1
0xd76156940c2e1572a3da87d1c5113f796f0e914b,usdt,12,0.05,0.08,0.3333333333333333,0.00021799790722009068,0.013079874433205442,0.31391698639693055,275232.0,0.0,3,0.5,0,-1
0xdba3a2923607fc551e38d4a4231f61959879fae7,usdt,173,468598.5799536471,501229.921282,0.09826589595375723,6.815195159126789e-05,0.004089117095476073,0.09813881029142575,880385.6470588235,0.005847953216374269,7,0.029239766081871343,0,-1
0x7a113a28b4188a0937f2bbd8d53438cf06ee8432,usdt,3,0.00027397560975609753,0.000124,54.666666666666664,0.030484404624707237,1.8290642774824344,43.89754265957842,1968.219512195122,0.229901269393512,80,0.00846262341325811,0,-1
0x8c38f9751ce13c7a9261597b7a39b0cb3844097f,usdt,1,0.00397425,0.000491,4.0,3.3333333333333335,200.0,4800.0,18.0,0.5,3,0.5,0,-1
0x23f75481a6826006f127b70b5e2099d17f2e973d,usdt,15,35.71817565,40.0,2.6666666666666665,0.001739039702276403,0.10434238213658417,2.5042171712780203,34501.8,0.24444444444444444,21,0.28888888888888886,0,-1
0x740b45e662435b817719ed252f241409b116d98c,usdt,1,347990.79285433335,114689.862563,3.0,0.0020721094073767096,0.12432656444260258,2.983837546622462,28956.0,0.0,0,0.0003327048907618942,0,-1
0xae810fa1915e0afcd5fa8cda868175e68c0703a5,usdt,333,2398.926777552632,546.935601,0.11411411411411411,7.907391954852953e-05,0.0047444351729117725,0.11386644414988255,758783.6842105263,0.0,14,0.36585365853658536,0,-1
0x187881b95f6a6bc1f0ae6c9d40a923a4531bd330,usdt,21,74.42095955555556,45.0,0.42857142857142855,0.00028793366008471647,0.017276019605082987,0.41462447052199175,208381.33333333334,0.05555555555555555,3,0.1111111111111111,0,-1
0xe073afd4edac0f97d01f1bfdd286112b639a056f,usdt,183,36.42561630278232,0.00015,3.33879781420765,0.0023078898860786267,0.13847339316471763,3.3233614359532226,25997.774140752863,0.44028776978417267,306,0.11223021582733812,0,-1
0xb5bc2eef0173993f205be0d8ac4e44f662229996,usdt,7,226.05047233333335,505.452542,0.42857142857142855,0.00028045246330746937,0.016827147798448162,0.4038515471627559,213940.0,0.0,0,0.16666666666666666,0,-1
0x010cd80abccf8659f77342650ea73971c85b1187,usdt,29,31.149173493506492,589.985905,5.310344827586207,0.0036306882747629446,0.2178412964857767,5.22819111565864,16525.79220779221,0.441340782122905,92,0.2011173184357542,0,-1
0x8d1179a344a99bafbcd8271dfc9ed6cc0ae35505,usdt,1145,9055.40718575,4996.0083,0.04890829694323144,3.3962278340035425e-05,0.0020377367004021252,0.04890568080965101,1766665.9285714286,0.0021645021645021645,31,0.015151515151515152,0,-1
0xb2801647e3f1b1027d17254a8f4082d314800d8c,usdt,12,0.04,0.06042,0.3333333333333333,0.00021862224262696485,0.013117334557617892,0.31481602938282943,274446.0,0.0,2,0.75,0,-1
0xbaabe4e6e077604f4a4e6f185f6690a3210fe5a6,usdt,91,6581.733661365891,2156.0,93.94505494505495,0.0646153613592732,3.876921681556392,93.04612035735342,928.5717627792724,0.22826655507898316,5518,0.09927816717229836,0,-1
0xa927f5e31b2b8e329c3d069d99fcf46bc3fd8269,usdt,15,0.0,0.0,0.26666666666666666,0.00018181487609316194,0.010908892565589716,0.2618134215741532,330006.0,0.6666666666666666,0,0.16666666666666666,0,-1
0x649f76610eaf8f12934827cd5f8fccb6ef739e62,usdt,277,0.0008411516245487366,0.0,1.0,0.0006930565243890844,0.04158339146334507,0.9980013951202816,86573.02527075812,0.8109965635738832,184,0.06872852233676977,0,-1
0xf5b1582c1e7579762e10f34caa8cb001e4f20b76,usdt,1,2910.081134,1858.284384,6.0,0.234375,14.062499999999998,337.5,256.0,0.0,2,0.21428571428571427,0,-1
0x0079ce80043edc3325598e4a3b6293ab779bf174,usdt,2140,8515.01567080657,500.0,0.2560747663551402,0.0001778022903638805,0.01066813742183283,0.2560352981239879,337453.4708029197,0.002773070405176398,286,0.011554460021568326,0,-1
0x7a7a485d51c223f440b0fe18011c95fe90a0d19d,usdt,1,0.02128622222222222,0.059928,9.0,0.005084745762711864,0.3050847457627119,7.322033898305084,11800.0,0.043478260869565216,5,0.21739130434782608,0,-1
0x8a7a7f71f5f0257610929e681a6de999363063d1,usdt,32,0.0107124,0.000264,0.3125,0.00021668472372697725,0.013001083423618635,0.3120260021668472,276900.0,0.2727272727272727,6,0.45454545454545453,0,-1
0xf0fb33987618483cf77b82adec41a45113de0abb,usdt,88,0.00055,0.0008,0.11363636363636363,7.842042444270525e-05,0.004705225466562315,0.11292541119749556,765106.8,0.9090909090909091,5,0.2727272727272727,0,-1
0x62ae5c0da678d089bc828eec7dad62a1b756de90,usdt,1,0.004499483870967742,0.000506,31.0,0.011856498125908362,0.7113898875545016,17.07335730130804,5060.5161290322585,0.3225806451612903,22,0.2903225806451613,0,-1
0x410f1ba791f4a128f5cdf70c6033ce3a214cd653,usdt,12,0.04,0.065,0.3333333333333333,0.0002187872622055944,0.013127235732335664,0.31505365757605597,274239.0,0.0,2,0.75,0,-1
0x6a8c27a860e9a7db9220785fa6823ad2d1121cc4,usdt,23,25034.576923076922,4833.0,0.5652173913043478,0.00038142853789639226,0.022885712273783537,0.5492570945708048,157303.38461538462,0.0,4,0.21875,0,-1
0x2915e426400c6592a35f16a999db5d2960fd474f,usdt,71,647.8447058888889,283.0,0.1267605633802817,8.700157762860767e-05,0.00522009465771646,0.12528227178519505,689642.6666666666,0.16666666666666666,2,0.5833333333333334,0,-1
0x541f4a935fe05d99d9e2233418a6ca2fe34e59e0,usdt,182,39726.046196914365,0.0,28.615384615384617,0.019765981106940486,1.1859588664164291,28.4630127939943,3035.5184331797236,0.24058469475494412,1769,0.13860705073086843,0,-1
0xbb8ac144c0af40f0b46533b7e1c5c5f5791a369b,usdt,1,3106.023475625,0.000117,8.0,0.007777561734396267,0.466653704063776,11.199688897530624,7714.5,0.3333333333333333,5,0.4444444444444444,0,-1
0x8b3dbf6b67a3114fd8a70eea0e137b59ada1f096,usdt,267,177452157151992.97,10000.6208,4.902621722846442,0.0034016310158065397,0.20409786094839238,4.898348662761418,17638.597402597403,0.0707395498392283,0,0.12540192926045016,0,-1
0xfbe5d4a8cd233cd190a522bea729b988cbbf3ad0,usdt,1,79.976938,118.765753,3.0,0.006432246998284734,0.38593481989708406,9.262435677530018,9328.0,0.0,2,0.6666666666666666,0,-1
0x1a07b9602cde057afa6410d9b2ccbc6689c05b36,usdt,12,0.04,0.065241,0.3333333333333333,0.00021780560849441873,0.013068336509665124,0.313640076231963,275475.0,0.0,2,0.75,0,-1
0x157e95a6c356b363c6abf1a5ccc649d153ef8a4f,usdt,122,27.45845605454545,10.0,0.9016393442622951,0.0006236647903805943,0.037419887422835654,0.8980772981480558,96205.52727272727,0.11764705882352941,4,0.0392156862745098,0,-1
0x8019f650e4901860d77cb61bc24aee6c63b4c695,usdt,644,272.2919425,842.034635,0.031055900621118012,2.1565234943530354e-05,0.0012939140966118211,0.03105393831868371,2782255.8,0.0,14,0.23333333333333334,0,-1
0xd599246a88c6770cd43da92d5f9c6ebdae374fe1,usdt,1,0.004445,0.0025,4.0,0.004598758335249483,0.27592550011496897,6.622212002759254,13047.0,0.25,3,0.5,0,-1
0xa8ca67aca86c0e081bd17b039de3d8822f3d3414,usdt,38,197.11207393797466,22.846875,20.789473684210527,0.014212262844107667,0.8527357706464601,20.46565849551504,4221.706329113924,0.0,493,0.0037,0,-1
0x55547744fa23027d581dfff6ce8473015daab669,usdt,1,3052.8265294347834,0.0001,23.0,0.011514969460298388,0.6908981676179033,16.58155602282968,5210.608695652174,0.48148148148148145,8,0.5555555555555556,1,2
0x6f38092851e80b7f72eeffbefaa21f03eeb8fc15,usdt,326,5122.956778402316,3221.0,11.131901840490798,0.007713356455690392,0.46280138734142345,11.107233296194163,7778.714797464866,0.23806244260789716,2506,0.14416896235078053,0,-1
0x8fcb4bc73f87bceb197cccaca7232e533f9257c8,usdt,11,1059.8178366363636,1995.193707,2.0,0.001346999253027687,0.08081995518166123,1.9396789243598693,44543.454545454544,0.30434782608695654,13,0.34782608695652173,0,-1
0x3d44bce8285c28950f56ca8540444a8360852558,usdt,1,0.025500000000000002,0.05,4.0,2.857142857142857,171.42857142857142,4114.285714285715,21.0,0.0,2,0.5,0,-1
0x0b68859d691b4c7a93f44cfd9997ba84fc5b723c,usdt,898,7640.126974141772,0.00035,0.8797327394209354,0.0006105163685620855,0.03663098211372513,0.8791435707294033,98277.46329113924,0.1843100189035917,519,0.13705103969754254,0,-1
0x7d9f4ca54131e588fc1fe577973b55fb11231e76,usdt,1,0.0033125696131354027,0.005,8892.0,5.359855334538879,321.59132007233273,7718.191681735985,11.194331983805668,0.0,8892,0.0001,0,-1
0x3f0a1c6a19fef00b29259d25e2a923a20ed04f1f,usdt,405,6277.5325789230765,0.000425,1.7654320987654322,0.0012249283716710216,0.0734957023002613,1.763896855206271,48982.455944055946,0.15771028037383178,581,0.0911214953271028,0,-1
0x9cdf9f3714586cf9debc17ba5ea0c443ca41be8b,usdt,1,0.038806066013408975,198.511709,5817.0,5.8769448373408775,352.6166902404526,8462.800565770864,10.209386281588447,0.0,5817,0.0001,0,-1
0xa8847b8bf827a9a8d03b2749da4bc230a16c59d9,usdt,125,5064.872961955,0.000209,1.6,0.001104484205875856,0.06626905235255136,1.5904572564612327,54324.0,0.017783291976840365,117,0.009511993382961124,0,-1
0xeb7b6735d4e497417212547dedc0702e8615c596,usdt,95,11814.07588696854,16900.0,4.684210526315789,0.0032294490922708035,0.1937669455362482,4.650406692869956,18579.0202247191,0.055225148683092605,228,0.03908241291418862,0,-1
0x7f011806aeca328d8d9d76aec345f9e0c0a4212e,usdt,81,0.0,0.0,0.037037037037037035,2.5650891368475054e-05,0.0015390534821085034,0.03693728357060408,2339100.0,0.3333333333333333,0,0.3333333333333333,0,-1
0x2c18a0272db0ec04419ed35628ce2e3cad40d237,usdt,71,665.0981990738255,0.000623,2.0985915492957745,0.0014514692960666156,0.08708815776399693,2.0901157863359265,41337.42281879194,0.48863636363636365,71,0.32954545454545453,0,-1
0xec84d296621d8b9b712f6d72fcff4b8a1a283ee8,usdt,83,0.00030552499999999996,0.0002,0.963855421686747,0.0006688661214293,0.040131967285758,0.963167214858192,89704.05,0.975609756097561,40,0.036585365853658534,0,-1
0x7ba8a597c3e1e3a0237e92a156a61111b6b5ea9e,usdt,224,28533.925319874787,0.001,35.901785714285715,0.024854787096279692,1.4912872257767815,35.79089341864276,2414.021885103208,0.2389,4958,0.0511,0,-1
0xc6313b75ef5e6d7ef8c4b4576f47fb99c2ac5a16,usdt,1323,7562.432733424753,6000.0,2.5162509448223735,0.0017462212786530902,0.1047732767191854,2.5145586412604497,34359.906578552116,0.22191011235955055,2157,0.10674157303370786,0,-1
0x39e1f85fb0555a4e899c280748ec52e51abc4540,usdt,12,16300.0,2600.0,0.3333333333333333,0.00021713876252619236,0.013028325751571543,0.31267981803771705,276321.0,0.0,2,0.01282051282051282,0,-1
0xc10ee9031f2a0b84766a86b55a8d90f357910fb4,usdt,1,532.6925417611195,149.49,2001.0,1.9010070302109066,114.06042181265438,2737.450123503705,31.56221889055472,0.003,1121,0.008,0,-1
0x3c739d67e4475225271935c54b487936be421f64,usdt,1497,5839.3423220981595,5100.0,0.10888443553774214,7.55879706521125e-05,0.00453527823912675,0.108846677739042,793777.0981595092,0.0,77,0.10179640718562874,0,-1
0xa9031d0f960b5f8565f1153150031716a82f9389,usdt,1594,6650.666666666667,9976.0,0.0018820577164366374,1.3065413006415409e-06,7.839247803849245e-05,0.0018814194729238187,45922773.333333336,0.0,1,0.09090909090909091,0,-1
0xbfd2990b85855b225573b18f621cf1769fec78b1,usdt,3,0.00023546666666666663,0.000162,5.0,0.0034351669491137268,0.2061100169468236,4.946640406723766,17466.4,1.0,7,0.13333333333333333,0,-1
0x9d6f78dcdf38a61b79eb7029eda7ba26ecd563b9,usdt,1,6.086609888888889,13.691096,9.0,0.005723006486074018,0.343380389164441,8.241129339946585,10484.0,0.2727272727272727,4,0.5454545454545454,0,-1
0x420fa3937826ee83705294c84191d7a3c459613b,usdt,43,807.102766,1210.654149,0.06976744186046512,4.8246714398749445e-05,0.002894802863924967,0.06947526873419921,1243608.0,0.0,1,0.5,0,-1
0xd533742c73e10264b5f2ee8ffe1520f1fcbd8b9b,usdt,12,1664.926854666667,2500.095945,0.5,0.0003471137491756048,0.020826824950536293,0.499843798812871,172854.0,0.0,3,0.021505376344086023,0,-1
0x546d4847dff6caa30c8c64b9aaae318d67ab4be1,usdt,45,375.338146,13.16874,0.08888888888888889,6.039978618475691e-05,0.0036239871710854145,0.08697569210604994,993381.0,0.0,2,0.02054794520547945,0,-1
0xa9026365ab20882f7113ac694d63f6fcd8131db0,usdt,3,0.07707338822027716,39.674128,1828.0,1.249088921282799,74.94533527696794,1798.6880466472303,48.03501094091904,0.0005,5479,0.0003,0,-1
0x123af1564afe5636774b1fdd1cc2db9a84b3ebba,usdt,10,12149.966238,11824.79,1.1,0.0007635283338423523,0.04581170003054113,1.0994808007329873,78582.54545454546,0.1875,4,0.3125,0,-1
0x180cc693aa75e4965628475a5ffe4e269ef8a042,usdt,12,0.039999999999999994,0.064482,0.3333333333333333,0.00022557832643439618,0.01353469958606377,0.3248327900655305,265983.0,0.0,2,0.75,0,-1
0x4fcb5cd9f611586e72bdeb750a38e913dfeecf1a,usdt,1,203.66666666666666,227.0,3.0,0.00338931987647812,0.2033591925886872,4.880620622128493,17702.666666666668,0.0,0,0.16666666666666666,0,-1
0xbf50a4aae0bfdff3cb661d83859a5f6a3e9cfbac,usdt,337,459.3285041212121,948.575738,0.19584569732937684,0.0001357372258930687,0.00814423355358412,0.19546160528601889,442030.54545454547,0.014285714285714285,35,0.04285714285714286,0,-1
0xb8041b12e2993f7d5ef64474f56c126092bddc40,usdt,1,26.12130133333333,0.00025,6.0,0.10989010989010989,6.593406593406593,158.24175824175825,546.0,0.16666666666666666,2,0.8333333333333334,0,-1
0x02a333b14e59f8e734f2860e629c48d26398ce3c,usdt,7,0.00038492307692307697,0.000487,11.142857142857142,0.007337585369983631,0.4402551221990179,10.56612293277643,8177.076923076923,0.7090909090909091,38,0.05454545454545454,0,-1
0xba12222222228d8ba445958a75a0704d566bf2c8,usdt,1,1679.3200648097686,2690.757224,1167.0,0.6332754504015629,37.996527024093766,911.9166485782505,94.74550128534705,0.0003,565,0.0059,0,-1
0x46b29116a4804e47cd9f3d653e88f0a89c8b27d3,usdt,83,808.0492470588235,975.0,0.40963855421686746,0.00028155437891588315,0.016893262734952987,0.40543830563887173,213102.70588235295,0.0,17,0.058823529411764705,0,-1
0x17c95a1f280420694713c274238f39fe9965bcc4,usdt,182,112453.03872877908,45402.20118,0.4725274725274725,0.00032673729257880825,0.0196042375547285,0.47050170131348396,183633.76744186046,0.0060901339829476245,54,0.007917174177831911,0,-1
0x6232ec3f402102448d6712d51cfc19c7892a2424,usdt,1042,634.9635338181819,40.500404,0.01055662188099808,7.324261990715766e-06,0.0004394557194429459,0.010546937266630703,8191951.636363637,0.0,5,0.008680555555555556,0,-1
0x08f25bd474a4e380420b3c89a33f3d35604ce7a1,usdt,10,0.032,0.052,0.5,0.00032118813916439694,0.019271288349863816,0.4625109203967316,186806.4,0.0,3,0.6,0,-1
0x52ddbf6d54b742f7c83b9b9db51e5e0c8c7d1daf,usdt,32,569.1172776363636,452.575316,0.34375,0.00023284069886077397,0.013970441931646437,0.33529060635951446,257686.9090909091,0.0,4,0.08333333333333333,0,-1
0x061271f36fdecd1a97b973033d4bda801f4d0a1a,usdt,578,7072.082459934191,0.000113,1.2093425605536332,0.0008389386597816887,0.05033631958690132,1.2080716700856318,71518.9356223176,0.16070124178232287,552,0.08035062089116143,0,-1
0x08baf37cfeaff1e8e2a8695ed9b7dc3cf96beb9d,usdt,37,549.0765525082569,553.925262,29.45945945945946,0.020312552411975833,1.21875314471855,29.2500754732452,2953.838532110092,0.0011,589,0.0091,0,-1
0x4278a9b2e6acfa0794989e3e3028ab5876ba47c3,usdt,64,0.0,0.0,0.71875,0.0004972209671596361,0.02983325802957816,0.7159981927098759,120670.69565217392,0.46938775510204084,1,0.02040816326530612,0,-1
0xe1abeb98cef40b0c6b6a20493dbea4ad6f18fd97,usdt,77,0.0004805384615384616,0.000425,0.33766233766233766,0.00023447208609815004,0.014068325165889002,0.33763980398133603,255894.0,0.9629629629629629,13,0.1111111111111111,0,-1
0xfe15995d758e4a54102f8a6ec28fb819a1bad53e,usdt,1123,1144.0992132902406,0.0,0.7025823686553874,0.0004878018018619562,0.029268108111717372,0.7024345946812169,123000.77566539924,0.24230145867098865,482,0.14100486223662884,0,-1
0xd1917932a7db6af687b523d5db5d7f5c2734763f,usdt,220,1087.6056164290255,43.9615,12.872727272727273,0.008905262720972838,0.5343157632583703,12.823578318200886,6737.588983050848,0.001,2765,0.0021,0,-1
0x7ced622994053f60bdfb8e4c5f4415ca74dd6272,usdt,1183,1976.7493630019455,540.4,0.8689771766694844,0.0006034057204975397,0.03620434322985238,0.8689042375164573,99435.58365758754,0.27401837928153716,710,0.1060985797827903,0,-1
0x11f9f67ab3c953879b63a77bb83f7ba706d00f8c,usdt,63,46077.21404253333,38711.0,0.47619047619047616,0.0003300918315475365,0.01980550989285219,0.4753322374284526,181767.6,0.0,0,0.1,0,-1
0xeecaa5109d8aa8fb6b23eba1c01dac015b679b1d,usdt,166,455371.44175817544,0.00058,0.6867469879518072,0.0004759836996459349,0.028559021978756097,0.6854165274901463,126054.73684210527,0.11594202898550725,77,0.13043478260869565,0,-1
0x616573212d9ae4a5f72f99af433d53af21ec160e,usdt,18,230.54263294871794,60.013923,4.333333333333333,0.002986606219798902,0.17919637318793413,4.300712956510418,20089.69230769231,0.0,75,0.022727272727272728,0,-1
0xf0a5bcf29906884dbd96dc41c5f5680a666f4db7,usdt,1,0.047255971260021186,304.352551,6611.0,11.14088304684867,668.45298281092,16042.871587462081,5.385569505369838,0.3477,6611,0.0001,0,-1
0x5129aa12b0554492060a273bcfbfe8652fb4c78b,usdt,61,1445.0458519999997,1143.660241,0.11475409836065574,7.932280984056116e-05,0.004759368590433669,0.11422484617040805,756402.8571428572,0.03225806451612903,3,0.12903225806451613,0,-1
0xaaaffc0f1f0a836da5ff65b08531d859c7c7aadd,usdt,113,2804.200004773723,8634.865103,1.2123893805309736,0.0008402866542852166,0.05041719925711299,1.2100127821707118,71404.20437956204,0.24271844660194175,87,0.20388349514563106,0,-1
0x28effad61aecf3a9e68aeb2e6d5ab742220aec7e,usdt,59,102000.57054360365,4849.18,72.10169491525424,0.04969939692457234,2.981963815474341,71.56713157138418,1207.2581100141044,0.0656,3586,0.0493,0,-1
0x32404d4b72f9f0e7023c9cc3e104a11c91e98d11,usdt,27,2295.981699916667,0.0,0.4444444444444444,0.0002980877669748563,0.017885266018491375,0.4292463844437931,201283.0,0.25,6,0.3333333333333333,0,-1
0xf9f2935d71886bd7f316dcd5202e0f867b619afd,usdt,1126,5273.009548473685,0.0,0.050621669626998225,3.515193839505623e-05,0.002109116303703374,0.05061879128888098,1706876.0,0.06962025316455696,36,0.08860759493670886,0,-1
0xf998354707126505171cd2ba468eb5b20fb87cfb,usdt,132,59118.97087671633,0.0,2.643939393939394,0.001829040765073602,0.10974244590441612,2.6338187017059864,32804.08022922636,0.14602803738317757,227,0.08995327102803738,0,-1
0x049864e7cca8f854097e5176ce7586f0c88ce095,usdt,1844,323.1378024666667,52.608601,0.008134490238611713,5.646991006489184e-06,0.000338819460389351,0.008131667049344425,10625127.6,0.0,8,0.015873015873015872,0,-1
0x28f67572f11c24a66afcbee1a8243db086c66ca2,usdt,99,5268.765854700555,0.0,5.4646464646464645,0.0037798334358057125,0.22679000614834274,5.442960147560226,15873.715341959334,0.24132492113564669,335,0.20504731861198738,0,-1
0x9e405dc56adedb22dc28b01630db312d9a41ea50,usdt,90,6264.319980300001,20000.0,0.6666666666666666,0.0004623158634442224,0.02773895180665334,0.6657348433596803,129781.4,0.10606060606060606,23,0.18181818181818182,0,-1
0x412f6c40072e8de3acccd42d4fad65c06169a0b3,usdt,118,1e-05,1e-05,0.6101694915254238,0.00042036186150244334,0.0252217116901466,0.6053210805635184,142734.16666666666,0.7741935483870968,36,0.021505376344086023,0,-1
0xd766e1c546348a3f07e6a97c92b625ba6f2c2146,usdt,1,0.025500000000000002,0.05,4.0,2.2222222222222223,133.33333333333334,3200.0,27.0,0.0,2,0.75,0,-1
0x5922983d456deb270032684dace428fa14b19299,usdt,372,23580456567719.19,30000.0,14.25,0.009892837854129444,0.5935702712477666,14.245686509946397,6064.9937747594795,0.2269108280254777,3489,0.08837579617834394,0,-1
0x7b018a0a967b43d06985f8454f41b159d6077b1e,usdt,26,1988.3206070031347,2060.0,12.26923076923077,0.00822474436256942,0.4934846617541653,11.843631882099965,7295.059561128527,0.5029940119760479,239,0.19461077844311378,0,-1
0xc01acb0f5ddf6063b9335daea1fdd365e890a45f,usdt,128,53153.96058851673,140273.137058,14.2421875,0.00982557581754935,0.5895345490529611,14.148829177271066,6106.512342292924,0.28840579710144926,1094,0.15942028985507245,0,-1
0xfb5c4d45b238a9afd277e47acb20e77d31eef747,usdt,376,878.8000400000001,0.0002,0.013297872340425532,9.227911701434977e-06,0.0005536747020860986,0.013288192850066367,6502012.8,0.16666666666666666,2,0.6666666666666666,0,-1
0xec876f8598f1b1782c58a1caaad67fe0abd13ee8,usdt,77,0.0020794285714285715,0.00024,0.6363636363636364,0.00043629162800885407,0.026177497680531243,0.6282599443327499,137522.693877551,0.47058823529411764,24,0.058823529411764705,0,-1
0xce4f3f6c8931c4436a1b1fa599a7a7580826517c,usdt,164,1068.5932449706154,3000.0,6.640243902439025,0.004593165336237417,0.27558992017424505,6.614158084181882,13062.887052341597,0.509496284062758,378,0.10900082576383155,0,-1
0x4455980be4d7ad214d4d6626a71c1baaf430b741,usdt,881,4989.08380322578,0.000453,1.4177071509648127,0.0009840115843925835,0.05904069506355501,1.4169766815253204,60974.891913530824,0.20010157440325038,890,0.12290502793296089,0,-1
0xba77e656e191898b61ec962bdd362a1ca162c35d,usdt,469,20382.166739888202,0.0,8.277185501066098,0.005746906929419633,0.344814415765178,8.275545978364272,10440.398763523957,0.22957021791767554,2224,0.10139225181598063,0,-1
0xcf4a8d29e30d7f6642ad4bc027ea096c5748b876,usdt,1,1.0000000000000003e-05,1e-05,26.0,0.010871383174443887,0.6522829904666332,15.654791771199196,5519.076923076923,1.0,13,0.07692307692307693,0,-1
0x7f0179d7cc08ff7dc4d87857915992aee75e212e,usdt,105,11589.810818004682,0.0,50.86666666666667,0.03527736423069454,2.1166418538416725,50.79940449220014,1700.8073394495414,0.2368662186927306,3292,0.09285277947464875,0,-1
0x732fea86383de09e81a3072ad6764f1db1b5c9c5,usdt,1,0.07097695934323692,45.957703,2558.0,5.013720109760878,300.82320658565266,7219.756958055665,11.967161845191557,0.0025986298133711316,2556,0.0007087172218284905,0,-1
0x2f34a2a6e07cd452a9d21c93df253477e7a91b78,usdt,265,1047.8271519189188,456.314612,0.5584905660377358,0.0003864599071347288,0.023187594428083727,0.5565022662740094,155255.43243243243,0.24539877300613497,92,0.09202453987730061,0,-1
0x34befc3039687a17bcfdf9d8741d2b58c04c10aa,usdt,257,9267.513965508771,3000.0399,0.22178988326848248,0.00015386450961221286,0.00923187057673277,0.2215648938415865,389953.4736842105,0.0,18,0.1267605633802817,0,-1
0xe9ce0210cd94df835b8f249a1b8a480c426e25e1,usdt,36,0.00035,0.0005,0.1111111111111111,7.629569158229635e-05,0.0045777414949377815,0.10986579587850674,786414.0,1.0,2,0.75,1,2
0x636858d62f2e81deb7fd563621faef1a6a14d6c5,usdt,200,146048.7965590184,682.564516,5.705,0.00394229666248827,0.2365377997492962,5.676907193983109,15219.554776511832,0.0504,767,0.0108,0,-1
0x0728bdaf0b0394f57b1b0dc34fd9db7f4acf6046,usdt,316,196.06617225806448,30.0,0.0981012658227848,6.792873880874028e-05,0.004075724328524417,0.09781738388458601,883278.5806451613,0.017241379310344827,16,0.07471264367816093,0,-1
0xfd511b0420a1af78e4b7ceaa84108c48ee688da0,usdt,1,0.00034,0.00043,4.0,0.10989010989010989,6.593406593406593,158.24175824175825,546.0,1.0,2,0.5,0,-1
0x7d584d626bb837f2230fed970fd2a72ecc2bc0bd,usdt,695,1784.0679090755814,279.441754,0.2474820143884892,0.00017173614458745583,0.01030416867524735,0.2473000482059364,349373.16279069765,0.0,69,0.021739130434782608,0,-1
0xa6a97c1e6f99c64579d2e576c0c3af4304ee314d,usdt,422,167.3356809142857,40.291346,0.08293838862559241,5.7574971797859646e-05,0.003454498307871579,0.0829079593889179,1042119.4857142858,0.0,19,0.0032042723631508676,0,-1
0xaa55c799ee5c13d4f3bb5d908b47bcfa52be3ab0,usdt,521,560.3895865,247.0,0.007677543186180422,5.322302683611459e-06,0.00031933816101668757,0.007664115864400501,11273316.0,0.0,2,0.02142857142857143,0,-1
0xcc3c9a8b10e248b282f66e34b576e3c52365a974,usdt,1443,10430.7576952125,0.0,0.2772002772002772,0.00019241808138920852,0.01154508488335251,0.27708203720046026,311821.0075,0.1771177117711771,250,0.11221122112211221,0,-1
0x4f7cd34a6e2b22b36da91c7a0430f678fb2a63c9,usdt,210,9102.590175426865,0.0002,1.5952380952380953,0.0011048185920851455,0.06628911552510873,1.5909387726026096,54307.558208955226,0.22465753424657534,249,0.13972602739726028,0,-1
0x1f9239b579dcdaed2e7fe3c793aecd9d03329d91,usdt,570,345065.8222222222,0.01,0.015789473684210527,1.0961771188372922e-05,0.0006577062713023753,0.015784950511257008,5473568.0,0.0,0,0.35714285714285715,0,-1
0x6e91ee2af15b52413bea3b83a996efd2a2fe71cd,usdt,12,0.032,0.053975,0.4166666666666667,0.0002857959416976279,0.017147756501857674,0.41154615604458417,209940.0,0.0,3,0.6,0,-1
0xec854b20463785ba48517dbaa88a2b6479983ee8,usdt,7,0.0004709032258064515,0.000198,4.428571428571429,0.002906431651978249,0.1743858991186949,4.185261578848678,20643.870967741936,1.0,15,0.1935483870967742,0,-1
0x54f9a25a86a9d5166ee328b0f001cd8f2e563842,usdt,725,5168.196183759036,8946.126511,0.11448275862068966,7.94196509477635e-05,0.004765179056865809,0.11436429736477943,755480.530120482,0.003417634996582365,25,0.03759398496240601,0,-1
0xfc988c70f2bf2bb702320c94beb70db6fd1b980f,usdt,630,668.517388888889,296.175493,0.02857142857142857,1.9817350090003797e-05,0.0011890410054002278,0.02853698412960547,3027650.0,0.0,7,0.0297029702970297,0,-1
0xa3b7e7fe5d441d2c8d225a4a0c21509e9cccc10f,usdt,50,494.40069658823535,0.0,0.68,0.00047083848024417126,0.02825030881465028,0.6780074115516067,127432.23529411765,0.21428571428571427,19,0.30952380952380953,0,-1
0x788bfee931ae4b2d7c03656e9ab4fdc2721ab617,usdt,4,56.666666666666664,20.0,1.5,0.0009668997969510427,0.05801398781706256,1.3923357076095013,62054.0,0.0,3,0.5,0,-1
0x9903322b4eb136d1797c0929839a93f23947a270,usdt,10,0.016419339449541288,0.043852,10.9,0.006915717077379894,0.4149430246427937,9.95863259142705,8675.88990825688,0.07207207207207207,75,0.27927927927927926,0,-1
0xcf4c7348cb785b09622bf6c65ff4dee5f131b876,usdt,12,1e-05,1e-05,1.0,0.000648809974372006,0.038928598462320364,0.9342863630956887,92477.0,0.9230769230769231,6,0.15384615384615385,0,-1
0x1b0b8f1dce2802318d9eb810b4168bf3cc2ea940,usdt,393,818.0577151498371,0.0,1.5623409669211197,0.001082936726864309,0.06497620361185855,1.559428886684605,55404.899022801306,0.32456140350877194,333,0.27046783625730997,0,-1
0xf747c78cc64fa25b87e57b56253b224d0bad832a,usdt,11,0.04,0.067093,0.36363636363636365,0.00024880573248407643,0.014928343949044586,0.35828025477707004,241152.0,0.0,2,0.75,0,-1
0xb3186c96d3994a4942b084e4bdd9d376a827a988,usdt,12,0.039999999999999994,0.063091,0.3333333333333333,0.00021732516190724565,0.013039509714434738,0.3129482331464337,276084.0,0.0,2,0.75,0,-1
0x855494701bc9ebd46e240273db11b7381ff01dc6,usdt,12,0.032,0.052913,0.4166666666666667,0.00028512448535030394,0.017107469121018237,0.4105792589044377,210434.4,0.0,3,0.6,0,-1
0x347201468cd8138bafad6b4779ace82a8f360325,usdt,2,0.006642444444444445,0.00498,9.0,0.005079580088046055,0.3047748052827633,7.314595326786319,11812.0,0.0,12,0.3888888888888889,0,-1
0x2a6352705d283be8b6e729963f1e28ba7aae6fcd,usdt,630,46038.11834711018,548939.962001,2.880952380952381,0.0019989110064995994,0.11993466038997598,2.8784318493594236,30016.343801652893,0.02954341987466428,960,0.09967173977917039,0,-1
0xa8e0fe95fcd3f5c080c5fda440649cac5c05bcb4,usdt,83,1512.261998037736,0.0,0.6385542168674698,0.00044238111216280963,0.026542866729768577,0.6370288015144459,135629.6603773585,0.34328358208955223,20,0.16417910447761194,0,-1
0x6897405e2560a71a6938748ecf7c46f867978f7a,usdt,1,2.4235105,4.847021,4.0,0.003257328990228013,0.19543973941368079,4.690553745928339,18420.0,0.0,1,1.0,0,-1
0xfbb79882102c23eab1d32457d371b6ac77df4352,usdt,24,125949.63601162964,0.001,12.375,0.008517594424847286,0.5110556654908371,12.265335971780091,7044.242424242424,0.2,232,0.14193548387096774,0,-1
0x20aed21552e78f646207ffbf5b0277a57af0a3c8,usdt,388,20204.066161122697,240.0,0.8402061855670103,0.0005829577487959956,0.03497746492775973,0.8394591582662336,102923.41104294479,0.19165085388994307,201,0.06641366223908918,0,-1
0x2bfc9672ae7d892d48a599a09cbf438260ec8a3e,usdt,79,5808.29750523077,307.715153,0.4936708860759494,0.0003403105726641606,0.020418634359849634,0.4900472246363913,176309.53846153847,0.13636363636363635,12,0.36363636363636365,0,-1
0x81875639e5da8ffcef7dc1f17906430a6f8511b6,usdt,12,0.033378000000000005,0.00689,0.4166666666666667,0.00028251460600513045,0.016950876360307825,0.40682103264738784,212378.4,0.0,2,0.8,0,-1
0x6b5efbafb44ac4763008e6a1c5c1672c6259c885,usdt,4,1001.8352019999999,1500.0,0.75,0.0004672314976326937,0.028033889857961625,0.672813356591079,128416.0,0.0,2,0.04878048780487805,0,-1
0x528a40efe946dd38f761b2371cc95a2000e2eff2,usdt,29,0.00017692307692307688,0.0001,0.4482758620689655,0.0003017067317734322,0.01810240390640593,0.4344576937537423,198868.61538461538,1.0,6,0.23076923076923078,0,-1
0x31084bfc1b19ae058e9b7a1ee2f82fc28eb58bde,usdt,1233,17513.006099177823,171.53029,0.7753446877534469,0.0005381054102155503,0.03228632461293302,0.7748717907103925,111502.3169456067,0.07836990595611286,610,0.09561128526645768,0,-1
0xb54532b75b01583acc37e1ad093fd32185e8fec8,usdt,1,2000.0,2000.0,3.0,1.3636363636363635,81.81818181818181,1963.6363636363635,44.0,0.0,1,1.0,0,-1
0x20aeb0fe162279ffb9497fe82217f90d14c8a3c8,usdt,252,8751.917808219177,10000.0,0.2896825396825397,0.00020067305191824196,0.012040383115094517,0.2889691947622684,298993.80821917806,0.04716981132075472,0,0.02830188679245283,0,-1
0xac4ece348709d0e680a81149f4ed4ef07d48aab0,usdt,27,3470.3103813888893,1732.852997,1.3333333333333333,0.0009199490961500131,0.05519694576900078,1.3247266984560186,65221.0,0.10309278350515463,22,0.13402061855670103,0,-1
0x7ab551d0729f65728912626e1138c611a39396f9,usdt,1567,41235.50572438543,152.0,1.5596681557115508,0.001082477683346577,0.06494866100079462,1.5587678640190705,55428.39443535188,0.11715351149782474,1359,0.1072094468614046,0,-1
0x6a8c3ebca1bb5317918a2bd6fed28972d1121cc4,usdt,1,0.0021296000000000006,0.000162,5.0,0.6944444444444444,41.66666666666667,1000.0,86.4,0.8,4,0.4,0,-1
0xe3985e6b61b814f7cdb188766562ba71b446b46d,usdt,363,6251.879671228023,3718.0264,16.358126721763085,0.01132946653438144,0.6797679920628863,16.314431809509273,5295.924553721792,0.007,1927,0.0641,0,-1
0x876eabf441b2ee5b5b0554fd502a8e0600950cfa,usdt,1314,122840.66286668419,71.498457,3.4071537290715375,0.0023652712875120298,0.14191627725072178,3.4059906540173226,25367.069019432656,0.0002,2290,0.0759,0,-1
0x67336cec42645f55059eff241cb02ea5cc52ff86,usdt,3,3358.2322363959183,202.266,653.3333333333334,0.4303719643406087,25.82231786043652,619.7356286504764,139.4142857142857,0.0002,967,0.0038,0,-1
0x512478743b6160a8c83b5f46800ef4dd4acda798,usdt,1,17625.240927384617,0.011,26.0,1.9696969696969697,118.18181818181819,2836.3636363636365,30.46153846153846,0.12121212121212122,11,0.3939393939393939,0,-1
0xa1ed638d72bb3b67600ef86bec9f415aad4b9b67,usdt,175,278676.7779958675,139750.0,3.6228571428571428,0.0025056099579421117,0.15033659747652672,3.6080783394366405,23946.264984227128,0.1813953488372093,469,0.09023255813953489,0,-1
0xfe34a62b97aa33f97e4f09da0473cb6dba58d6ec,usdt,11,696.1521605892857,614.9273,25.454545454545453,0.01674621116972285,1.004772670183371,24.114544084400904,3582.9,0.2881944444444444,149,0.4270833333333333,0,-1
0xa22fa4a3fe301ac9e0d2e0a75986d8dbedf5fdbc,usdt,201,1040154.2138360657,0.0001,0.3034825870646766,0.00021053140196657037,0.012631884117994222,0.3031652188318613,284993.11475409835,0.2236842105263158,45,0.15789473684210525,0,-1
0xf215aa48a4eb6a1bbf84f936e74284933b92ca18,usdt,664,1065.7722413935642,0.0,1.216867469879518,0.0008442798888141901,0.0506567933288514,1.2157630398924337,71066.4801980198,0.20592485549132947,470,0.17991329479768786,0,-1
0x0af416eb473c5bd2b674f2d8e9a612804b9dc3bb,usdt,139,8610.93272886224,220376.30626,7.258992805755396,0.005026853060451769,0.30161118362710615,7.238668407050548,11935.89692765114,0.13126079447322972,848,0.08031088082901554,0,-1
0x9360e77a6b0699e9cceb82325816f4d2f025afac,usdt,1,1330.6447004444444,0.000768,9.0,0.21634615384615383,12.98076923076923,311.53846153846155,277.3333333333333,0.5555555555555556,5,0.5555555555555556,1,2
0x504d10f57cda34c643eb5258b357b8dee841a43e,usdt,234,59540.124324000004,19085.248648,0.017094017094017096,1.1845828905954781e-05,0.0007107497343572868,0.017057993624574882,5065074.0,0.0,2,0.006036217303822937,0,-1
0x119eb51b7045f61136fa92b9eff475fea26bf383,usdt,488,6296.37414509283,0.000456,4.459016393442623,0.003095862470862471,0.18575174825174826,4.4580419580419575,19380.70588235294,0.17371323529411764,1758,0.07261029411764706,0,-1
0xc603e567eeaf8dd4de2b8f734dcb7e79c7010259,usdt,664,2376.978125146984,0.0,1.7725903614457832,0.0012291871052528794,0.07375122631517277,1.7700294315641463,48812.7476635514,0.4361147327249022,478,0.14471968709256844,0,-1
0x9739b984addfdfc0091607b21d77d6f59cada375,usdt,434,9524.683537785124,75000.0,2.230414746543779,0.0015480396029470323,0.09288237617682195,2.2291770282437264,38758.698347107435,0.19341840161182,643,0.15043653458697112,0,-1
0xed81c2dd2ac36c722123e47ea463f1b0c3bb1569,usdt,63,2153.231033569444,0.107278,1.1428571428571428,0.0007831177221715855,0.04698706333029513,1.127689519927083,76616.83333333333,0.04878048780487805,50,0.25609756097560976,0,-1
0x55079c21ce51dc83559cf1cb00e5c046f674ae95,usdt,1128,59761.74333117119,103974.985238,0.3262411347517731,0.00022649741565217775,0.013589844939130666,0.32615627853913604,264903.6847826087,0.16614420062695925,230,0.11912225705329153,0,-1
0x34b5e540d371a564f6b265e0c87a657efd7dd62a,usdt,166,37117.14901649225,99900.0,1.5542168674698795,0.0010788921032625195,0.06473352619575116,1.553604628698028,55612.604651162794,0.10043041606886657,139,0.07173601147776183,0,-1
0xd7622ec163d75a983e3acf087ec80c2baade914b,usdt,12,0.02666666666666667,0.039,0.5,0.00032499187520311994,0.019499512512187196,0.4679883002924927,184620.0,0.0,4,0.5,0,-1
0x8f141dd410b33b681a49cc8dd3eabe2043196417,usdt,262,16247.117557531916,2013.031602,0.17938931297709923,0.00012416407198980058,0.007449844319388035,0.17879626366531284,483231.57446808513,0.0761904761904762,35,0.0761904761904762,0,-1
0x726e9e074b5ad64f30f4e54f60492a3fc4378b21,usdt,1,69115.012552,28272.518828,3.0,0.018518518518518517,1.111111111111111,26.666666666666664,3240.0,0.0,2,0.00881057268722467,0,-1
0x91b74148eb3b25398cf3145e0a891f54d31a865f,usdt,11,0.04,0.06098,0.36363636363636365,0.00024857071836937607,0.014914243102162566,0.35794183445190153,241380.0,0.0,2,0.75,0,-1
0xcbec5746732098f7bcb79a3982efb93b82808b29,usdt,1,17111.634063999998,34245.82,4.0,0.01386001386001386,0.8316008316008316,19.95841995841996,4329.0,0.0,0,0.5714285714285714,0,-1
0x81bd95590759b95e73aea2ee855cf86e96fcefd3,usdt,3,18823.529411764706,20000.0,5.666666666666667,0.003403539681268519,0.20421238087611115,4.901097141026668,17628.70588235294,0.011363636363636364,16,0.022727272727272728,0,-1
0x0c3c41fb7ef497a2b694b9d54918b613939cfd0e,usdt,158,104.82692875,16.917715,0.02531645569620253,1.7570060616709128e-05,0.0010542036370025476,0.025300887288061142,3414900.0,0.0,0,0.15384615384615385,0,-1
0xdd6835c55bc2d4a6ddb168b956e4cf1a3a66e621,usdt,313,17455.621824759775,49950.004678,1.1437699680511182,0.0007926302216176387,0.04755781329705832,1.1413875191293998,75697.3407821229,0.03752131893121091,266,0.01762364980102331,0,-1
0x2c563fb14d5475e5ccf23d06bdc6e2db1040688b,usdt,2,1530.13947,324.57413,2.0,0.0012838618564642444,0.07703171138785467,1.8487610733085122,46734.0,0.0,1,0.2857142857142857,0,-1
0x9e65e711cdcd92d0ccf3da810b5ced1c6454f24e,usdt,53,362288.5,389900.0,0.2641509433962264,0.00018209960848584176,0.010925976509150507,0.26222343621961214,329490.0,0.0,12,0.14285714285714285,0,-1
0x25e697c7d9c3f1eea0917cdacc3b21ae3c908bba,usdt,10,0.032,0.054,0.5,0.000322264617923069,0.01933587707538414,0.46406104980921936,186182.4,0.0,3,0.6,0,-1
0x1428664d8968ea2bf0c1e8f90fe26dfca87742a4,usdt,1,0.0063,0.0045,5.0,0.0536480686695279,3.218884120171674,77.25321888412017,1118.4,0.0,3,0.6,0,-1
0x91652e7e861c0ec5e7e942f3e50af5b00e6cb4a0,usdt,562,43944.58663261484,0.0004,3.284697508896797,0.002280395222386711,0.1368237133432027,3.2837691202368644,26311.228602383533,0.16686217008797655,1144,0.07536656891495601,0,-1
0x81a0911eeec4a469081674df5c9c7de01bee2de5,usdt,16,0.00030000000000000003,0.0002,0.25,0.00017228754791747428,0.010337252875048455,0.24809406900116296,348255.0,1.0,2,0.75,1,2
0x60ea2d4e00b2a90e9b8238d5d94fd2808091fa58,usdt,40,48.1152663125,23.872577,0.4,0.0002748838615684873,0.016493031694109237,0.3958327606586218,218274.0,0.0,0,0.05,0,-1
0xd7c683071c24f49b9be31ed32f77922a3289ce2d,usdt,6,0.00010739999999999998,8.6e-05,1.6666666666666667,0.0011416828405069071,0.06850097043041443,1.6440232903299463,52554.0,1.0,5,0.3,0,-1
0x8efa3873c807606006f8823e6ebf64e03c0908b2,usdt,131,972.8871189193549,0.0,0.4732824427480916,0.00032634017910812286,0.01958041074648737,0.46992985791569686,183857.2258064516,0.15384615384615385,29,0.14743589743589744,0,-1
0x573c452dab249cfc6d0e0a0b41488db50ab40c06,usdt,377,801.6016974545454,166.529336,0.058355437665782495,4.0434590983894905e-05,0.002426075459033694,0.05822581101680866,1483878.0,0.0025,14,0.02,0,-1
0x881da977675ea10c4ebfceacb88566b630d37592,usdt,29,170.2592883374233,79.637549,5.620689655172414,0.003898607503503963,0.23391645021023777,5.6139948050457065,15390.110429447852,0.030303030303030304,79,0.030303030303030304,0,-1
0x45429fee481d5c547a43239a9c785b74e4bb634e,usdt,1,7.589806333333333,0.000113,3.0,0.4054054054054054,24.324324324324323,583.7837837837837,148.0,0.25,1,0.75,0,-1
0xc1ebc397ce695b9eee58a8d3895b4ffa799eeffb,usdt,34,0.0003995185185185185,0.000219,0.7941176470588235,0.0005514345467616496,0.033086072805698974,0.7940657473367754,108807.11111111111,0.9310344827586207,13,0.06896551724137931,0,-1
0x076a8911f2c1b4e619395af4f27160a2af05648e,usdt,12,0.02666666666666666,0.046001,0.5,0.00034247357245599215,0.020548414347359528,0.4931619443366287,175196.0,0.0,4,0.5,0,-1
0xe6fd5683800cd77397e749daac7155482567d565,usdt,1086,45151.029182787555,125000.0,0.6804788213627992,0.0004721540292947616,0.028329241757685697,0.6799018021844567,127077.1745602165,0.007220216606498195,316,0.08543922984356198,0,-1
0x9da3eb288edff6922e2581c5ad678b59b1b68ab2,usdt,72,1440.3130314482762,2000.0,2.8194444444444446,0.0019387766796682495,0.11632660078009498,2.7918384187222793,30947.34975369458,0.40756302521008403,91,0.31092436974789917,0,-1
0x064bc14745368c00586f2f7c2a3f7bf21eed960e,usdt,41,0.004590307692307692,0.004,1.2682926829268293,0.0008805917576611484,0.0528355054596689,1.2680521310320536,68136.0,0.08620689655172414,36,0.2413793103448276,0,-1
0xf1ed2c5c34b7a8c5c36631b4d8867e09b445005d,usdt,1,6084.974943142858,0.0,14.0,0.23411371237458195,14.046822742474916,337.12374581939804,256.2857142857143,0.09523809523809523,5,0.07142857142857142,0,-1
0xc727eb69ccf89d5911042f21be25a193d67e2c23,usdt,9,0.022480606169511832,147.785062,742.0,0.4775799184724308,28.654795108345848,687.7150826003003,125.633423180593,0.6677,6678,0.0001,0,-1
0x843d20270176c33b4cce0e6f668c1130551ff2f2,usdt,1,0.0004180000000000001,0.000537,4.0,0.08620689655172414,5.172413793103448,124.13793103448276,696.0,1.0,2,0.5,0,-1
0xea81ce54a0afa10a027f65503bd52fba83d745b8,usdt,95,9226.556500266186,77129.708779,100.8,0.06970513741760762,4.182308245056456,100.37539788135496,860.7686925647452,0.0,5674,0.2351,0,-1
0x3a770a3b4c837eee70b19cbb5ba3b1d4f9631635,usdt,413,4385.05257952381,111.064124,0.1016949152542373,7.058261241037268e-05,0.004234956744622361,0.10163896187093667,850067.7142857143,0.03048780487804878,6,0.03048780487804878,0,-1
0xfe7099d184a8a3417877de80a54ddbaa98ca5920,usdt,1579,92548005523182.47,10418.0,2.3020899303356557,0.0015981840174285153,0.09589104104571093,2.3013849850970622,37542.61045392022,0.12346139500186498,2325,0.07161506900410294,0,-1
0x801460b0cc5246958a8ac9190d9c4eb99fa5fd22,usdt,1,3333.3328676666665,0.004999,3.0,0.14285714285714285,8.571428571428571,205.71428571428572,420.0,0.0,1,0.014705882352941176,0,-1
0xccb5e32f9c266f3b12f59a4f59b19ae11a78b2d8,usdt,938,7166.479251190141,0.0,0.302771855010661,0.00021024067523382612,0.012614440514029567,0.3027465723367096,285387.21126760566,0.13457330415754923,130,0.04923413566739606,0,-1
0x69ed24795649c23f9c13bfe317432fe0e679f1f6,usdt,1534,49437.18789587135,2636.000001,0.11147327249022164,7.737739092367126e-05,0.004642643455420276,0.11142344293008662,775420.3040935673,0.003337378640776699,85,0.013046116504854368,0,-1
0x71fd2dd47ed3350e4d8d1ee16a26db2434ca8608,usdt,153,2741.3574206666667,7.586958,0.0196078431372549,1.3586316586537591e-05,0.0008151789951922555,0.019564295884614127,4416208.0,0.0,1,0.010033444816053512,0,-1
0x3f413f8bf9822c7d0040c2011662fbc5f2367a30,usdt,17,0.020000000000000004,0.03198,0.6470588235294118,0.0004451566951566951,0.02670940170940171,0.641025641025641,134784.0,0.18181818181818182,7,0.45454545454545453,0,-1
0x5eb2aa8d6ca8ba67c9e91dcb592c9e0be4276f23,usdt,75,27211.26210360089,0.000202,38.986666666666665,0.026737478922746607,1.6042487353647965,38.50196964875512,2244.0410396716825,0.2108770994401493,2018,0.12183417755265262,0,-1
0x0d2f79190f77888ee7e3a07e19e2768582865bb3,usdt,354,44030.25158017324,0.000239,4.011299435028248,0.0027817141863113806,0.16690285117868284,4.005668428288388,21569.4338028169,0.14023882254929187,848,0.0744237711746737,0,-1
0x5fe121ede167f7107dca59cf79ab473ac06e0d0f,usdt,811,21141649082649.555,0.0,0.5832305795314426,0.00040469500969129047,0.02428170058147743,0.5827608139554583,148259.79704016913,0.11927480916030535,274,0.05438931297709924,0,-1
0x90c9f89dd32425f4a6193fe4bb5d07962cc81055,usdt,69,737.5971780895524,0.0,1.9420289855072463,0.0013378487392273224,0.08027092435363935,1.9265021844873444,44848.119402985074,0.15384615384615385,31,0.04895104895104895,0,-1
0x5738ca7dcdef97d99dd81a5b19d88d8981398f43,usdt,626,5403.989414908498,4545.5,0.7332268370607029,0.000509081390912398,0.030544883454743883,0.7330772029138533,117859.34640522876,0.13644214162348878,199,0.1226252158894646,0,-1
0xf6e48f44fb0e09c0eac07f0ed1538180087048cc,usdt,64,5297.892074009529,0.0,27.875,0.01928102526635699,1.1568615159814193,27.76467638355406,3111.8677130044844,0.33564356435643566,1163,0.21386138613861386,0,-1
0xffb9d9a2b3d97b56cb2cddddf9c666f523da7e2c,usdt,1,7722.188599714286,0.00018,7.0,0.006371745858365193,0.38230475150191157,9.175314036045876,9416.57142857143,0.42857142857142855,3,0.5714285714285714,1,2
0x1db919509f535dff62361480c9ab02939d0c5c43,usdt,1084,6903.2119106167165,6385.0,1.5452029520295203,0.0010725958484457286,0.06435575090674371,1.5445380217618492,55939.05671641791,0.11996364737958194,1168,0.09148742805210543,0,-1
0xdda3931115662528bef83f782993c77ff3ddd19e,usdt,40,615.3326641,149.0,0.25,0.00017216978695710564,0.010330187217426337,0.2479244932182321,348493.2,0.0,5,0.15384615384615385,0,-1
0xd54b5c9c2598c3930509ba9b5e1c211101059f59,usdt,39,7041.995983618275,310000.0,88.66666666666667,0.060106516116472455,3.606390966988347,86.55338320772033,998.2278773857721,0.0863,2669,0.0645,0,-1
0x82a5ea2cf42e13ae8ae21bdf084648d8929356d7,usdt,1211,7792.753970087177,0.000145,1.629232039636664,0.001130616004067238,0.06783696024403427,1.6280870458568224,53068.41561074506,0.2553373185311699,1200,0.18104184457728437,0,-1
0xe0578d807374825106efb8206c1eba97028a3ed4,usdt,109,56130.869549111114,150000.0,0.1651376146788991,0.00011384882394164869,0.0068309294364989216,0.1639423064759741,527014.6666666666,0.007423117709437964,9,0.01166489925768823,0,-1
0x9426f8cc4dce2dde57a6d8dc05db20207e10cb71,usdt,151,120017.39153379711,0.001,2.2847682119205297,0.0015813429038956039,0.09488057423373623,2.2771337816096695,37942.434782608696,0.014755065905961047,247,0.008066102695258705,0,-1
0xc1a3bbf55411ef12fe0a4b4c8781bfe00366b329,usdt,44,3972.8805606363644,6963.612567,1.25,0.0008565110412059676,0.05139066247235805,1.233375899336593,70051.63636363637,0.17391304347826086,37,0.10144927536231885,0,-1
0x43b7cfba50c05574a1279e6859c0105875e29bcd,usdt,683,10528.745646363426,65000.0,0.6325036603221084,0.00043910605325990504,0.026346363195594302,0.6323127166942633,136641.25,0.05024630541871921,97,0.12019704433497537,0,-1
0x434d9180c98feefe33349020e1748e8c1e896704,usdt,1,0.3933336695652175,82.403185,460.0,3.14207650273224,188.52459016393442,4524.5901639344265,19.095652173913045,0.001256281407035176,459,0.002512562814070352,0,-1
0x719d4114a6e4557a0b671cea7d6cb79013a37adc,usdt,305,4608.224291774194,0.0,0.10163934426229508,7.050639970669337e-05,0.004230383982401603,0.10152921557763847,850986.5806451613,0.09333333333333334,21,0.09333333333333334,0,-1
0x2d832b4e4b39208109f4a6ffafeaaf4d6c63b57f,usdt,416,305.19654055555554,753.435646,0.021634615384615384,1.5002410387268889e-05,0.0009001446232361332,0.0216034709576672,3999357.3333333335,0.0,5,0.018796992481203006,0,-1
0x2046b78fe35c149fc4722f87976e17e6c8ca44cd,usdt,87,1146.7361757117646,0.0,1.9540229885057472,0.0013555797256306634,0.08133478353783982,1.9520348049081555,44261.50588235294,0.21243523316062177,117,0.16062176165803108,0,-1
0x34910c81e3e0438cf9bb54e3caa08d8972df4f23,usdt,1165,22500002865644.906,0.0,0.3776824034334764,0.00026223198996652724,0.015733919397991635,0.37761406555179927,228805.03636363638,0.09154315605928509,308,0.044463818657367045,0,-1
0xbc1e79b0da357cc67f178566ebd6f3452d8665d0,usdt,118,3107.7637328201286,10128.378925,11.872881355932204,0.008244600404638633,0.4946760242783179,11.87222458267963,7277.490364025696,0.25430210325047803,968,0.15551306564690887,0,-1
0x5e77904b50cb905a0cffc74ada6575db620ac093,usdt,254,17160686457445.43,4532.796898,2.5236220472440944,0.0017497425885708235,0.1049845553142494,2.5196293275419857,34290.758190327615,0.08590047393364929,486,0.06042654028436019,0,-1
0xec87c9d43fa2110b70bc2984c368456a55c93ee8,usdt,119,0.0003475447513812155,0.0,7.605042016806722,0.0052461395948473055,0.3147683756908383,7.55444101658012,11436.981215469614,0.9468546637744034,386,0.16268980477223427,0,-1
0xcc3b0eb6d8bd778e6fba1c0489a4150eee06c015,usdt,367,2520.28235315497,319.0,0.9318801089918256,0.0006471014961667751,0.038826089770006504,0.931826154480156,92721.15789473684,0.30256410256410254,185,0.19743589743589743,0,-1
0x9411d1ee1a11718ec0ee80dac8c6b4f7e18f86ec,usdt,19,1227.1728750000002,0.001,0.8421052631578947,0.0005731890807480118,0.034391344844880704,0.8253922762771368,104677.5,0.125,12,0.1875,0,-1
0x96a4415edbf25331629d069abc6c7f0a24ae1fb5,usdt,1,787.8554012941177,0.000166,17.0,0.006546014632268001,0.3927608779360801,9.426261070465923,9165.882352941177,0.5294117647058824,11,0.23529411764705882,0,-1
0xd8153afeacf834d2998f4a21cc9fe3aeb55c9c4d,usdt,87,249.76502352941176,260.0,0.19540229885057472,0.0001344534624930203,0.008067207749581216,0.19361298598994922,446251.0588235294,0.0,7,0.47368421052631576,0,-1
0xcab55ea7732b576da85ee587862bc43bc52c90e0,usdt,292,113.77099078205127,7.262803,0.2671232876712329,0.00018496210648126193,0.011097726388875715,0.2663454333330172,324390.76923076925,0.011904761904761904,39,0.03571428571428571,0,-1
0x61ad86389dd38f91585309de234775466221084f,usdt,1,0.05047510265282585,28.132816,3468.0,4.857142857142857,291.42857142857144,6994.285714285714,12.352941176470589,0.000508646998982706,3467,0.00033909799932180403,0,-1
0x6b46d6dc0b69d7f455e86ce0e55e96d3b0d0fed4,usdt,7,187460.04144765,600000.0,2.857142857142857,0.0018907165815844206,0.11344299489506522,2.7226318774815654,31734.0,0.1346153846153846,9,0.19230769230769232,0,-1
0xb33ce6be786433da5846a98185d9a4c1c5b80cf4,usdt,1,12721.331467500002,9e-06,28.0,0.782122905027933,46.927374301675975,1126.2569832402235,76.71428571428571,0.1951219512195122,12,0.34146341463414637,0,-1
0x68360457a590318778fc346cde64e327dc6a5c0a,usdt,22,31023.842999255667,32159.11,118.22727272727273,0.08153247192913163,4.891948315747897,117.40675957794956,735.9031141868512,0.0,1162,0.0206,0,-1
0xd64eaac0601dba275887707809f5063f657c1e26,usdt,46,644.2217881397058,0.000137,2.9565217391304346,0.002031621592552314,0.12189729555313884,2.9255350932753323,29533.058823529413,0.17791411042944785,72,0.06134969325153374,0,-1
0x76dbca0a88cbbfd353f4a147dd701c1f1027ada7,usdt,1,0.062417009122807024,47.175997,2850.0,4.37250690395827,262.3504142374962,6296.409941699908,13.722105263157895,0.0004333694474539545,2849,0.0004333694474539545,0,-1
0x4ffd1989d607d07815eb1971cfb5b09cbea23697,usdt,3,141847.95319633334,177923.411679,1.0,0.0006006006006006006,0.036036036036036036,0.8648648648648649,99900.0,0.0,0,0.000576923076923077,0,-1
0xe16ce8898b860fda8a09b26e9cd76dc749e5ed9a,usdt,160,1838.3982569787865,0.0007,12.66875,0.008774861385761435,0.5264916831456861,12.635800395496465,6837.714849531327,0.4236453201970443,866,0.1845051500223914,0,-1
0x5eb054089012219ef10834c093e0aa65450f1f13,usdt,1,51374.10696533334,52061.160448,3.0,0.3061224489795918,18.367346938775512,440.8163265306123,196.0,0.0,0,0.3333333333333333,0,-1
0x76a4c0c9c744fb22ffa53c7104a93ee8b9f1793a,usdt,1,0.0002816,0.00015,10.0,0.010524100189433803,0.6314460113660282,15.154704272784677,5701.2,1.0,5,0.3,0,-1
0x2a1f004fad66ea1f851fb8a71dcd6705702dbdb3,usdt,90,72.15522727272727,0.001,0.24444444444444444,0.00016852168184638484,0.01011130091078309,0.24267122185879417,356037.2727272727,0.0,2,0.22727272727272727,0,-1
0xfe359dea9cd4d7908c6e6cf0e44090140407efcf,usdt,1025,619161.4806606927,1080150.141045,0.1873170731707317,0.0001300598708939015,0.007803592253634089,0.18728621408721816,461326.0,0.021500457456541628,118,0.012351326623970723,0,-1
0x532f14a606e50a416bae208c9e044eb187c4b0e7,usdt,341,3162.7356415335057,5375.0,24.944281524926687,0.017306515355717457,1.0383909213430473,24.92138211223314,3466.902421819892,0.2951,5283,0.0567,0,-1
0x32cec809edf5e4c82b0325f365559cac560ec8fb,usdt,76,0.0003833402298850574,0.000184,5.723684210526316,0.003936202749731704,0.23617216498390228,5.668131959613655,15243.11724137931,0.9661399548532731,211,0.01805869074492099,0,-1
0x624be3ba0cd06984599263a1ce84f58f017d0cfa,usdt,1,0.004103333333333333,0.00021,3.0,1.25,75.0,1799.9999999999998,48.0,0.3333333333333333,2,0.6666666666666666,1,2
0xbbe61b6a1be649457b85b4fb4ac782bd75d27cab,usdt,64,10931.895706179486,0.0,2.4375,0.001689181872912886,0.10135091237477314,2.4324218969945557,35520.153846153844,0.11290322580645161,112,0.08870967741935484,0,-1
0x01c57fea4f893352c80b5ef82767f86c3f6e4a34,usdt,1,52631.57894736842,14504.080825,19.0,0.05478662053056516,3.2871972318339098,78.89273356401384,1095.157894736842,0.0,18,0.014084507042253521,0,-1
0xd4f480965d2347d421f1bec7f545682e5ec2151d,usdt,15,16002.029560436305,15.0,80.06666666666666,0.053685095122300096,3.221105707338006,77.30653697611214,1117.6286427976686,0.0001,745,0.0212,0,-1
0x056fd6dcd167d637bd475272899456fd3de7f16a,usdt,598,16525.0,20000.0,0.010033444816053512,6.956772451799471e-06,0.00041740634710796823,0.010017752330591238,8624689.166666666,0.0,4,0.23076923076923078,0,-1
0x6d530c88f583478fdc2e553f872bbe6ddd89c7ee,usdt,2152,83323.97645780133,299998.3,0.07016728624535316,4.871138546051599e-05,0.002922683127630959,0.07014439506314303,1231744.8874172186,0.014134275618374558,97,0.018374558303886925,0,-1
0xf493c3bbd1a02cff63cd44a06431037eb6fa702e,usdt,470,7746.555157982456,1920.939307,0.12127659574468085,8.413944829320914e-05,0.005048366897592548,0.12116080554222118,713101.8947368421,0.023255813953488372,30,0.05426356589147287,0,-1
0x14840ba7fda8ee816636aa8dc73ad364dc95ab3c,usdt,572,21933.269960326907,0.0,1.812937062937063,0.001257662707232373,0.07545976243394238,1.8110342984146173,47707.544840887174,0.054225878833208674,741,0.028982797307404638,0,-1
0xd9f76930d7df99aef4dc4cff48ee236d4583c28a,usdt,43,181.1514801383333,177.672816,0.5581395348837209,0.0003837212648731961,0.023023275892391764,0.5525586214174024,156363.5,0.0,12,0.0005,0,-1
0x5db201ae15f9702f0a0ff9f00b8c1c18355373d0,usdt,1391,19108.757563912277,0.0,0.040977713874910136,2.8452118404139647e-05,0.0017071271042483787,0.04097105050196109,2108806.0701754387,0.009110021023125438,32,0.009110021023125438,0,-1
0x51180f1aae893c954170c67fc5eca0dc8fbbd01a,usdt,178,5155.3852239330145,0.000917,2.348314606741573,0.0016234913764643466,0.0974094825878608,2.337827582108659,36957.387559808616,0.08006912442396313,194,0.06566820276497695,0,-1
0x437313205ec8a778a062996aad12c31434823709,usdt,40,63199.751868971434,409530.363543,0.875,0.0006021173888061216,0.0361270433283673,0.867049039880815,99648.34285714285,0.022727272727272728,28,0.11363636363636363,0,-1
0x97315ceca8a0c54e79bc97fda129beab514a2f2e,usdt,115,3582.6506032575758,2671.477741,0.5739130434782609,0.00039523466758967934,0.02371408005538076,0.5691379213291383,151808.54545454544,0.28735632183908044,39,0.27586206896551724,0,-1
0x040ea8ad452c30882a6f6954a0b8e4efd4229df4,usdt,12,0.032,0.0516,0.4166666666666667,0.00027022937068984154,0.016213762241390494,0.38913029379337183,222033.6,0.0,3,0.6,0,-1
0x48d6b505f7d4a64e60b436e308af820555327a3d,usdt,31,106.72898769333334,0.0005,4.838709677419355,0.0032885938411214544,0.19731563046728726,4.735575131214894,18244.88,0.4126984126984127,94,0.07407407407407407,0,-1
0xb7b08b7151124117408446af820ac6aefa70024f,usdt,161,42604.13644972413,39998.4,0.18012422360248448,0.00012464026241502973,0.007478415744901783,0.1794819778776428,481385.3793103448,0.027777777777777776,13,0.2777777777777778,0,-1
0xb11d996faf74246a29bb44f84f42a0035eecc853,usdt,758,1570823.5151593105,107617.8521,0.03825857519788918,2.655725808947818e-05,0.0015934354853686908,0.03824245164884858,2259269.379310345,0.0,14,0.14285714285714285,0,-1
0x9c47901308b7ee80eb1d560ef3fdde5f9ffe7be6,usdt,1382,84329.27663535021,41975.772522,0.18596237337192476,0.00012907264261060084,0.0077443585566360496,0.18586460535926522,464854.50972762646,0.23306233062330622,172,0.13008130081300814,0,-1
0x35d3d0a7c5b24e32f96d02af8891fa696d1c0282,usdt,272,19.71267212341198,1.78,2.025735294117647,0.0014051806536971806,0.08431083922183084,2.02346014132394,42699.13611615245,0.0743801652892562,270,0.06776859504132231,0,-1
0xe5ef585b716f52c0b0fa47d096cf14dadd2d0480,usdt,87,55497.125407350235,50.0,7.252873563218391,0.005009646149082623,0.3005787689449574,7.213890454678978,11976.89381933439,0.044444444444444446,12,0.06172839506172839,0,-1
0xd05cefd7d967f656b551307975b62adc010dd012,usdt,109,7578.466301646018,5890.0,1.036697247706422,0.0007136992357733847,0.04282195414640308,1.027726899513674,84069.02654867257,0.0,0,0.128099173553719,0,-1
0x7d003e85d0f9775cf28aa08d335e18d464c691a3,usdt,358,2389.39818656888,4523.628353,12.368715083798882,0.008585768100497696,0.5151460860298617,12.363506064716683,6988.308943089431,0.0596,2378,0.0137,0,-1
0x73250bfff8836577343619043cf259b5084b3445,usdt,712,9531.062478470722,0.0,0.6235955056179775,0.00043249696472850876,0.02594981788371053,0.6227956292090526,138729.2972972973,0.2556131260794473,280,0.17443868739205526,0,-1
0xe228dc51eb4fb9077118c2b02657364a8839d766,usdt,174,49777.53397440763,0.0006,2.8620689655172415,0.001981477561557107,0.11888865369342644,2.853327688642234,30280.433734939757,0.18510858324715615,346,0.10031023784901758,0,-1
0x97a601280192e57dab4718f9702c7ab0c7eee05e,usdt,78,0.0037500000000000003,0.00025,0.07692307692307693,5.311736991113464e-05,0.0031870421946680787,0.07648901267203388,1129574.0,0.125,3,0.1875,0,-1
0xd3fdc0aad86bc625d274ef0ea2c0c6581ffcd073,usdt,851,34266.66630254054,0.000933,0.17391304347826086,0.00012069236315810162,0.007241541789486097,0.17379700294766634,497131.7027027027,0.2100456621004566,106,0.1735159817351598,0,-1
0xc6b7131bcf36a877787ae5b8fee60c72d297d5be,usdt,96,0.00013788709677419353,0.0,1.2916666666666667,0.0008958204197930076,0.053749225187580456,1.289981404501931,66977.70967741935,0.8652482269503546,24,0.2624113475177305,0,-1
0xe66a9179d3ad62cc12b9389738b379bac625741e,usdt,14,61.3453215,42.233726,0.2857142857142857,0.00018603093694481392,0.011161856216688835,0.26788454920053206,322527.0,0.0,2,0.03,0,-1
0xabf4e203c2063c2e4618ca8ee05b4d8241e59202,usdt,1,2000.0,2000.0,3.0,0.7142857142857143,42.857142857142854,1028.5714285714284,84.0,0.0,1,1.0,0,-1
0x3d507f7c4d7dcd00f51969e8d384ce670e19b43f,usdt,1181,4140.941366593934,300.38,0.8653683319220999,0.0006004456223048981,0.03602673733829388,0.8646416961190532,99925.78473581214,0.34974958263772954,740,0.1018363939899833,0,-1
0x88886b7a8a61b681c368bb710b0ccb84fc58f946,usdt,80,46067.640288860464,20.0,0.5375,0.00036921597417205465,0.02215295845032328,0.5316710028077587,162506.51162790696,0.0,0,0.0031,0,-1
0x5faf6e2578db10ccbdac21de50c9428b2fb19728,usdt,1678,5228.456822791045,0.000667,0.15971394517282478,0.00011088324649927007,0.006652994789956204,0.15967187495894888,541109.6977611941,0.10989010989010989,145,0.08424908424908426,0,-1
0x754817895b49ea2e5910ed00a7e5dad5e29a6a12,usdt,149,29163.48743264689,100000.0,23.644295302013422,0.016394754795337804,0.9836852877202682,23.60844690528644,3659.707067839909,0.38024564994882293,1864,0.03915046059365404,0,-1
0x7745524788c5e742c542f3358fd5f1d1a7dcdd16,usdt,539,42307.211092577774,55929.047832,0.16697588126159554,0.00011576456060917884,0.0069458736365507305,0.16670096727721753,518293.3333333333,0.02669902912621359,51,0.05825242718446602,0,-1
0x08e1d7fe7dd289e19c11bff9cb663ca4afe61d03,usdt,983,35588.153708576,0.00011,0.1271617497456765,8.828343247680512e-05,0.005297005948608307,0.12712814276659937,679629.216,0.15625,77,0.125,0,-1
0xba9ac26abcf4b240f2888ab3accb14fac0929a10,usdt,566,3709.3783195607184,0.0001,1.6731448763250882,0.0011602389185544134,0.0696143351132648,1.670744042718355,51713.48680042239,0.16482803374432187,593,0.11615833874107723,0,-1
0x9acbb72cf67103a30333a32cd203459c6a9c3311,usdt,25,4520.38152163687,4723602.225672,186.6,0.12632348560751713,7.579409136451027,181.90581927482467,474.9710610932476,0.0001,3557,0.0687,0,-1
0x66e229724bb5b54517fc8423fb7c0d509da63a27,usdt,97,106287.14453459879,10000.0,1.7216494845360826,0.0011871419025548432,0.0712285141532906,1.709484339678974,50541.55688622755,0.045588235294117645,140,0.023529411764705882,0,-1
0x1a33f14634cbb41672a2ba18f7660f9f36f58e61,usdt,1,2070.860165857143,4832.005282,7.0,0.003663003663003663,0.21978021978021978,5.274725274725275,16380.0,0.375,4,0.5,0,-1
0x6eadddf7e1ed745f6fcce203b3c5a2db96aae346,usdt,25,4567.956734782609,0.0,0.92,0.00061807022352644,0.037084213411586395,0.8900211218780735,97076.34782608696,0.2777777777777778,13,0.25,0,-1
0x2b2c487176f135d61077ff6c3b51e96bba36b06b,usdt,32,458.26097375374366,0.0,37.5625,0.025355012361095875,1.5213007416657525,36.511217799978056,2366.396006655574,0.568217054263566,980,0.12015503875968993,0,-1
0xdaf0cbb3417ab1d30254188c0260986a46194d79,usdt,230,5583.333333333333,6000.0,0.02608695652173913,1.8038765306643977e-05,0.0010823259183986387,0.02597582204156733,3326170.0,0.0,3,0.0425531914893617,0,-1
0x03ea4bc4ded9e5b06ae3cfcd7f66b7ed8c5fd790,usdt,7,17.625996913793102,0.08975,8.285714285714286,0.005495026054002842,0.3297015632401705,7.9128375177640935,10918.965517241379,0.2318840579710145,28,0.08695652173913043,0,-1
0x9bec4dca70f7e1b43628bcfa27079700c9783d9d,usdt,6,0.004103384615384616,0.00266,2.1666666666666665,0.0014193689267387268,0.08516213560432362,2.043891254503767,42272.307692307695,0.0,7,0.21428571428571427,0,-1
0xa34eb615ad8c6d782eb9a929d6c48e64e53c8602,usdt,41,110589.13802498562,0.002664,18.634146341463413,0.012912777903600367,0.774766674216022,18.59440018118453,4646.560209424084,0.14329580348004095,617,0.07267144319344933,0,-1
0xa03400e098f4421b34a3a44a1b4e571419517687,usdt,4,83766.17877039358,4326.806933,1138.25,0.6383724516979333,38.302347101875995,919.256330445024,93.98901822973863,0.0059,1747,0.1383,0,-1
0xa03328d21e9e89d959406cc128376e4a89aa9638,usdt,3,523433.68331543624,7988.265,49.666666666666664,0.027241480181366094,1.6344888108819657,39.22773146116718,2202.5234899328857,0.0,125,0.040268456375838924,0,-1
0x1de3cee10deea8d452764d15f4f1f7cde47c4ab9,usdt,127,1493.6617831818182,100.093205,0.08661417322834646,6.006845619698959e-05,0.0036041073718193753,0.08649857692366501,998860.3636363636,0.017142857142857144,8,0.022857142857142857,0,-1
0x04defe4b70dfebbd1de3ae940b42b7201bed9242,usdt,14,43.92827211666666,28.915,8.571428571428571,0.005625193366021957,0.3375116019613174,8.100278447071618,10666.3,0.32558139534883723,60,0.29457364341085274,0,-1
0xb841fd180573e3a600690ae1e7581ffa0f0fe9a8,usdt,151,19540.004988863635,0.0,0.2913907284768212,0.00020196660390401445,0.012117996234240869,0.2908319096217808,297078.8181818182,0.07339449541284404,27,0.10091743119266056,0,-1
0x4534bd2ed3765d0dfc0b0be9d507f00cfc17cf82,usdt,12,12649.096175932393,9741.0,29.583333333333332,0.019081507600352602,1.1448904560211564,27.47737094450775,3144.4056338028167,0.18397085610200364,231,0.1912568306010929,0,-1
0xaf682de1f2e6f710731121a05a44cb3c1b511f7d,usdt,1,6114.63390806609,8.845478,1271.0,0.6252459661550571,37.514757969303425,900.3541912632822,95.9622344610543,0.0001,726,0.0041,0,-1
0x14ab9f431b7d25fcad366ec9511dce38e229745c,usdt,367,869.8585533333334,10.858681,0.01634877384196185,1.1340165657139919e-05,0.0006804099394283952,0.016329838546281485,5290928.0,0.0,3,0.004329004329004329,0,-1
0xf4d311c96ebb16cf16b71c176d7dcfc97c49df68,usdt,232,233.30909066666663,0.0,0.03879310344827586,2.6846102035471455e-05,0.0016107661221282873,0.0386583869310789,2234961.3333333335,0.21428571428571427,4,0.21428571428571427,0,-1
0x3c6369cc3c8c9227e78d543e10e236ef0bee8d5a,usdt,1,20675.79352396296,1e-05,27.0,0.7458563535911602,44.75138121546961,1074.0331491712707,80.44444444444444,0.1794871794871795,13,0.3076923076923077,0,-1
0x87b974bbeb18f4c8851232607943905009023545,usdt,6,0.00441955878408583,27.420995,1118.5,0.7061088781801729,42.36653269081038,1016.7967845794491,84.97273133661153,0.671,6711,0.0001,0,-1
0xf5307e0e75c452f03757b426b056a71b777690e2,usdt,282,285.9701256833334,0.001457,0.2127659574468085,0.0001477358011121551,0.008864148066729307,0.21273955360150335,406130.4,0.2878787878787879,24,0.3333333333333333,0,-1
0xf94ed69ae5a029d1a33ab88a4ef778c2e2403bac,usdt,7,832.9704061562501,2852.144924,4.571428571428571,0.0030480835174883794,0.18288501104930274,4.389240265183266,19684.5,0.3142857142857143,20,0.22857142857142856,0,-1
0x97c439b27c6f03065d6a00b2c7448bcebc2be133,usdt,23,7200.31437636,8955.9,1.0869565217391304,0.0007530438030519359,0.04518262818311616,1.0843830763947877,79676.64,0.36,17,0.2,0,-1
0xddecf1a532bb460ac2365b744547bf0eabdeb3f5,usdt,17,0.02345679012345679,36.607882,190.58823529411765,0.12553468476845825,7.532081086107494,180.76994606657988,477.9555555555556,0.5759493670886076,3239,0.00039556962025316455,0,-1
0x1eb6c23e26f74d2693380d83dc6c793e3f048a98,usdt,1,1911.5761900000002,0.012562,14.0,0.011135857461024499,0.6681514476614699,16.035634743875278,5388.0,0.26666666666666666,9,0.4,0,-1
0xe1020f4a986eaa2ca3a4444cf24c96ea3dd6f9f8,usdt,248,320764.5335497768,50.0,0.45161290322580644,0.0003127958643918215,0.01876775186350929,0.45042604472422293,191818.39285714287,0.006386861313868613,72,0.002737226277372263,0,-1
0x403236a738917ef1fb1c7ca34049f312f0dcd664,usdt,1,0.049252370122631006,29.81562,3588.0,3.08300395256917,184.9802371541502,4439.525691699605,19.46153846153846,0.0019301631865239516,3584,0.0008773469029654326,0,-1
0xd59989f3847dba2eee0104b07c48ba5dae374fe1,usdt,71,142959.98692376504,0.001,55.50704225352113,0.03812562397938256,2.287537438762954,54.90089853031088,1573.7447348388735,0.3524317121918721,1477,0.14323784143904064,0,-1
0xd98c258c20291d6d5e8c77c8af57d735e78b4fd1,usdt,78,727.2180050223643,5451.695071,24.076923076923077,0.016712556487195048,1.002753389231703,24.06608134156087,3590.115015974441,0.03056768558951965,156,0.10480349344978165,0,-1
0x1bc9857a6960c10fbcf460f51bf3be20d50ec19e,usdt,2,2002.52,0.0,2.5,0.0016030779095864058,0.09618467457518436,2.3084321898044244,37428.0,0.1,3,0.2,0,-1
0x2011199ac8a6062f77fd20a46588bc576b3e632c,usdt,190,4583.281415200001,162.0,0.02631578947368421,1.8199236505630116e-05,0.001091954190337807,0.026206900568107365,3296841.6,0.0,4,0.2222222222222222,0,-1
0x9aa712a18ad45bfc4065b1115663f4ac15ad6f37,usdt,12,0.04000000000000001,0.127,0.6666666666666666,0.000431909471774716,0.025914568306482963,0.6219496393555911,138918.0,0.0,4,0.625,0,-1
0xb072b2779f1ef1a6a9d2d5faa1766f341b92ab3a,usdt,215,210831.77034098143,41755.594209,27.037209302325582,0.01870028965664557,1.122017379398734,26.92841710556962,3208.5064510579737,0.0025848505282085863,2879,0.09103169251517194,0,-1
0x7a1057e6e9093da9c1d4c1d049609b6889fc4c67,usdt,1683,15274.717066444444,52584.726799,0.0053475935828877,3.7116856608056266e-06,0.00022270113964833758,0.005344827351560101,16165162.0,0.0,5,0.001943634596695821,0,-1
0x5880ba97cd46e368278271acbb6c3031c5c0250e,usdt,21,0.00030000000000000003,0.0005,0.19047619047619047,0.00013124479122234836,0.007874687473340901,0.18899249936018164,457161.0,1.0,2,0.75,1,2
0x8583d299508a62d09126bf3c93052e93d8d7c4a2,usdt,126,1318.515639215909,999.765055,0.6984126984126984,0.00048333748930341183,0.02900024935820471,0.696005984596913,124136.86363636363,0.12643678160919541,46,0.1206896551724138,0,-1
0x386c25967f4400b625067743da6c879b10140210,usdt,27,19886.750204124997,13036.224064,6.222222222222222,0.004223333919907489,0.2534000351944493,6.081600844666784,14206.785714285714,0.251063829787234,106,0.1574468085106383,0,-1
0x6d78a40f63a7b562e3537300ec5abaf07e9c5ef4,usdt,547,7402.075679330395,2471.382655,0.4149908592321755,0.00028817470648707927,0.017290482389224753,0.4149715773413941,208207.0308370044,0.16273584905660377,154,0.04009433962264151,0,-1
0x2a3dd3eb832af982ec71669e178424b10dca2ede,usdt,49,16279.55505845679,100000.0004,1.653061224489796,0.0011446757034809449,0.06868054220885669,1.6483330130125602,52416.59259259259,0.0005,53,0.0018,0,-1
0x3b224dec35f64be76aacc2158002d3a9816cf178,usdt,2,0.000289,0.0005,5.0,0.0025677896466721447,0.15406737880032867,3.697617091207888,23366.4,1.0,5,0.6,1,2
0x320ebea5b002758f1002259203374f879e46e020,usdt,36,295016.26590871427,0.0148,0.3888888888888889,0.00026976719091424103,0.01618603145485446,0.388464754916507,222414.0,0.00423728813559322,6,0.03389830508474576,0,-1
0xf90a16f31c6e3b2c3e4022ba03797d2efb79a361,usdt,2,0.005999999999999999,0.005,3.0,0.0014142937959645485,0.08485762775787291,2.0365830661889497,42424.0,0.0,3,0.3333333333333333,0,-1
0x2ab120632fa879604b7b59f7de0d2cec51d80a5c,usdt,1,0.0455,0.05,8.0,0.08048289738430583,4.82897384305835,115.89537223340041,745.5,0.0,4,0.5,0,-1
0x37684ccfc5fd612d74139395f6c7d05bf23df38b,usdt,6,576.2765297037038,14045.251723,36.0,0.021543126146971996,1.2925875688183197,31.02210165163967,2785.1111111111113,0.3561643835616438,115,0.4200913242009132,0,-1
0xfbac3a7735965138fa539864f1f20841c4da4bbc,usdt,679,663.5190450588235,0.0,0.025036818851251842,1.7382452189565252e-05,0.0010429471313739152,0.025030731152973964,3451756.9411764704,0.018518518518518517,11,0.09259259259259259,0,-1
0xa444e7c65c5d8ddea16d7f11e4f891287df9b56e,usdt,335,1948.9909571304345,1000.207692,0.2746268656716418,0.00019036638493821162,0.011421983096292698,0.27412759431102474,315181.6956521739,0.047182175622542594,39,0.023591087811271297,0,-1
0xc8dd0a3a62f5604c96ade697a32293b9fa1244b2,usdt,1943,8724894861789.709,0.0,1.9577972207925889,0.001359527305746159,0.08157163834476955,1.9577193202744692,44132.98633017876,0.1465742529258039,2142,0.0877173048517214,0,-1
0x6c6af9b1f261e8788b12b4d1c01bf6858da2113d,usdt,57,27.35127468604651,50.0,1.5087719298245614,0.001041031153462518,0.06246186920775108,1.499084860986026,57635.16279069767,0.2535211267605634,49,0.19718309859154928,0,-1
0xd67c77105674c0f286ecbb2c41d44839cb9a049d,usdt,14,109689.94764082354,1562.189894,1.2142857142857142,0.0008248983434100327,0.04949390060460196,1.187853614510447,72736.23529411765,0.0,6,0.0975609756097561,0,-1
0xcaf57b2cb0c9e04a5791c844b1ab4b7c2ba9372c,usdt,12,0.03428571428571429,0.075847,0.5833333333333334,0.00039752399341245955,0.02385143960474757,0.5724345505139417,150934.2857142857,0.0,4,0.5,0,-1
0x729c51892b9a25a6a1e8bbb0ae1fc3ddcefc3573,usdt,620,8789.530715824701,0.0,0.8096774193548387,0.0005620561491853768,0.033723368951122615,0.8093608548269428,106750.90039840637,0.04730781201369437,277,0.037970743853096796,0,-1
0x720bdebdb9a9cdb63f311a8ad6eacddfd0b26220,usdt,7,16176.410150799999,10494.150104,1.4285714285714286,0.0009242656709244505,0.05545594025546703,1.3309425661312089,64916.4,0.14285714285714285,3,0.5,0,-1
0xa5cfc45c0a34d8e0362923e128646c13087d3b15,usdt,23,1584.3938775333334,1285.0,1.3043478260869565,0.0008773776935495191,0.05264266161297115,1.2634238787113077,68385.6,0.06666666666666667,4,0.28888888888888886,0,-1
0x422cf932ed61c2b98e3674a1d147156a501b8db4,usdt,56,3087.8284120935255,0.0,2.482142857142857,0.0016949028540213093,0.10169417124127857,2.4406601097906857,35400.25899280576,0.32666666666666666,79,0.30666666666666664,0,-1
0xe0daf14bd0f2878b0d53723782738eb26022c172,usdt,271,7524.4324389300655,500.0,7.228782287822878,0.005002183188681124,0.30013099132086746,7.2031437917008185,11994.762633996937,0.3306196291270918,938,0.10719131614654002,0,-1
0x8b52ef4d95123a3a524cc87d065ed390917fe2c5,usdt,88,37261.68171842574,60000.0,59.52272727272727,0.04093709848349855,2.456225909009913,58.94942181623791,1465.6632302405499,0.25917756420356075,3356,0.12478336221837089,0,-1
0xd1eaf3468b0a592f0e4d4770812aa9ebf8cbdea0,usdt,117,1079.7075109000002,1130.584631,0.08547008547008547,5.932352201377255e-05,0.003559411320826353,0.08542587169983247,1011403.2,0.004246284501061571,8,0.006369426751592357,0,-1
0xc8dd3e85c0c497e11610139dcd74d7088b1544b2,usdt,119,19300.113013762453,4688.4,2.19327731092437,0.0015224286995892359,0.09134572197535415,2.1922973274085,39410.71264367816,0.04205607476635514,3,0.08644859813084112,0,-1
0x5e53ce97fcd3abe46f1ab45abb3e9a9c5e19f193,usdt,783,1916.606431666667,5264.560634,0.007662835249042145,5.320895208693491e-06,0.00031925371252160945,0.007662089100518628,11276298.0,0.0,2,0.012376237623762377,0,-1
0x68022f4b5a7875ad1774327f1ed7931f0b6d6471,usdt,319,8.000233999999999,0.00017,0.01567398119122257,1.0883131277118042e-05,0.0006529878766270826,0.01567170903904998,5513119.2,0.0010384215991692627,2,0.004153686396677051,0,-1
0xf13afa25dc2c85084074cccc7f742519c455cd80,usdt,52,2776.79915206015,20.0,5.115384615384615,0.0035385327593638093,0.21231196556182858,5.0954871734838845,16956.18045112782,0.29347826086956524,194,0.14492753623188406,0,-1
0x5c683723f59f02a38a8d2457c253c87ed3e0d037,usdt,9,69.19679538753387,18.834945,82.0,0.05546036612859591,3.3276219677157544,79.86292722517811,1081.8536585365853,0.0,369,0.012863162563761367,0,-1
0xe9f4429f198d33b3d36c2cdeda21a96b1b261c56,usdt,2,0.0010000000000000002,0.001,3008.5,1.6329244463742942,97.97546678245766,2351.4112027789843,36.74389230513545,0.0,6017,0.0001,0,-1
0x4bb001eb02b8eb874bdf85a2d3ce44de3f49b58c,usdt,1163,23070.835291315074,0.0,0.1883061049011178,0.00013067427688196617,0.00784045661291797,0.18817095871003128,459156.9315068493,0.046511627906976744,156,0.07131782945736434,0,-1
0xe9f5880c0d143a5b20b788be061af35689c2b16b,usdt,31,198925.636450157,0.0004,3.903225806451613,0.0026531480368897215,0.15918888221338326,3.8205331731211984,22614.644628099173,0.12077294685990338,101,0.043478260869565216,0,-1
0xbeaa68b899f485a324463575de210e9eb9c1a01a,usdt,967,19906.718690865673,1463.774164,0.06928645294725956,4.808311288063346e-05,0.0028849867728380075,0.06923968254811218,1247839.343283582,0.0074142724745134385,37,0.015755329008341055,0,-1
0x55acc961dde7917c0ff8f509e58da64fba8c6336,usdt,524,1018.7360111453321,0.0,1.9828244274809161,0.0013764338625516196,0.08258603175309717,1.9820647620743324,43590.90664100096,0.24737631184407796,525,0.07871064467766117,0,-1
0x54492d997d4d8d3c616a7e4b0ba8ef6d874a47e6,usdt,14,0.09205895882352942,39.664571,145.71428571428572,0.09746681828171733,5.84800909690304,140.35221832567296,615.5941176470589,0.0,2,0.5101376720901126,0,-1
0x111111125421ca6dc452d289314280a0f8842a65,usdt,1,3068.488779814649,0.004173,2676.0,1.9215855234812582,115.29513140887548,2767.083153813012,31.22421524663677,0.0,1063,0.0055,0,-1
0x278f5a16c7d287156c5934fc25de5e051cc6908c,usdt,524,19186.100652829457,6009.601423,0.49236641221374045,0.0003417567995032075,0.020505407970192447,0.49212979128461876,175563.44186046513,0.021077988557663355,148,0.022884673291177358,0,-1
0xc9244855fee34d49d6e7a0dcb289812d734e3c28,usdt,123,56307.84178265454,20966.099023,0.44715447154471544,0.0003099485598099283,0.018596913588595696,0.4463259261262967,193580.5090909091,0.011627906976744186,27,0.046511627906976744,0,-1
0xe6f57c6e9e037fd03538cd5f42003c900bab5f1c,usdt,42,723.9620383333335,0.0,0.2857142857142857,0.00019659626336035438,0.011795775801621264,0.28309861923891033,305194.0,0.010416666666666666,7,0.020833333333333332,0,-1
0x5451db0b4bcfa53e4c8ef133fac8e28730f9c7ee,usdt,104,7479.5961791323325,0.0,20.490384615384617,0.014111835134562408,0.8467101080737444,20.321042593769867,4251.750351947442,0.07763380281690141,1252,0.03538028169014085,0,-1
0x3f5ce5fbfe3e9af3971dd833d26ba9b5c936f0be,usdt,1766,2550988.500603377,1.868,0.07644394110985278,5.308148471219492e-05,0.0031848890827316945,0.07643733798556067,1130337.637037037,0.0003,24,0.0029,0,-1
0xd760b499f77f40f03f5907d1a973da6bdf2e914b,usdt,1,0.00017333333333333336,0.0005,6.0,2.3076923076923075,138.46153846153845,3323.0769230769233,26.0,1.0,3,0.5,0,-1
0xd2f395a846bfccf95e30f449f744fc9503caaf2a,usdt,382,1506.7521092592592,0.153475,0.07068062827225131,4.897093919369167e-05,0.0029382563516215003,0.070518152438916,1225216.4444444445,0.0,7,0.10714285714285714,0,-1
0x7c6846a0876a45e5163dcf1a81ec0e0d15bf7b34,usdt,220,14978.301530573048,555.650425,39.731818181818184,0.027526148423914654,1.6515689054348792,39.6376537304371,2179.7455668687794,0.2812,3785,0.0608,0,-1
0x2a957774ff8ba1c1b414f2b1c7bb9d1c515a2f4c,usdt,8,96.926669,0.000364,1.5,0.0010017865192927388,0.06010719115756432,1.4425725877815436,59893.0,0.0034129692832764505,6,0.017064846416382253,0,-1
0x8698423284691e8fb7ae7022650fcb00341b7a3c,usdt,686,3534.31443899495,160.0,0.2886297376093295,0.00020020663751738917,0.012012398251043348,0.28829755802504037,299690.36363636365,0.096,72,0.172,0,-1
0x1fe1f5a806a6ada625745d4fac9c61bff8a31ba9,usdt,1489,2745.675356412281,0.0005,0.07656145063801209,5.313789361078979e-05,0.003188273616647387,0.07651856679953731,1129137.7192982456,0.13302752293577982,72,0.1559633027522936,0,-1
0x7981fec15667f85838586602a4e49290311b1c08,usdt,72,64617.64300248851,707.937595,2.4166666666666665,0.0016730737056274891,0.10038442233764935,2.4092261361035843,35862.137931034486,0.0046,83,0.0056,0,-1
0xe0703f181128025ebb7b1c3357a1e888ce1385a9,usdt,12,0.04,0.069,0.3333333333333333,0.0002188662727073758,0.013131976362442547,0.31516743269862113,274140.0,0.0,2,0.75,0,-1
0x4bd7ad617b8e687016438977d17bf8ede955e8d0,usdt,1,1666.66675,0.00025,3.0,0.2,12.0,288.0,300.0,0.25,1,0.75,0,-1
0x18e2a492eed2a2371f16c8d04c7233a68579b962,usdt,66,0.0010284,0.0006,0.6818181818181818,0.00046941206660227025,0.028164723996136218,0.6759533759072692,127819.46666666666,0.25806451612903225,22,0.025806451612903226,0,-1
0x60d3884b468f775c9326f22737504d67584a02c1,usdt,1,4.36284375,5.053143,4.0,0.056338028169014086,3.380281690140845,81.12676056338029,1065.0,0.0,2,0.5,0,-1
0xaf48efaf21fe7bd9b0c1b4e2dd11ffe3383b903e,usdt,316,1327.6964591395347,8.371339,0.1360759493670886,9.42056926528323e-05,0.005652341559169939,0.13565619742007853,636904.1860465116,0.1896551724137931,30,0.13793103448275862,0,-1
0xf470ca90ad8feb3753e43ed5b17c5228de05aac7,usdt,107,153.50830056532305,0.00027,84.62616822429906,0.05861600207146556,3.516960124287934,84.40704298291041,1023.6112644947543,0.2089,5758,0.2175,0,-1
0xa248a925f4387724726d1d5bcb7b861895e5cf59,usdt,5,760.4067426666667,1140.610114,0.6,0.00041115039881588683,0.02466902392895321,0.592056574294877,145932.0,0.3333333333333333,1,1.0,1,2
0x19f85c55845bf93109ac7172e70f2c06fd6a0467,usdt,293,56.02078171428571,18.645472,0.023890784982935155,1.6586302083950384e-05,0.000995178125037023,0.023884275000888553,3617442.8571428573,0.0,0,0.1875,0,-1
0x5013e430d89d8c733470f52c5de3be87c854bef8,usdt,163,56.05796825,0.95,0.09815950920245399,6.788618541584107e-05,0.0040731711249504645,0.09775610699881114,883832.25,0.0,10,0.03076923076923077,0,-1
0x813478f7efe22ff94d05f909495982dd1abc2c37,usdt,60,14341.705547054053,0.0,1.2333333333333334,0.0008505590701780196,0.05103354421068118,1.2248050610563483,70541.83783783784,0.19548872180451127,48,0.17293233082706766,0,-1
0xf3c96db4541ef4517a2858699faec60336e4f9f1,usdt,11,0.0026714285714285716,0.0002,0.6363636363636364,0.0004294478527607362,0.02576687116564417,0.6184049079754601,139714.2857142857,0.42857142857142855,6,0.2857142857142857,0,-1
0x6ff1134774f69db4dded33392f1a75cb26a3c50d,usdt,929,2219.735459525478,14483.567872,0.3379978471474704,0.00023471093703632444,0.014082656222179466,0.3379837493323072,255633.5923566879,0.06928714190539641,196,0.039973351099267154,0,-1
0x2fbcb6afdd9bbb796a2d6abfb011014ebee18540,usdt,918,61581.073606400205,0.0,1.0969498910675382,0.0007617478231940184,0.045704869391641104,1.0969168653993866,78766.22442899703,0.07407407407407407,681,0.08049382716049383,0,-1
0x3d359cdaad8845d18052f94b9204940d329d91a1,usdt,126,1803.1267172,0.000787,0.5158730158730159,0.0003568942077717283,0.021413652466303695,0.5139276591912887,168117.04615384617,0.10204081632653061,52,0.09183673469387756,0,-1
0x3778eb0fc6665e671616c374e2487df60a88b9e8,usdt,982,1715.6716703333332,1500.0,0.006109979633401222,4.239190382463995e-06,0.0002543514229478397,0.006104434150748154,14153646.0,0.0,3,0.36363636363636365,0,-1
0x671f25c62dceb809adec4b5f2176bea5007e3eb9,usdt,101,11.816750692307693,11.825108,1.6732673267326732,0.0011524146838087783,0.06914488102852669,1.6594771446846408,52064.591715976334,0.0446927374301676,87,0.24022346368715083,0,-1
0x92c1ee6c3bb684f4ad243997d8082f476870d59b,usdt,53,25915.615985813398,0.00085,3.943396226415094,0.0026878055932076966,0.1612683355924618,3.8704400542190833,22323.043062200955,0.22123893805309736,164,0.17699115044247787,0,-1
0x20f0caca14600b5605acb45bb285e136e398bc62,usdt,7,0.00042350000000000005,0.000125,0.5714285714285714,0.00035758984444841767,0.02145539066690506,0.5149293760057214,167790.0,1.0,2,0.75,1,2
0xf9fe994198f740529729a2477159c4d4effc34a8,usdt,273,24768.005147111107,0.0,0.3626373626373626,0.0002518045996306866,0.015108275977841196,0.3625986234681887,238280.0,0.06446776611694154,62,0.022488755622188907,0,-1
0x020126acf2576f08aef38f25006d2aea7b23cf9f,usdt,3,0.00036166666666666666,0.000199,2.0,0.0011355463870699118,0.0681327832241947,1.635186797380673,52838.0,1.0,3,0.6666666666666666,1,2
0x816018e2d33f23ea73d0bf1e10150fce343cf6a4,usdt,15,0.0001769268292682927,6e-05,2.7333333333333334,0.0018666909488253506,0.11200145692952103,2.688034966308505,32142.439024390245,0.975609756097561,20,0.21951219512195122,0,-1
0xfdcbb150c3864d1f9df6c38ded0d006a06ebbc4d,usdt,109,29424.64818511111,27353.048981,0.08256880733944955,5.6861042983157754e-05,0.003411662578989465,0.08187990189574718,1055204.0,0.03125,5,0.15625,0,-1
0xebbc188cb9bfe1af23b7adee9fc5bb12de8e4dea,usdt,665,2815.718065717949,3000.0,0.058646616541353384,4.0684798177321043e-05,0.0024410878906392626,0.058586109375342296,1474752.3076923077,0.2,6,0.35555555555555557,0,-1
0x3a4380d985f94140b57bca0199683a344959606c,usdt,997,32013.72050392354,300.021001,0.3279839518555667,0.00022758002674169709,0.013654801604501826,0.3277152385080438,263643.5229357798,0.11976047904191617,244,0.07784431137724551,0,-1
0x7ccaf3edda4ca3e1f61c81d19019c92dd250fa26,usdt,3,0.3372012348649488,1790.521512,2147.3333333333335,1.422451863628334,85.34711181770005,2048.330683624801,42.180689226948154,0.2816,6442,0.0001,0,-1
0x344a063bfa3db6de176240cd650501459935d222,usdt,2,0.04676275,0.096592,4.0,0.0020093434470286834,0.120560606821721,2.893454563721304,29860.5,0.25,4,0.5,0,-1
0xbbe4fff74809d7ba64c8c0b6bc0414413a508441,usdt,188,5516.436856085106,2000.0,0.25,0.00017275283480050723,0.010365170088030434,0.24876408211273043,347317.02127659577,0.19117647058823528,20,0.20588235294117646,0,-1
0x2dd43ccba7ba438d10a42a436c54f115095d122f,usdt,39,2974.2386318709673,770.473794,0.7948717948717948,0.0005384038237092203,0.03230422942255322,0.7753015061412772,111440.51612903226,0.40625,16,0.46875,0,-1
0xc9da61f592456105af41d79dbf593c60a0b0bbcb,usdt,11,0.0003410666666666666,0.000608,2.727272727272727,0.001790232491526233,0.10741394949157397,2.5779347877977754,33515.2,0.6521739130434783,15,0.043478260869565216,0,-1
0x28c2a64547da5f5d4eadfa52548d2c26ead5dfa6,usdt,83,223.95353114932124,14.85,2.6626506024096384,0.0018467421296195711,0.11080452777717427,2.6593086666521826,32489.647058823528,0.07563025210084033,33,0.04201680672268908,0,-1
0xea5f1ba23c8a985201233a35654cac237fc22fea,usdt,2,0.06411728733494515,14.473347,2688.5,1.6007740398928252,96.0464423935695,2305.1146174456685,37.481867212200115,0.0004,5373,0.0003,0,-1
0xa14cd3a7c3c98ef2358ef231d6a60d2fabacf8b5,usdt,8,23198.873138714287,29488.0,0.875,0.00054523078840372,0.032713847304223206,0.7851323353013568,110045.14285714286,0.0,0,0.2857142857142857,0,-1
0x12f49ca9859b62e0f799235e8e8e055722ae03d8,usdt,71,409216.82384398696,0.000299,7.563380281690141,0.005217827285058553,0.31306963710351315,7.513671290484316,11499.039106145252,0.10689388071262587,341,0.07900852052672347,0,-1
0xcad97616f91872c02ba3553db315db4015cbe850,usdt,5,81.8510194861111,137.410788,14.4,0.00989908433469904,0.5939450600819425,14.254681441966618,6061.166666666667,0.0,44,0.0002,0,-1
0x7b4b2f4869e53a4fe7817e0524012dcd525cfd48,usdt,101,163900.4755265064,50.0,6.178217821782178,0.004253491748634998,0.2552095049180998,6.125028118034396,14106.057692307691,0.3128140703517588,324,0.1670854271356784,0,-1
0x80bf7db69556d9521c03461978b8fc731dbbd4e4,usdt,43,5292.292899496314,31.688398,18.930232558139537,0.012959018298643283,0.7775410979185969,18.66098635004633,4629.980343980344,0.0003,504,0.0035,0,-1
0xab170c8f7eb7a02c66b9dfa60d969fa51024e93f,usdt,14,53.87019315384615,386.789511,1.8571428571428572,0.001216192195788233,0.07297153174729397,1.7513167619350554,49334.307692307695,0.19230769230769232,10,0.3076923076923077,0,-1
0xa192cec8616b62529dd97656d779d778ede49de5,usdt,1460,968.7108244444445,0.0,0.036986301369863014,2.568172841646708e-05,0.001540903704988025,0.036981688919712596,2336291.3518518517,0.007462686567164179,27,0.055970149253731345,0,-1
0x1248881e840347d1335636cf4a129ce13a398efb,usdt,529,416.6516530869565,750.00375,0.08695652173913043,6.02900422869114e-05,0.003617402537214684,0.08681766089315242,995189.2173913043,0.10416666666666667,24,0.1875,0,-1
0x9e82614475d33b95b8c792b391d35494c865f8d7,usdt,1329,1889.7136336275626,3000.0,1.3212942061700528,0.0009169425181824584,0.0550165510909475,1.3203972261827401,65434.85421412301,0.3680214381420277,959,0.055381866904868245,0,-1
0xbe324dcd29b16d31695f87acf826fc7e47330925,usdt,10,4.9842287419354845,0.013982,3.1,0.002142748524268355,0.1285649114561013,3.085557874946431,28001.41935483871,0.42857142857142855,9,0.34285714285714286,0,-1
0x58b16cceca573823bf9398c03f9be0bec2ab8fb6,usdt,1,5278.3275,7037.77,4.0,0.00983767830791933,0.5902606984751599,14.166256763403837,6099.0,0.16666666666666666,3,0.3333333333333333,0,-1
0xd50b2a486c75f566cbff520a24dfc9b3d814ed2b,usdt,26,2840.3130217160497,0.00022,3.1153846153846154,0.0021171157042938244,0.12702694225762948,3.048646614183107,28340.444444444445,0.21505376344086022,44,0.26881720430107525,0,-1
0x23299e69368b5b26fd459d8b5c70f60833cb8162,usdt,35,0.0034136296296296297,0.00998,1.542857142857143,0.0010470229647036925,0.06282137788222154,1.5077130691733174,57305.333333333336,0.1694915254237288,27,0.03389830508474576,0,-1
0xcf4a5b61f7898cb0d7911a823189aa1b0e8cb876,usdt,1,0.003,0.005,4.0,0.0030921459492888066,0.1855287569573284,4.452690166975882,19404.0,0.0,2,0.5,0,-1
0xc2d5cc4e2f078f1f8572ccb5509817eb582e261f,usdt,16,628.813974478261,0.0,1.4375,0.0009756594185069866,0.058539565110419196,1.4049495626500605,61496.86956521739,0.09174311926605505,11,0.09174311926605505,0,-1
0xf89d6956664303b1622fc7fad2a986a3c65eaa40,usdt,22,0.017206615790290057,0.011514,293.04545454545456,0.19746756349468886,11.848053809681332,284.35329143235197,303.8473708701722,0.0136,2900,0.0002,0,-1
0x1ca3675407963eafb03701a33825b36cd58cea10,usdt,49,271600.0996472098,11.77,72.85714285714286,0.050140871973640234,3.0084523184184135,72.20285564204192,1196.6285714285714,0.0881,2303,0.0347,0,-1
0x8bc85f48b080b3e0f6779d801675d6107c861f3c,usdt,1,240.26400000000004,353.390975,5.0,1.0416666666666667,62.5,1500.0,57.6,0.0,4,0.09523809523809523,0,-1
0xed16c11d8e5aec2aec30f7ca26ea534e0b6feb3e,usdt,38,5536.501615999042,6783.0123,27.44736842105263,0.018830385706960925,1.1298231424176555,27.11575541802373,3186.339405560882,0.21714687280393535,682,0.15038650737877723,0,-1
0x246d35823c88a192cf377e45dcd6fa248c752e8a,usdt,871,101729452069768.95,25023.271642,0.33524684270952926,0.00023254639738643336,0.013952783843186002,0.33486681223646403,258013.02739726027,0.16748768472906403,172,0.13136288998357964,0,-1
0x23d23d05eca973294c648be9db31e6e6ae90c0c7,usdt,1526,31549.98197370196,0.001,1.5347313237221494,0.0010654377101987592,0.06392626261192555,1.5342303026862134,56314.8830059778,0.1358555460017197,1455,0.0825451418744626,0,-1
0x57693794ee61f08f958b7f6ae9fbdec6fd5a7d25,usdt,63,1859.370912191781,0.0,1.1587301587301588,0.0008003245151458674,0.04801947090875204,1.152467301810049,74969.5890410959,0.19101123595505617,38,0.34831460674157305,0,-1
0x668decf7042188b4eb64ec73a6e5f15e89460926,usdt,51,21.8098095,20.287,0.7843137254901961,0.0005348094072974744,0.032088564437848466,0.7701255465083631,112189.5,0.17073170731707318,13,0.4146341463414634,0,-1
0xc39ae6d5fabd5e18735a174fe34a53826bc5e038,usdt,1285,14607.497189486952,0.0,2.5346303501945524,0.0017598989860128826,0.10559393916077296,2.534254539858551,34092.86582744857,0.13083772487733963,2234,0.08740686898055607,0,-1
0xa14c65c9f29c342e7eef44ee8ccf8fdbac08f8b5,usdt,1,0.0,0.0,4.0,0.018231540565177756,1.0938924339106655,26.25341841385597,3291.0,1.0,0,0.5,0,-1
0xc650a300284266215609d79361071e9689971e11,usdt,315,504.5549099939759,400.0,0.526984126984127,0.0003658769895112324,0.021952619370673946,0.5268628648961747,163989.5421686747,0.19230769230769232,119,0.16483516483516483,0,-1
0xfe06ad4999121067a992383ab2fcdccc6a72e954,usdt,1035,8242.610899420482,16738.0,5.085024154589372,0.0035283723912469546,0.21170234347481728,5.080856243395615,17005.007790233707,0.1579717720857292,3300,0.07224255096706743,0,-1
0x6694d588d8a05dc6f816823e4e0f205c227302b7,usdt,232,394.73305908333333,0.0,0.10344827586206896,7.168942706407301e-05,0.004301365623844381,0.10323277497226516,836943.5,0.3448275862068966,11,0.13793103448275862,0,-1
0xc9d1daf24ada8f6f32f6417b9abd6dc3ff3f98b8,usdt,299,0.0016493898305084745,0.0,0.19732441471571907,0.00013659228637892459,0.008195537182735475,0.19669289238565144,439263.4576271186,0.6825396825396826,19,0.14285714285714285,0,-1
0x771839732ca087cd6d1e3081e1c6d01faac5ca62,usdt,1,0.0,0.0,3.0,0.0025180459963068656,0.15108275977841196,3.625986234681887,23828.0,0.75,0,0.75,0,-1
0xfb67513aa1db718bb8a1c50f17e3767ce3c2bc66,usdt,854,14626.096724506304,0.000553,1.1147540983606556,0.0007738557705172982,0.046431346231037895,1.1143523095449095,77533.82773109243,0.05410723069355632,544,0.08509591736350221,0,-1
0x3388e7e502904ebf45e06f93f17ddc40e1dad035,usdt,46,8788.111799558823,10000.494805,13.304347826086957,0.009052611648877003,0.5431566989326202,13.035760774382883,6627.921568627451,0.29384615384615387,399,0.1123076923076923,0,-1
0x2e56170768161cb620ba66b9c9241d4a6b39cda6,usdt,58,4352.4287797121215,0.0,2.2758620689655173,0.0015560459457930177,0.09336275674758106,2.2407061619419455,38559.27272727273,0.26744186046511625,79,0.22093023255813954,0,-1
0xc28da004cb6835623ed704c0c4b2737fab7fb913,usdt,1665,4533.777877399194,0.0,0.14894894894894894,0.00010337992896464945,0.006202795737878968,0.14886709770909523,580383.4516129033,0.061146496815286625,175,0.05732484076433121,0,-1
0x478039b5aa472993615aeffa36088426e7031dfe,usdt,14,0.07,0.0658,0.5714285714285714,0.00037058311252756215,0.022234986751653727,0.5336396820396895,161907.0,0.0,5,0.5,0,-1
0x7dc57bd66523d7aa17205d04ece04308f11dc3dc,usdt,1,188.1621202,232.0,5.0,0.04873294346978558,2.9239766081871346,70.17543859649123,1231.2,0.0,3,0.11538461538461539,0,-1
0xcd2c2b963db2517b4eacaeb6732e09071880dcd0,usdt,1,0.0034,0.0001,3.0,1.6666666666666665,100.0,2400.0,36.0,0.6666666666666666,2,0.6666666666666666,1,2
0x195e928222178c840beb0aea198ae20b10783e06,usdt,1,0.0025749999999999996,0.0001,4.0,0.26666666666666666,16.0,384.0,225.0,0.75,3,0.5,0,-1
0x20e58a18d5bcd3e741adf40eb1d71c970f50a117,usdt,323,671.1757237576924,0.0005,0.804953560371517,0.0005577922069563553,0.03346753241738132,0.8032207780171516,107566.93846153846,0.4230769230769231,156,0.21328671328671328,0,-1
0x184167aeb37dbacdbaa90576d5275e529548878b,usdt,197,14119.809691454546,0.0,0.16751269035532995,0.00011631251268863774,0.006978750761318264,0.16749001827163834,515851.63636363635,0.005608974358974359,23,0.003605769230769231,0,-1
0xbfbad07d557272617a88fa8cbaa4402c0c068ddb,usdt,75,9506.198674888888,0.000231,1.08,0.0007457725743516843,0.044746354461101055,1.0739125070664253,80453.48148148147,0.36666666666666664,46,0.3111111111111111,0,-1
0x6e2449206c27d6d3714801638392fabbd18d1beb,usdt,560,3949967088428.463,0.000235,2.7125,0.0018809831734353166,0.112858990406119,2.708615769746856,31898.21198156682,0.25356576862123614,949,0.18647649234020075,0,-1
0x5a95badc6558b68904ac5937498732a84ceb3b2b,usdt,1,657.6666666666666,410.0,6.0,0.0022670596236681025,0.13602357742008614,3.264565858082068,26466.0,0.0,3,0.038461538461538464,0,-1
0xaab048ebb4b8d9cb8cca7d50c8d56d5197c56b84,usdt,17,0.025188888888888886,0.0067,0.5294117647058824,0.00036281544787551397,0.02176892687253084,0.5224542449407402,165373.33333333334,0.1111111111111111,4,0.6666666666666666,0,-1
0x6992e7f708a8679ee0fe3e07be7891f6ae8b9970,usdt,17,3435.5649855,3368.43,3.764705882352941,0.002536944250650092,0.15221665503900553,3.6531997209361324,23650.5,0.4393939393939394,48,0.19696969696969696,0,-1
0xbb0e47135dcc3198a7b7ad2bb957df81bd8dd837,usdt,497,615.406175,514.0,0.01609657947686117,1.1177980273100413e-05,0.0006706788163860248,0.016096291593264596,5367696.0,0.0,3,0.18181818181818182,0,-1
0xb7187b41ab7e3cd75f93e8a3f462fdec3631a192,usdt,998,3266.411143847926,1650.0,0.21743486973947895,0.00015092139248839886,0.009055283549303933,0.21732680518329436,397557.9539170507,0.028469750889679714,68,0.20284697508896798,0,-1
0xe0af93b87e17d3c35825e878efe2e358f2486484,usdt,16,0.024559249999999998,0.006474,0.5,0.0003310655344225389,0.019863932065352335,0.47673436956845605,181233.0,0.125,4,0.625,0,-1
0x42e86ce87db502614fcdde65aa8022accaff2199,usdt,17,0.027377521613832854,36.82591,163.2941176470588,0.10711860221028585,6.427116132617151,154.25078718281165,560.1268011527377,0.5660506502395619,2775,0.0004563084645220169,0,-1
0x2b01772994000aec44801f18f2c3459e6dce1f18,usdt,1,167.80318466666668,108.728863,3.0,0.625,37.5,899.9999999999999,96.0,0.0,2,0.4,0,-1
0xfe428e6e357d18f820d8e86a5566d08d637e5304,usdt,12,0.04,0.069,0.3333333333333333,0.00022781637999772184,0.01366898279986331,0.3280555871967194,263370.0,0.0,2,0.75,0,-1
0x47f7854808cd4f208982e75716448696c5ee8c90,usdt,240,12683.867212774192,109459.492959,0.3875,0.00026844676700610266,0.01610680602036616,0.3865633444887879,223508.0,0.14678899082568808,40,0.10550458715596331,0,-1
0xc6040172277c97d540ba270cb9df4a98552cfd56,usdt,50,0.0,0.0,0.26,0.0001797297969882816,0.010783787819296897,0.25881090766312553,333834.46153846156,0.9285714285714286,0,0.9285714285714286,0,-1
0x007e3234238f170c3a66c7643fb89439ff534995,usdt,32,3420.031346595661,0.0,15.84375,0.010715735010652329,0.6429441006391398,15.430658415339352,5599.242603550296,0.3898809523809524,245,0.20238095238095238,0,-1
0x9091e6f51360198ad7018860bf90ca6b9e5f56ef,usdt,1,0.06921782502543238,40.790795,1966.0,3.1246026700572154,187.47616020343293,4499.42784488239,19.202441505595118,0.00031055900621118014,1965,0.0006211180124223603,0,-1
0xb7473cdd8fb850f24be9b3a2148be1057fb89ac5,usdt,967,10135.304771659574,100.0,0.04860392967942089,3.374510983099875e-05,0.0020247065898599246,0.048592958156638194,1778035.4042553192,0.005720823798627002,26,0.018306636155606407,0,-1
0xb176326bb870d99569f0201e5a0e7e3a0896f1a8,usdt,188,918.0517166983683,100.0,43.680851063829785,0.0302004142443571,1.812024854661426,43.48859651187422,1986.7277155382367,0.1359,934,0.5283,0,-1
0x642af30cfd946072e4353c09302bd9b94074f64c,usdt,111,1993.4971114912285,90.0,0.5135135135135135,0.00035425333961459725,0.021255200376875834,0.51012480904502,169370.31578947368,0.28205128205128205,31,0.14102564102564102,0,-1
0x8371ff8bb82d7d4b5fa542b8372e6f60c83ad888,usdt,1831,1995.6519153617023,0.0,0.025669033315128344,1.7822567505044246e-05,0.0010693540503026546,0.02566449720726371,3366518.3191489363,0.0005945303210463733,24,0.011296076099881093,0,-1
0xa5f10db5a25311a667d6fc788311fb7036a13ad4,usdt,78,0.0013606753246753248,0.0002,0.9871794871794872,0.0006786353260534271,0.040718119563205625,0.9772348695169351,88412.72727272728,0.6808510638297872,38,0.0425531914893617,0,-1
0xab49267ff21eb988f13d8cebae35121be4983ee8,usdt,1,758.8874324000001,426.0,5.0,0.002533698185872099,0.15202189115232592,3.648525387655823,23680.8,0.2,1,0.8,0,-1
0xc88592b88834329663ecb86f680bf58bdc409566,usdt,21,1874.0884890302445,6120.0,74.0,0.050037673151600626,3.0022603890960373,72.0542493383049,1199.096525096525,0.5072,1083,0.2272,0,-1
0x9204307b89109c6a5bb5740154b02536c8d6cfec,usdt,661,10743693696449.732,0.000419,0.6717095310136157,0.00046640232999477503,0.027984139799686503,0.6716193551924761,128644.2972972973,0.4166666666666667,345,0.09057971014492754,0,-1
0x5c7bcd6e7de5423a257d81b442095a1a6ced35c5,usdt,2,2951.2720698164603,30.015761,686.5,0.4582777036048064,27.496662216288385,659.9198931909211,130.924981791697,0.0,404,0.0195,0,-1
0xccdc362f839ea01f357929ce4e3e96a4861b3849,usdt,1,0.10410529012810851,26.759312,5308.0,2.415362213323626,144.92173279941755,3478.121587186021,24.84099472494348,0.0005,5302,0.0003,0,-1
0x3b743b9fcecbdeb6450c8f7c6cff59ffdce3fec5,usdt,26,189968.9785535537,0.000273,20.76923076923077,0.013954065284352841,0.8372439170611704,20.093854009468092,4299.822222222222,0.33607907742998355,427,0.14827018121911037,0,-1
0x775c10525efde0e2d0305590b9e354b428d96584,usdt,47,98.48682206666668,60.0,1.9148936170212767,0.0013212871098165762,0.07927722658899455,1.9026534381358695,45410.26666666667,0.05154639175257732,8,0.030927835051546393,0,-1
0x6336a9fa5ea2c6c168c421c73a8bc3861e479a08,usdt,201,389.83958215714284,197.984171,0.6965174129353234,0.00048142358329075026,0.028885414997445017,0.6932499599386803,124630.37142857142,0.12472647702407003,74,0.08533916849015317,0,-1
0x5a1a3db5949892582ea2daecff133d7a84c4fcd8,usdt,73,0.007734142857142857,0.000167,0.3835616438356164,0.0002663353961643898,0.015980123769863387,0.38352297047672135,225279.85714285713,0.3939393939393939,21,0.24242424242424243,0,-1
0xcf40e1a48c1d119826fdbbc8e0dfa96ee971b876,usdt,64,1486.4871736621628,0.000492,1.15625,0.0008022271560396865,0.04813362936238118,1.1552071046971486,74791.78378378379,0.6621621621621622,61,0.05405405405405406,0,-1
0xcb7a5a31cecbf624f42bec2995e7f420f2385b64,usdt,514,299.2940065454546,499.3525,0.06420233463035019,4.451401220169542e-05,0.002670840732101725,0.0641001775704414,1347890.1818181819,0.05405405405405406,14,0.43243243243243246,0,-1
0x8c309474de40ba5b7bda84d7a48f5f1915013412,usdt,72,0.00034988888888888895,0.000959,0.625,0.0004339666675024543,0.02603800005014726,0.6249120012035342,138259.46666666667,0.8490566037735849,22,0.03773584905660377,0,-1
0x0dce82980df939ef832ec0f387ae30e5761b585b,usdt,525,958035.7831246505,2651099.912298,1.2914285714285714,0.0008967065476242435,0.053802392857454605,1.2912574285789107,66911.52212389381,0.09250585480093677,291,0.11358313817330211,0,-1
0x4d889c6af91ed5b7795b27eb08216d5dda57cf64,usdt,68,68341.92662375767,34631.57,9.588235294117647,0.006577168750781795,0.3946301250469077,9.471123001125784,9122.466257668711,0.35347043701799485,339,0.14138817480719795,0,-1
0x4da97d03cc7148cad5c426b0877555702f395a47,usdt,20,1640.0001519600003,0.0005,1.25,0.0008302889405513118,0.049817336433078716,1.195616074393889,72264.0,0.0022360248447204968,13,0.002484472049689441,0,-1
0x3abe777ea9ba0718783ae3c2208986e807f2960e,usdt,446,26447.738137192053,31556.0,5.87219730941704,0.0040734800429029685,0.24440880257417807,5.865811261780274,14729.420389461626,0.25234117944824097,1303,0.09086307263983802,0,-1
0x884748dd400862c52123dbf48891e76f4e012ab5,usdt,75,101.55263325,0.00083,0.10666666666666667,7.37571913261543e-05,0.004425431479569258,0.1062103555096622,813480.0,0.375,2,0.5,0,-1
0xd073b5a402f7c64fbca6263aebf9d166d962509e,usdt,608,1434.7883758571431,1393.408109,0.023026315789473683,1.5966749017075525e-05,0.0009580049410245316,0.022992118584588758,3757809.4285714286,0.0,2,0.24,0,-1
0xcf479b8e369d83fe89413621cebeeb215048b876,usdt,13,1e-05,1e-05,1.5384615384615385,0.0010055405283109936,0.060332431698659615,1.4479783607678307,59669.4,1.0,10,0.1,0,-1
0xe5d5b6f155d41c89fb1f9e60605b4df463d8eabe,usdt,109,6248.567999999999,12849.49,0.045871559633027525,3.1842996196672535e-05,0.001910579771800352,0.04585391452320845,1884244.8,0.0,0,0.3,0,-1
0xad6bd15e7813b37ac495c5bc0e948ef252b1118c,usdt,862,287.37304275,1149.492171,0.009280742459396751,6.444936157268042e-06,0.0003866961694360826,0.009280708066465982,9309634.5,0.0,1,0.18181818181818182,0,-1
0xa85d14ff02e23d8bf27231992eefeb42a8233a40,usdt,1,0.12936033333333333,0.090036,3.0,0.007065473386716909,0.42392840320301456,10.174281676872349,8492.0,0.0,2,0.023809523809523808,0,-1
0x53a1f685d66c14962e7ebbc58e5f30b17b0c06df,usdt,80,14.897234755319149,0.052635,11.75,0.008094460633365712,0.4856676380019427,11.656023312046624,7412.476595744681,0.0009,472,0.0108,0,-1
0x74e8c867819db8d47a8a4c75dd9e07f5d1bb8856,usdt,255,1031.967134,1476.124571,0.10588235294117647,7.347026739911988e-05,0.0044082160439471935,0.10579718505473262,816656.8888888889,0.0,11,0.08,0,-1
0x4279b322f6a9d5f08a75dcdf20eb87e5c9df4f8e,usdt,87,5593.92232737511,0.000467,12.931034482758621,0.008916668383950948,0.5350001030370569,12.840002472889365,6728.970666666667,0.299512987012987,726,0.14691558441558442,0,-1
0x257b62ccf70248a73dc0f61008cb47bd278e5154,usdt,82,2337.125947666667,0.00651,0.07317073170731707,5.036015907095578e-05,0.003021609544257347,0.07251862906217633,1191418.0,0.0,2,0.26666666666666666,0,-1
0x34d56f5ef5fc10abc289b828366afe4562b3f824,usdt,69,550.835213,601.670426,0.057971014492753624,4.011979771597992e-05,0.002407187862958795,0.057772508711011084,1495521.0,0.0,3,0.2,0,-1
0x4e4ded7afd0a0556e2df0ddc1dc9e7d104034f49,usdt,1717,19763.963823083024,2100.0,1.4239953407105417,0.000988316715341321,0.059299002920479266,1.4231760700915024,60709.28384458078,0.17931764083575774,1910,0.04813541391166358,0,-1
0x2d06dd61974785385a914d0423adf90493ceba2e,usdt,301,4040.0817063750005,14.172625,0.07973421926910298,5.521745092318976e-05,0.003313047055391386,0.07951312932939326,1086613.0,0.0,12,0.03187250996015936,0,-1
0xde9af457451e0c55e571f6c6d15ddd4c5a902ef1,usdt,1037,1349.2793095,0.00024,0.009643201542912247,6.690665638266753e-06,0.0004014399382960052,0.009634558519104126,8967717.6,0.15384615384615385,5,0.38461538461538464,0,-1
0x98dfef433f8e123a1357a9320f432a7620fbba70,usdt,41,1165.03655,0.0,0.0975609756097561,6.643657466308352e-05,0.003986194479785011,0.09566866751484028,903117.0,0.025974025974025976,3,0.025974025974025976,0,-1
0x52fc13985301bece49d4dd152fedbb327ddcfd8c,usdt,215,127827.67079028396,1e-05,0.3767441860465116,0.0002613619863510963,0.015681719181065777,0.37636126034557865,229566.66666666666,0.007154650522839846,52,0.009356081452944413,0,-1
0x024dcd278b57232c8c166045b7e97b8e942370b5,usdt,129,397.25554879999993,169.13179,0.07751937984496124,5.376401896794589e-05,0.0032258411380767533,0.07742018731384208,1115988.0,0.0,7,0.009411764705882352,0,-1
0x5285e1452237ecf0b203e3848c1c336e21f0b95f,usdt,61,1700.7692841538462,0.0003,0.21311475409836064,0.00014738861388944948,0.008843316833366968,0.2122396040008072,407087.07692307694,0.10526315789473684,4,0.3684210526315789,0,-1
0x3f05b2ca316e82c900a6f652bc94dd6312d9b3c5,usdt,263,4513.620075805882,0.051471,0.6463878326996197,0.00044811181496883255,0.02688670889812995,0.6452810135551188,133895.15294117646,0.02384500745156483,119,0.018877297565822158,0,-1
0xef6ac9556a4e8f9e101a23fa3cc327062cd111c1,usdt,18,0.028339857142857142,0.008379,0.3888888888888889,0.00026130323120109896,0.015678193872065937,0.37627665292958257,229618.2857142857,0.14285714285714285,3,0.7142857142857143,0,-1
0x5e590895b5faa47cbc5e7594165e48a9b7763af2,usdt,279,22.048592002997,5.804,3.587813620071685,0.002490953186503961,0.14945719119023765,3.5869725885657036,24087.164835164836,0.08014571948998178,711,0.07650273224043716,0,-1
0x49f797d9cde35cac185e4a06b95ca9f715f8a519,usdt,1,9.825e-05,9.8e-05,8.0,0.004807114529503665,0.2884268717702199,6.9222449224852785,12481.5,1.0,4,0.25,0,-1
0x25a0d8c4d4b08c4327b71992f0f44ace236948d3,usdt,15,0.02444444444444445,0.0689,0.6,0.00040601259541295996,0.024360755724777597,0.5846581373946623,147778.66666666666,0.14285714285714285,5,0.35714285714285715,0,-1
0xf0fd2aa8862695cf09754251e7e9736a3e4feec5,usdt,1471,9160.033620208607,0.000326,1.248130523453433,0.0008662157186637028,0.05197294311982217,1.2473506348757322,69266.81045751635,0.031187790311877902,1045,0.0639239106392391,0,-1
0xe049dd700b0d8e4d3c224ccd0d1c6bf4f291f4c9,usdt,140,443.4311223435484,0.0,4.428571428571429,0.0030720383073267123,0.18432229843960274,4.423735162550465,19531.006451612902,0.41606886657101866,286,0.17790530846484937,0,-1
0x7544d3516f9ad53f92de801bfccd3d371e064fbe,usdt,11,0.04,0.068664,0.36363636363636365,0.00023159138016883013,0.013895482810129806,0.33349158744311536,259077.0,0.0,2,0.75,0,-1
0xf48a3f7c0575c85cf4529aa220caf3c055773f1c,usdt,1,6138.420700635935,886.918059,1909.0,8.772977941176471,526.3786764705883,12633.088235294117,6.83918281822944,0.0011,1027,0.0149,0,-1
0xb96e181d55c800bfd26826e9d240fd0a6ba8ddf8,usdt,125,580.8606886153846,5.324224,0.208,0.00014344621815080169,0.008606773089048102,0.20656255413715446,418275.23076923075,0.22857142857142856,17,0.22857142857142856,0,-1
0xb706d65ce989a90c656ffad35a3d4f72650201e0,usdt,259,82213.0,202864.0,0.18532818532818532,0.00012865797403360438,0.007719478442016263,0.1852674826083903,466352.75,0.01875,0,0.05625,0,-1
0x045076847c6b03559aa935469e02a75755a388f9,usdt,788,8664.732560616358,0.0,1.5050761421319796,0.0010438990350711348,0.06263394210426809,1.5032146105024342,57476.82293423272,0.128907622058307,808,0.06006322444678609,0,-1
0x460e47c5cd34e2be25a6a92d181da1387ea12af6,usdt,52,18.981435070422535,16.711945,1.3653846153846154,0.0009450990623552401,0.05670594374131441,1.3609426497915458,63485.40845070423,0.2692307692307692,46,0.2692307692307692,0,-1
0x8b366102bfbe98f570ea45698caead17adb73fa0,usdt,229,415.21699031746033,94.0,0.27510917030567683,0.0001902486398732159,0.011414918392392953,0.2739580414174309,315376.7619047619,0.029411764705882353,14,0.07352941176470588,0,-1
0x51c72848c68a965f66fa7a88855f9f7784502a7f,usdt,1,33451.95120138982,629.039489,1729.0,4.9712478435882685,298.27487061529615,7158.596894767107,12.069404279930597,0.0,1319,0.0027,0,-1
0x1a0ec2b40611912dd89703174b5d53ba9b37e1d7,usdt,74,2627.3490541787232,0.0,3.175675675675676,0.0021783018885413907,0.13069811331248343,3.1367547194996024,27544.391489361704,0.23708206686930092,98,0.303951367781155,0,-1
0x8a3e74407aad1682c91a175e39424c90acfc81bd,usdt,109,172.28150908605852,0.00049,42.642201834862384,0.02960317227797939,1.7761903366787637,42.62856808029032,2026.8098106712564,0.0716,3851,0.0394,0,-1
0x23480112a17980fd94b0b16c381dab3d740a1bec,usdt,1,0.0363967619047619,0.05,63.0,0.13353115727002968,8.011869436201781,192.28486646884275,449.3333333333333,0.0,31,0.17333333333333334,0,-1
0xd3aa958fbc35c7ce7852cb2e9ee5e93a1670ba64,usdt,90,244.90823982385965,0.0004,110.83333333333333,0.07659972477853273,4.5959834867119636,110.30360368108713,783.2926315789474,0.0647,305,0.1127,0,-1
0x95f9849099575b499b00e0cdc2fa4342d54983c1,usdt,36,17620.829703347106,11502.116389,6.722222222222222,0.004566916651883947,0.27401499911303684,6.576359978712884,13137.96694214876,0.06289308176100629,183,0.0440251572327044,0,-1
0xd3b01d301cd7c6465542952001b734a793fbf48d,usdt,35,48938.07630639682,44419.84287,1.8,0.001232953922750544,0.07397723536503265,1.7754536487607833,48663.619047619046,0.0,31,0.10037174721189591,0,-1
0xdbcf0bb642b76ada621d68ef504d36a98b95d83c,usdt,845,10159817365466.635,5400.0,2.591715976331361,0.0017990522691224468,0.10794313614734682,2.5906352675363236,33350.89315068493,0.17804240487946557,1408,0.08742375835027592,0,-1
0xbe7a108b954c15202cef6aa04c7720c2467bd056,usdt,42,1815.4594729315068,2200.3,1.7380952380952381,0.0011913582463206614,0.07148149477923968,1.7155558747017525,50362.68493150685,0.4024390243902439,33,0.2804878048780488,0,-1
0x630c0dff33bc531aaf9b115aa2c3b066af6c8afe,usdt,530,17361.512282430383,0.000562,0.44716981132075473,0.0003100112441209049,0.018600674647254293,0.4464161915341031,193541.3670886076,0.06191117092866756,150,0.04979811574697174,0,-1
0xa862afd4d5febcdd9ec297869e2a63a9167cb07f,usdt,76,3435.688102480391,0.0,110.38157894736842,0.07631178216074505,4.578706929644703,109.88896631147288,786.2481821432829,0.11409326424870467,1493,0.24321243523316063,0,-1
0x1111111254eeb25477b68fb85ed929f73a960582,usdt,11,3719.6008405731795,14972.102998,133.54545454545453,0.08743631255654492,5.246178753392696,125.9082900814247,686.213750850919,0.0,703,0.0027,0,-1
0xff11d87a1d38dfe61943f0bc91564d178bc4129a,usdt,988,9906.604711453752,0.0,5.340080971659919,0.0037055526821992723,0.22233316093195635,5.335995862366952,16191.91660348749,0.2050271594419001,3198,0.09266162530620939,0,-1
0x6e786fc4151c17fff37e613491df260915911ee1,usdt,140,662.8296508643643,1177.823,14.271428571428572,0.009876303988484566,0.5925782393090739,14.221877743417775,6075.147147147147,0.38282261545101426,765,0.10358221838584376,0,-1
0x0ad2ef6253ea7bfe058bca0082c61d93ed8e094f,usdt,87,65.7195702631579,40.71,0.4367816091954023,0.00030079377895140126,0.018047626737084075,0.43314304169001777,199472.2105263158,0.11940298507462686,13,0.3880597014925373,0,-1
0x000000000004444c5dc75cb358380d2e3de08a90,usdt,1,21634.808714677234,387.564588,2841.0,30.417558886509635,1825.0535331905783,43801.28479657388,1.972544878563886,0.0003,1368,0.0192,0,-1
0x218cc280984bab3818ab65bcad33d690af1f15eb,usdt,128,26400.976309006393,0.0001,7.328125,0.005079820332495362,0.3047892199497217,7.31494127879332,11811.441364605544,0.04429390307451798,624,0.04768108389786347,0,-1
0xcf403656e76ea0c444ff0052a8d435459863b876,usdt,48,73801.34221718868,100000.0,2.2083333333333335,0.0015034693263890069,0.09020815958334043,2.16499583000017,39907.698113207545,0.0,0,0.043209876543209874,0,-1
0xa738258f3157a0f9ae4c31de21903071c69ee0e7,usdt,770,18549.37630821875,30000.0,0.08311688311688312,5.765034489318832e-05,0.003459020693591299,0.08301649664619118,1040757.0,0.11594202898550725,27,0.2753623188405797,0,-1
0x9171e0ce9ecae4e7e3d595208bd1c27926728609,usdt,115,2160.3234788636364,37.308741,0.3826086956521739,0.0002648971536800837,0.015893829220805022,0.38145190129932055,226503.0,0.3584905660377358,23,0.33962264150943394,0,-1
0x0728acd148231b19c5840330c2db48bfffdc251c,usdt,65,384.2177650398605,558.84,141.26153846153846,0.09789935409029941,5.873961245417965,140.97506989003116,612.8743193204095,0.0104,90,0.0761,0,-1
0x73cf8c9f47d7ce69e109e2f3291a85b47fe52ebc,usdt,45,0.054681201925970535,14.770015,73.84444444444445,0.05125017736293701,3.07501064177622,73.80025540262929,1170.7276557327716,0.0028665028665028664,3315,0.0018427518427518428,0,-1
0xa908d50a435623f4e0bfd4257bdec40a6090d4d9,usdt,341,210.9282517142857,51.029814,0.20527859237536658,0.00014230256941519338,0.008538154164911601,0.20491569995787845,421636.8,0.0,36,0.011494252873563218,0,-1
0x2cba210a227c796cd195b9eaf837f50398a21ba1,usdt,308,39109.2551322963,0.00015,1.9285714285714286,0.0013380313099326524,0.08028187859595914,1.9267650863030195,44842.0,0.12116892373485388,95,0.03278688524590164,0,-1
0x1f556f131592975b06f69fac87897c3e62f30333,usdt,231,266300.0563303045,0.000926,1.251082251082251,0.0008684217801384428,0.05210530680830656,1.2505273633993574,69090.85121107266,0.44135802469135804,112,0.1388888888888889,0,-1
0xf5fc6c84533a36633637c85cdc38549eab7dbe1a,usdt,70,7381.061465722464,1119.0,55.385714285714286,0.037964767285866764,2.277886037152006,54.66926489164815,1580.4126902244004,0.19691629955947137,1927,0.1737885462555066,0,-1
0x992ab7607b577431c7740cdb2ef3f0582a8d3c07,usdt,1,10861.920161214284,9e-06,28.0,0.8092485549132947,48.554913294797686,1165.3179190751446,74.14285714285714,0.2222222222222222,10,0.3888888888888889,0,-1
0x094b5314f48bfdac54c792a2e051893486ba6ed6,usdt,21,0.0,0.0,0.6190476190476191,0.00041369127175061414,0.02482147630503685,0.5957154313208843,145035.6923076923,1.0,0,0.23076923076923078,0,-1
0x560075ba1990dded3b8cb49f1955e607999c942d,usdt,536,133.0364166666667,40.769304,0.027985074626865673,1.9412806602632014e-05,0.001164768396157921,0.027954441507790098,3090743.2,0.0,7,0.019390581717451522,0,-1
0xa3f21fe24e9b2d998f4470e1e1132db589e980b5,usdt,11,0.03338,0.0069,0.45454545454545453,0.0003124336078583301,0.018746016471499805,0.44990439531599535,192040.8,0.0,2,0.8,0,-1
0xc1ad5b5379af7c54de0a9aae3a559e8757a7e75e,usdt,158,463.4233240304709,0.0,2.2848101265822787,0.0015773063627053119,0.09463838176231872,2.2713211622956493,38039.53462603878,0.3493975903614458,200,0.17349397590361446,0,-1
0xc332bab185e556a6714b59131ab9358a5970a474,usdt,1525,20598.4660612815,34927.274429,0.24459016393442623,0.0001697491625423549,0.010184949752541294,0.24443879406099106,353462.7158176944,0.21658986175115208,277,0.16359447004608296,0,-1
0x21ebbe5b7d262feae3716b6f48d649404bc2c5ac,usdt,156,0.0002821380323054332,0.0,4.365384615384615,0.0030170576732061354,0.18102346039236814,4.344563049416835,19886.925110132157,0.5105058365758754,344,0.0622568093385214,0,-1
0xcf4e9df48c005cc761454c9301fe98c22f3db876,usdt,7,0.0007624999999999999,0.0005,1.1428571428571428,0.0007818913952851948,0.046913483717111695,1.1259236092106808,76737.0,0.375,3,0.25,0,-1
0x9128527be9aa3292f752e58e5aa716aea54acae6,usdt,865,855.0,1160.0,0.004624277456647399,3.2106336185446197e-06,0.0001926380171126772,0.004623312410704253,18687900.0,0.0,2,0.11764705882352941,0,-1
0x724e7f3ce8e0aae7bce4f27d2120152938b8690e,usdt,1,12947.01360775,6431.56,20.0,0.01336719689881032,0.8020318139286191,19.24876353428686,4488.6,0.22727272727272727,17,0.18181818181818182,0,-1
0x85bf8e0679ea96e562dc1db6deab52761f2872da,usdt,1,0.0003385,0.000327,4.0,0.006022282445046673,0.36133694670280037,8.67208672086721,9963.0,1.0,2,0.5,0,-1
0x48c45abbe724ac347d452bc234851b9fc5f7ddcf,usdt,14,42.61179,41.697683,0.2857142857142857,0.00018679543098375814,0.01120772585902549,0.26898542061661174,321207.0,0.0,2,0.075,0,-1
0xcd934c770c3303be9b3473a8e835d626668c383b,usdt,308,20492.271927437683,0.0003,1.12012987012987,0.0007757275087364906,0.046543650524189434,1.1170476125805464,77346.74782608695,0.27419354838709675,139,0.05846774193548387,0,-1
0x1102ce0e1e9db15d08e01e93d18044c291ce0b24,usdt,4,73.73179300000001,32.463586,1.0,0.0005629521209221156,0.03377712725532694,0.8106510541278464,106581.0,0.0,2,0.11764705882352941,0,-1
0x58555ec47fc08c65e4b7364a676ca0b6ff4f230e,usdt,1,3756.0085966666666,0.0,3.0,0.005649717514124294,0.33898305084745767,8.135593220338983,10620.0,0.25,2,0.5,0,-1
0x4585d1e43fac92f0e42bb59a038f156f3d5a6ed9,usdt,141,771.5571510102741,0.0001,2.0709219858156027,0.0014371196185530173,0.08622717711318105,2.069452250716345,41750.17808219178,0.32621951219512196,153,0.21951219512195122,0,-1
0x7704583b5d3b9028c0b2842ff80c7c8f57924a41,usdt,2,1777.6300000000003,1777.63,2.5,0.0014770176060498641,0.08862105636299185,2.126905352711804,40622.4,0.0,0,0.2,0,-1
0xa5f111ec9286815e769a60e45582fe3695f13ad4,usdt,44,5241.287960214781,3360.0,9.840909090909092,0.0067676129863147305,0.40605677917888383,9.74536270029321,8865.75519630485,0.0,0,0.12476722532588454,0,-1
0xb87ae9539aa921cc0e37e266894a076a0fd95c48,usdt,1740,555.8621539999999,20.58,0.00632183908045977,4.3878452299285745e-06,0.0002632707137957145,0.006318497131097148,13674137.727272727,0.0,6,0.35294117647058826,0,-1
0x2a6775142c0a88231454d2a11ea5a4107b022998,usdt,1813,4682.976442027397,0.0,0.04026475455046884,2.79478247292371e-05,0.0016768694837542262,0.040244867610101424,2146857.602739726,0.023762376237623763,43,0.041584158415841586,0,-1
0xbe376ed866563229ea5a15a674a7667013ed44a8,usdt,46,359460.45238454547,663402.807006,0.2391304347826087,0.0001630354231510301,0.009782125389061804,0.23477100933748335,368018.1818181818,0.0,5,0.02112676056338028,0,-1
0xd4c5b108493acab8db04102d023c1f21a49475a2,usdt,89,1133.0204599955257,0.0003,5.022471910112359,0.0034584942010259427,0.20750965206155655,4.980231649477357,17348.590604026846,0.2996031746031746,298,0.14682539682539683,0,-1
0xa49e3e516b4d37eb0728ca9a396af23317a0f847,usdt,27,2084.375028125,0.0002,0.5925925925925926,0.00039943081109419077,0.023965848665651445,0.5751803679756348,150213.75,0.21052631578947367,6,0.3684210526315789,0,-1
0x83a168bbf61ce11ba0563315cfb804ef9a414395,usdt,84,0.0003245555555555556,0.000142,0.42857142857142855,0.00029606237047271293,0.017763742228362776,0.42632981348070664,202660.0,0.9444444444444444,18,0.08333333333333333,0,-1
0x880a396934a0eb538681e42f3951349a99fb9176,usdt,470,609.555596,1219.111192,0.00851063829787234,5.909456489558286e-06,0.00035456738937349717,0.008509617344963931,10153218.0,0.0,1,0.2857142857142857,0,-1
0x5819f7308048ce1bfd38b8c736740eff8e793749,usdt,319,2784.6043230637933,0.00805,1.8181818181818181,0.0012587198905521354,0.07552319343312812,1.8125566423950747,47667.47586206897,0.1104199066874028,493,0.06998444790046657,0,-1
0x2e9215620dc60c304d4b48456b0b282f0a88e133,usdt,27,62626.493,100000.0,0.2962962962962963,0.00020045503292473918,0.01202730197548435,0.2886552474116244,299319.0,0.0625,5,0.25,0,-1
0x89092319f2c93adf73c91a1d1c777b68f597d94c,usdt,749,3161.3435297885467,508.0,1.212283044058745,0.0008418458973270651,0.05051075383962391,1.2122580921509738,71271.95154185023,0.14656771799628943,238,0.17625231910946196,0,-1
0xdd770dbcff5cb2f447c588c50128c311058b11e8,usdt,1,66.205368,99.308052,3.0,0.8333333333333333,50.0,1200.0,72.0,0.0,1,0.015151515151515152,0,-1
0xdd564db56481bd05f288bdb72f6d53e39346cf60,usdt,227,10516.67150422781,0.0,1.4889867841409692,0.0010332694418205108,0.06199616650923064,1.4879079962215354,58068.10650887574,0.255079006772009,191,0.23024830699774265,0,-1
0x42796dfcf0d0a7a3e80fbaf541008775c9df4f8e,usdt,16,15247.714285714286,27060.5,0.4375,0.0002989970783714056,0.01793982470228434,0.43055579285482415,200670.85714285713,0.0,5,0.1111111111111111,0,-1
0x194a467090fd16e2b5733c82c70fb043dc6170c6,usdt,263,568975159999946.2,2846.824662,2.4486692015209126,0.0016954078666925015,0.10172447200155009,2.441387328037202,35389.71428571428,0.1935483870967742,510,0.05083088954056696,0,-1
0x7b354073c04c3d5cf324b7d8b2d5d0d0bec20a77,usdt,135,11133.301251931593,0.0,20.14074074074074,0.013894964493485363,0.8336978696091217,20.008748870618923,4318.111070246414,0.5227125243348475,2048,0.09214795587280987,0,-1
0x81a2670f92f3482602163fc2d836feb60d390085,usdt,12,0.033308399999999995,0.006542,0.4166666666666667,0.00028512448535030394,0.017107469121018237,0.4105792589044377,210434.4,0.0,2,0.8,0,-1
0x9a4a4b664c9dcb9e5d528cc1d2d3b5a9d9bf5bf7,usdt,8,0.03278756509695291,230.19983,992.75,0.6309283592049445,37.85570155229667,908.5368372551201,95.09796021153362,0.0,7942,0.0001,0,-1
0x7cd54f910caa36ab7113069bca53814a3a798c78,usdt,63,326161.4858390763,0.000128,1.6666666666666667,0.0011573614803645357,0.06944168882187216,1.6666005317249315,51842.05714285714,0.39864864864864863,69,0.17567567567567569,0,-1
0xa610c01f34b859694e361dd319c4d4b0cfc74a85,usdt,285,234.43061337728193,252.959514,1.7298245614035088,0.0011979365360923941,0.07187619216554365,1.7250286119730476,50086.12576064909,0.019417475728155338,288,0.02912621359223301,0,-1
0xb6ff7cbc2278c31778a08753f83f8d189a9285c1,usdt,92,3281.5254191860467,3800.0,0.4673913043478261,0.00032439364791973145,0.019463618875183886,0.4671268530044133,184960.46511627908,0.0,0,0.23255813953488372,0,-1
0xa8c5caa20a405e61e877936e63cfbe59a5921bb6,usdt,323,195.03583857142863,23.89846,0.021671826625386997,1.5045305714164124e-05,0.0009027183428498474,0.021665240228396335,3987954.8571428573,0.0,3,0.006793478260869565,0,-1
0xa7ca2c8673bcfa5a26d8ceec2887f2cc2b0db22a,usdt,1,3840.82364118239,180.2442,2385.0,1.3725828729281768,82.35497237569061,1976.5193370165744,43.71320754716981,0.0,1413,0.0468,0,-1
0x384b5bb44bf640299c4636e8ab352213c10e34f3,usdt,332,6341.553532304348,1854.0,0.7620481927710844,0.000529132177217869,0.031747930633072144,0.7619503351937313,113393.21739130435,0.021739130434782608,72,0.2608695652173913,0,-1
0x3ad575a3cfb92b2eabef8d6b26ae1b6ccd4a47d6,usdt,52,906.1408361097562,0.0,3.1538461538461537,0.0021773360558884993,0.13064016335330997,3.135363920479439,27556.60975609756,0.25,95,0.21153846153846154,0,-1
0xac7529f11c72b6afc865b42806bcb15842c38361,usdt,3,0.0026435714285714287,0.0002,2.3333333333333335,0.0013197586726998493,0.07918552036199095,1.900452488687783,45462.857142857145,0.42857142857142855,6,0.2857142857142857,0,-1
0x25c008f1b2d522129de7609cb9f98ffa90abe359,usdt,1,744.233741,2069.11247,10.0,0.018109380659181454,1.0865628395508873,26.0775081492213,3313.2,0.18181818181818182,8,0.2727272727272727,0,-1
0xcb34792bdea568cf5c12664dd3541d6f2c6545dc,usdt,91,6817.3923965837885,5202.0,12.065934065934066,0.008349835284670067,0.5009901170802041,12.023762809924898,7185.770491803279,0.11988086373790022,692,0.07036485480268057,0,-1
0x0b211619d4d2f90396d289259901a609df5766e1,usdt,535,3769.191628242424,8447.0,0.0616822429906542,4.2760637097210996e-05,0.0025656382258326597,0.06157531741998383,1403159.6363636365,0.11627906976744186,13,0.2558139534883721,0,-1
0x8f700f5eef4971c2de671c44f254bf695fa00417,usdt,81,200429.99522275,72392.34,0.09876543209876543,6.817817684737292e-05,0.004090690610842375,0.09817657466021701,880047.0,0.0001,8,0.0002,0,-1
0x31963a66956bc373a7c3ae02562a0199588ba05f,usdt,186,28087.249682936337,98000.0,2.0268817204301075,0.001400177380561527,0.08401064283369161,2.0162554280085985,42851.71352785146,0.08869179600886919,268,0.07649667405764966,0,-1
0x655ea921aa7cdda60ea6feeb06ea88435873418a,usdt,11,34.76752228125,147.19221,11.636363636363637,0.00783123684596936,0.4698742107581616,11.27698105819588,7661.625,0.2536231884057971,88,0.2028985507246377,0,-1
0xcdd8870e3ea43fc5545db502801638832369c636,usdt,1,85.7146,0.0,7.0,0.057660626029654036,3.459637561779242,83.03130148270182,1040.5714285714287,0.375,4,0.5,0,-1
0x0ed73f6d6f0ad13f3cfd915575390f92e0d49761,usdt,21,104712.69002854216,5508.809996,3.9523809523809526,0.0026550144586329556,0.15930086751797734,3.823220820431456,22598.746987951807,0.05,70,0.04230769230769231,0,-1
0x324bfd3e3ba187d79a0f47ad46a52cddb2c62752,usdt,342,70.16807937535818,12.0,1.0204678362573099,0.0007080629912313804,0.04248377947388282,1.0196107073731877,84738.22349570201,0.058011049723756904,20,0.019337016574585635,0,-1
0x004e243056c02ef94bf11813e94d55084c67ba90,usdt,1,0.03975717367283211,27.210124,4163.0,8.181996855345911,490.9198113207547,11782.075471698114,7.33317319240932,0.00030641948827945457,4162,0.00030641948827945457,0,-1
0x3d8b01b16f9d7c667831e3f4bf05e7543e64ffa8,usdt,1752,2341.709882729315,1479.11444,0.4828767123287671,0.00033529309372321817,0.020117585623393087,0.48282205496143416,178947.914893617,0.24358974358974358,185,0.2514792899408284,0,-1
0xd3b09054e6a5548584f1165e403b6da6467df48d,usdt,2,0.0030533333333333332,0.001238,3.0,0.00146864444118079,0.0881186664708474,2.114847995300338,40854.0,0.0,3,0.08,0,-1
0x0c981b22605d6bbd00cad3dd50188e3c6d328707,usdt,36,2901785714498964.0,1e-05,6.222222222222222,0.0043091839482897925,0.25855103689738757,6.205224885537302,13923.75,0.037527593818984545,195,0.024282560706401765,0,-1
0x8aaca001374c842e41edccc463decd03d8c7630e,usdt,1,310840.222979,310840.222979,7.0,0.2229299363057325,13.375796178343949,321.0191082802547,269.14285714285717,0.0,0,0.14285714285714285,0,-1
0x145076114805e7ae326b0158b523117f921a49dc,usdt,63,0.06001158134920636,27.714587,48.0,0.032898458646289354,1.973907518777361,47.37378045065666,1823.7936507936508,0.0008682439765574126,3022,0.0006511829824180595,0,-1
0xf66c01baa1053009504873778268a73de4fc6b79,usdt,93,5554.956610181818,0.0,0.11827956989247312,8.199849719117875e-05,0.004919909831470725,0.11807783595529739,731720.7272727273,0.09090909090909091,8,0.07272727272727272,0,-1
0x721bc1633350f86fd88b9e2cde1688a20929bddd,usdt,11,0.0003503974262868565,0.000116,727.6363636363636,0.4741818526505368,28.450911159032206,682.8218678167729,126.53373313343329,0.8003,8004,0.0001,0,-1
0xb36170cb3ca26c6fb72937124365eadd092dc5c7,usdt,15,14973.087666,14990.057181,0.26666666666666666,0.00018130886872331361,0.010878532123398817,0.26108477096157157,330927.0,0.0,2,0.016304347826086956,0,-1
0x20961dc602b67d8090a5d7dc43c029b3ec2a442a,usdt,1170,7540.185644615384,13676.371348,0.011111111111111112,7.711212711281668e-06,0.00046267276267690006,0.011104146304245601,7780877.307692308,0.004784688995215311,7,0.028708133971291867,0,-1
0xe131a909dbe049b3eeb849afabf03931ffe114ab,usdt,120,3125.000625,0.001,0.06666666666666667,4.605758579952514e-05,0.002763455147971509,0.06632292355131622,1302717.0,0.0,2,0.2222222222222222,0,-1
0x8a03e59b96f440413d66860a49a0ce01377e7422,usdt,238,143.72630020216607,0.001,1.1638655462184875,0.000807952822555476,0.04847716935332856,1.1634520644798854,74261.76173285198,0.2786377708978328,144,0.26625386996904027,0,-1
0x94a26ffb54db4065417338ca0238f1642b136a99,usdt,5,0.0004422921348314606,0.000434,35.6,0.023104880581516097,1.3862928348909658,33.27102803738318,2596.85393258427,0.9888268156424581,84,0.03910614525139665,0,-1
0xa0120f3e2f34b2d28ee3f642796f5cfe0528bfef,usdt,1,0.00028000000000000003,0.0002,5.0,0.0033143311679703037,0.1988598700782182,4.772636881877237,18103.2,1.0,2,0.6,1,2
0xeca48a1822b08a08c80551312959d7f2ce31ca18,usdt,10,0.000234,0.0003,0.8,0.0005446474769205631,0.03267884861523379,0.784292366765611,110163.0,1.0,4,0.5,0,-1
0x13597ee30b3b1d81d3b0c78512a76fba842f3d64,usdt,207,81.23818181818181,29.0,0.05314009661835749,3.6900294732717747e-05,0.002214017683963065,0.053136424415113556,1626003.2727272727,0.0,0,0.21428571428571427,0,-1
0x5eb1850ad616bfd9941d18c0efc5249d11851f13,usdt,12,0.032,0.054,0.4166666666666667,0.0002708529701736709,0.016251178210420256,0.39002827705008614,221522.4,0.0,3,0.6,0,-1
0x845b901439462535a92cf252fd9f2eaf48960703,usdt,328,358.10492043913047,500.501502,1.4024390243902438,0.0009710028982325636,0.05826017389395382,1.3982441734548916,61791.782608695656,0.010224948875255624,227,0.1656441717791411,0,-1
0x3167ce795042a10924c1828330158a1f7a2c1885,usdt,186,133754.30375227187,87522.0,4.60752688172043,0.003198317319354783,0.19189903916128698,4.605576939870888,18759.86464410735,0.16794425087108014,545,0.1024390243902439,0,-1
0x9706b69de23fe0b471addd642175126b3a8bf071,usdt,146,1411.4110456538463,9920.0,1.4246575342465753,0.0009891159205816001,0.059346955234896005,1.4243269256375042,60660.230769230766,0.0002,105,0.0011,0,-1
0x1e709f129f3cec70e2d3f0cbb7c653d34eca5920,usdt,7,0.01191425,0.012668,0.5714285714285714,0.00039504612163470087,0.02370276729808205,0.5688664151539692,151881.0,0.0,2,0.15384615384615385,0,-1
0x856b6bde9eb812254f513991cebfaf0f04a04b95,usdt,132,337.4809211096774,0.0,1.1742424242424243,0.0008151759465244579,0.04891055679146747,1.1738533629952195,73603.74193548386,0.16336633663366337,104,0.15841584158415842,0,-1
0x71ca56e99f645ea075a2b85ad851b4362b3909cb,usdt,20,5386.557270606896,0.00012,14.5,0.010066578265910401,0.6039946959546241,14.495872702910978,5960.31724137931,0.24437299035369775,200,0.22186495176848875,0,-1
0x038afa89e19e7e001f1642d55cdb30c306c1cb44,usdt,84,42767.826163000005,50001.000586,1.1428571428571428,0.0007857954378026541,0.04714772626815924,1.131545430435822,76355.75,0.1956521739130435,29,0.15217391304347827,0,-1
0x8e2549061b1a15f3f8eff81c1ed0a161cdbd2033,usdt,424,16332.958724235294,79020.298312,0.08018867924528301,5.55769644924495e-05,0.0033346178695469702,0.08003082886912728,1079583.9705882352,0.0,17,0.09615384615384616,0,-1
0x97b0254b4f72bde51e1e4de2af23cd66f5ea63e6,usdt,1,0.0049570000000000005,0.000268,4.0,0.005385029617662898,0.32310177705977383,7.754442649434571,11142.0,0.25,3,0.5,0,-1
0x281cedf1507bf6cac28cfd463193702a32a50097,usdt,30,2389.9445095,3459.778038,0.26666666666666666,0.0001794051821186855,0.010764310927121129,0.2583434622509071,334438.5,0.0,2,0.013333333333333334,0,-1
0xec7e2a69ad7df577ca960043009c17d55e11b0af,usdt,15,0.00386375,0.0023,0.26666666666666666,0.000184464407592555,0.0110678644555533,0.26562874693327926,325266.0,0.0,3,0.4,0,-1
0x5b8f60d2d4a402a72c8dc1a1cae19404738654de,usdt,610,14718.205114666667,0.0,0.029508196721311476,2.0463600597809988e-05,0.0012278160358685992,0.02946758486084638,2932035.3333333335,0.007067137809187279,10,0.02120141342756184,0,-1
0x4d69021c90d8d1cebdfea94b3f22a73c67f93b0f,usdt,69,0.00042671428571428575,0.0005,0.2028985507246377,0.0001390105230965984,0.008340631385795905,0.2001751532591017,431622.0,0.9333333333333333,7,0.13333333333333333,0,-1
0x451bde7a589548f6597b4ad70b1bf2f7401103c7,usdt,48,162012.31721876925,250000.0,2.4375,0.0016715575201515544,0.10029345120909328,2.4070428290182386,35894.666666666664,0.0,0,0.04559270516717325,0,-1
0xe9c97d164434bd38f51d296f3efdf32b15bd9180,usdt,536,467.15095133333335,159.39,0.016791044776119403,1.164598383071605e-05,0.0006987590298429629,0.016770216716231114,5151990.666666667,0.0,1,0.25,0,-1
0xe80f234ccc2bd39bdc23529bc1e663f84b5f0fa5,usdt,10,0.032,0.054,0.5,0.00032009833420826875,0.019205900052496127,0.4609416012599071,187442.4,0.0,3,0.6,0,-1
0xd47b985a65a18028ad1b1a9cff35faf271712531,usdt,102,149.0287119047619,0.0,2.0588235294117645,0.0014292306247371234,0.08575383748422742,2.058092099621458,41980.62857142857,0.059957173447537475,138,0.017130620985010708,0,-1
0xbcaa90c8ba95b3ba6c8aa6900a92fe70b97e5ef7,usdt,135,17.788434249999998,2.079359,0.02962962962962963,2.0450713269752065e-05,0.001227042796185124,0.02944902710844298,2933883.0,0.0,1,0.08823529411764706,0,-1
0x662740176458fa24467b0888a042fe037de7a85d,usdt,349,34774.03890355941,0.0,0.5787965616045845,0.000401054176860127,0.02406325061160762,0.5775180146785829,149605.72277227722,0.3347022587268994,41,0.10061601642710473,0,-1
0x5e3af779ef05544ff0d509458f3cb47341f2055b,usdt,159,76884.87273818,80662.313207,0.6289308176100629,0.000435585601282364,0.026135136076941838,0.6272432658466042,137745.6,0.05630630630630631,61,0.04279279279279279,0,-1
0x46a798d657bbe13957dff986cbb5817aaac9b152,usdt,86,1254.824735105691,0.0,1.430232558139535,0.0009920218857771483,0.0595213131466289,1.4285115155190937,60482.53658536585,0.40458015267175573,80,0.2900763358778626,0,-1
0xa075244ab8c424266d627c38ee15678f4b3b87cc,usdt,17,0.025205333333333333,0.006848,0.5294117647058824,0.0003626195637283738,0.021757173823702423,0.5221721717688582,165462.66666666666,0.1111111111111111,4,0.6666666666666666,0,-1
0x0f7ae28de1c8532170ad4ee566b5801485c13a0e,usdt,57,5420.882087057295,10.848466,22.964912280701753,0.0156876562473784,0.9412593748427039,22.590224996224897,3824.663101604278,0.0004,666,0.0021,0,-1
0x3f618b03bb734381030db9c09a2b5a86dcba1b96,usdt,332,3045.8497380013564,0.002503,2.2198795180722892,0.0015413334604881153,0.09248000762928693,2.2195201831028863,38927.332428765265,0.15752212389380532,461,0.07876106194690266,0,-1
0x626e8d6c5a60b89e6a3dc65b30a9db1bbd68360c,usdt,28,0.00016340000000000001,0.000267,0.35714285714285715,0.00024135817069815266,0.01448149024188916,0.3475557658053398,248593.2,1.0,5,0.2,0,-1
0x618ffd1cdabee36ce5992a857cc7463f21272bd7,usdt,136,747597679166.9003,375963.735667,52.05882352941177,0.035942625822035265,2.1565575493221156,51.757381183730786,1669.3271186440677,0.0003,7022,0.0004,0,-1
0x6a7a0cacb259120ba6a0056f0111ee354c70ed83,usdt,1599,11199.102492011365,0.0,0.05503439649781113,3.820443303546876e-05,0.0022922659821281253,0.05501438357107501,1570498.375,0.09615384615384616,62,0.11057692307692307,0,-1
0x02f3e90dfe3741b225d9ec56f724072d339e7566,usdt,293,12130672506841.512,0.0,6.242320819112628,0.004320596275357813,0.2592357765214688,6.221658636515251,13886.972115910334,0.2905511811023622,973,0.06811023622047244,0,-1
0xac3d707e9365e573bae55056510641ecf62a5593,usdt,289,30.428651,2.47,0.08996539792387544,6.237204734326264e-05,0.0037423228405957585,0.0898157481742982,961969.3846153846,0.1111111111111111,9,0.6296296296296297,0,-1
0xad433d16dc94b4943c781995a85ef85a3272cfdf,usdt,34,11470.633371894211,200.0,55.88235294117647,0.03817284664962952,2.2903707989777713,54.96889917546652,1571.7978947368422,0.19359756097560976,1369,0.0741869918699187,0,-1
0xed4a5a5eebf989abd85be3d342587f457ddfa971,usdt,628,424.0246496357143,449.0,0.2229299363057325,0.00015464941309443093,0.009278964785665856,0.22269515485598051,387974.3142857143,0.028169014084507043,65,0.08450704225352113,0,-1
0x4cdab4d3e831b89e67b7e2320d2800d2bb88635d,usdt,99,220.81672846938773,127.14007,0.494949494949495,0.00034127981322939853,0.02047678879376391,0.4914429310503339,175808.81632653062,0.04,19,0.08,0,-1
0xca93bd8a334d163e9c26a948129e3818349b8e0b,usdt,119,31128.77536272329,0.001,3.0672268907563027,0.0021151842412399503,0.126911054474397,3.045865307385528,28366.32328767123,0.2871046228710462,251,0.13138686131386862,0,-1
0x669aa5a526b4b6b90affe3e18f735a1ad7530b81,usdt,4,1223.0032112941176,0.0,4.25,0.002604725278092728,0.1562835166855637,3.7508044004535286,23035.058823529413,0.2692307692307692,7,0.3076923076923077,0,-1
0xf5f7cb8487868126d67b81b518809f93fdf005c3,usdt,91,656.1672597894736,0.0,4.384615384615385,0.003013959390862944,0.18083756345177665,4.340101522842639,19907.36842105263,0.2548596112311015,241,0.09935205183585313,0,-1
0x0f8196c7898c2ee53e32431c13541ecfea20cb03,usdt,24,2276.431573,0.0,0.3333333333333333,0.00023140782736976077,0.013884469642185648,0.33322727141245556,259282.5,0.25,4,0.375,0,-1
0xf4d2571a1cbc34f580efb910276fe1da24cf9001,usdt,192,37472698944196.52,0.0,16.692708333333332,0.01155683764536194,0.6934102587217165,16.641846209321194,5191.731669266771,0.10137963106495117,2556,0.05394512478685475,0,-1
0xfdb5ff44f28016180ecc26f8c1728ca87244829c,usdt,107,80864.29475589463,999990.489063,88.95327102803738,0.06146125125757289,3.6876750754543726,88.50420181090495,976.2248371506619,0.489,1668,0.0545,0,-1
0xd801e21b04eb18fb5e3b14d84c76a8c361d2b572,usdt,220,47473.00014006016,195827.0,31.131818181818183,0.021615606411020328,1.2969363846612199,31.126473231869273,2775.772229522558,0.3182195845697329,3425,0.10729970326409495,0,-1
0xbb7ffe3e4c598c091a3220e1643bf59a3595c668,usdt,9,0.008686394593754853,0.003665,715.2222222222222,0.48578932274764913,29.14735936485895,699.5366247566147,123.51033089948734,0.144,6436,0.0002,0,-1
0x315353c0c565fc3ef7e9c85ecc2458602fd179be,usdt,1188,818018842690.2278,3577.13,3.755892255892256,0.0026069735549350444,0.15641841329610265,3.7540419191064633,23015.1931869117,0.1628155469480433,2763,0.09135835448110058,0,-1
0x3d641ee625e2da841465038f8ef4130414ce58aa,usdt,94,249.93910663725487,43.23,1.0851063829787233,0.0007497673516011943,0.04498604109607166,1.07966498630572,80024.82352941176,0.0660377358490566,15,0.08490566037735849,0,-1
0x51b5e535bb6ec6a528b7c0096adb76422b2fcd1c,usdt,6,2430.3070525294115,5060.178359,2.8333333333333335,0.0017853392144507457,0.10712035286704474,2.570888468809074,33607.05882352941,0.35294117647058826,11,0.35294117647058826,0,-1
0x38ea22d7f1e4b9e5d586ff4c5bbdfd4cdbb502f3,usdt,595,3855.7500718465226,0.009691,0.7008403361344537,0.00048652807266979305,0.029191684360187584,0.700600424644502,123322.79136690647,0.3097165991902834,167,0.10323886639676114,0,-1
0xd80a1e4ce54835aeaf36c5a17ebcd13c470df239,usdt,92,140.17651217391304,27.04,0.25,0.00017203438892637076,0.010322063335582247,0.24772952005397392,348767.47826086957,0.025,8,0.35,0,-1
0x6f341edc317db14d3197982c9aa4e014fc441555,usdt,38,75225.74387292792,250000.0,5.842105263157895,0.003981748525676897,0.23890491154061383,5.733717876974732,15068.756756756757,0.2977941176470588,87,0.07352941176470588,0,-1
0x2a659140d8a9c51401fd1173e86ea990c23b36eb,usdt,161,7561.661522702971,1350.0,0.6273291925465838,0.0004349634846001394,0.02609780907600836,0.6263474178242007,137942.61386138614,0.15873015873015872,42,0.30952380952380953,0,-1
0xeb1a8997f0cb737baa20597ce185bacb425aa9d5,usdt,686,2560.4159780740742,1659.319044,0.15743440233236153,0.00010923969576340139,0.006554381745804082,0.157305161899298,549250.8888888889,0.0,43,0.08928571428571429,0,-1
0x59dd2c085f78f04ddd839cfb0753beae936d1967,usdt,1,326.006742,299.5,9.0,0.023721665788086453,1.423299947285187,34.159198734844495,2529.3333333333335,0.09090909090909091,4,0.5454545454545454,0,-1
0xba25955c2be0b983f080663f9716ff9931c4d94d,usdt,1346,35205.61912557664,58033.91791,0.10178306092124814,7.063734235025597e-05,0.004238240541015357,0.10171777298436858,849409.0802919707,0.05693069306930693,108,0.05693069306930693,0,-1
0x9a97cbb1d0336d17614449356dff2208345da7b3,usdt,695,438.50386000000003,451.514368,0.0057553956834532375,3.991539997500963e-06,0.00023949239985005783,0.005747817596401387,15031792.25,0.0,1,0.2727272727272727,0,-1
0xd4a19c07a62a7143eb8d73bc5b71a5e4c1c6fc60,usdt,2,0.00017999999999999998,0.00015,2.0,0.0009799118079372856,0.05879470847623714,1.4110730034296914,61230.0,1.0,2,0.75,1,2
0xac2a4182073576bbfbef2fd9118a24a7b181d439,usdt,1428,53756.30278025,82716.854099,0.0056022408963585435,3.888315146387289e-06,0.00023329890878323733,0.005599173810797696,15430848.0,0.0,3,0.029411764705882353,0,-1
0x69a8612bcf72a1b35aea0fe07e66ba1b6c9819ac,usdt,371,2441.92556027907,15000.0,0.11590296495956873,8.045997658801798e-05,0.004827598595281078,0.11586236628674589,745712.3720930233,0.01818181818181818,14,0.2727272727272727,0,-1
0xa58cfe09f3bb372b513d5799cacc25e5e62c90ea,usdt,7,8331.972107666666,5000.0,0.42857142857142855,0.0002780249110320285,0.016681494661921707,0.400355871886121,215808.0,0.0,1,0.016666666666666666,0,-1
0x7c87a08d599d88da98a3577d2359a7c9424334d5,usdt,12,10936.653816828419,38900.0,31.083333333333332,0.021115916759131357,1.2669550055478815,30.40692013314916,2841.4584450402144,0.23799582463465555,269,0.18789144050104384,0,-1
0xf4cedee25d69024bfd435445db7a3d838f124b3d,usdt,1,104571.42885714286,60000.0,21.0,0.03236744759556104,1.9420468557336623,46.60912453760789,1853.7142857142858,0.0,3,0.14814814814814814,0,-1
0x2d4d60ea43784b5287bce6bddeb23a93722e3c41,usdt,1511,7180.469121105264,49.330323,0.01257445400397088,8.72918803642727e-06,0.0005237512821856361,0.012570030772455268,6873491.52631579,0.01509433962264151,11,0.022641509433962263,0,-1
0xfe15c970727ea42d4066faf197ae4799a1bad53e,usdt,38,2363.315690619048,12820.918318,0.5526315789473685,0.00038196402262682114,0.022917841357609266,0.5500281925826225,157082.85714285713,0.0,14,0.07042253521126761,0,-1
0xad113f65ff71f4ba200da90ca39baed03bfa798c,usdt,1027,35.085575,18.0,0.007789678675754625,5.404322349993913e-06,0.0003242593409996348,0.0077822241839912345,11102224.5,0.0,0,0.3333333333333333,0,-1
0x1a1e7a3b925476a3d81fddaa113dceb94257e88a,usdt,1,1469.1731790000001,3265.45,9.0,0.0074825407382773535,0.44895244429664116,10.774858663119389,8018.666666666667,0.0,5,0.04807692307692308,0,-1
0xc6f4cab9a5d2aad4adec20accc3405fa05b83d8f,usdt,458,2421.4070129999996,1298.772676,0.0611353711790393,4.239424528401873e-05,0.002543654717041124,0.06104771320898698,1415286.4285714286,0.0,9,0.125,0,-1
0xf93bddba765f21907f94fa5118b6c30e2926f1a1,usdt,116,730.365629,0.05441,0.05172413793103448,3.566138798876904e-05,0.0021396832793261424,0.05135239870382742,1682492.0,0.01818181818181818,2,0.07272727272727272,0,-1
0xf5606281bd03625ebe5539b8fa80150de7f97b89,usdt,1,456.24274209999993,0.000196,10.0,0.9615384615384615,57.69230769230769,1384.6153846153848,62.4,0.6,4,0.7,1,2
0x98b040f477fa623499b0bb595308d415f3e1b1d4,usdt,17,363.54085793333337,0.0,1.7647058823529411,0.0011731856683638753,0.07039114010183252,1.6893873624439804,51142.8,0.175,17,0.15,0,-1
0x1f766f1614f015a2308e350841b7d7dfbeae5e2f,usdt,387,5366.371200475962,0.00093,4.299741602067184,0.0029782839428613363,0.17869703657168015,4.288728877720325,20145.829326923078,0.2094130089899524,1048,0.17662612374405076,0,-1
0xb7911c63824bd5cf0d3263466b94f0f8efdc5312,usdt,1763,936.1899356097562,84.015072,0.023255813953488372,1.6147630512780542e-05,0.0009688578307668327,0.023252587938403985,3715715.43902439,0.000585480093676815,21,0.00936768149882904,0,-1
0x8f226bd0a880dc0f1b9e913bd877d4f901faabd1,usdt,430,15619.342175416787,0.0,1.6348837209302325,0.0011353135484087685,0.06811881290452611,1.6348515097086265,52848.83641536273,0.17967698519515476,526,0.07133243606998654,0,-1
0x0841569fba39cc880a4c71a958ee720a42264ffe,usdt,84,2.7777777777777783e-06,0.0,0.42857142857142855,0.00029673492668998787,0.01780409560139927,0.42729829443358247,202200.66666666666,0.11842105263157894,5,0.09210526315789473,0,-1
0xc6ab34235e4b2b7f42a3f6d78830e83760881667,usdt,793,2387.9934142499997,20.0,0.01008827238335435,7.003076976946746e-06,0.00042018461861680474,0.010084430846803313,8567662.5,0.0,4,0.0641025641025641,0,-1
0xd196148cef1eb7398658b1c75528c324d47658e6,usdt,261,94805.9342745,0.0,0.22988505747126436,0.00015929959155584726,0.009557975493350836,0.22939141184042003,376648.8,0.008,38,0.008888888888888889,0,-1
0x14b055a2f695f7b928da362170f3a44759fd69f0,usdt,11,29927.18208347679,49999.6,43.09090909090909,0.027508879448429557,1.6505327669057734,39.61278640573856,2181.1139240506327,0.23839009287925697,398,0.02476780185758514,0,-1
0xc93042c118df09dfe8f3ab9c8b7adfc53cbd5084,usdt,80,160887.4540610989,430927.153675,38.425,0.026620757262686427,1.5972454357611856,38.33389045826845,2253.8802862719585,0.3351693748278711,1313,0.12613605067474526,0,-1
0x8e1b6279301f7e670d297ede04f1e6fcf28a99ea,usdt,7,0.00013333333333333337,0.0001,0.8571428571428571,0.0005498432946610215,0.032990597679661296,0.7917743443118711,109122.0,1.0,3,0.3333333333333333,0,-1
0x82138a24a7717473a2abb29f396e530e076c01fe,usdt,59,1330.1790721043476,0.000109,1.9491525423728813,0.0013355135107514645,0.08013081064508785,1.9231394554821086,44926.53913043478,0.0017,35,0.0005,0,-1
0xcff2994e064d5a69faae225062d4c231ab68c481,usdt,4,103543.37072400001,86494.925192,1.25,0.0008216409264823087,0.04929845558893853,1.1831629341345244,73024.6,0.0,3,0.05454545454545454,0,-1
0x83deb6ac7c3d3eeb51b5e444fb350b2de9e36de7,usdt,17,7364.678,10558.5,0.29411764705882354,0.0001940195416482348,0.01164117249889409,0.2793881399734581,309247.2,0.0,0,0.2,0,-1
0xa91dd11b69bcaedb9e676e914ca0eef411cf5238,usdt,25,4942.3253243750005,0.0,0.64,0.00044326732344108426,0.02659603940646505,0.6383049457551613,135358.5,0.21428571428571427,9,0.17857142857142858,0,-1
0x6ade2f3a93ba093cce24ec2642c4b24ba9f0bcc3,usdt,157,5576.490610438503,34939.813019,1.1910828025477707,0.0008261096596516556,0.04956657957909934,1.189597909898384,72629.58288770054,0.25245098039215685,154,0.04656862745098039,0,-1
0x2d51616d75ae573ac9cdadff08b73d5bc900ac19,usdt,12,0.02666666666666667,0.044796,0.5,0.00032628556512659883,0.019577133907595926,0.46985121378230227,183888.0,0.0,4,0.5,0,-1
0x3973bab82ed8891ca86d4ae77bda34834b924f85,usdt,161,104.12270521374045,0.0,0.8136645962732919,0.0005647919884040876,0.03388751930424525,0.8133004633018861,106233.80152671755,0.33088235294117646,84,0.13970588235294118,0,-1
0xd7dffb64447c0c2c29b44289c6ddfaa0add3a946,usdt,43,750.5591027486631,700.0,8.69767441860465,0.005930351666682523,0.3558211000009514,8.539706400022833,10117.44385026738,0.3476190476190476,172,0.22857142857142856,0,-1
0xa7e722661ae2638c4e215bc3a2918ca2a43fe135,usdt,209,0.0005789473684210528,0.001,0.09090909090909091,6.294784075654028e-05,0.003776870445392417,0.09064489068941801,953170.1052631579,0.42105263157894735,5,0.2631578947368421,0,-1
0x4e8818a84b28cd88fbc5951788ee0a086ccb9abb,usdt,817,27947.019499799997,5000.0,0.042839657282741736,2.9745029010751725e-05,0.0017847017406451035,0.04283284177548248,2017143.7714285713,0.026785714285714284,11,0.07142857142857142,0,-1
0xf3710b8b9800f64b453954b0bd2138b7dc8532dd,usdt,1366,6503.594075239226,0.0,0.8323572474377745,0.0005778156938858824,0.03466894163315294,0.8320545991956707,103839.33948988566,0.18293885601577908,561,0.08530571992110454,0,-1
0xa2db4ec10e154038b3cc3908cc056b3701065772,usdt,14,6093.6896371428575,0.000106,0.5,0.0003243714145374,0.019462284872244,0.467094836933856,184973.14285714287,0.23076923076923078,3,0.38461538461538464,0,-1
0x69451d09e0c7bdbb8db1caa5db57e83844731bb1,usdt,39,0.0003974285714285715,0.000362,0.358974358974359,0.00024330308265005718,0.01459818495900343,0.3503564390160824,246606.0,0.875,7,0.1875,0,-1
0xfb2139331532e3ee59777fbbcb14af674f3fd671,usdt,114,4677.646020323669,3303.251944,18.45614035087719,0.012760733814974213,0.7656440288984527,18.375456693562867,4701.9239543726235,0.0,1045,0.0089,0,-1
0x0826f90e228ac6fb9e09d9b2d16d6962fe5182e7,usdt,18,1964.6837512400002,4120.0,1.3888888888888888,0.0009145917628207474,0.05487550576924484,1.3170121384618763,65603.04,0.275,12,0.275,0,-1
0x7b35fb9686a3a37045819e2089e15ba8900f0a77,usdt,36,9411.067484429066,7840.0,8.027777777777779,0.00550411189535712,0.33024671372142717,7.925921129314252,10900.941176470587,0.0,0,0.10355029585798817,0,-1
0x0a932178244bebc0b21565f6c3d8f0c4e42e27ee,usdt,19,38634.10730329729,42566.913166,5.842105263157895,0.004053521085613287,0.24321126513679722,5.837070363283132,14801.945945945947,0.24647887323943662,74,0.19014084507042253,0,-1
0x0e14812db672c7573ff00b9b901a92c7d85c41df,usdt,1,1500.0001499999998,0.0003,4.0,0.0684931506849315,4.10958904109589,98.63013698630138,876.0,0.5,2,0.75,1,2
0x1ae0e997216f7a354eda202b5cb3352b9dafadff,usdt,10,0.004017041142020498,24.995106,683.0,0.45744367348032255,27.446620408819353,658.7188898116644,131.1636896046852,0.6829,6830,0.0001,0,-1
0x0fadc4a851c72d8b79fccf5ca297f0b75ad8290d,usdt,25,5067.811860677777,0.000648,7.2,0.00491464893024475,0.294878935814685,7.077094459552439,12208.4,0.29591836734693877,139,0.20918367346938777,0,-1
0x4278f64a2765997f7783746bf9bcaa4786c947c3,usdt,38,125000.025,0.05,0.10526315789473684,7.261557676737237e-05,0.004356934606042342,0.1045664305450162,826269.0,0.1111111111111111,1,0.3333333333333333,0,-1
0x26e2890efd28069f0455fe2172ac35df9cb7a110,usdt,6,11042.548474713332,7350.0,75.0,0.048892848606010564,2.9335709163606336,70.40570199265521,1227.1733333333334,0.25,332,0.25,0,-1
0x987230cf277cb5a30c2434086bef13657549ad98,usdt,340,4654771147261.274,284.723503,3.791176470588235,0.0026314371198808443,0.15788622719285067,3.789269452628416,22801.22885958107,0.20917303683113272,986,0.09034051424600417,0,-1
0xb3b71572c0751dfa54b999b7ebb44b7ad6697657,usdt,3,18.032297833333335,36.0,2.0,0.001057194206575748,0.06343165239454487,1.522359657469077,56754.0,0.05714285714285714,4,0.08571428571428572,0,-1
0x4da06d6393aac4db2f09576b8f2668725ac25815,usdt,740,648.39513375,995.0,0.032432432432432434,2.2510367431099987e-05,0.001350622045865999,0.03241492910078398,2665438.5,0.10869565217391304,16,0.17391304347826086,0,-1
0xf2818c97f2593ed58c8f3675f0c754b2651487a2,usdt,60,5977.400287651612,0.26223,2.5833333333333335,0.0017671429972113343,0.10602857983268006,2.544685915984321,33953.10967741936,0.5058823529411764,54,0.3588235294117647,0,-1
0x88592d60082c7834d261ba84b8c248aa72b22acc,usdt,319,35624.70037515384,54135.0,0.04075235109717868,2.821828449327124e-05,0.0016930970695962745,0.04063432967031059,2126280.923076923,0.0005,4,0.0008,0,-1
0x961753a2127a54cbae1f965cd5faf3c70059636a,usdt,1,0.05243300120120121,23.823811,3330.0,3.6457192905627327,218.74315743376397,5249.835778410335,16.45765765765766,0.0009563886763580719,3329,0.00038255547054322876,0,-1
0x1c49d7abd077e8fbd0968fd78f40e54777edc6d7,usdt,323,24573.03522914251,0.000233,1.2817337461300309,0.0008883144169567636,0.05329886501740581,1.2791727604177396,67543.65217391304,0.12244897959183673,317,0.08270676691729323,0,-1
0x39bf81fa99a4d0ef5ac70d5a2272ced1de8b2661,usdt,543,6252.637614969351,0.0,4.5064456721915285,0.003128165557810596,0.18768993346863577,4.504558403247259,19180.57049448304,0.1589997640953055,1302,0.10002359046945034,0,-1
0x2eea67e9d79d574ffe2c143b328791cc5cb51036,usdt,672,11332458379746.266,30500.0,0.36607142857142855,0.000254152973228187,0.01524917839369122,0.3659802814485893,236078.29268292684,0.05442176870748299,196,0.05782312925170068,0,-1
0x347b4161eddcdc3ef8cb3355e2f321dd8cb2c418,usdt,38,17.78150888888889,0.0005,0.23684210526315788,0.00016347942338990933,0.00980876540339456,0.23541036968146942,367018.6666666667,0.14285714285714285,4,0.42857142857142855,0,-1
0xa9c8cda6ed8edc105cdff4624e629f6ec3d5e893,usdt,1,0.04983776493911074,38.354438,3531.0,4.468488990129081,268.10933940774487,6434.624145785878,13.427357689039932,0.00033955857385398983,3530,0.00033955857385398983,0,-1
0x28a6e1fce9d5c7f8f55e75ab226b9e47b06f5b9b,usdt,160,4740.275771067192,1930.0,60.275,0.04165124767671422,2.499074860602853,59.97779665446848,1440.5330775611778,0.0,9510,0.0006219550119208044,0,-1
0x449de69ceb160d7875d0d136852297ff85d1d227,usdt,1,200.0001,0.0003,3.0,0.234375,14.062499999999998,337.5,256.0,0.25,1,0.75,0,-1
0x3d8502acb9cd9d77c62694dd641098ce640d65b9,usdt,123,7093.898833113923,18000.0,6.4227642276422765,0.0044344055988019245,0.2660643359281155,6.3855440622747714,13530.562025316456,0.2576754385964912,266,0.07675438596491228,0,-1
0xfd91865ba94b14662459a903c0fad4e26ed73a6d,usdt,4,435.9312061,200.0,12.5,0.007127177352681245,0.4276306411608746,10.263135387860991,8418.48,0.3448275862068966,33,0.25862068965517243,0,-1
0x63cc5057aeac41f900bd5f2a00d7df6f86a322bf,usdt,142,10936.585769806457,0.000267,0.43661971830985913,0.00030257747203354506,0.018154648322012707,0.43571155972830494,198296.32258064515,0.2627118644067797,30,0.1271186440677966,0,-1
0x9f5685d2a58f9561bb6931e67a61ce656df8a0d3,usdt,178,4647.418527201536,29.277847,2.9269662921348316,0.002022397764105351,0.12134386584632106,2.9122527803117055,29667.75431861804,0.1883495145631068,300,0.15048543689320387,0,-1
0xc8abaf5b19d4a7b92f151e721b967581c9160975,usdt,119,19.48795686206897,15.402401,0.7310924369747899,0.000505921020495035,0.0303552612297021,0.7285262695128504,118595.58620689655,0.08181818181818182,65,0.09090909090909091,0,-1
0x6158df072a00eab54ced0c8f44326f93563a51a1,usdt,1,15943.924484965519,8e-06,29.0,0.7397959183673469,44.38775510204082,1065.3061224489797,81.10344827586206,0.18181818181818182,14,0.29545454545454547,0,-1
0x82011b4bf8290efe5f26718e50815f1c7676ee56,usdt,50,11051.643840375,9005.790723,0.16,0.00011054120976299965,0.006632472585779979,0.1591793420587195,542784.0,0.0,0,0.3333333333333333,0,-1
0x4c24de69ad4f098cdd63e3b7786925ad0ef925c8,usdt,3,9.216666666666667e-05,8.6e-05,2.0,0.0011923688394276629,0.07154213036565979,1.7170111287758347,50320.0,0.8571428571428571,3,0.2857142857142857,0,-1
0x57c09911a269f76b7fd0dd18c473e215ee7ca675,usdt,105,2252.4325971168905,8500.0,16.295238095238094,0.011276505719976222,0.6765903431985733,16.23816823676576,5320.797194623027,0.2811320754716981,1001,0.13811320754716983,0,-1
0xe061770dc4ecb59f266154871c6f7f64a3cd6a86,usdt,12,0.04,0.063,0.3333333333333333,0.00022883557020103205,0.013730134212061923,0.3295232210894862,262197.0,0.0,2,0.75,0,-1
0xec02ea6bfa6d8732d51888fb11f1e340391da6fd,usdt,212,275.53259525,1459.168934,0.05660377358490566,3.9153245804077155e-05,0.0023491947482446296,0.0563806739578711,1532440.0,0.0,1,0.29411764705882354,0,-1
0x268315c265956267109545c3ca3778d89eb8e1ca,usdt,891,20973.69731095833,10439.628485,0.05387205387205387,3.7391183865122524e-05,0.0022434710319073512,0.05384330476577643,1604656.3333333333,0.0,29,0.015267175572519083,0,-1
0xd5e1d333b3b963c1691f99d069b21f3e068e79d7,usdt,508,811.2261785000001,1622.452357,0.007874015748031496,5.465191647875516e-06,0.00032791149887253097,0.007869875972940742,10978572.0,0.0,1,0.2857142857142857,0,-1
0xf4ebda99f4f2d76e9ac6440fa47a06df68990be7,usdt,224,24605.242998587946,50090.0,7.258928571428571,0.005035854915347465,0.3021512949208479,7.251631078100349,11914.560885608857,0.0,129,0.05768098881695115,0,-1
0x7645719d8783bc3b2acdc0ef759fbe21ba9df42e,usdt,206,108.70465261538462,37.907984,0.06310679611650485,4.366909041315662e-05,0.0026201454247893976,0.06288349019494553,1373969.5384615385,0.0,7,0.016901408450704224,0,-1
0x09770a873b6f67a4037381d135cde0d671148cda,usdt,399,17351.002839653283,0.000359,0.6867167919799498,0.0004768713895266512,0.02861228337159907,0.6866948009183778,125820.08759124088,0.10975609756097561,164,0.03929539295392954,0,-1
0x4db53314ac9a74fbf04bceb9aa15dfa3e5656d9a,usdt,2292,17279.72820683794,0.0002,1.8630017452006982,0.0012933524797290096,0.07760114878374057,1.8624275708097737,46391.06580796253,0.18390634262003558,2452,0.09113811499703615,0,-1
0xa381b779b6e8a5f229d928d22759e4ae2bc58481,usdt,239,194.997382,39.984606,0.02092050209205021,1.4467778881990814e-05,0.0008680667329194487,0.02083360159006677,4147146.6,0.1111111111111111,4,0.2222222222222222,0,-1
0x16179f5f888841563ba62c1b74156ce16f6da1ff,usdt,1,2142.857571428571,0.00075,7.0,0.005881364476558562,0.3528818685935137,8.469164846244329,10201.714285714286,0.625,2,0.625,1,2
0x1215597e602cd8e7c84992a9fa83779500f09e13,usdt,16,0.056363636363636366,0.067754,0.6875,0.0004507273099774636,0.027043638598647817,0.6490473263675476,133118.18181818182,0.16666666666666666,6,0.5,0,-1
0x5ead9c10e4c0cd7d362775c179e1e3f0861706f2,usdt,860,134.659662,490.32923,0.010465116279069767,7.260075088536615e-06,0.00043560450531219695,0.010454508127492726,8264377.333333333,0.0,4,0.017421602787456445,0,-1
0x2888664aba961304b847d1877de7d68d3a4cd9c8,usdt,78,112.3252664883721,200.074227,0.5512820512820513,0.0003781077378429569,0.022686464270577415,0.544475142493858,158684.93023255814,0.21621621621621623,19,0.24324324324324326,0,-1
0x20ee2ac24b96ff27e8db95a0a3de37f8a9754ca8,usdt,562,40.996269,35.0,0.008896797153024912,6.168124317805451e-06,0.00037008745906832704,0.008882099017639849,9727430.4,0.0,0,0.5,0,-1
0x13177cdd079c7fd04b54124dc9372543e3ad094e,usdt,744,2792.7200618333336,7673.291653,0.016129032258064516,1.1200229679376624e-05,0.0006720137807625974,0.016128330738302343,5357033.0,0.0,6,0.016483516483516484,0,-1
0x4847a9a1ebed08e8dc25bad261b81f1364254e44,usdt,547,3821.6049999999996,2115.0,0.010968921389396709,7.605998622933949e-06,0.00045635991737603694,0.010952638017024886,7888510.5,0.0,4,0.17647058823529413,0,-1
0xf01b6a55ecc333dcc37ccdae7a9f8b48af3a2a66,usdt,1164,13495.583816224002,0.001,0.10738831615120274,7.455235782268945e-05,0.0044731414693613665,0.10735539526467279,804803.52,0.12171052631578948,66,0.10526315789473684,0,-1
0xc1acb989640e71a2c659ac89205888b713ffb150,usdt,159,0.00018811881188118815,0.0,0.6352201257861635,0.0004410792379198878,0.026464754275193268,0.6351541026046383,136029.9801980198,0.9705882352941176,19,0.20588235294117646,0,-1
0x5980155977942139220b5372539d3e4dcacc99d7,usdt,17,0.0002934285714285715,0.0002,4.117647058823529,0.00271454608911467,0.1628727653468802,3.908946368325125,22103.14285714286,0.5185185185185185,35,0.08888888888888889,0,-1
0x52c58ecf9cf62e976c072f7d80af2d93d63a0500,usdt,401,42067.10350870375,0.001,9.259351620947632,0.006414734990072969,0.3848840994043781,9.237218385705075,9353.465122542419,0.167665545972811,2761,0.0409296886420114,0,-1
0x169e62e88db5bae031b392be3c44d1868cc278e1,usdt,19,403.0404121538462,40.02,0.6842105263157895,0.0004704724266967769,0.028228345601806617,0.6774802944433588,127531.38461538461,0.0,5,0.29411764705882354,0,-1
0xd2bd305add8e2b4fd47cff7da265c2707e09f94e,usdt,418,56080144880222.48,13000.000101,0.19138755980861244,0.00013286922114387776,0.007972153268632666,0.191331678447184,451571.85,0.03837471783295711,44,0.033860045146726865,0,-1
0xa0fe72f692788ef69816bb0da069bb643654f1a6,usdt,215,2404.4923076923073,629.0,0.06046511627906977,4.1945523735035937e-05,0.002516731424102156,0.06040155417845175,1430426.7692307692,0.006211180124223602,8,0.009316770186335404,0,-1
0xcf400a74d0645091cad73ddfcd8e7388fc5cb876,usdt,8,0.006,0.013849,0.625,0.00043317796683589485,0.02599067801015369,0.6237762722436887,138511.2,0.5,4,0.3333333333333333,0,-1
0x6f7aecd3d789b5d764656cf565e6fa9a81bebf6e,usdt,1,0.09155866999093383,78.144525,2206.0,6.976597090449083,418.595825426945,10046.299810246679,8.600181323662738,0.0,2205,0.0006007810153199159,0,-1
0x7dbd6b3e262c8aa426c6b5cb2c21bc2e5a407c7f,usdt,40,3192.982753752043,4000.0,9.175,0.006250191593066545,0.3750114955839927,9.000275894015825,9599.705722070845,0.40707964601769914,172,0.20353982300884957,0,-1
0x1db900596552c90bbf3eb836e7b5dfc39d0c5c43,usdt,52,7973.477893380953,3750.0,0.40384615384615385,0.0002753484469036412,0.016520906814218472,0.3965017635412432,217905.7142857143,0.0,8,0.10112359550561797,0,-1
0x1810c40783f521d9563f215451367e5a096339e2,usdt,12,0.04,0.0665,0.3333333333333333,0.00021615779519048906,0.012969467711429343,0.3112672250743042,277575.0,0.0,2,0.75,0,-1
0x8984cf313ba48f182080fe661baeef65e762a6ef,usdt,27,15415.450789473683,11516.0,1.4074074074074074,0.000946596983843084,0.05679581903058504,1.3630996567340412,63384.94736842105,0.0,0,0.047619047619047616,0,-1
0x52fe2906bc91d2a88f0c1cba19e8e37f946928ed,usdt,1,1e-05,9e-06,4.0,3.3333333333333335,200.0,4800.0,18.0,0.8,2,0.4,0,-1
0x9af1d905a53d181d8326a04528605eea49fab672,usdt,796,2591.0976707272725,0.0,0.05527638190954774,3.834295015189908e-05,0.002300577009113945,0.05521384821873468,1564824.8181818181,0.03508771929824561,16,0.24561403508771928,0,-1
0xe4033781d96ba1ea6d2a68526990b78a9149841b,usdt,52,462.27836747826086,400.0,0.4423076923076923,0.0003031301482701812,0.018187808896210873,0.43650741350906097,197934.78260869565,0.03125,4,0.13541666666666666,0,-1
0xee0ed73d93cf45f5f4a9788c259d0d37c05eb88a,usdt,20,8897.988031188888,0.0001,4.5,0.003003263546387074,0.18019581278322444,4.324699506797387,19978.266666666666,0.3644859813084112,38,0.3177570093457944,0,-1
0x177cac7f631ac310a8d99a5f71407cbef45e4024,usdt,1,22372.44843443421,0.001,76.0,0.029432267059096896,1.7659360235458135,42.382464565099525,2038.578947368421,0.43037974683544306,52,0.11392405063291139,0,-1
0xb6c0be43c38a14bf794c8be6e8ac6bbed45e15c1,usdt,6,73.33333333333333,100.0,0.5,0.0003414756300225374,0.020488537801352243,0.4917249072324538,175708.0,0.0,0,0.3333333333333333,0,-1
0x99e108bea1fdf8bbaf8b40725d897b972a4197fc,usdt,764,2752.0542460985575,0.001,0.5445026178010471,0.0003781103896918382,0.022686623381510295,0.544478961156247,158683.8173076923,0.19171779141104295,191,0.14570552147239263,0,-1
0x4ff57e8b53eaf37890575f5bf04ac7dffd25c02e,usdt,64,477.3314212694402,101.0,143.46875,0.09851550798467011,5.910930479080207,141.86233149792497,609.0411675016336,0.0087,91,0.0762,0,-1
0x314d4645a04864419f4734fb064fc91c0ebd2fe2,usdt,88,98.77829985185184,199.676216,0.9204545454545454,0.0006338990425776682,0.0380339425546601,0.9128146213118423,94652.29629629629,0.06903765690376569,40,0.07322175732217573,0,-1
0x0ea998fa73beae3ec9502cd43191ed9b247f6131,usdt,386,3040.1617976342245,850.0,2.422279792746114,0.0016816335046141505,0.10089801027684904,2.4215522466443766,35679.5935828877,0.2425339366515837,548,0.20090497737556562,0,-1
0x3167b19bc2b7368fadaef7a7bbec7b1f7a2c1885,usdt,2,0.006028,0.00068,5.0,0.002961558964638986,0.17769353787833916,4.26464490908014,20259.6,0.1,6,0.4,0,-1
0x2b7583011ae6ca1006dd12abc5563fbb09b6a015,usdt,1,500.00336666666675,0.0101,6.0,0.5172413793103449,31.03448275862069,744.8275862068965,116.0,0.14285714285714285,2,0.7142857142857143,0,-1
0x2347915a5ff6a5ddbee581fd77cb92c209c31bfc,usdt,4,0.023917428571428565,0.05,31.5,0.01887866710617003,1.1327200263702017,27.18528063288484,3178.190476190476,0.0,63,0.056074766355140186,0,-1
0xf48dc848bcbc429c7963d0c6ce49191d5f08da1e,usdt,914,608499678072460.2,0.0,1.6991247264770242,0.0011789937178538214,0.07073962307122929,1.6977509537095028,50890.856406954284,0.17379310344827587,1165,0.0789655172413793,0,-1
0x1356b658583529a1de51f38c733d36a5ec58552e,usdt,370,3768.4471650206365,0.0,4.583783783783784,0.003179228242344171,0.19075369454065025,4.578088668975607,18872.504716981133,0.3783494105037513,1007,0.09271168274383708,0,-1
0xf0909d75141396bc0217bc8deebefa3fa789abd0,usdt,1,0.0004066666666666667,0.00036,3.0,0.0024275772778766793,0.14565463667260073,3.4957112801424177,24716.0,1.0,1,1.0,1,2
0x88d845fbf49c10d107c3d1fe5d179a423905e229,usdt,1286,78381377990815.27,0.0,0.9914463452566097,0.000688238229965709,0.04129429379794254,0.991063051150621,87179.11529411764,0.23053892215568864,713,0.1472055888223553,0,-1
0x30816bc6b4a42169910a82e2ed860829a962afdd,usdt,124,448.80074184999995,409.71,0.16129032258064516,0.00011192016958144096,0.006715210174886457,0.16116504419727495,536096.4,0.043478260869565216,10,0.2608695652173913,0,-1
0xf992004ea101cf068ad9aaa2f5d37a4fca577eaa,usdt,14,0.0005225,0.000816,0.2857142857142857,0.00019356774387116132,0.011614064632269678,0.2787375511744723,309969.0,1.0,2,0.5,0,-1
0x5db61e4b44585c5d4b2a875031d59e91f66ccb74,usdt,86,202151.27772361293,200000.0,0.36046511627906974,0.0002489132127951027,0.01493479276770616,0.35843502642494784,241047.87096774194,0.0,0,0.17647058823529413,0,-1
0xa5c01e0d5b8924b1f952c75585e34f962e93d1ff,usdt,1,0.00038852631578947366,0.000145,38.0,0.021104076418971454,1.266244585138287,30.389870043318894,2843.0526315789475,0.9743589743589743,19,0.05128205128205128,0,-1
0xa717d1a2e808684e0bfe3421b0e9b6fd07907fec,usdt,236,44347.45604130769,61708.434792,0.4406779661016949,0.0003053074769213968,0.018318448615283808,0.43964276676681147,196523.1923076923,0.06329113924050633,46,0.043037974683544304,0,-1
0xc8fda479d5c3d075d8bc31307f48dd466f584571,usdt,210,2071.5825658245612,31.67773,0.2714285714285714,0.00018766470046738387,0.011259882028043032,0.27023716867303277,319719.15789473685,0.004694835680751174,17,0.046948356807511735,0,-1
0xad7983b56cbd97313107f4c1935f6a8c75e11f54,usdt,761,8266921.636879529,0.0,1.6990801576872536,0.0011784357737009592,0.07070614642205754,1.696947514129381,50914.95127610209,0.08454692556634304,539,0.05906148867313916,0,-1
0xd629eda2a988bdd92c55d80adb50777766c2d955,usdt,5,178.09097365269457,0.00094,33.4,0.022695767986735886,1.3617460792041531,32.68190590089968,2643.6646706586826,0.41420118343195267,18,0.08875739644970414,0,-1
0xf78234a409b21747f6767ef9fa251f53c0785703,usdt,74,10804.454347965771,100.0,20.135135135135137,0.013819251608690733,0.8291550965214439,19.899722316514655,4341.769127516778,0.038929440389294405,222,0.19586374695863748,0,-1
0x2347b09dda47e6cf1335650b83673eb209c31bfc,usdt,3,0.028352152173913046,0.02,61.333333333333336,0.035573428195808526,2.1344056917485115,51.22573660196427,1686.6521739130435,0.0,95,0.061224489795918366,0,-1
0x2c58f853b21becbf9abb59995c7ae33a6750bd0b,usdt,86,11.1282605,14.0,0.046511627906976744,3.214850035282979e-05,0.0019289100211697875,0.0462938405080749,1866339.0,0.0,2,0.023255813953488372,0,-1
0x3611b82c7b13e72b26eb0e9be0613bee7a45ac7c,usdt,1,4614.176862346385,2489.669866,1992.0,0.9302325581395349,55.8139534883721,1339.5348837209303,64.5,0.0021,925,0.0066,0,-1
0x3a95319aee1cbb4db6df70bb02d31b8b92bebf95,usdt,45,248.44220064,3.832,0.5555555555555556,0.00037856876777380365,0.022714126066428218,0.5451390255942773,158491.68,0.0,20,0.0182370820668693,0,-1
0x100defbab1f26478bfc7d33af511439625ff9ff8,usdt,34,203.0,50.0,0.14705882352941177,0.00010025987359235137,0.006015592415541083,0.14437421797298597,598444.8,0.0,1,0.5,0,-1
0xccdfadc7f4159465ae82d35ae7f23daf5f28f003,usdt,3,231806.51609850483,500000.0,34.333333333333336,0.018766853727862402,1.126011223671744,27.024269368121857,3197.126213592233,0.3,35,0.19230769230769232,0,-1
0x3533da0349647ac848b221e8504d5971aeab433e,usdt,12,0.04,0.067,0.3333333333333333,0.0002175473709400222,0.013052842256401331,0.31326821415363193,275802.0,0.0,2,0.75,0,-1
0xf577447f3303704c0725c5e90fa93e9d4ce4157d,usdt,5,113331.84457,283329.611425,1.0,0.0006865758403116139,0.04119455041869683,0.9886692100487241,87390.2,0.0,1,0.4444444444444444,0,-1
0x2ff437621a289f65d1c0d606352ec92a8ff406fb,usdt,164,815.3209380000001,1127.292146,0.03048780487804878,2.1051692008693508e-05,0.0012631015205216104,0.03031443649251865,2850127.2,0.0,3,0.041666666666666664,0,-1
0x50aa668f8bdf0f9d00a50fd543a5400a5b5a2a30,usdt,11,0.04,0.064975,0.36363636363636365,0.00023338584514849173,0.014003150708909506,0.3360756170138281,257085.0,0.0,2,0.75,0,-1
0x24e4687aa61dd300d7fb2cf70af87d97223916e9,usdt,1,0.0040924,0.0075,25.0,0.11595547309833025,6.957328385899815,166.97588126159553,517.44,0.44,18,0.32,0,-1
0xf799af41cee4e4c8210176a5559def85b96bf825,usdt,597,8720.453749444445,710.0,0.03015075376884422,2.0927648236927022e-05,0.0012556588942156212,0.03013581346117491,2867020.6666666665,0.0,7,0.15,0,-1
0x4131074c3608b7c71a73b8dbeac4b15172400bed,usdt,23,8658.10519004091,0.000121,9.565217391304348,0.0065988386044056255,0.3959303162643375,9.5023275903441,9092.50909090909,0.24180327868852458,149,0.06557377049180328,0,-1
0xa3c4aae51ed5af4fa996399b3f744e25047733ce,usdt,2,0.0001516666666666667,0.0001,3.0,0.0020210185933710587,0.12126111560226355,2.910266774454325,29688.0,1.0,3,0.5,0,-1
0x9ec17103bfded6dad6cc341d8bd20947bb05fd56,usdt,565,665.1854375,0.0,0.024778761061946902,1.7197267894617105e-05,0.0010318360736770265,0.024764065768248633,3488926.285714286,0.013333333333333334,8,0.04666666666666667,0,-1
0x1263b96a0df261f24c08961c9fa4a3e65c38dbc9,usdt,130,544793588803333.6,0.000576,9.838461538461539,0.006802959899237473,0.40817759395424835,9.796262254901961,8819.690383111805,0.06731068868806482,1051,0.040511062636335304,0,-1
0x2621a1ed48cfe8f7644dd7723c15ec10b3ecaa2d,usdt,4,0.000119,0.000104,1.5,0.0008625398924700268,0.0517523935482016,1.2420574451568385,69562.0,0.6666666666666666,3,0.4444444444444444,0,-1
0xbd59ac2d584908ec195380619525b83091823d33,usdt,1,0.02805714285714286,0.04,7.0,8.75,525.0,12600.0,6.857142857142857,0.0,3,0.7142857142857143,0,-1
0x04c3dbfd7a529c2df3943b167a33f9a4eebc693f,usdt,5,9e-05,8.5e-05,0.8,0.00048649963512527365,0.02918997810751642,0.700559474580394,123330.0,1.0,2,0.5,0,-1
0x386c28b2aefc7adf04c259438c952aa9f2b50210,usdt,3,0.0002025,0.000255,1.3333333333333333,0.0007888612787441328,0.04733167672464797,1.1359602413915513,76059.0,1.0,2,0.5,0,-1
0x1551a92adcc898bcdb37f6f62050f5097980fc9a,usdt,31,0.0009100214328537172,0.00026,215.2258064516129,0.14618050838916619,8.77083050334997,210.49993208039928,410.4514388489209,0.6671,6671,0.0002,0,-1
0xcacfa408e50af2df21e38e5c76f27a4b4683c26e,usdt,113,2310.587505356307,0.000298,13.610619469026549,0.009387046608090194,0.5632227964854116,13.51734711564988,6391.7867360208065,0.23576950105411104,778,0.09978917779339423,0,-1
0xf991acd672d5b344afcb29931af6401ed32e2691,usdt,697,1020993.5785621601,41350.0,0.4748923959827834,0.00032966728702547084,0.019780037221528247,0.47472089331667805,182001.67975830816,0.0010126012601260127,163,0.0031503150315031502,0,-1
0xa096d768942c715ee62520c470b202cb812cdf50,usdt,1,0.001998,0.00499,6.0,0.01749271137026239,1.0495626822157433,25.189504373177844,3430.0,0.6666666666666666,2,0.5,0,-1
0xc0377652d527b2d470c4f783c61811ba62b7f61a,usdt,84,84.4604915652174,0.0,0.5476190476190477,0.00037765466600549733,0.02265927996032984,0.5438227190479161,158875.30434782608,0.08,5,0.18,0,-1
0xd011c2ec3ee8192af4d8a870436e040cedc5051a,usdt,1,0.0005215,0.0007,4.0,0.0022975301550832855,0.13785180930499713,3.308443423319931,26115.0,1.0,2,0.75,1,2
0x8fcb1562a48892f28a7e5b3c0ced52833f9257c8,usdt,1,0.004180666666666667,0.000231,3.0,0.5769230769230769,34.61538461538461,830.7692307692308,104.0,0.3333333333333333,2,0.6666666666666666,1,2
0x360d9d5072ca4ae815dd0f495a2f76b143269a77,usdt,12,0.04,0.0689,0.3333333333333333,0.00021691738701315604,0.013015043220789363,0.3123610372989447,276603.0,0.0,2,0.75,0,-1
0x7e278daa7a631e1c33e3a8c1430cb7e7832ee02d,usdt,131,287200.8888888889,5000.0,0.20610687022900764,0.00014308077280575035,0.008584846368345021,0.2060363128402805,419343.55555555556,0.0,0,0.16129032258064516,0,-1
0x0c8fcb1b024f0792b5bc4a440584e0d37dd13766,usdt,150,76980.4113575,93.853865,0.08,5.519769052862828e-05,0.003311861431717697,0.07948467436122472,1087002.0,0.0,4,0.08450704225352113,0,-1
0x25fd949172ba83537bb1c4ff95f550cd7eb9855c,usdt,11,4906.778793472222,427.0,3.272727272727273,0.0022263726205642618,0.1335823572338557,3.2059765736125367,26949.666666666668,0.2558139534883721,28,0.18604651162790697,0,-1
0x87c41a23c69d9b053b30e2bb636874d06889886a,usdt,823,643.8488373170732,0.0,0.04981773997569866,3.459086014982736e-05,0.0020754516089896416,0.0498108386157514,1734562.243902439,0.044444444444444446,9,0.4222222222222222,0,-1
0x16d002c37b24250440cde22068968d3b4db318da,usdt,12,0.039999999999999994,0.067725,0.3333333333333333,0.00021896931145100012,0.01313815868706001,0.31531580848944024,274011.0,0.0,2,0.75,0,-1
0x589285f79560704b49abbfd292720347d8b090ac,usdt,1,37758.740615124996,75517.480755,8.0,0.003436426116838488,0.2061855670103093,4.948453608247423,17460.0,0.375,4,0.625,1,2
0xd67c95887ba7d5917c42f71864412d39cb9a049d,usdt,1,0.00392625,0.003,4.0,0.15384615384615385,9.23076923076923,221.53846153846155,390.0,0.16666666666666666,3,0.3333333333333333,0,-1
0xb92fe925dc43a0ecde6c8b1a2709c170ec4fff4f,usdt,1,16704.897977423036,12.986772,877.0,0.9097510373443983,54.5850622406639,1310.0414937759338,65.9521094640821,0.0,488,0.0097,0,-1
0x5066aaca65f677fe203ce3181774ba98b13b5e1f,usdt,78,21494.880058827253,40000.0,33.02564102564103,0.022931614649171223,1.3758968789502732,33.021525094806556,2616.4751552795033,0.0,307,0.03866366366366367,0,-1
0xd32590e55de9fd724a828ae42ee1e37bbee0bb2d,usdt,11,0.02666666666666667,0.083707,1.3636363636363635,0.0009346726153386007,0.056080356920316037,1.345928566087585,64193.6,0.0,10,0.3333333333333333,0,-1
0x77106887d9ca125ef0ad48978a441339b5d5ca62,usdt,13,0.00042136842105263154,0.00024,1.4615384615384615,0.0009692097369870841,0.058152584219225034,1.3956620212614008,61906.10526315789,0.9473684210526315,9,0.3157894736842105,0,-1
0x1db95a0bc63292cd423e10a8ad75e09931865c43,usdt,134,7663.704408930556,7500.0,0.5373134328358209,0.00037275261237455835,0.022365156742473503,0.5367637618193641,160964.66666666666,0.08275862068965517,0,0.10344827586206896,0,-1
0x3ba16586cdbfea3e10ecc1c6e12fbb2a3b5b72aa,usdt,34,3189.924456560632,100100.006591,152.55882352941177,0.10546798750731992,6.328079250439196,151.8739020105407,568.893001735107,0.018,807,0.2185,0,-1
0x5ebe5223831523823528ef0a7edf67d288b1b070,usdt,303,1079.7471162272727,3.837626,0.29042904290429045,0.00020113982280495885,0.01206838936829753,0.2896413448391407,298299.95454545453,0.0006,50,0.0024,0,-1
0x16c916a37383c572a8959cd0c7c6e9de5eb3c703,usdt,98,221.73920221739132,260.0,0.23469387755102042,0.00016246861883307975,0.009748117129984786,0.23395481111963481,369302.0869565217,0.13043478260869565,9,0.5217391304347826,0,-1
0xafa319451333edb102f196b1d07169f0b9242a04,usdt,181,3916928.9467742727,11999999.973,5.375690607734807,0.003722447005821249,0.22334682034927497,5.360323688382599,16118.4295991778,0.19270474879559532,317,0.09910529938059189,0,-1
0xa59942290bb5dc565324029db09d0de08ebd2f3d,usdt,38,5237.112958359084,8500.0,191.78947368421052,0.13193099328397387,7.915859597038432,189.98063032892236,454.78320526893526,0.1578,4926,0.1475,0,-1
0xdf95654b68aae481bfc3ce7ee67414a3ba36cbbc,usdt,116,84.83299063999999,0.0,0.21551724137931033,0.0001493730514285441,0.008962383085712648,0.21509719405710354,401678.88,0.10714285714285714,4,0.10714285714285714,0,-1
0x6e623568592ec4908890a84942755de5d358e053,usdt,126,916.6250226875001,1210.0,0.12698412698412698,8.785715305484813e-05,0.005271429183290887,0.1265143003989813,682926.75,0.25,8,0.375,0,-1
0x0fbd3b199bfbe2c68e9ccfed75273a33d9c4e530,usdt,212,87.0091172413793,0.000117,0.27358490566037735,0.00018969547988377555,0.011381728793026534,0.27316149103263676,316296.4137931034,0.24285714285714285,42,0.21428571428571427,0,-1
0xa14c2f04b23605e5586e4776f2808e925c77f8b5,usdt,8,24596.456885666663,29488.0,1.125,0.0006965405154399814,0.04179243092639889,1.0030183422335732,86140.0,0.0,0,0.2222222222222222,0,-1
0x2e437df10b9ae05f1c057e9223065a5d048f71b5,usdt,1,0.0003590190421234853,0.00016,6932.0,14.33416046319272,860.0496277915632,20641.19106699752,4.185804962492787,0.6932,6932,0.0001,0,-1
0x9f1d8dc66063441abaaed489b3f3782ad2ac4d08,usdt,1,0.00013,0.0,5.0,0.08038585209003216,4.823151125401929,115.7556270096463,746.4,0.7142857142857143,1,0.5714285714285714,1,2
0x96dd0e8efc57a9a66c6fac23332e64a26f7f7639,usdt,56,5836.5305419019605,20193.140604,2.732142857142857,0.0018884972005806203,0.11330983203483722,2.7194359688360934,31771.29411764706,0.4125,97,0.23125,0,-1
0x23e3c152a166c5415637a959895e8f292cfd761a,usdt,28,22.219983076086955,152.0,3.2857142857142856,0.0022191347304233726,0.13314808382540233,3.1955540118096564,27037.565217391304,0.19,49,0.25,0,-1
0x77d2ed82474ad9ca271a54f09bf54a3685b63b9c,usdt,1,53.42868571428572,27.0,7.0,0.012658227848101266,0.7594936708860759,18.22784810126582,4740.0,0.14285714285714285,3,0.42857142857142855,0,-1
0xe313d32e50921df3c339bfd6bef9d09da908d3d4,usdt,73,3498.346589682759,2000.0,1.9863013698630136,0.0013718225750907296,0.08230935450544377,1.9754245081306507,43737.43448275862,0.04084967320261438,86,0.04084967320261438,0,-1
0x9b82ed6a59fa973bbebbc14c73fbcb81173822d8,usdt,110,1961180.7363977015,0.0001,10.790909090909091,0.007482906570206306,0.4489743942123784,10.775385461097082,8018.274641954507,0.3108018555334659,696,0.060304837640821736,0,-1
0xcf4009aab0d565640d083d10a76f8bd08c9cb876,usdt,70,0.0033599999999999997,0.0005,0.14285714285714285,9.909800991376491e-05,0.005945880594825895,0.14270113427582146,605461.2,0.5,8,0.25,0,-1
0x4e4d8907e0096096bb3fda0c9ebe74759b453422,usdt,26,265.14788375,10.0,1.2307692307692308,0.0008250016757846538,0.049500100547079234,1.1880024131299016,72727.125,0.08064516129032258,24,0.08064516129032258,0,-1
0xe45e93e07bc398626a8ce0352a71da26da11ca2b,usdt,2,13383.8033625,0.0,4.0,0.00204981039253869,0.12298862355232142,2.951726965255714,29271.0,0.3333333333333333,6,0.2222222222222222,0,-1
0x74ba992b3607fb2c39d3e0034d866c7915d1b96c,usdt,161,16068.578559197591,4599.0,7.732919254658385,0.005338554396653305,0.3203132637991983,7.68751833118076,11238.997590361445,0.34739803094233473,750,0.2158931082981716,0,-1
0x82a15cfdbba75ca5365b3644d88fb2ccbf1348ad,usdt,57,6945.142115149113,0.000528,27.649122807017545,0.018914390778994466,1.1348634467396679,27.23672272175203,3172.187817258883,0.26040428061831156,1271,0.12901307966706302,0,-1
0x58e307ba7d73ecae8941cfaada5bfc4d0eb9aa83,usdt,917,615.4039475714286,0.0,0.007633587786259542,5.295375276437502e-06,0.0003177225165862501,0.007625340398070003,11330641.714285715,0.014925373134328358,4,0.05970149253731343,0,-1
0x09ccf6e2556d8daa5f70da32b17de0f227cee65c,usdt,227,0.005333333333333333,0.0,0.02643171806167401,1.833172727033859e-05,0.0010999036362203155,0.026397687269287574,3273014.0,0.2857142857142857,1,0.2857142857142857,0,-1
0x0457f642ea5551716169177b707ade8769f988f9,usdt,6,0.0002466666666666667,0.00025,1.0,0.0006036338759331174,0.036218032555987045,0.869232781343689,99398.0,0.75,3,0.25,0,-1
0x76937f9d61034f23c13853e7fcd9d9d53e592b3b,usdt,930,3129.7230251788073,0.0,0.16236559139784945,0.00011265309070095737,0.006759185442057442,0.16222045060937862,532608.5562913907,0.1935483870967742,104,0.14516129032258066,0,-1
0x38e54339b119fd5379c73a0309df174789645876,usdt,1,0.0037006666666666663,0.0001,3.0,1.0,60.0,1440.0,60.0,0.3333333333333333,2,0.6666666666666666,1,2
0xa88a698c9652900d64348f616238eece838358d9,usdt,37,22.587126666666666,21.67138,0.08108108108108109,5.584803377689083e-05,0.0033508820266134496,0.0804211686387228,1074344.0,0.0,2,0.4,0,-1
0x44294566808b17875dda5e669f376def3e51614f,usdt,86,840.1845820714286,0.0,2.2790697674418605,0.0015823372412757514,0.0949402344765451,2.278565627437082,37918.5918367347,0.49295774647887325,84,0.3568075117370892,0,-1
0x000001ac4e512d670c34fedf6c71ce2f49fb160a,usdt,171,155845.12252692704,100289.536519,1.3625730994152048,0.000941180652557305,0.0564708391534383,1.3553001396825193,63749.71673819742,0.001,110,0.002,0,-1
0x699ee12a1d97437a4a1e87c71e5d882b3881e2e3,usdt,56,106.46994547732696,9.939453,14.964285714285714,0.010243046218384679,0.6145827731030807,14.749986554473939,5857.63245823389,0.0126,632,0.0128,0,-1
0x4c4da89c35ee5aaa0bc684d31d65cf002e97a4ae,usdt,53,2942053.9448974407,14338.004001,1.2830188679245282,0.0008762773675596964,0.052576642053581785,1.2618394092859628,68471.4705882353,0.1079136690647482,43,0.15827338129496402,0,-1
0x5a433022246b1cd1f107261dcd3624b64ff2aea8,usdt,118,638.6368105999999,995.405475,0.1271186440677966,8.818839863978214e-05,0.005291303918386928,0.12699129404128628,680361.6,0.006564551422319475,9,0.01312910284463895,0,-1
0xb346c7026bfef357de48f89aace196744d00ff89,usdt,1189,2266.6073722954543,79.0,0.03700588730025231,2.5691223837064855e-05,0.0015414734302238915,0.0369953623253734,2335427.8636363638,0.006521739130434782,36,0.010869565217391304,0,-1
0x35c10116bf2221bf3c1814cb6c69d819f79dd2d2,usdt,1668,1052.0769637692308,107.080816,0.09352517985611511,6.494085106109291e-05,0.003896451063665575,0.0935148255279738,923917.6730769231,0.007462686567164179,84,0.04157782515991471,0,-1
0xd376796338178675f15db17c3ecccc698d51a43d,usdt,13,833.8565301818181,1143.020802,0.8461538461538461,0.0005494121290219464,0.03296472774131679,0.791153465791603,109207.63636363637,0.45454545454545453,3,0.5454545454545454,1,2
0xd863054d1fae373701ea1a897125ed0174cb29d5,usdt,431,561.6709051818182,753.909925,0.20417633410672853,0.0001416706967686846,0.008500241806121075,0.20400580334690582,423517.36363636365,0.04271844660194175,43,0.062135922330097085,0,-1
0x1e7af84b891ebb13e286ecf6316585e776e30cc4,usdt,2,0.039999999999999994,0.04,95.0,0.04781558284678881,2.868934970807328,68.85443929937588,1254.821052631579,0.0,95,0.09433962264150944,0,-1
0x768f8a2172141f8843eca9e868cabd937fa52a40,usdt,106,1316.1646482,194.554304,0.04716981132075472,3.256866451539782e-05,0.001954119870923869,0.04689887690217285,1842261.6,0.0,1,0.25,0,-1
0x16c6521dff6bab339122a0fe25a9116693265353,usdt,13,55842.74078837688,107195.572996,61.23076923076923,0.03978329101777253,2.386997461066352,57.28793906559245,1508.1708542713568,0.0,398,0.0021,0,-1
0xbdac201828c3f9cbdbe200ed9be468c3f1e8dbab,usdt,456,371.3386631413427,700.0,1.2412280701754386,0.0008604216674242229,0.05162530004545337,1.239007201090881,69733.25088339223,0.02058319039451115,228,0.024013722126929673,0,-1
0x700bdda072d72fec18e0b98dd4ad30879f83ac78,usdt,16,66.66050800000001,50.0,0.1875,0.00012385843806252375,0.007431506283751424,0.17835615081003417,484424.0,0.0,0,0.375,0,-1
0xd35af6fbaab4cceac7dbe2e66e40c44479107cdb,usdt,283,403.80189450000006,134.993338,0.04240282685512368,2.9356476674811458e-05,0.0017613886004886877,0.0422733264117285,2043842.0,0.0,4,0.15384615384615385,0,-1
0xc30ab34dc29e7d93579295af50ae53291a5dd7e3,usdt,76,0.00029788421052631583,0.00015,1.25,0.0008579225991261832,0.051475355947570994,1.2354085427417039,69936.37894736842,0.9690721649484536,47,0.030927835051546393,0,-1
0x41f8a020b63d7c90623c97c147f7687355ccd948,usdt,778,2653.6451475999997,295.0,0.006426735218508998,4.462852023073302e-06,0.0002677711213843981,0.006426506913225555,13444317.6,0.0,2,0.16666666666666666,0,-1
0x908f80cb22b5bd30ce37ee906e5cf363abd25b8d,usdt,190,2709.9032208,148.758052,0.02631578947368421,1.8210743464528385e-05,0.001092644607871703,0.026223470588920876,3294758.4,0.0,3,0.3333333333333333,0,-1
0xb3d2e85ac1989817ad8990f993e8b4969dad6904,usdt,72,4379.6138427625,0.00025,1.1111111111111112,0.0007631708987672882,0.04579025392603729,1.0989660942248949,78619.35,0.3218390804597701,40,0.40229885057471265,0,-1
0xff1ae71b536043dfa89a36313350317bafc4129a,usdt,68,27707.587365130654,36600.0,2.926470588235294,0.002018001792877975,0.1210801075726785,2.9059225817442838,29732.381909547737,0.0,0,0.027237354085603113,0,-1
0x50364d44a73392a21b1e43f69012d2c34ba24254,usdt,13,21.518438505882354,31.701,6.538461538461538,0.004266896911770612,0.2560138147062367,6.14433155294968,14061.741176470588,0.2631578947368421,48,0.1368421052631579,0,-1
0x52861324a623741b7b0a71d3f55a08b02e5eeff2,usdt,44,1145.4850666727273,1000.0,1.25,0.0008523220351590588,0.05113932210954353,1.2273437306290447,70395.92727272728,0.0,0,0.11235955056179775,0,-1
0x3fd588ee3177d9c42f37830bf6b7e9d3aff6b29e,usdt,617,3116.1245528488366,56.820877,0.2787682333873582,0.00019334497599824462,0.011600698559894677,0.27841676543747224,310326.1395348837,0.005031446540880503,136,0.022641509433962263,0,-1
0x77ab999d1e9f152156b4411e1f3e2a42dab8cd6d,usdt,181,25268.51046081621,1277399.797209,49.149171270718234,0.034104300786438425,2.046258047186306,49.11019313247134,1759.3089028776978,0.0155,6552,0.1452,0,-1
0xc351e45db65d68585e180795537563d33b3716e7,usdt,435,68973.53737778401,101.321054,1.639080459770115,0.0011371132060787232,0.0682267923647234,1.6374430167533616,52765.19495091164,0.0,357,0.0091,0,-1
0x3dab85f97f2aac6e4071660b61fa4c81775fe8c0,usdt,53,6981.736167302324,136.989967,1.6226415094339623,0.0011260907367252235,0.0675654442035134,1.6215706608843217,53281.67441860465,0.009259259259259259,76,0.05555555555555555,0,-1
0x483024d866c61d701e1519657e8adb19cd0f9320,usdt,75,24.7979347826087,28.612,1.5333333333333334,0.0010634697225546206,0.06380818335327725,1.5313964004786538,56419.09565217391,0.2440944881889764,69,0.29133858267716534,0,-1
0x53e9f0c9241103f8c8f494402522cee55397ce2e,usdt,291,138519.69928779453,85816.670948,0.5017182130584192,0.0003478411690512847,0.02087047014307708,0.5008912834338499,172492.5205479452,0.027635619242579325,101,0.02354145342886387,0,-1
0x6729809dd35cfaab5ba5d2d3664dcded4ca01520,usdt,142,12136.64,29291.6,0.035211267605633804,2.4314075612884902e-05,0.0014588445367730942,0.03501226888255426,2467706.4,0.0,3,0.05660377358490566,0,-1
0xec4831a95a15fb8adefeba9ade6e5cd7f1b04d16,usdt,12,0.04,0.0683,0.3333333333333333,0.0002159407458593362,0.012956444751560171,0.3109546740374441,277854.0,0.0,2,0.75,0,-1
0xdecf2ba1e034b52fc77cd345ba67b9ec57d44dfa,usdt,373,2521.979526594828,579.95,0.3109919571045576,0.00021584487452155936,0.012950692471293563,0.3108166193110455,277977.4137931034,0.017064846416382253,86,0.030716723549488054,0,-1
0x91987d9872b521394c2f2a45d351a4f79163fd29,usdt,12,0.04,0.065,0.3333333333333333,0.00021747876863521202,0.01304872611811272,0.3131694268347053,275889.0,0.0,2,0.75,0,-1
0x2c7485b4f04f914227aa1c8d5a5d87813d4b97a3,usdt,23,3726.7199194054047,650.767073,1.608695652173913,0.0011009283503927636,0.06605570102356582,1.5853368245655797,54499.45945945946,0.3783783783783784,23,0.21621621621621623,0,-1
0x45f70b01d693bf1bea36188ab5f6bd3d8a5f0e0a,usdt,35,1556.5753457954547,0.0,2.5142857142857142,0.0017233073401142867,0.1033984404068572,2.481562569764573,34816.77272727273,0.3008130081300813,50,0.16260162601626016,0,-1
0x56ddf5841fa480b868d2a4ebfdb56ab985ef7b71,usdt,272,1760.808806272727,0.0,0.08088235294117647,5.614929177877384e-05,0.00336895750672643,0.08085498016143432,1068579.8181818181,0.07103825136612021,11,0.03825136612021858,0,-1
0xe3ff7ccf609082bda151f40790a1c9143b3a0663,usdt,153,83035.48924007003,1.0,2.7058823529411766,0.0018703393988349682,0.1122203639300981,2.6932887343223544,32079.739130434784,0.31153846153846154,260,0.1,0,-1
0x3ef3d8ba38ebe18db133cec108f4d14ce00dd9ae,usdt,13,295.5523128801653,19796.0,18.615384615384617,0.012814267256899582,0.768856035413975,18.4525448499354,4682.280991735537,0.0004,240,0.0002,0,-1
0xa0a7d77912ae1f362176f1dbf63c309183bf1076,usdt,1,0.05034247799827439,23.113558,3477.0,3.914658860616978,234.8795316370187,5637.108759288448,15.327006039689387,0.00018733608092918696,3476,0.0003746721618583739,0,-1
0x227b125aecb355e8e7c146f58abdccc5b6a63e3b,usdt,21,173.75006475,265.0,0.19047619047619047,0.0001320864373646114,0.007925186241876684,0.1902044698050404,454248.0,0.2,0,0.4,0,-1
0xc0ea4daef535082a02742eb5fa9ade31458f2baf,usdt,48,16585.245516814815,94673.684,1.125,0.0007675666148322298,0.04605399688993379,1.105295925358411,78169.11111111111,0.4,30,0.3,0,-1
0xf863e681e2c4208674042a803d1c4af68f39f9f5,usdt,68,3354.441402346154,294.853386,1.1470588235294117,0.0007864964607659265,0.04718978764595559,1.132554903502934,76287.69230769231,0.17,41,0.19,0,-1
0x7fd2ff38288be31de265a8c304329a994724515e,usdt,436,34251112543297.72,940.0,7.215596330275229,0.005000343316642211,0.3000205989985326,7.200494375964784,11999.176096630643,0.07069685089161502,2431,0.04034399898823827,0,-1
0xe7f10f92bdd5fb66d8e152e471df5ed30dedaeb4,usdt,23,1943.603079861111,0.0,1.565217391304348,0.0010631386214635876,0.06378831728781525,1.530919614907566,56436.666666666664,0.3888888888888889,23,0.2222222222222222,0,-1
0xc7f452026a1a0eefa9f583c6e53161e9d20d5dfe,usdt,7,0.030522660465116272,21.502046,276.42857142857144,0.1824060632341019,10.944363794046115,262.6647310571068,328.9364341085271,0.0675888085507702,1929,0.0022005658597925182,0,-1
0x6457257d97e6e8e76433092e11275f558f5ad662,usdt,77,145166.9481253749,354211.488458,14.168831168831169,0.009757764175142476,0.5854658505085485,14.051180412205165,6148.949587534372,0.35968379446640314,416,0.11146245059288537,0,-1
0xfcec10ca7f92aefafa7e5e40e06542ab2c8d27dc,usdt,825,2080.697128271917,199.56,1.6315151515151516,0.0011329520015541474,0.06797712009324886,1.6314508822379723,52958.9955423477,0.1524911927528938,921,0.11122294916960242,0,-1
0x07aa9793ce6a0cc48362fb194b5a3b46d1127da1,usdt,877,46589.72441534388,0.0002,1.9464082098061573,0.0013514007779698398,0.08108404667819039,1.9460171202765693,44398.37609841828,0.0709515859766277,1134,0.09015025041736227,0,-1
0x93e91d5b1bffaec21df52620e2e06aa356dd084d,usdt,176,230823.12510111893,0.0001,2.102272727272727,0.0014592471704408584,0.0875548302264515,2.101315925434836,41117.09189189189,0.2028985507246377,172,0.08281573498964803,0,-1
0x4cd00e387622c35bddb9b4c962c136462338bc31,usdt,1,5145.83820097447,101.868673,2742.0,1.2349126283552512,74.09475770131507,1778.274184831562,48.586433260393875,0.0001,311,0.1361,0,-1
0xec8914105e187a7db6c37b19dee75844cd983ee8,usdt,1,0.008487166666666669,0.001335,6.0,0.0053705692803437165,0.32223415682062295,7.733619763694951,11172.0,0.16666666666666666,4,0.5,0,-1
0xebe871c7f3ff30ef04b615c7f7f1408895181ab6,usdt,145,4889.8889292230215,1187.963663,1.9172413793103449,0.0013288363217810613,0.07973017930686367,1.9135243033647282,45152.287769784176,0.042774086378737544,114,0.026993355481727575,0,-1
0x7d16210a10453a46bd2bdad8693a431080c51dff,usdt,252,4728.79801864557,2000.0,0.626984126984127,0.00043385306000956675,0.026031183600574003,0.624748406413776,138295.67088607594,0.09770114942528736,60,0.14942528735632185,0,-1
0xb40263800e0cd1cdbda236d2d8352d5cef92b741,usdt,936,15938.847854872805,0.0002,0.24358974358974358,0.00016914481125293723,0.010148688675176234,0.2435685282042296,354725.63157894736,0.12987012987012986,154,0.1012987012987013,0,-1
0x51dbd97fa14f4d78f8afc2e92a692a9e087efb5c,usdt,23,1886.8558954892953,7198.03754,264.0,0.17961946232487694,10.777167739492617,258.6520257478228,334.0395256916996,0.1215,4405,0.0999,0,-1
0x756bd9f464dfdc23541cc987161567904b7c93dd,usdt,1,0.06457056857855363,47.600519,2807.0,5.268393393393394,316.1036036036036,7586.486486486487,11.38867117919487,0.0017582417582417582,2806,0.00043956043956043956,0,-1
0xc68a78e11da72e6c7fc97ba85cedd92d2fcac9aa,usdt,8,1959.667906131579,207.415433,9.5,0.006081751544444801,0.36490509266668797,8.757722224000512,9865.578947368422,0.3695652173913043,55,0.17391304347826086,0,-1
0x95ad61b0a150d79219dcf64e1e6cc01f0b64c4ce,usdt,459,28.052796363636364,18.71,0.023965141612200435,1.662430491514199e-05,0.0009974582949085194,0.023938999077804467,3609173.4545454546,0.0003,0,0.0009,0,-1
0x674cdb69283b25da1ae3027e6c28adb95b76c2ea,usdt,61,3171.762436825431,0.0,15.21311475409836,0.010546461253119616,0.6327876751871769,15.186904204492247,5689.112068965517,0.3302063789868668,583,0.20075046904315197,0,-1
0x75b817cd98b454d456d02a1ffb8f51102ae322cb,usdt,117,25476.10746354845,4153.795669,4.410256410256411,0.003055952355570717,0.18335714133424302,4.400571392021832,19633.81395348837,0.10166799046862589,388,0.0818109610802224,0,-1
0x3a08bf34246f6e7389d51cb121739f5d1d933d8a,usdt,1097,41598.03590127272,11326.946152,0.010027347310847767,6.96176623300348e-06,0.00041770597398020886,0.010024943375525012,8618502.545454545,0.0,5,0.19230769230769232,0,-1
0xf26b87c196747ae047de402d643810fd427494e4,usdt,305,98851.82068217616,0.0001,0.6327868852459017,0.00043871194173905414,0.02632271650434325,0.6317451961042378,136764.0,0.24596774193548387,71,0.16129032258064516,0,-1
0x47b6aeec096860a2aecaed29d34239f6894db012,usdt,97,1529.0336694814816,145.83,0.5567010309278351,0.0003859690252709645,0.02315814151625787,0.555795396390189,155452.88888888888,0.2898550724637681,30,0.36231884057971014,0,-1
0x7c3d1599e000678932f70ed798923999d96f10ef,usdt,29,289.1337979117647,377.530803,1.1724137931034482,0.0007871718766640582,0.04723031259984349,1.133527502396244,76222.23529411765,0.11764705882352941,9,0.5882352941176471,0,-1
0x44d71ad9a9ca4baab553b7e9a2c9f268968696c3,usdt,1486,27592.121040242986,0.0003,1.3681022880215343,0.0009497037205456861,0.056982223232741165,1.3675733575857882,63177.59813084112,0.1401952085181899,1409,0.0940550133096717,0,-1
0xf5ccbf216c3b4e40f877dfda6abaaa4d5396e65e,usdt,145,679.380369778157,44.998621,2.0206896551724136,0.0013966027756646018,0.08379616653987611,2.0111079969570267,42961.39249146757,0.1934065934065934,145,0.2021978021978022,0,-1
0xdc8ead92dea0d3a174fb1497c23115f1f7bf92f5,usdt,132,2813.7122600836938,80266.91755,14.030303030303031,0.009708890554801236,0.582533433288074,13.980802398913779,6179.902807775378,0.3062589584328715,1174,0.17391304347826086,0,-1
0xceab5c856a540328071811eaa5207530808fc2c4,usdt,65,420.8013701610942,1020.408,141.72307692307692,0.0970178490936435,5.82107094561861,139.70570269484662,618.4429005644811,0.0103,93,0.0762,0,-1
0x4278e96f1d372716e1ff20aaab31385876ba47c3,usdt,62,0.0155,0.03,0.25806451612903225,0.00017696491891688624,0.010617895135013173,0.2548294832403161,339050.25,0.0,10,0.4117647058823529,0,-1
0xec0586603972936d339b5f2d0ea4be143a30cdbb,usdt,341,175.22145316404888,70.0,1.6803519061583578,0.0011663139228571882,0.06997883537143129,1.6794920489143512,51444.12565445026,0.06301824212271974,79,0.01658374792703151,0,-1
0x9445e61b53c6a1a7a92f3cc7dd259e70a0b07f59,usdt,103,0.00022440000000000003,0.0,0.0970873786407767,6.732220542159185e-05,0.004039332325295511,0.09694397580709227,891236.4,0.9,1,0.5,0,-1
0x13a03a772072436b5195e909f8263464542c1013,usdt,19,518.5955032428571,937.782347,3.6842105263157894,0.0025194719186858437,0.15116831512115061,3.628039562907615,23814.514285714286,0.37142857142857144,43,0.24285714285714285,0,-1
0xc210dc7ce446eb11331f0a8cc4abdd0a4d389f81,usdt,29,92857.10558614286,100000.0,0.4827586206896552,0.00033120729791623294,0.019872437874973975,0.47693850899937545,181155.42857142858,0.0,6,0.25,0,-1
0x2ac89ad0fb7ba65cab88135d254bb6f47af825ff,usdt,53,9583.819735103447,27001.913,0.5471698113207547,0.00037733688637215306,0.022640213182329182,0.5433651163759003,159009.10344827586,0.0,17,0.12195121951219512,0,-1
0x32bd8a2e7f98e3db06307912dda63f94fadca279,usdt,82,2087.013838060907,0.00035,54.0609756097561,0.037457772339889776,2.247466340393387,53.939192169441284,1601.8037446424544,0.1035230352303523,3236,0.08360433604336043,0,-1
0xc19a215fd23146fdb7cff7b6a30190a3d989f24f,usdt,12,231520.45800822222,116900.0,0.75,0.00048367333777596253,0.02902040026655775,0.696489606397386,124050.66666666667,0.125,7,0.1875,0,-1
0x7171f20156feb80a813ad5a41c839db96d80bdef,usdt,15,113.31886200000001,36.300109,0.4,0.00026168876482903,0.0157013258897418,0.3768318213538032,229280.0,0.0,0,0.2727272727272727,0,-1
0x281def22ea7d75b39300124b193aad56c6f8ee0b,usdt,278,4445.818399818182,7317.333733,0.039568345323741004,2.746287019949029e-05,0.0016477722119694173,0.03954653308726602,2184768.0,0.0,6,0.08333333333333333,0,-1
0xe7307d9256d08e5a94bd9d1a28182a24fe93be6f,usdt,6,0.00015000000000000001,0.0002,0.6666666666666666,0.0004502375002813984,0.027014250016883908,0.6483420004052137,133263.0,1.0,2,0.75,1,2
0x833c3e4975498c2208476f1aa31ded7d3b79a320,usdt,746,16852.28281868421,944.58,0.10187667560321716,7.067257414994377e-05,0.004240354448996626,0.10176850677591903,848985.6315789474,0.0223463687150838,22,0.3016759776536313,0,-1
0xc0d6f676da1a9d456a7362a303105e5b87d3297c,usdt,13,118.745,287.1,0.9230769230769231,0.0006368277487077703,0.03820966492246622,0.9170319581391894,94217.0,0.0,6,0.13333333333333333,0,-1
0xec87c097e162d8cbb720da996eba11d19a553ee8,usdt,39,1847.0681047619046,0.0001,0.5384615384615384,0.00036637961114910605,0.021982776668946363,0.5275866400547127,163764.57142857142,0.6521739130434783,1,0.30434782608695654,0,-1
0x427a3c46b36708ab4ed526c61d49505e4f1547c3,usdt,1,0.0007,0.0009,4.0,0.002789789370902497,0.1673873622541498,4.0172966940995956,21507.0,0.4444444444444444,2,0.2222222222222222,0,-1
0x547110cc9a9f1c1afbb548b81133a66952a6134b,usdt,822,609444.8729992918,24064.740021,0.11678832116788321,8.107183724828673e-05,0.004864310234897203,0.11674344563753289,740084.375,0.00145985401459854,50,0.006812652068126521,0,-1
0xfe1fdf19e8cbdc43f0bd0cb25977aae16f7ad53e,usdt,45,0.0010828749999999999,0.00055,0.35555555555555557,0.000246510338027301,0.014790620281638061,0.35497488675931343,243397.5,0.34782608695652173,8,0.08695652173913043,0,-1
0xf721836a1418d03e10f653872f4fab527ada1107,usdt,6,23923.4,4103.0,0.8333333333333334,0.00051440329218107,0.030864197530864196,0.7407407407407407,116640.0,0.0,1,0.2222222222222222,0,-1
0xc9df67bba05e3a694d593b5b0ca38b4ed67abbcb,usdt,73,0.00044866666666666666,0.00052,1.1095890410958904,0.0007638598119207397,0.045831588715244384,1.099958129165865,78548.44444444444,0.5094339622641509,40,0.012578616352201259,0,-1
0x5b842964c1d09a32446739d4cd67968b726ca066,usdt,17,0.029347826086956522,0.061561,5.411764705882353,0.0036126316450825016,0.2167578987049501,5.2021895689188025,16608.391304347828,0.174496644295302,77,0.10738255033557047,0,-1
0x93feeaa6f2e12921628f975d6f629742b75f89c8,usdt,240,1150.6379310344828,1596.5,0.12083333333333333,8.372834828221188e-05,0.005023700896932714,0.12056882152638511,716603.1724137932,0.08163265306122448,0,0.1836734693877551,0,-1
0xda790af670919793776e39fa351a4704e43bf5b2,usdt,148,1459.8091401037343,1500.0,1.6283783783783783,0.0011237484892343962,0.06742490935406377,1.6181978244975306,53392.730290456435,0.18996415770609318,62,0.11827956989247312,0,-1
0x9d6f424b4d624b878abc92b577b9363f56a1cfbb,usdt,472,9507.976278090164,700.0035,0.7754237288135594,0.0005373903268566543,0.03224341961139925,0.773842070673582,111650.68852459016,0.08026030368763558,310,0.08026030368763558,0,-1
0x96919be8434cca745b385e0c06ea00e6b3cbc96d,usdt,5,0.00036133076923076924,0.000166,26.0,0.017213983050847457,1.0328389830508475,24.78813559322034,3485.5384615384614,0.37249283667621774,0,0.3495702005730659,0,-1
0x5afe0000727040681d781fb23e8c82b468076042,usdt,1,0.0010378451289150372,0.00028,5779.0,28.751243781094526,1725.0746268656717,41401.79104477612,2.0868662398338813,0.3772,5779,0.0001,0,-1
0x5a1a9e9ff2e98f379a545a59f4996524bfcefcd8,usdt,1,0.02121,0.00505,5.0,3.125,187.5,4500.0,19.2,0.4,2,0.8,1,2
0x5bec92b157c3320048ac47ca9d4aaf57d8f785b5,usdt,99,501.193209444816,25.0,6.040404040404041,0.004157131217969929,0.24942787307819578,5.986268953876698,14433.030100334448,0.3091732729331823,258,0.12344280860702152,0,-1
0x0d7a42bb703f9d003cdbc6046114ccea3b86f268,usdt,1,1086.3031246666667,1629.454687,3.0,0.10273972602739727,6.164383561643835,147.94520547945206,584.0,0.0,1,0.1,0,-1
0x62fbe83d83124a731fc961ada8fee67674ebb220,usdt,1,0.0001655555555555556,0.0,18.0,0.01437699680511182,0.8626198083067093,20.702875399361023,4173.333333333333,0.8571428571428571,14,0.09523809523809523,0,-1
0xbabc528aa9877b6827b6a6cd3c3e6dcce2abef2c,usdt,706,48340.2560883071,24991.377975,3.7082152974504248,0.002571971989279848,0.15431831935679086,3.7036396645629805,23328.40336134454,0.041989164086687306,1689,0.08475232198142414,0,-1
0x97a64f8890f2ee2248acc6348f59b363691ce05e,usdt,665,2914431927011.277,0.0,1.6015037593984962,0.0011121010376685852,0.0667260622601151,1.6014254942427626,53951.932394366195,0.18285714285714286,818,0.05714285714285714,0,-1
0xc10822c39ba219a63aa2b571bedb36e5a31d6a9c,usdt,1,0.07401492909356727,68.329451,2736.0,11.457286432160803,687.4371859296482,16498.49246231156,5.2368421052631575,0.00022079929344226098,2735,0.00044159858688452196,0,-1
0xf52d5f9d00819a70839d44c7454255822c7767ce,usdt,57,1993.6192184285715,100.686841,0.9824561403508771,0.0006800226350391378,0.040801358102348265,0.9792325944563582,88232.35714285714,0.05238095238095238,39,0.06666666666666667,0,-1
0x8c8a83fb9c594623c8a0c2ed5122436957cce560,usdt,61,8312.968697947368,0.0,0.9344262295081968,0.0006408526713437668,0.03845116028062601,0.9228278467350243,93625.26315789473,0.01725554642563681,28,0.018077239112571898,0,-1
0xad3e56213c0536e224615d81b74996ddf704645a,usdt,1470,78365089159291.22,0.0,4.427210884353742,0.0030729336822853826,0.18437602093712296,4.425024502490951,19525.31561155501,0.2089125102207686,4176,0.08513900245298446,0,-1
0xf3e3b5936c220235cc6cbe7fc2d8b2e4f93e8f39,usdt,2,22873.51405405405,49252.0,37.0,0.02421941480657197,1.4531648883943182,34.87595732146364,2477.3513513513512,0.0,20,0.03896103896103896,0,-1
0xb2c43a7d9d4446926bfe260c15bcb57571003106,usdt,64,33384.88412757388,50000.0,4.546875,0.0031324071741812144,0.1879444304508729,4.510666330820949,19154.59793814433,0.05870020964360587,231,0.1069182389937107,0,-1
0x68d75b45a7ddc1e43d2a9ad20542cf45f7ba8fd0,usdt,6,0.0043486757549105835,27.408457,1137.0,0.6970328592447278,41.821971554683664,1003.727317312408,86.07915567282322,0.6821,6822,0.0001,0,-1
0xe02b10dfe0626307b44c184075e4ee831ea9b189,usdt,768,6169400.054958224,5000000.0,1.24609375,0.0008648655292254059,0.05189193175352435,1.2454063620845843,69374.94670846395,0.09881422924901186,355,0.06280193236714976,0,-1
0xf7214403bf05cdd96c4c0d208f81ddf8a19c1107,usdt,1,0.0,0.0,3.0,0.014534883720930232,0.872093023255814,20.930232558139533,4128.0,0.75,2,0.5,0,-1
0x204d7d11d3deb5efda696d2ac00824f7c8b71de0,usdt,28,3156.8054272,0.0,1.4285714285714286,0.0009878982464806125,0.059273894788836747,1.422573474932082,60735.0,0.09722222222222222,11,0.1388888888888889,0,-1
0x87ba9dc9defef228460b330e5a3843682c571842,usdt,361,11410.366179833509,3000.0,5.2908587257617725,0.003669712079385671,0.22018272476314027,5.2843853943153665,16350.056544502619,0.13585410741174503,906,0.061234733143717586,0,-1
0x1bc98884560bc6bf2ad1a571688a1dcd8c61c19e,usdt,1,0.0,0.0,5.0,0.0052279381012128815,0.3136762860727729,7.52823086574655,11476.8,1.0,0,0.2,0,-1
0xf4fb9fa23edb32215e5284cf7dbfdb5607d51a5b,usdt,800,34048.66911455555,516.051781,0.01125,7.807618882708918e-06,0.00046845713296253506,0.011242971191100843,7684801.333333333,0.0,3,0.0005,0,-1
0x9e65f7b94430b8424e6e75cbc28bb7ffcaa3f24e,usdt,78,240110.90532926036,0.000389,3.1025641025641026,0.002154163321185751,0.12924979927114508,3.101995182507482,27853.04132231405,0.09285714285714286,200,0.02142857142857143,0,-1
0x28d49923a3a1576fa28dab183be76bfdce46f94c,usdt,762,7085.863094201717,0.0001,0.30577427821522307,0.00021225968195665165,0.0127355809173991,0.3056539420175784,282672.6180257511,0.2153846153846154,171,0.12692307692307692,0,-1
0xdd802bc2a7a6d330777daf979ff3cffe95d35782,usdt,616,4392.1638852407405,0.0003,1.2272727272727273,0.0008513745532254369,0.05108247319352622,1.2259793566446293,70474.26984126984,0.279491833030853,580,0.11252268602540835,0,-1
0xe09ce6202271abd81749aba502813219cd33715f,usdt,831,458253778051.94824,80000.0,4.02647412755716,0.0027946553094191245,0.16767931856514745,4.024303645563539,21469.55289898386,0.24223722275795564,1709,0.09951783992285439,0,-1
0xf57b2c206c0d6438effa3063715bb7bfbc6025a3,usdt,1,908.0000908000002,0.000227,5.0,0.10373443983402489,6.224066390041494,149.37759336099586,578.4,0.5,2,0.6666666666666666,1,2
0xac694a242f733b454e510eaf2bcbd0913d1b9eaf,usdt,81,3435.2309032287385,0.0,16.839506172839506,0.011633401166410515,0.6980040699846309,16.752097679631145,5157.563049853373,0.2897617514488088,731,0.1519639407598197,0,-1
0x3ce82307df3e5adfd80f1c004ac3c650af78c408,usdt,703,1464.6283939239765,0.0008,0.24324324324324326,0.0001689114104102769,0.010134684624616615,0.24323243099079878,355215.7894736842,0.029288702928870293,37,0.1297071129707113,0,-1
0xa2f1ede0a76c19a1eefed0ba4c720d78dac223f4,usdt,664,10177.91796205797,2500.0,0.3117469879518072,0.00021627892835149274,0.012976735701089566,0.31144165682614955,277419.53623188403,0.1275,146,0.09,0,-1
0x39d5036cf6b7aa6efcab1eb81a488dffd88add96,usdt,197,1285.806758738602,5000.0,3.3401015228426396,0.002310573366322796,0.13863440197936777,3.3272256475048265,25967.580547112462,0.275092936802974,342,0.07187112763320942,0,-1
0xf6de177e9f8d21df28834fe21e628382bbb26f83,usdt,96,0.00017314285714285714,0.000144,0.5104166666666666,0.0003542679161961169,0.021256074971767017,0.5101457993224083,169363.3469387755,0.8846153846153846,26,0.15384615384615385,0,-1
0x61329adc9362b5906a6e098ac01616a70fe57080,usdt,1199,190079.6662581354,1000.00309,0.27105921601334443,0.0001880834493277724,0.011285006959666343,0.27084016703199226,319007.3353846154,0.006020066889632107,153,0.008695652173913044,0,-1
0x843045833bb23770d3ae5e7a4a6da891f7d3694a,usdt,12,0.04,0.069,0.3333333333333333,0.00021653692495912866,0.01299221549754772,0.3118131719411453,277089.0,0.0,2,0.75,0,-1
0xeb60bce9f40c13748d3a28cc84d9b6b2997e2f9f,usdt,10,0.01848022222222222,0.05154,0.9,0.0006153677848127231,0.03692206708876339,0.8861296101303213,97502.66666666667,0.2222222222222222,5,0.4444444444444444,0,-1
0x54d73cbab8574fff6fccbddd40e25388c916460c,usdt,12,0.0008749999999999999,0.0003,0.6666666666666666,0.00044015537484732106,0.026409322490839264,0.6338237397801424,136315.5,0.18181818181818182,4,0.18181818181818182,0,-1
0x541fce761cc81e0fe9a0eb008166f33dbd2e59e0,usdt,2,0.00014752941176470586,0.0001,8.5,0.003963073480044759,0.23778440880268553,5.706825811264454,15139.764705882353,0.8947368421052632,11,0.10526315789473684,0,-1
0x83de8856894d025e86c0b43f7f828b97a1516de7,usdt,17,0.000972,0.0,0.23529411764705882,0.00015619386782874905,0.009371632069724942,0.22491916967339862,384138.0,0.75,1,0.75,1,2
0xedc93814509beeca98a606f0380e7b9b871a9b4a,usdt,424,59708502032015.23,249.20608,0.5825471698113207,0.00040371812955919536,0.024223087773551723,0.5813541065652413,148618.54251012145,0.08149405772495756,156,0.0730050933786078,0,-1
0x76181f35532e555268c54152f808c3dc8987446a,usdt,351,81065.09522173653,0.001,0.4757834757834758,0.000330324544854315,0.0198194726912589,0.4756673445902136,181639.54491017965,0.043248945147679324,113,0.022151898734177215,0,-1
0xfa272f5eeaad1b34dfef957a6a0d22d7336795a2,usdt,2,0.012609,0.0665,3.0,0.0019144862795149968,0.1148691767708998,2.7568602425015953,31340.0,0.6666666666666666,2,0.8333333333333334,1,2
0x848515f602d90e9b1974e3ee59a170f6f3cbcb98,usdt,54,372.989164,550.153899,0.6296296296296297,0.00043580245331145776,0.026148147198687466,0.6275555327684992,137677.0588235294,0.012919896640826873,17,0.023255813953488372,0,-1
0x76f7900b423da26d1da188d14d23bf66145f2e35,usdt,1,0.021,0.011,7.0,0.004359197907585004,0.26155187445510025,6.2772449869224065,13764.0,0.0,5,0.42857142857142855,0,-1
0x42c31b4ada1963b5235737901264a61a6920ce5d,usdt,148,459.0651357142856,1.174342,0.0472972972972973,3.279229175020893e-05,0.0019675375050125362,0.04722090012030086,1829698.2857142857,0.0,4,0.0003,0,-1
0x580a1b12c77475014cdbc6d72a278d2975c39568,usdt,1,1032.184618,2000.738272,8.0,0.014010507880910683,0.8406304728546409,20.175131348511385,4282.5,0.25,5,0.375,0,-1
0x90742cf4bd843c0556d5a3a53d6479a6b7ac26c3,usdt,678,71005917162156.16,1253.532572,0.49852507374631266,0.00034608942500211445,0.020765365500126868,0.49836877200304475,173365.5976331361,0.09048288795124239,248,0.027660571964369433,0,-1
0xc125013e58100aba8fee274d28df899749bcba7e,usdt,1301,5716.223951196666,2750.0,0.6917755572636434,0.0004801986870087367,0.028811921220524204,0.6914861092925809,124948.28,0.10250463821892393,541,0.0774582560296846,0,-1
0xae89af4b16a86bfe883321cee4eea9975241ce68,usdt,905,138.0018984,29.504746,0.0055248618784530384,3.83597964782638e-06,0.00023015877886958282,0.005523810692869988,15641376.0,0.0,2,0.028037383177570093,0,-1
0x621e1c425ad4f7f28ea81bfa69c0e37a5bb49dc2,usdt,40,57.5,70.0,0.1,6.926862719971185e-05,0.004156117631982711,0.09974682316758506,866193.0,0.0,0,0.1,0,-1
0x976b5980e724a50532f9e485d2033e29ed3f0e58,usdt,895,820.9574755813954,218.779393,0.09608938547486033,6.668691053811374e-05,0.004001214632286825,0.09602915117488378,899726.7906976744,0.06405693950177936,44,0.09608540925266904,0,-1
0x45b70f0845e1d334a8a3be1da97ac4ca3205a418,usdt,12,1809.5718873157894,2886.210054,1.5833333333333333,0.0010319244848524347,0.061915469091146084,1.485971258187506,58143.78947368421,0.05714285714285714,13,0.14285714285714285,0,-1
0xdfcf818229ed8c01022a56db495b96e74dd44b16,usdt,5,7817.3086503333325,20475.925951,2.4,0.0016567720557779926,0.09940632334667955,2.3857517603203093,36215.0,0.15384615384615385,8,0.3076923076923077,0,-1
0x37ca1503608fde7cdb34bd93f6361e5d230052d9,usdt,4,559.6217845714286,59.964667,7.0,0.003947220029322206,0.23683320175933234,5.683996842223976,15200.57142857143,0.058823529411764705,4,0.2647058823529412,0,-1
0xa030511cc702f91ebf147c666103a8300e608ef1,usdt,254,14273356407789.62,0.0005,1.1377952755905512,0.0007885320697902723,0.04731192418741634,1.135486180497992,76090.75432525952,0.22826086956521738,149,0.20923913043478262,0,-1
0x7b35a97ec0ce6af258e1366e52bae2b0bec20a77,usdt,26,13210.1,7840.0,1.1538461538461537,0.0007875090563541481,0.047250543381248886,1.1340130411499731,76189.6,0.0,6,0.22388059701492538,0,-1
0x33335b1e565f0765bb9adbddc8814fa7e3f6089c,usdt,72,4204.277958753697,239.924453,27.23611111111111,0.018688720818529757,1.1213232491117855,26.91175797868285,3210.4926058133606,0.1670792079207921,1428,0.11344884488448845,0,-1
0x2348c269e5e30d483ffade6d8bedd1ed740a1bec,usdt,1,0.030209088319088317,0.0471,351.0,0.21285627653123104,12.771376591873862,306.5130382049727,281.88034188034186,0.002288329519450801,172,0.04576659038901602,0,-1
0x534098a9c89c9bf4162337b335e84db9871860b1,usdt,499,29021.235419635912,1210.39,1.1943887775551103,0.0008279859242392879,0.04967915545435728,1.1922997309045746,72465.0,0.03831231813773036,363,0.018671193016488844,0,-1
0x8ac77cb6447f6dedc99579a752f62384759c7a67,usdt,1,6.6667,0.0001,3.0,0.009157509157509156,0.5494505494505495,13.186813186813186,6552.0,0.3333333333333333,0,1.0,0,-1
0x53176b14ccde7e80d675bc68a8db00c61e666287,usdt,84,175.01002928795813,90.0,2.2738095238095237,0.0015614934090262495,0.09368960454157496,2.2485505089977993,38424.75392670157,0.116,120,0.056,0,-1
0x60fd41b05e38e796143d93464b13a6a9dcd5c1ea,usdt,210,16541.07925192174,0.00065,0.5476190476190477,0.0003788475260597683,0.0227308515635861,0.5455404375260664,158375.0608695652,0.02247191011235955,79,0.015144113336590131,0,-1
0xdbc272cf9e4152965976b4e6ff9b4d16b6a3adf7,usdt,1,1709.8575,0.0,4.0,0.0035217467864060575,0.21130480718436345,5.071315372424723,17037.0,0.25,3,0.5,0,-1
0x7221a58f28ff5aea92d0fcb2b11b00cfa31e2ca9,usdt,13,0.016547566806242867,41.710857,404.15384615384613,0.278564233073538,16.713853984412278,401.1324956258947,215.39017891130567,0.6879748493581347,5253,0.00026198585276395077,0,-1
0xc9d147c1786919d57f0e07a42226b58c6f8a98b8,usdt,235,427.55555555555554,1500.0,0.07659574468085106,5.3007872847070516e-05,0.0031804723708242313,0.07633133689978155,1131907.3333333333,0.25925925925925924,0,0.1111111111111111,0,-1
0x3f93b798790a092cf934b339fb76ac33a69926f9,usdt,2,14.519253550000002,16.773,10.0,0.006067961165048544,0.3640776699029126,8.737864077669903,9888.0,0.1,8,0.5,0,-1
0xd05c5e04fb0f098e49e46b1d2629d20ace0dd012,usdt,133,7057.530063581804,0.0,9.421052631578947,0.006529353953516002,0.3917612372109602,9.402269693063044,9189.270550678371,0.12970261554998208,833,0.08993192404156217,0,-1
0x4e9ef6790dd931ad962cc7be46f8f11c2111544f,usdt,208,9642.754955591736,69572.0,7.677884615384615,0.005325275283720131,0.3195165170232078,7.668396408556987,11267.023168440826,0.3108424336973479,763,0.08385335413416536,0,-1
0x8e84021c5d6613d3f66ab381eea11f7c416fa69c,usdt,1,1125.00045,0.0,8.0,0.04836759371221282,2.9020556227327687,69.64933494558646,1240.5,0.4444444444444444,4,0.5555555555555556,1,2
0x4d10cf9b2fe1e68a4f13290a94e92b07fc30a9a5,usdt,110,58200.46005703333,85870.821,0.5454545454545454,0.0003755083444212603,0.022530500665275614,0.5407320159666148,159783.4,0.07142857142857142,28,0.17142857142857143,0,-1
0x92d4a10ef0bbc4a49ef352d542f125bd03ff30d6,usdt,28,1336.910420909091,0.0,1.1785714285714286,0.0008043130678937722,0.048258784073626326,1.158210817767032,74597.81818181818,0.28205128205128205,20,0.28205128205128205,0,-1
0x5a90234c49cf74532e7b96b36fa9b18300d73bbb,usdt,28,0.0,0.0,0.6428571428571429,0.0004373942963783752,0.026243657782702514,0.6298477867848603,137176.0,1.0,0,0.6666666666666666,0,-1
0x16466599b08d10c241609838da12964787619c09,usdt,580,12147.473619884191,3532.0,0.9379310344827586,0.000650223813251896,0.03901342879511376,0.9363222910827301,92275.91911764706,0.07709547288211564,368,0.055132227700582695,0,-1
0x6fc11ede7067b2d48fa9ec8961b8780eb50f9e55,usdt,11,0.027523166666666668,0.005139,0.5454545454545454,0.0003473951156246743,0.020843706937480458,0.500248966499531,172714.0,0.0,3,0.6666666666666666,0,-1
0xc8aa43e2156ffdc65bf4113d67be3ee319b28064,usdt,986,6189.179477518518,15000.0,0.05476673427991886,3.802177002159226e-05,0.0022813062012955357,0.05475134883109285,1578043.3148148148,0.003973509933774834,28,0.013245033112582781,0,-1
0x86f9d08bdefc7e9493a02e60312cfcd49912cf2e,usdt,10,0.04571428571428572,0.134,0.7,0.00045178195711943823,0.027106917427166293,0.6505660182519911,132807.42857142858,0.0,3,0.7142857142857143,0,-1
0x96b9417458a75c0b5a26853bd36d6da4a5f22acb,usdt,541,2921.9225075211266,1999.418116,0.13123844731977818,9.104525077196115e-05,0.005462715046317668,0.13110516111162404,659012.9577464788,0.041237113402061855,25,0.14432989690721648,0,-1
0x4e6e1514a8f4e42b45dc432126204520b863b34d,usdt,529,1424.0,2136.0,0.005671077504725898,3.931502738291657e-06,0.00023589016429749945,0.005661363943139986,15261340.0,0.0,1,0.5,0,-1
0x9c52d94ccc063122e05c18f213248c4d190f3a11,usdt,124,87.90732845569622,0.0005,0.6370967741935484,0.00044109288299425017,0.026465572979655006,0.6351737515117203,136025.77215189874,0.04032258064516129,58,0.04032258064516129,0,-1
0x705530389573316ba9dbb658eaf93854873d507f,usdt,11,0.04,0.069,0.36363636363636365,0.00024968165588874183,0.014980899353324511,0.3595415844797883,240306.0,0.0,2,0.75,0,-1
0xdab6536cdeefd4ce74abc68de78a4f75b13695ae,usdt,1,0.00043749999999999995,0.0007,8.0,0.08316008316008315,4.98960498960499,119.75051975051974,721.5,1.0,3,0.25,0,-1
0x0596398fb8e995cec8b28870babd5530696a9a28,usdt,9,1250142.0591908921,0.000751,11.333333333333334,0.007503531073446327,0.4502118644067797,10.805084745762713,7996.235294117647,0.32608695652173914,56,0.2463768115942029,0,-1
0xd72f19f4249489adffb1ebfb67789bb465f67b00,usdt,94,0.000965,0.001,0.425531914893617,0.0002929647446226321,0.01757788467735793,0.42186923225659023,204802.8,0.18604651162790697,20,0.09302325581395349,0,-1
0xaddce9eef8f2ee4f5050580c78a32574ff7168b3,usdt,432,2554.0614721785714,0.0005,0.12962962962962962,8.98459911360512e-05,0.005390759468163073,0.12937822723591375,667809.4285714285,0.08411214953271028,28,0.14953271028037382,0,-1
0xe228ab6f860a862d38009d590647ced37346632e,usdt,14,0.07,0.05199,0.5714285714285714,0.00037895654315841333,0.0227373925895048,0.5456974221481151,158329.5,0.0,5,0.4,0,-1
0x52861d1e347cd5b01af42b5b4e010363a6bdeff2,usdt,223,11719.247181494646,1000.0,2.094170403587444,0.0014496469628499252,0.08697881777099552,2.0874916265038923,41389.387580299786,0.12614259597806216,293,0.16819012797074953,0,-1
0x7e32c79848264bd5a7437ccde8353939b7adeb43,usdt,7,1131.0207383333334,0.0,3.4285714285714284,0.0022079523082301424,0.13247713849380854,3.1794513238514046,27174.5,0.32,17,0.24,0,-1
0x0081d5a8250581c19c9152d9fbe2766fe7286055,usdt,215,2246.1030434393447,110.94,2.8372093023255816,0.0019690313334215634,0.11814188000529378,2.835405120127051,30471.83606557377,0.0452418096723869,237,0.0873634945397816,0,-1
0x8412f98582158cc5bda82e9ade35543f72c71fb5,usdt,677,2827.157547190184,218.885459,0.4815361890694239,0.0003339154661244808,0.02003492796746885,0.4808382712192524,179686.1963190184,0.0014998125234345708,179,0.0074990626171728535,0,-1
0x2731018d041ed1c230a20f3bee72f0c6decae3aa,usdt,28,2.0502865999999997,0.2323,0.35714285714285715,0.0002474169668659198,0.014845018011955188,0.3562804322869245,242505.6,0.0,3,0.03414634146341464,0,-1
0x7ab0c7ef3cf7b0a2c5e0a16cb527ce9e91e99e6d,usdt,244,350.6797698194444,0.001,0.29508196721311475,0.000204807165520031,0.012288429931201859,0.29492231834884464,292958.5,0.0,2,0.1452991452991453,0,-1
0x48f870d669432b89443c0f94b8a36fb3fcf44fe8,usdt,17,0.019000000000000003,0.055432,0.5882352941176471,0.0004010394943694055,0.02406236966216433,0.5774968718919439,149611.2,0.25,7,0.3333333333333333,0,-1
0x04907dd5165e3d168b2190e7c840b2d0e1a6a9cc,usdt,1534,376176.39198193094,100000.0,0.7737940026075619,0.0005373418117048815,0.03224050870229289,0.7737722088550294,111660.76916596462,0.004786870298609528,603,0.0029633006610439937,0,-1
0x931a42a2386205e8169b2f1cb4a74b077e1cda49,usdt,79,136035.8699711024,1000.0,5.3164556962025316,0.0036754474857313875,0.22052684914388326,5.292644379453198,16324.542857142857,0.056533827618164965,345,0.03521779425393883,0,-1
0x848bd114d1f739c7ae1d30215fd7cd6004444680,usdt,1339,103613.55196932389,8655.0,0.36893203883495146,0.00025611551397259616,0.01536693083835577,0.3688063401205385,234269.2914979757,0.024526198439241916,266,0.06465997770345597,0,-1
0x761d1767846362ce79044ebedc02770afe0f26a5,usdt,217,6539.963238349399,0.000509,0.3824884792626728,0.00026451536005639594,0.01587092160338376,0.38090211848121014,226829.92771084336,0.12844036697247707,46,0.12844036697247707,0,-1
0x6a80957a838d9db9882ff1492cdc4eeeaaa21cc4,usdt,45,0.00041310344827586197,0.000175,0.6444444444444445,0.0004382915696883596,0.026297494181301576,0.6311398603512378,136895.1724137931,0.6744186046511628,14,0.3488372093023256,0,-1
0x5e08069b354f98b1514109d582c9ed031b704f25,usdt,117,379325.4270157322,500000.0,12.290598290598291,0.008470003934605444,0.5082002360763267,12.196805665831839,7083.82197496523,0.2528026905829596,737,0.13901345291479822,0,-1
0x41d13ca83e7c89c06a656a92bd682ffc43945b7e,usdt,2,587.6107401666666,0.001175,3.0,0.0017488632388947183,0.1049317943336831,2.5183630640083945,34308.0,0.00013653741125068268,2,0.0006826870562534135,0,-1
0x2c7ef73f8bc5a8f993039abd2710d29df7efff53,usdt,1039,3200.8250018000003,31.345009,0.009624639076034648,6.677782057494101e-06,0.00040066692344964606,0.009616006162791506,8985019.2,0.03333333333333333,5,0.16666666666666666,0,-1
0x49f77a8559d521427b266e8fb8d854b7a371a519,usdt,7,16.455495387096775,19.0,4.428571428571429,0.0030052737707460834,0.18031642624476502,4.32759422987436,19964.90322580645,0.0975609756097561,0,0.04878048780487805,0,-1
0xce35c1a7964f3b048ff5e90e9446a9750d6135fa,usdt,29,0.0030121500000000003,0.00272,0.6896551724137931,0.00046786252327616056,0.02807175139656963,0.6737220335176711,128242.8,0.0,10,0.0005,0,-1
0x756c05682e43ba1a2a657fe8aa3108fd1ea8baf4,usdt,764,449.33861577777776,500.0,0.011780104712041885,8.173025492393003e-06,0.0004903815295435801,0.011769156709045922,7341222.666666667,0.0,5,0.12903225806451613,0,-1
0x6da9abf1ef46618ad1c6c0e7eda93d83b4f5c603,usdt,55,397.12259514285716,1.0,0.12727272727272726,8.730117158172264e-05,0.005238070294903358,0.12571368707768057,687276.0,0.0,4,0.028985507246376812,0,-1
0x3898c617529b52e7550c9e4476922339f1a36b13,usdt,31,2733.9627270000005,7043.54716,0.45161290322580644,0.0003093785910015027,0.01856271546009016,0.44550517104216386,193937.14285714287,0.03508771929824561,10,0.043859649122807015,0,-1
0xac726f0a2847377c3afc1c255c868b183f638361,usdt,32,1104.4368349142856,0.0,1.09375,0.0007530185285587656,0.045181111713525936,1.0843466811246223,79679.31428571428,0.32558139534883723,10,0.5116279069767442,1,2
0xf3b75089ea79b0102a4dda7021f4c576731bdb4e,usdt,954,28439.983080808313,2690.0,0.45387840670859536,0.0003149300709778193,0.01889580425866916,0.45349930220805984,190518.48498845266,0.11447811447811448,303,0.08641975308641975,0,-1
0x6a8c15169e0fffa1910a1049f9607419eca11cc4,usdt,309,0.014062296296296297,0.001644,0.17475728155339806,0.0001211616983639132,0.007269701901834792,0.174472845644035,495206.0,0.0,27,0.047058823529411764,0,-1
0x4292070d5e48eb5f60a67e84bdea48e8136e5099,usdt,145,11077.82156839378,1056.017543,14.413793103448276,0.00996768372014941,0.5980610232089646,14.353464557015151,6019.452631578947,0.34526967285587973,1225,0.22148541114058357,0,-1
0x4ef20ce5f0dafeff0898b64219521fc26323cb19,usdt,556,6177.520184541061,0.000667,0.3723021582733813,0.0002582701985386648,0.015496211912319889,0.3719090858956773,232314.84057971014,0.22674418604651161,107,0.19476744186046513,0,-1
0x0bdbde2bc808f4f7243f43fe19ba5743fec36671,usdt,472,8054.816604528957,0.0,0.548728813559322,0.0003803723184118706,0.02282233910471224,0.5477361385130938,157740.18532818533,0.33935018050541516,174,0.2490974729241877,0,-1
0x4dc399375e1b135310bda75851a6853ff42fa217,usdt,33,149.5748306468775,0.0,265.42424242424244,0.1819091845550608,10.914551073303649,261.9492257592876,329.8349126612627,0.0185,163,0.2167,0,-1
0x66273988a9fe63a8bee60aa5cac460a4b8f1a85d,usdt,1596,673006666705335.6,0.0,3.5714285714285716,0.002479974460033783,0.14879846760202697,3.571163222448648,24193.797543859648,0.2331397945511389,3083,0.08720410897722197,0,-1
0xec8780d08955b56d67d3d1824f792783e4983ee8,usdt,14,3342.0276251538457,3368.43,1.8571428571428572,0.001288928107556093,0.0773356864533656,1.856056474880774,46550.307692307695,0.0,0,0.21875,0,-1
0x6f64341e1fea6bce63b07ad637118f643a0bc71f,usdt,252,4229.122557506089,0.0,2.9325396825396823,0.0020309160943092577,0.12185496565855546,2.9245191758053313,29543.31799729364,0.1406563965170797,527,0.09377093101138648,0,-1
0xc35bb7930720308a8710542d80247639037f7d40,usdt,6,0.004593071970260223,28.648743,1120.8333333333333,0.7121677433019168,42.73006459811501,1025.5215503547602,84.24981412639406,0.6724,6725,0.0001,0,-1
0x9fded92d3bb5ef62e2e1e02d1eba0094282ba4e5,usdt,308,21135.316136,0.0,0.016233766233766232,1.1270516284318158e-05,0.0006762309770590896,0.016229543449418148,5323624.8,0.0006218905472636816,3,0.0018656716417910447,0,-1
0xad6752e44b90f0dde02e80ee9d1624adb3c90008,usdt,1,1e-05,1e-05,5931.0,3.981071284736206,238.8642770841724,5732.742650020136,15.071320182094082,0.5931,5931,0.0001,0,-1
0x46bb0f8efb630ec0b34c8b12e03b8ab24b700bf0,usdt,245,25220.137323827992,0.0003,8.020408163265307,0.005567922419714242,0.33407534518285453,8.01780828438851,10776.012213740458,0.25928404148544665,1163,0.08865841418534627,0,-1
0x7f0142e9167de244e58357de593378f1e9be212e,usdt,105,0.00018329870129870127,0.0,1.4666666666666666,0.0010173356639568544,0.061040139837411266,1.4649633560978703,58977.58441558442,0.6637168141592921,31,0.1504424778761062,0,-1
0xcf4031edf715e5c6b1f51088e4c6188cde94b876,usdt,10,0.0019000000000000002,0.001,2.0,0.0013505483226189834,0.081032899357139,1.9447895845713359,44426.4,0.0,18,0.13043478260869565,0,-1
0x60ac95ec1153aa8199751917ede25d0ca49a36e2,usdt,46,7855.08103125959,53165.195591,104.26086956521739,0.07125601352616236,4.275360811569742,102.60865947767381,842.0341951626356,0.0002,2394,0.0017,0,-1
0xd8a523d9b49d74e88948a50c29d2337163b1e985,usdt,111,211.3254772401216,0.977144,2.963963963963964,0.0020405986086714893,0.12243591652028939,2.938461996486945,29403.136778115502,0.1056422569027611,182,0.05402160864345738,0,-1
0x23f423c5551c570d60bff89e1b7bbe7e1606e337,usdt,37,698.1046952290641,15092.504918,10.972972972972974,0.007427653556675192,0.4456592134005115,10.695821121612276,8077.92118226601,0.46788990825688076,169,0.25688073394495414,0,-1
0x76600115c5cbe56d82bde2af8cafb3801aee5efe,usdt,10,2125.037091555683,184.884257,174.2,0.11359782977280435,6.8158697863682605,163.58087487283825,528.179104477612,0.0005,1503,0.0028,0,-1
0xd801a8adda9990b1fd237affb6c61cc6db50b572,usdt,49,182236.13088876646,37496.0,6.204081632653061,0.004266307398675199,0.255978443920512,6.143482654092287,14063.684210526315,0.0,0,0.04576271186440678,0,-1
0xa1dbd1973af714c1a45a83d989b3ce889c9070f1,usdt,340,877.7743055,75.179701,0.011764705882352941,8.164001732401168e-06,0.00048984010394407,0.011756162494657682,7349337.0,0.0,2,0.009036144578313253,0,-1
0x10017c033aad47fa4d1757f31205db85db54f320,usdt,6,0.004320400563547383,26.898976,1123.8333333333333,0.689510603922531,41.37063623535186,992.8952696484447,87.01824113895891,0.6742,6743,0.0001,0,-1
0x13b52036ef492b909b3da915b9c10eec5f21c124,usdt,690,967.0651770000001,1005.923059,0.004347826086956522,3.0153108438719283e-06,0.0001809186506323157,0.004342047615175577,19898446.0,0.0,1,0.25,0,-1
0x3ae84308df7f7c459ef693aa7c0915a17912230a,usdt,29,75000.0,149990.0,0.13793103448275862,9.484141724691173e-05,0.0056904850348147035,0.1365716408355529,632635.0,0.0,2,0.21428571428571427,0,-1
0x2c706e0bab2fe4f7642f1dbfe2baa10ffebd5a28,usdt,212,961.3372121666665,0.0001,0.05660377358490566,3.925563465565939e-05,0.002355338079339563,0.05652811390414952,1528443.0,0.21428571428571427,4,0.35714285714285715,0,-1
0x07bfe70ad41e67270e2d926ef02fbdae446da662,usdt,985,929.5596120552996,0.0,0.22030456852791877,0.00015294520304638651,0.009176712182783191,0.2202410923867966,392297.36405529955,0.2734375,125,0.1796875,0,-1
0x39c1815e604202ae502d0f8243fcbb57d71e920a,usdt,428,286.201278125,71.69,0.056074766355140186,3.888580502851787e-05,0.0023331483017110725,0.055995559241065744,1542979.5,0.08,10,0.2,0,-1
0x3ee7dd6e4c2b469e1e50cfaee4910b88e0a9389d,usdt,774,1539.0378070740742,4994.332426,0.10465116279069768,7.259058408714025e-05,0.004355435045228414,0.10453044108548196,826553.4814814815,0.0196078431372549,45,0.08496732026143791,0,-1
0x9d263620bab44445724b66f265172a887bc603e6,usdt,349,187608524097324.7,7035.74082,25.412607449856733,0.017640399199310056,1.0584239519586034,25.402174847006485,3401.283571992333,0.2237,4820,0.1442,0,-1
0x38683915134c40ac8472a5def61d7a4042170210,usdt,3,0.0002025,0.000255,1.3333333333333333,0.0007889235138653308,0.04733541083191985,1.1360498599660762,76053.0,1.0,2,0.5,0,-1
0x77c6235c4a4d1b20d9cd71d3f2619dd17dc9ddde,usdt,237,8272.409699285186,0.000309,2.278481012658228,0.0015799341343014231,0.0947960480580854,2.27510515339405,37976.26666666667,0.12333333333333334,402,0.13333333333333333,0,-1
0x3981a467222dd2628144a9186a388d608c1cc2da,usdt,36,9496.814006728477,0.0,4.194444444444445,0.002910372103601537,0.17462232621609222,4.1909358291862135,20615.920529801326,0.42245989304812837,99,0.19786096256684493,0,-1
0xcf4094fdb63c8b895a45e7e92ee8e018b9dcb876,usdt,4,0.0031176470588235292,0.001,4.25,0.002743528500419599,0.1646117100251759,3.9506810406042216,21869.647058823528,0.0,13,0.2222222222222222,0,-1
0x8ab206b34eefa704df185b0c46dadac7f2af7528,usdt,6,2333.4182473,681.07,1.6666666666666667,0.0011405629818878598,0.0684337789132716,1.6424106939185183,52605.6,0.2727272727272727,6,0.45454545454545453,0,-1
0xfc1ab1ee5b163879a850477fbfeb35eaec52abc8,usdt,2172,16047.335137095892,1798.988385,0.03360957642725598,2.333853228446346e-05,0.0014003119370678075,0.03360748648962738,2570855.7534246575,0.01034928848641656,41,0.028460543337645538,0,-1
0x3b71a643ea483f912a55b7d4a9172257e7672ee7,usdt,167,467.3259662022792,59.014667,2.1017964071856285,0.0014537701104865284,0.0872262066291917,2.093428959100601,41272.0,0.26506024096385544,215,0.19518072289156627,0,-1
0x11a05e4f81fb0dfe12ae6d0ec9dc8e7cbd07388c,usdt,463,178.68878513333337,19.213819,0.032397408207343416,2.2486395730583e-05,0.0013491837438349798,0.032380409852039514,2668280.0,0.0,1,0.23255813953488372,0,-1
0x9db15e1c76cd7222af20a9af21a8618bfc9d6c9c,usdt,150,766.027181375,227.8521,0.21333333333333335,0.0001479808475788021,0.008878850854728126,0.21309242051347507,405457.875,0.0,16,0.1111111111111111,0,-1
0x17cfb9906894efd043860e9d5d308e29a17d1313,usdt,45,9679.556107294118,0.000117,0.37777777777777777,0.0002609042634826115,0.01565425580895669,0.37570213941496056,229969.41176470587,0.1,14,0.1,0,-1
0xb8366df2a208f5ec7c3a44d6fb2ee67138d24b59,usdt,15,2596.7899312,2996.122431,0.6666666666666666,0.0004505519261094841,0.027033115566569045,0.6487947735976571,133170.0,0.36363636363636365,3,0.36363636363636365,0,-1
0x872ae82cac3af0f86d4e75fea844e7b921e12bcc,usdt,827,19132.593060017964,1001.0,0.20193470374848851,0.0001400927732933177,0.008405566397599061,0.20173359354237747,428287.61676646705,0.0989010989010989,69,0.3626373626373626,0,-1
0xe60f36b48a986998f20ef7e54111e8de4a61e13a,usdt,157,2834.002894775824,995.0,17.388535031847134,0.012004611881663548,0.720276712899813,17.28664110959551,4998.079120879121,0.19187675070028012,1925,0.12745098039215685,0,-1
0xcbf205386829d212705cfcd9cdfbf203c81ef1e9,usdt,11,0.032,0.054,0.45454545454545453,0.00029171528588098014,0.01750291715285881,0.4200700116686114,205680.0,0.0,3,0.6,0,-1
0x4a0acad962f0339a2bcda4cad9e3cbac780afa8a,usdt,3,0.005843666666666666,0.00022,295.0,0.20302821748107364,12.181693048864418,292.3606331727461,295.52542372881356,0.7529812606473595,884,0.0017035775127768314,0,-1
0x759295262cb127609584645eabeb54e75c106350,usdt,252,621.8735644732143,0.0,0.4444444444444444,0.0003081318187920793,0.018487909127524755,0.44370981906059415,194721.85714285713,0.06976744186046512,74,0.05426356589147287,0,-1
0xf040a369708d9643e3f5f3c8879793959e9c533d,usdt,191,73637.01418836553,800.0,2.764397905759162,0.0019191555715485187,0.1151493342929111,2.7635840230298667,31263.75,0.17391304347826086,338,0.04462242562929062,0,-1
0x851ed134db7b06fcf2a08a869d391e8b7d79a83b,usdt,56,9705.842089931359,97003.660716,64.51785714285714,0.04452567158219565,2.671540294931739,64.11696707836174,1347.5372266814281,0.0069,355,0.3233,0,-1
0x09cc5e9269eb0d5d41ef2c40c016ff81bc72e65c,usdt,20,19102.009812666667,1290.029438,0.15,0.00010025196660941167,0.006015117996564699,0.14436283191755278,598492.0,0.0,0,0.18181818181818182,0,-1
0x0242aea14283e8fd5a5db32b7ff5687cdd7f756f,usdt,43,1194.4697232962878,30091.843712,199.2093023255814,0.13659006397377269,8.19540383842636,196.68969212223263,439.27060471632035,0.207,787,0.1702,0,-1
0xa7e7274bc23f651911246b71c81e8c832de4e135,usdt,127,4.9999999999999996e-05,0.00075,0.5511811023622047,0.0003826462282561281,0.022958773695367685,0.5510105686888245,156802.8,0.44871794871794873,4,0.03205128205128205,0,-1
0x280a7b0f40f2b5d56d10c0fcfc109fcd466a2506,usdt,248,1125.9791156235885,162.754194,3.213709677419355,0.0022235117536449412,0.13341070521869647,3.2018569252487152,26984.341279799246,0.042458100558659215,258,0.034636871508379886,0,-1
0x1fd077612bef7171a9996d3ae59fd43533caf0d7,usdt,87,4698.6523276345515,0.000105,3.4597701149425286,0.002386309402059044,0.14317856412354266,3.4362855389650235,25143.428571428572,0.3647959183673469,197,0.13010204081632654,0,-1
0x52f561f5d0ebb0ad85b028cefb855c42f4d4ffde,usdt,48,2052.94509792927,8507.928738,27.6875,0.018885083767922358,1.1331050260753412,27.194520625808195,3177.110609480813,0.0,683,0.001,0,-1
0x6fd0568dd6f4b159aa0e976d5da04a510daaa776,usdt,54,975.0278109846155,0.0,1.2037037037037037,0.0008293397434915969,0.04976038460949581,1.1942492306278996,72346.7076923077,0.11764705882352941,48,0.11764705882352941,0,-1
0xc6e57778d14cf5a2131a619205aa8ece1ed1bc2d,usdt,1026,25008.571455493562,14141.0,0.45419103313840153,0.00031536027881638387,0.01892161672898303,0.4541188014955928,190258.5836909871,0.10619469026548672,242,0.03286978508217446,0,-1
0xc9d963915795f477fe1dfa68ca87ac361b0b98b8,usdt,1,0.00030000000000000003,0.0002,4.0,0.00347041471455839,0.20822488287350338,4.997397188964081,17289.0,1.0,2,0.5,0,-1
0x2d4d4cd1ba2599aa080086842fee1ef0363a6edb,usdt,34,555.5693622222221,0.0,0.2647058823529412,0.00018334270418265822,0.011000562250959493,0.2640134940230279,327256.0,0.2222222222222222,4,0.2777777777777778,0,-1
0x19ebc03b1d14c39fb579810e659c8f369c940ccd,usdt,6,12490.337807818183,22898.952289,1.8333333333333333,0.00120437077101627,0.0722622462609762,1.7342939102634287,49818.545454545456,0.36363636363636365,6,0.5454545454545454,1,2
0xcefd43027aec6fa2f0e532d00c4d1507df17ae52,usdt,254,5632.037118842105,0.00033,0.14960629921259844,0.0001035315144480953,0.006211890866885717,0.14908538080525724,579533.6842105263,0.02127659574468085,18,0.2765957446808511,0,-1
0xeb157fe3264c0f452af83987290fbde18192722a,usdt,51,34.707813379310345,72.517,0.5686274509803921,0.00038775029950367963,0.023265017970220778,0.5583604312852987,154738.75862068965,0.13793103448275862,12,0.3448275862068966,0,-1
0x9789bacc2ff3955d63984ac2cf287894d642b3c6,usdt,12,0.013003006178287731,0.000888,94.41666666666667,0.06453119482383496,3.871871689430098,92.92492054632235,929.7828773168579,0.5731639977912756,1132,0.0011043622308117063,0,-1
0x379474e0500e1611b3713b17bb5169c1ed609aae,usdt,459,1776.6883076177285,292.5,0.7864923747276689,0.0005460581108688555,0.032763486652131336,0.7863236796511521,109878.41551246538,0.06552706552706553,108,0.2094017094017094,0,-1
0xac75e0efecc095c96208bf647d6b056c05638361,usdt,24,0.0004803629343629344,0.000101,10.791666666666666,0.007491741728712172,0.4495045037227303,10.788108089345528,8008.818532818533,0.9135338345864662,126,0.018796992481203006,0,-1
0xa66ab25f80af1ef6dd1a8adb91bf8e39d4f29e30,usdt,133,1423.238654430303,1491.448461,3.7218045112781954,0.0025717839452100914,0.15430703671260548,3.7033688811025316,23330.109090909093,0.3701188455008489,256,0.22920203735144312,0,-1
0x412fb7d6a94876f1b77efeb39e05314e0af0a0b3,usdt,34,0.00188,0.0,0.11764705882352941,8.027067270837262e-05,0.004816240362502358,0.11558976870005659,747471.0,0.2,3,0.4,0,-1
0xa9d1c6d3bf1e4fe1fc967032f809869e050f3e43,usdt,288,0.0006124557798165137,0.0,9.461805555555555,0.006566413793469057,0.3939848276081434,9.455635862595441,9137.407706422018,0.2255,214,0.1423,0,-1
0x85f29184ac15ed3014b386bcdf29ba0a6f59a87f,usdt,1,2.0000400000000003,6e-05,3.0,0.014866204162537165,0.89197224975223,21.407333994053516,4036.0,0.6666666666666666,0,1.0,0,-1
0x93b85d019f2b6fa9470740d9a31d966fef472237,usdt,5,745.2041606923077,176.0,5.2,0.0031754561664916092,0.19052736998949657,4.5726568797479175,18894.923076923078,0.25925925925925924,16,0.2222222222222222,0,-1
0x28061343a5ddaffa8653da66962313026729737a,usdt,410,18810.557713856706,1300.0,1.6,0.0011091813159759985,0.06655087895855989,1.5972210950054377,54093.95121951219,0.18556701030927836,477,0.09278350515463918,0,-1
0xbba1ffc0e962ddd3b2a518c6d3dc79cd412b1267,usdt,58,0.0003546666666666667,0.0004,0.20689655172413793,0.00014351732254083067,0.008611039352449841,0.20666494445879618,418068.0,0.8461538461538461,5,0.23076923076923078,0,-1
0x05f11cdc446c4fb10dfaf55dec8f2a62813aba2f,usdt,778,87260.1140516495,0.00015,0.12467866323907455,8.648367197189014e-05,0.0051890203183134085,0.12453648763952178,693772.5773195876,0.17777777777777778,62,0.2,0,-1
0x0e7c27534f7970133742c14e35a5329bce4fc3cb,usdt,2,0.005002196161711498,29.6766,3178.5,1.831777316735823,109.90663900414937,2637.7593360995847,32.75507314771119,0.6356,6357,0.0001,0,-1
0xca0ca61ac825025f526b89780c669e6b9515986e,usdt,36,3980.1652934626172,0.000495,29.72222222222222,0.020261467611949344,1.2156880567169606,29.176513361207054,2961.285981308411,0.2767787333854574,394,0.20172009382329945,0,-1
0xfbd36070830de44d2ed1c6bc7464240b4a322be5,usdt,139,183739090548422.25,0.0,15.661870503597122,0.010801933134198017,0.648115988051881,15.554783713245145,5554.561322921451,0.0829062405788363,1936,0.04492010853180585,0,-1
0x93c25101c043312bb5299af8c356814a01c92ac4,usdt,3,7.981818181818182e-05,9.2e-05,3.6666666666666665,0.002537602657562056,0.15225615945372334,3.6541478268893606,23644.363636363636,1.0,4,0.2727272727272727,0,-1
0xcac61fd139d342c506d621727e5ff21476bdbdd3,usdt,74,0.00037820000000000003,0.000149,0.13513513513513514,9.27354739153659e-05,0.005564128434921954,0.1335390824381269,647001.6,0.9090909090909091,5,0.18181818181818182,0,-1
0x27e8d6ee5fcf252fea4da1556b1fb379f29dbb40,usdt,621,2298.0266771666666,0.0,0.028985507246376812,2.0109031166987407e-05,0.0012065418700192444,0.02895700488046186,2983734.0,0.01694915254237288,9,0.02824858757062147,0,-1
0x1d9a97651b6be6fae6c5d7b57eacca79806add9b,usdt,265,495.24852913698624,635.0,0.27547169811320754,0.00019117404432619005,0.011470442659571404,0.27529062382971364,313850.1369863014,0.0,1,0.05952380952380952,0,-1
0x39f15b6647511cf685e608e9a72eb46e06bf0d64,usdt,29,3109.2239099090907,5700.0,0.3793103448275862,0.0002612590787529866,0.0156755447251792,0.3762130734043008,229657.0909090909,0.2727272727272727,7,0.36363636363636365,0,-1
0x8f7bcccc0efeca85b103d9783055704e37e40f2c,usdt,246,3.3853542257988227,0.003826,7.666666666666667,0.005320094215878478,0.3192056529527087,7.660935670865009,11277.995758218452,0.0306,1,0.0002,0,-1
0x3e46bc6ca13739dd2463b78de3a1b3bec80e02dd,usdt,25,0.0017245454545454545,0.000299,0.44,0.0002945949854577203,0.017675699127463213,0.4242167790591172,203669.45454545456,0.4444444444444444,5,0.2777777777777778,0,-1
0x90342f71e7acd9d66dc15b7bbbfa0e3b42095efa,usdt,567,6730.5107915,4499.4193,0.07054673721340388,4.8978048528430045e-05,0.002938682911705802,0.07052838988093926,1225038.6,0.0,18,0.10416666666666667,0,-1
0x289e1ece1d3beda69db82b986c3bafc974ae546f,usdt,334,0.0016010421052631578,0.0,0.2844311377245509,0.000196989502740435,0.0118193701644261,0.2836648839462264,304584.75789473683,0.5882352941176471,34,0.1323529411764706,0,-1
0x481f89bf7d02f45e8383caf7846c4bef315ba359,usdt,11,10280.241379310344,30000.0,7.909090909090909,0.005238754741976275,0.3143252845185765,7.543806828445836,11453.103448275862,0.0,0,0.14942528735632185,0,-1
0x1b5bf5f503de513b09fd8266b2b92614b43b8a9e,usdt,14,2212.086790661017,0.0,4.214285714285714,0.002817762410094276,0.16906574460565651,4.057577870535757,21293.491525423728,0.5,29,0.3142857142857143,0,-1
0x2103596d16e1ed6f204e8f4bdc27fd39b907623e,usdt,854,4992.293841768684,30925.0,0.32903981264637,0.0002284929208664777,0.01370957525198866,0.32902980604772786,262590.1921708185,0.12698412698412698,88,0.26666666666666666,0,-1
0x168ecacdbb38e65cc9d2ac6d0098b537e8732c01,usdt,22,0.0003072,0.000238,0.45454545454545453,0.0003034183106882134,0.018205098641292806,0.4369223673910273,197746.8,1.0,5,0.2,0,-1
0xf93869d4854de52f1bf51a18e378b7968ad0833b,usdt,89,0.0013434189944134078,0.0005,4.022471910112359,0.0027737617633066956,0.16642570579840174,3.9942169391616424,21631.273743016758,0.9556786703601108,173,0.024930747922437674,0,-1
0x875a1b8c3fb3837bad1b1d2a21b2de8547211eb7,usdt,232,3765.5965043267965,4924.5,1.978448275862069,0.0013716732441237697,0.08230039464742618,1.9752094715382285,43742.19607843137,0.250381679389313,292,0.18931297709923664,0,-1
0x6bc5a7cca81964cc80b288dcc54ec4b204ba77d2,usdt,20,80018.25606200001,100045.640155,0.25,0.0001659563733885636,0.009957382403313817,0.2389771776795316,361540.8,0.0,2,0.04,0,-1
0xf3bd8f329505ad60760c696e707dcc76d5d67776,usdt,118,133.21006066666666,99.104635,0.07627118644067797,5.280432009744157e-05,0.0031682592058464945,0.07603822094031586,1136270.6666666667,0.0,5,0.039603960396039604,0,-1
0xa9ddd91249dfdd450e81e1c56ab60e1a62651701,usdt,321,22.271409692307696,22.977455,0.040498442367601244,2.809886130445289e-05,0.0016859316782671734,0.040462360278412164,2135317.846153846,0.0009794319294809011,6,0.005876591576885406,0,-1
0xb2ef911c5dbf6fa75046cf69b82912556c0add9b,usdt,123,3695.136627651786,0.0006,1.8211382113821137,0.0012583407204674736,0.07550044322804841,1.812010637473162,47681.83928571428,0.2314410480349345,181,0.11790393013100436,0,-1
0xc91a1a5b17005bbb8880f0b7b9703e163fb676aa,usdt,41,9417.20811116883,0.0,1.8780487804878048,0.0012834873518155511,0.07700924110893308,1.8482217866143937,46747.63636363636,0.2835820895522388,41,0.17164179104477612,0,-1
0x9f64880ab30c25ed3e51313c40c01296e52b8e41,usdt,278,7844.434670307693,70659.0,5.751798561151079,0.003985479792944479,0.23912878757666875,5.739090901840051,15054.649155722327,0.21820708825573315,830,0.09068797776233495,0,-1
0x3454a7b9c58b5188b660a69d31f1db783d07afcb,usdt,128,6413.412439199507,70.0,6.34375,0.004386211307350253,0.26317267844101516,6.316144282584364,13679.231527093596,0.2602591792656587,538,0.08531317494600432,0,-1
0x999d2f289130b6f3143e25466e4ab0020f4d4a6c,usdt,1,10.54267825,10.4,4.0,0.03333333333333333,2.0,48.0,1800.0,0.0,2,0.2222222222222222,0,-1
0x68b23e40e5c4fc3da57ca29e4649c9932791ea9e,usdt,877,22386.483165472342,0.0,0.26795895096921324,0.00018588013373245092,0.011152808023947056,0.2676673925747294,322788.6638297872,0.07792207792207792,134,0.09090909090909091,0,-1
0x6969fd038291fea23d0a00ae5aa21d0269388a4a,usdt,12,0.04,0.06237,0.3333333333333333,0.00021545455524793432,0.012927273314876059,0.3102545595570254,278481.0,0.0,2,0.75,0,-1
0x9be9fa8d1427844b20bab2e7e5a86285ae883d9d,usdt,17,0.0066918333333333335,0.000151,0.35294117647058826,0.0002417288446972749,0.014503730681836495,0.3480895363640759,248212.0,0.14285714285714285,4,0.42857142857142855,0,-1
0x20ec7063b5b8800a77663cefabe3ada01744da37,usdt,46,276.4227746083333,53.660337,2.608695652173913,0.0017744287078905888,0.10646572247343533,2.555177339362448,33813.7,0.0078125,52,0.0234375,0,-1
0x75f307acb300e2e82202f3c6856fad338e1b715d,usdt,44,6505.160347999999,0.0,0.9545454545454546,0.0006606141824427625,0.03963685094656575,0.9512844227175781,90824.57142857143,0.36363636363636365,28,0.18181818181818182,0,-1
0x026fb2b1ddb53bdb404860eabe3a0cdf6069c84b,usdt,33,16469.66505181818,26497.88,0.6666666666666666,0.00044942718462468746,0.026965631077481247,0.6471751458595499,133503.27272727274,0.3333333333333333,18,0.1111111111111111,0,-1
0xcf4052b3eb43ed64ba9c0cd8b8e95ea8fc5cb876,usdt,1,0.0022000000000000006,0.001,15.0,0.5172413793103449,31.03448275862069,744.8275862068965,116.0,0.0,13,0.1875,0,-1
0x0ff9c7962e4a4db08e89c89df1da8dd74cfa187e,usdt,55,20254.376454772504,0.0,29.490909090909092,0.02019532942541673,1.211719765525004,29.08127437260009,2970.983970406905,0.26069819819819817,1177,0.16328828828828829,0,-1
0xed7a1d9c65b7d0c1ead3124ca9a5f5096f8c4f17,usdt,1,0.02977946117682741,41.152425,6594.0,4.6561220166643125,279.3673209998588,6704.815703996611,12.886260236578709,0.0113,6592,0.0002,0,-1
0x66ea6840658139f4ece3f6a2c8ee8de988f11ba3,usdt,434,666.2518924583333,0.001,0.16589861751152074,0.00011498632780621736,0.006899179668373043,0.16558031204095303,521801.1666666667,0.20161290322580644,34,0.20161290322580644,0,-1
0x5d73c79ae274be14a5595f4ead9031fb7a636f54,usdt,82,2873.155047909347,0.0,30.26829268292683,0.021018294892943882,1.261097693576633,30.26634464583919,2854.65592264303,0.34140625,1385,0.11640625,0,-1
0x00e4ec0f0d570841edddf9b08fbe259be57c8aa1,usdt,117,270689356.10111177,4.0,0.6324786324786325,0.00043811091310602874,0.026286654786361725,0.6308797148726814,136951.62162162163,0.031578947368421054,52,0.06315789473684211,0,-1
0xd234ecabbad82446c5556f4b1acf1a1c869c8558,usdt,1139,18904.9421656486,0.0,0.4697102721685689,0.00032614032373359103,0.01956841942401546,0.46964206617637105,183969.89158878505,0.06798623063683305,321,0.0972461273666093,0,-1
0x7f59f02d43cd2460bb8ca8d8537d76d94a95ccbc,usdt,1090,1231.487438125,3750.5,0.029357798165137616,2.0384138235712916e-05,0.001223048294142775,0.029353159059426603,2943465.125,0.014492753623188406,17,0.07246376811594203,0,-1
0x3691cc7c02372acbf8b21ecf50b7e49163b0da7a,usdt,32,484.0824268186496,0.0,303.625,0.20785733234068407,12.471439940441046,299.31455857058506,288.65953067105806,0.0196,255,0.0857,0,-1
0x481f7e84ad3b2060f7ae25f51fa19a1135c6a359,usdt,1,2342.75,0.0,18.0,0.03996447602131439,2.3978685612788633,57.54884547069272,1501.3333333333333,0.7777777777777778,0,0.2222222222222222,0,-1
0xd9e7eaa550cfa1eb0de33ae00b4be3ab9b76d880,usdt,43,1789.2055830408162,678.0,1.1395348837209303,0.0007857475024454386,0.04714485014672632,1.1314764035214318,76360.40816326531,0.37735849056603776,34,0.22641509433962265,0,-1
0x2ab35a9e0eb211eb91baaf4e8626d97165ce8a5c,usdt,54,0.2224983546739984,0.00058,47.148148148148145,0.032420235524224766,1.945214131453486,46.685139154883665,1850.6959937156323,0.5386585933861202,2545,0.0004657661853749418,0,-1
0x33bec8304676dbdd45a9eba6b78110e116cb15ca,usdt,113,66.79788243333333,321.925937,0.5309734513274337,0.0003664498098125487,0.02198698858875292,0.5276877261300701,163733.2,0.0006932409012131716,23,0.00658578856152513,0,-1
0xf3d36531ddf47786cc6e50ddf2b9b02c7024c4a6,usdt,338,1673.5184874509262,130.0,3.195266272189349,0.0022156109485645917,0.13293665691387552,3.190479765933012,27080.566666666666,0.17433414043583534,524,0.354317998385795,0,-1
0x00c32177b01915fbf466562727ece4d88aa2df3b,usdt,60,4682.119323109434,0.000263,8.833333333333334,0.006114260532102175,0.3668556319261305,8.804535166227133,9813.124528301887,0.13385826771653545,315,0.14960629921259844,0,-1
0xde89242a585d1388ca2f8b5e3cd22877dff0354a,usdt,2,2314.5000746923074,0.23495,6.5,0.0038203832138239096,0.2292229928294346,5.50135182790643,15705.23076923077,0.07692307692307693,11,0.23076923076923078,0,-1
0x1597c8d437d9f8c23c1fdbc9ed2d5b74c8d5e03d,usdt,8,4773.95059875,26258.044111,4.5,0.0029500942391215276,0.17700565434729165,4.248135704334999,20338.333333333332,0.2558139534883721,22,0.32558139534883723,0,-1
0xdf00c3d8238d0859bb5f8b694b54f03d9317f21f,usdt,88,2939.17739862279,704.436859,17.352272727272727,0.011950956467838857,0.7170573880703314,17.209377313687956,5020.518664047151,0.5046210720887245,637,0.19654959950708564,0,-1
0xf3e3954919c394fafd2f43ed87a1f7ad6a3e8f39,usdt,2,18019.22910678571,0.000492,7.0,0.004591368227731865,0.27548209366391185,6.611570247933884,13068.0,0.2,7,0.3333333333333333,0,-1
0x81c41d00df2f5f1f906bd15f1ab523721d9968bb,usdt,105,74.13521866666666,987.02828,0.2857142857142857,0.0001979163368061053,0.01187498020836632,0.2849995250007917,303158.4,0.3142857142857143,1,0.22857142857142856,0,-1
0x71a97ad2e1db5dd2740d6bb65e2987c1db965b37,usdt,62,13854.985877347084,0.000594,27.370967741935484,0.019004721502996855,1.1402832901798112,27.36679896431547,3157.110194460813,0.23484848484848486,1200,0.16233766233766234,0,-1
0xe5ef6ed18ea12348e2c62dbe2146423826cf0480,usdt,371,5598755867963.444,292.325559,8.66576819407008,0.006013200986800884,0.36079205920805296,8.659009420993273,9978.0466562986,0.10387596899224806,2730,0.04844961240310078,0,-1
0xb19ef71e96edd33f61555e0537b1da4127dbe5a3,usdt,27,4395.024497333333,6592.536746,0.1111111111111111,7.444205678440092e-05,0.004466523407064055,0.10719656176953732,805996.0,0.0,1,0.0030165912518853697,0,-1
0xcf40a74074dc729cd9ee039f0296ba1d48dcb876,usdt,47,0.0006876923076923078,0.001,0.5531914893617021,0.00037989146792985446,0.02279348807579127,0.5470437138189905,157939.84615384616,0.46153846153846156,13,0.11538461538461539,0,-1
0xa6fd345494bb1d676e3b54b9d16150e660e9f798,usdt,73,8608.486255613094,1010.0,2.3013698630136985,0.0015941668675190398,0.09565001205114239,2.2956002892274174,37637.21428571428,0.3088235294117647,107,0.25,0,-1
0x1368eb291511cfa4b2396421c9dca60895f6bd66,usdt,70,8584.01978107692,11.631686,0.18571428571428572,0.00012871006770149562,0.007722604062089737,0.1853424974901537,466164.0,0.0036407766990291263,8,0.007281553398058253,0,-1
0xd2c4470ea92cab643aba9c6834895066d4a871cb,usdt,274,1110062.4495841095,1999999.5,1.4014598540145986,0.000970031581601128,0.05820189489606768,1.3968454775056245,61853.65625,0.002097535395909806,174,0.0047194546407970635,0,-1
0x8d10d99e9437cee34908005736c01486e621940b,usdt,3,0.00016666666666666666,0.0001,1.0,0.0006163454821876156,0.03698072893125693,0.8875374943501665,97348.0,1.0,1,1.0,1,2
0xaea86ac3a1639d8e3734861d3ffbe75a27124f5b,usdt,75,522612.9613771063,818432.48,14.68,0.01009465689168919,0.6056794135013515,14.536305924032435,5943.7384196185285,0.0038,328,0.0048,0,-1
0xc7e7251634683252432ed2672b7d24e0972cb60b,usdt,27,3784.1501575,4636.60063,0.2962962962962963,0.00020303950133498475,0.012182370080099085,0.292376881922378,295509.0,0.0,2,0.15384615384615385,0,-1
0x11a3b367936cdba1df64c131ef43a2c78c9ea70f,usdt,846,690.5939362,249.0,0.01182033096926714,8.20480371566023e-06,0.0004922882229396138,0.01181491735055073,7312789.2,0.0,6,0.04597701149425287,0,-1
0x14681e4e26f1b5b5774ae3b7f694ff08bbbeb65c,usdt,146,3537927.0130268303,4999997.8521,61.397260273972606,0.04247057050995955,2.548234230597573,61.15762153434175,1412.7429718875503,0.2671,4071,0.0214,0,-1
0xb268631fad5f9fe2f490a780008ac7f70150faa8,usdt,367,320.9278533846154,1.654656,0.035422343324250684,2.4589153081474835e-05,0.00147534918488849,0.03540838043732376,2440100.3076923075,0.0,7,0.02702702702702703,0,-1
0x93f8a285f11978d4cb9f49aaadaae759cb43e4fb,usdt,948,3022.4973084482763,0.000192,0.03059071729957806,2.1228506868812805e-05,0.0012737104121287683,0.030569049891090442,2826388.1379310344,0.003181336161187699,15,0.010604453870625663,0,-1
0xe0b723606bcbe63bc5e1e52698bad52e61d5d666,usdt,84,7593.027195731414,0.000116,4.964285714285714,0.0034305119771759897,0.20583071863055935,4.939937247133424,17490.10071942446,0.0830415207603802,211,0.026013006503251626,0,-1
0x3e4a308ed8978290251433f69c98c0a436ce7542,usdt,12,0.0332198,0.006099,0.4166666666666667,0.00028541745156465844,0.017125047093879506,0.4110011302531082,210218.4,0.0,2,0.8,0,-1
0x386c70c12c1cf184e243368bd8473f9f66730210,usdt,19,0.0,0.0,0.21052631578947367,0.00014385901816220105,0.008631541089732062,0.2071569861535695,417075.0,1.0,0,0.5,0,-1
0xec7e03a410ed2b3a648cf02bfe4a4f239b21b0af,usdt,81,0.00010207407407407406,0.0,0.3333333333333333,0.00023095083313374619,0.013857049988024771,0.3325691997125945,259795.55555555556,0.9285714285714286,3,0.32142857142857145,0,-1
0x6ba50231d5e4144f4bd6ce4f50a27242aaa30f0c,usdt,292,137944474.75291476,0.0,4.38013698630137,0.0030401292304503527,0.18240775382702115,4.377786091848508,19736.003127443317,0.26679841897233203,888,0.11198945981554677,0,-1
0xb048d542536a91202d92f935207f5703a41844d2,usdt,1,763.2327951333334,0.0,15.0,0.007397908857762873,0.4438745314657723,10.652988755178535,8110.4,0.3684210526315789,7,0.2631578947368421,0,-1
0x1dd8f73679280a1e09b03d1b165083142ca19720,usdt,1630,31570.133406425004,230.0,0.024539877300613498,1.7038328458194276e-05,0.0010222997074916564,0.024535192979799756,3521472.2,0.0673076923076923,27,0.03205128205128205,0,-1
0x2df0356fbf6e94c93f6c53217a6d23beeda9b53d,usdt,10,0.00022691666666666663,0.000101,2.4,0.0016633630428454598,0.09980178257072758,2.395242781697462,36071.5,0.8888888888888888,12,0.18518518518518517,0,-1
0xaf9bcdcc8223658ca61790077aaf34920b33338c,usdt,157,8054.738765285713,8732.877394,0.08917197452229299,6.187839833953737e-05,0.003712703900372243,0.08910489360893382,969643.7142857143,0.0,7,0.016574585635359115,0,-1
0xa20e348782e72f2e190c9a89117a56a51c70e933,usdt,373,1078.511430605263,60.0003,0.10187667560321716,7.058156610093685e-05,0.004234893966056211,0.10163745518534904,850080.3157894737,0.0,10,0.06818181818181818,0,-1
0x0e2cf1276e228f01f8588078afdbd8d63d4d43ce,usdt,245,23292.37647520408,0.000617,0.2,0.00013878055508823327,0.008326833305293997,0.19984399932705593,432337.2244897959,0.039832285115303984,34,0.020964360587002098,0,-1
0xd37bbe5744d730a1d98d8dc97c42f0ca46ad7146,usdt,31,5420.202558339515,14857.861928,153.06451612903226,0.10388660705684534,6.233196423410721,149.5967141618573,577.5527924130664,0.0015,3345,0.0762,0,-1
0xe7972f7e6b3d6303583b8360394116c80ff1e3ff,usdt,6,0.00433385460251046,26.752,1115.3333333333333,0.6941620679639849,41.64972407783909,999.5933778681382,86.43514644351464,0.6691,6692,0.0001,0,-1
0x1c0bccea3cb44bd4d65ad5c710ebfdeb28c81958,usdt,117,600.8333333333334,900.0,0.05128205128205128,3.554746653206026e-05,0.0021328479919236155,0.05118835180616677,1687884.0,0.0,0,0.008620689655172414,0,-1
0xd171f2a340cf380162aa60700b453e5bc04b33f6,usdt,51,1627.314285714286,299.0,0.13725490196078433,9.49799049658208e-05,0.005698794297949249,0.13677106315078197,631712.5714285715,0.0078125,4,0.03125,0,-1
0xc372b6909bfb3484ec371c80a7b9ff3e58cac402,usdt,132,343810.11794047063,0.0,0.38636363636363635,0.0002668019858438005,0.016008119150628032,0.3841948596150727,224885.88235294117,0.03578528827037773,30,0.019880715705765408,0,-1
0x1c6580d9d3db27ac4088bbd487e62f9be726489c,usdt,608,4758.538924181818,0.0,1.0674342105263157,0.0007405346774475127,0.044432080646850766,1.0663699355244185,81022.53929121725,0.2345679012345679,389,0.14074074074074075,0,-1
0xa20f715e95815fb998bf31fb3b7a62a7d1c5672a,usdt,12,0.04,0.067,0.3333333333333333,0.00021756393660186886,0.013053836196112133,0.3132920687066912,275781.0,0.0,2,0.75,0,-1
0x47450705a910cc2daed4dbe66377de82c1e43fa4,usdt,201,25282.061433930074,71492.0,17.502487562189053,0.012103097195645637,0.7261858317387383,17.42845996172972,4957.408754974417,0.274894336432798,1638,0.08503803888419273,0,-1
0x5f79834aa5541ce91734053c7e221760f0701e89,usdt,11,0.032,0.0569,0.45454545454545453,0.00029171868983302024,0.01750312138998121,0.4200749133595491,205677.6,0.0,3,0.6,0,-1
0x3ab818fafcf6225b394a6924bad2f0c2607566e9,usdt,290,1267.652986029718,0.0,32.141379310344824,0.022274242984007757,1.3364545790404656,32.07490989697117,2693.6942388155776,0.174,7586,0.0382,0,-1
0xf22ef8a650a54e73659fa7fc505a8566a286cfea,usdt,12,0.039999999999999994,0.0667,0.3333333333333333,0.0002289613169854953,0.013737679019129718,0.3297042964591132,262053.0,0.0,2,0.75,0,-1
0xb1a4a52bf296bb2f0ca995f6b898b88d4c4eb4e3,usdt,1841,5271.627468212121,9996.886645,0.035850081477457905,2.4895887880187004e-05,0.0014937532728112202,0.03585007854746929,2410036.5606060605,0.0009132420091324201,47,0.0136986301369863,0,-1
0xeb76f2283b75e9e9b2904352446cfa13cf9521c2,usdt,160,14776.470705882348,0.001,0.53125,0.00036891112193250406,0.022134667315950242,0.5312320155828059,162640.8,0.0,5,0.015151515151515152,0,-1
0x336b163881e8a0bdfb2a6ed4038b9df5debfb4c6,usdt,842,482.7800767142857,1507.1888,0.0332541567695962,2.3091317087492175e-05,0.0013854790252495306,0.03325149660598873,2598379.285714286,0.003003003003003003,14,0.013513513513513514,0,-1
0xd29ca88b5dc0127be9890374a4e6ca09ef1d707b,usdt,250,1136420.2607688594,0.000382,0.256,0.0001772211065907422,0.010633266395444532,0.25519839349066875,338560.125,0.18556701030927836,17,0.08247422680412371,0,-1
0x0b4660cf1930b7ab1ae9118421eddbfc2eb62aa5,usdt,23,0.00351464,0.003,2.1739130434782608,0.0014682390528096222,0.08809434316857732,2.114264236045856,40865.28,0.04395604395604396,25,0.02197802197802198,0,-1
0xcbd518dcb3ddcfdc4f6f34ca14b17ae869178d9d,usdt,1,0.0405418016906557,19.590591,4377.0,2.801100729553309,168.06604377319852,4033.5850505567646,21.420150788211103,0.0006062443164595332,4376,0.0003031221582297666,0,-1
0x2324e7081705523250b55aa04ffdd265756b8162,usdt,42,8532.797915555555,10000.0,10.714285714285714,0.007409602845287492,0.44457617071724953,10.66982809721399,8097.6,0.0,30,0.05088495575221239,0,-1
0x481fd64809551ebf530efa5473135afc034da359,usdt,1,0.0016625,0.0001,8.0,0.34782608695652173,20.869565217391305,500.86956521739137,172.5,0.625,7,0.25,0,-1
0x8c3e94f562ca11ab8efb50afbdae08bd94373412,usdt,33,7757.846959040001,2000.0,0.7575757575757576,0.0005159341090230684,0.030956046541384105,0.7429451169932185,116293.92,0.0,0,0.13043478260869565,0,-1
0xcd67c4c533b5ea008972a9db6bee1c1862c8f420,usdt,262,97810.00244444444,0.0,0.06870229007633588,4.7531027198310006e-05,0.0028518616318986005,0.06844467916556642,1262333.3333333333,0.0967741935483871,13,0.12903225806451613,0,-1
0xf44f1bb5c2627624dec872a7e8250c1e5b5c9a9b,usdt,156,4488.144537804878,0.0,0.7884615384615384,0.000547232870276446,0.032833972216586765,0.7880153331980823,109642.53658536586,0.1893939393939394,44,0.11742424242424243,0,-1
0x558e09b822d4b1fae26a5ee94f675082c3f76804,usdt,1,17211.800086,0.0,5.0,0.06720430107526881,4.032258064516129,96.7741935483871,892.8,0.5,3,0.5,0,-1
0x8a86f2cc081e38f7726d92b84364ca3e776d2a0a,usdt,1,0.059014659953004374,34.94154,2979.0,3.590887174541948,215.45323047251688,5170.877531340405,16.70896273917422,0.0008770006577504934,2978,0.0004385003288752467,0,-1
0x21ebb634c9f18dd2843ea37e7366f373e595c5ac,usdt,154,16625.197432836176,0.001,28.181818181818183,0.019548087845683612,1.1728852707410167,28.1492464977844,3069.353917050691,0.1606,2461,0.0639,0,-1
0x366788ae4cfbd63ae91c30d3a3655953c46bbd21,usdt,176,574.4397216363636,950.0,0.1875,0.0001294809227516815,0.00776885536510089,0.18645252876242133,463388.7272727273,0.13953488372093023,11,0.18604651162790697,0,-1
0xb03f8aa47a20ac333af380b846dbd8ade0b98b0f,usdt,274,5292.438992312217,1500.0,2.4197080291970803,0.0016753178429183583,0.1005190705751015,2.412457693802436,35814.09954751131,0.12045690550363447,507,0.122533748701973,0,-1
0xc4041bbf252d95376501e40fce073ca7c928f8a3,usdt,228,5166.506985370967,0.0,0.2719298245614035,0.00018864594806759612,0.011318756884055767,0.27165016521733837,318056.12903225806,0.06382978723404255,43,0.06808510638297872,0,-1
0xc83ab135a82dc65dc580405c67f986ad49c648ff,usdt,33,1083.3329361666667,999.997617,0.18181818181818182,0.00012609598426322114,0.00756575905579327,0.18157821733903848,475828.0,0.0,6,0.014925373134328358,0,-1
0xbc326f5a8d8e497603a0f0b27aee4bbc9db18271,usdt,673,1177.1958294136127,0.000528,0.2838038632986627,0.00019697122198883595,0.011818273319330157,0.28363855966392376,304613.02617801045,0.05665024630541872,114,0.046798029556650245,0,-1
0x5a0faf75057e07184cb821242d28b2b730218ccb,usdt,27,24.549992863636362,30.85,0.8148148148148148,0.0005575605206601516,0.0334536312396091,0.8028871497506184,107611.63636363637,0.0,15,0.0625,0,-1
0xfcc92310a0587f5af26d99331b334cc5345469c2,usdt,29,1091.49246899293,45.22824,43.89655172413793,0.02987183037118037,1.7923098222708223,43.01543573449973,2008.5813040062844,0.0,640,0.0056,0,-1
0x1779bf30b796dc0d45ce1cc8d2c3da9abcf57ee6,usdt,1030,758.2083259999996,0.00012,0.04466019417475728,3.098451824866881e-05,0.0018590710949201285,0.04461770627808309,1936450.956521739,0.25,23,0.21875,0,-1
0xee6f231249d88c9862b73150373a33185684850e,usdt,259,13368956889070.809,0.001,22.76061776061776,0.015785795194370136,0.9471477116622081,22.731545079892992,3800.885496183206,0.06608648354636933,4910,0.024612455806363884,0,-1
0x56fc871a9ceadba53dba7d556dc0beae634096d5,usdt,22,1997.5,2280.0,0.18181818181818182,0.00012404793212097154,0.007442875927258293,0.17862902225419902,483684.0,0.0,0,0.375,0,-1
0x94dd279bccc6fa20cc5e8654639beeaa7954fc24,usdt,458,34489.44597910565,0.0,6.53056768558952,0.004525305855300962,0.27151835131805774,6.516440431633386,13258.772316950852,0.1585638446493434,2173,0.04777870913663034,0,-1
0xb7451cbf0fe15c34c0aa090bf0978cd853c4ed84,usdt,104,179617.03154835186,300000.0,1.5576923076923077,0.001072066706372841,0.06432400238237046,1.543776057176891,55966.666666666664,0.013938527519656898,114,0.012866333095067906,0,-1
0x0972a4bdb786ab9ceb0eb51e38e7c8a57b6b27da,usdt,570,15.213780085714285,20.95,0.06140350877192982,4.257983170990628e-05,0.002554789902594377,0.06131495766226505,1409117.8285714285,0.02857142857142857,16,0.11428571428571428,0,-1
0x0ee98f825fd507be8b67493694569095e47df0b6,usdt,207,54.32455896551723,50.494949,0.14009661835748793,9.707229944862933e-05,0.005824337966917761,0.13978411120602624,618096.0,0.030303030303030304,14,0.24242424242424243,0,-1
0xe1fa215ad6a1375ef8729749dd0f0173e9a46ce7,usdt,7,1082046.9794136,1348229.0,10.714285714285714,0.007284099296841615,0.4370459578104969,10.489102987451924,8237.12,0.003,64,0.0002,0,-1
0x34721eb6a2e117a14c4624510bb5d42a8f360325,usdt,254,1868520.7645722223,0.000498,0.28346456692913385,0.00019672270895913468,0.01180336253754808,0.2832807009011539,304997.8333333333,0.18974358974358974,25,0.06666666666666667,0,-1
0x26df6b137ff9e0889d06b7c55ff5e8852a893c2a,usdt,368,8883.058599833334,20000.0,0.717391304347826,0.0004975531317011831,0.02985318790207099,0.7164765096497037,120590.13636363637,0.03115264797507788,211,0.04361370716510903,0,-1
0xb1c0d1ff74d0b959347f1613b7aeed67dcd960c4,usdt,754,6575.28295372,52.0,0.16578249336870027,0.00011497657237361315,0.006898594342416789,0.16556626421800294,521845.44,0.19696969696969696,101,0.050505050505050504,0,-1
0x74b46d61f72a030a42ed3de7ae510eb9e9c8eaf6,usdt,251,799.5856712173911,503.717015,0.09163346613545817,6.355701534045283e-05,0.0038134209204271695,0.09152210209025206,944034.2608695652,0.03225806451612903,10,0.25806451612903225,0,-1
0xa7a107b8614cefe0de8e63d9fdc10a34ec0f6089,usdt,12,0.0333798,0.006899,0.4166666666666667,0.00028471534160146684,0.017082920496088012,0.4099900919061123,210736.8,0.0,2,0.4444444444444444,0,-1
0x7995676bcd4c8987907c214182a668d1e2c44b1d,usdt,649,1694.2933506324787,0.0,0.7211093990755008,0.0005001547487342238,0.030009284924053425,0.7202228381772822,119962.8717948718,0.2028985507246377,257,0.08985507246376812,0,-1
0x2e85d749c98dde86858091248ce01cfb8051e0e5,usdt,10,0.039999999999999994,0.119818,0.8,0.0005139472433154737,0.030836834598928418,0.740084030374282,116743.5,0.0,4,0.625,0,-1
0x50005ae6fb1963b0a158268725db70e75a1023df,usdt,322,910.6193714838709,400.000728,0.09627329192546584,6.67012078512916e-05,0.004002072471077495,0.09604973930585989,899533.9354838709,0.0,14,0.08108108108108109,0,-1
0xcfa1e39fe7e5d6c29015e9862757f671cdfb0c4f,usdt,124,5790.4939125,11580.987825,0.03225806451612903,2.2230142739746532e-05,0.0013338085643847919,0.032011405545235,2699038.0,0.0,1,0.8,0,-1
0x4e1fe266456d45883834d7f8786a3de5b62ba16e,usdt,29,61374.46133333334,0.01,0.10344827586206896,7.011803202056795e-05,0.004207081921234077,0.10096996610961785,855700.0,0.0004897159647404506,2,0.0009794319294809011,0,-1
0x2324ef470528588dbea5d5fc42941b5f196b8162,usdt,19,13336.166666666666,7656.0,0.631578947368421,0.0004186202277294039,0.025117213663764234,0.6028131279303416,143328.0,0.0,2,0.22580645161290322,0,-1
0x6678eca5a1731ddc87490c2cde62375c62a431c3,usdt,728,1028277635052701.6,0.0001,0.5343406593406593,0.0003708170596437792,0.022249023578626754,0.5339765658870421,161804.85347043702,0.1643132220795892,276,0.05263157894736842,0,-1
0xc57815ac0fa58b53cb55fe4aaf3c2e76bf1df566,usdt,34,12089.591175060605,0.0,1.9411764705882353,0.0013392748435483478,0.08035649061290087,1.9285557747096211,44800.36363636364,0.36666666666666664,45,0.2222222222222222,0,-1
0x94a0c1b294e83fb7ae0cc05c502d55db36336a99,usdt,20,0.03942675159235669,0.01766,7.85,0.005220386774133482,0.31322320644800894,7.517356954752214,11493.40127388535,0.13924050632911392,127,0.14556962025316456,0,-1
0x657daefb33b1f0389b3e4190a06ff11c6f4fcbee,usdt,2160,25106.310543444444,0.01,0.008333333333333333,5.786180414208975e-06,0.0003471708248525385,0.008332099796460924,10369534.944444444,0.0024096385542168677,9,0.021686746987951807,0,-1
0xf5db7d339e68a047b521bd53bdc7d8115346130b,usdt,585,861.2514236857144,2999.2,0.5982905982905983,0.00041542188466226794,0.024925313079736076,0.5982075139136659,144431.48571428572,0.029723991507430998,52,0.25902335456475584,0,-1
0x7b0ef0b1c59ce6dabd9a9aad4cda581348ee8e63,usdt,95,39130.68302081701,0.000712,55.33684210526316,0.038083329831917555,2.2849997899150534,54.839994957961274,1575.4924862088644,0.1802,2943,0.0993,0,-1
0x2845ad2ca741e2136aac57237c4726cd2f557b26,usdt,2088,28450.285636200002,0.0007,0.13649425287356323,9.476846221959654e-05,0.005686107733175793,0.13646658559621902,633122.0175438597,0.3022670025188917,218,0.07052896725440806,0,-1
0x47a0d24b34889277010026892b7612143d16bf13,usdt,2253,47619047886407.72,800000.0,0.13049267643142476,9.061953943749257e-05,0.005437172366249554,0.13049213678998928,662108.8605442176,0.01911764705882353,171,0.028431372549019607,0,-1
0x1f44951ed0e65abc4dd8a64a740f47fbcd7b79a0,usdt,399,816.318800673611,4985.179107,0.3609022556390977,0.00025046588393758806,0.015027953036255284,0.36067087287012684,239553.58333333334,0.12,102,0.13,0,-1
0x48135ffcfb75fcca93ead6608c79f141c15da359,usdt,2,0.003049416666666667,0.003,12.0,0.008135593220338983,0.488135593220339,11.715254237288136,7375.0,0.0,12,0.07692307692307693,0,-1
0x8aea7280d6bbfbeb3d7e5bf01192d49083a7795b,usdt,710,4696.138214851649,2000.0,3.8450704225352115,0.0026698817389086463,0.16019290433451877,3.8446297040284505,22472.905494505496,0.09398373983739837,1985,0.06471544715447154,0,-1
0xc6b6ee368c3f42440dd729f8f431384ffe832a48,usdt,15,2172.873561,80.14,0.9333333333333333,0.0006309773839677661,0.037858643038065964,0.9086074329135831,95090.57142857143,0.0,8,0.14285714285714285,0,-1
0x878644185abdeee520ebdb515306daf5e40a65ca,usdt,347,15711.406976714283,10025.930696,0.08069164265129683,5.602774493929394e-05,0.0033616646963576364,0.08067995271258328,1070898.0,0.0033444816053511705,16,0.020066889632107024,0,-1
0x3f8a962f5ed48beb1afbe62e4cc6ec43f83c9523,usdt,1,0.00013833333333333333,8.9e-05,3.0,7.5,449.99999999999994,10800.0,8.0,1.0,1,1.0,1,2
0x433d3f41fded841132d11b475a0fadbe2960f934,usdt,36,0.0022950000000000006,0.002,0.5555555555555556,0.0003765641533519858,0.02259384920111915,0.5422523808268596,159335.4,0.10256410256410256,9,0.10256410256410256,0,-1
0x2c2ebb934c58c4ea8d0b77343b6e2efb14ac11c9,usdt,3,0.14135360914325598,42.640729,1910.3333333333333,1.085457782491761,65.12746694950566,1563.059206788136,55.27621706508463,0.0002,5722,0.0002,0,-1
0x8066f87d34ce1cdb6e2a2ff161948ca0f87b342d,usdt,83,30.899624148148156,4.600046,0.6506024096385542,0.0004476594869822279,0.026859569218933673,0.6446296612544082,134030.44444444444,0.06666666666666667,21,0.5333333333333333,0,-1
0x93ac8f9debfb54ddf3c4a0b8bfec153283b8af76,usdt,15,0.022000000000000002,0.05,0.6666666666666666,0.00045928865373309817,0.027557319223985893,0.6613756613756614,130636.8,0.2,6,0.5,0,-1
0x81bb5c9d90d6bb863bb347244a59d954995c0dd4,usdt,11,0.04,0.067,0.36363636363636365,0.00024875931292677773,0.014925558775606662,0.35821341061455986,241197.0,0.0,2,0.75,0,-1
0x0474263f46241154d4b2042cfc455d3adc1035e0,usdt,802,43671.1439678352,1955.52463,1.770573566084788,0.0012281325379877826,0.07368795227926696,1.7685108547024069,48854.66197183099,0.09602501116569898,877,0.10004466279589103,0,-1
0xf0a8fff906e4450062d0722230189cff0d87201f,usdt,3,0.14337331551662494,39.145139,1864.6666666666667,1.0179052332775311,61.07431399665187,1465.7835359196447,58.94458348230247,0.0002,5585,0.0002,0,-1
0xe72aac72d0866322dc0e3a37bdeb8bd04e5a051a,usdt,113,2118.2522937857143,0.0,0.24778761061946902,0.0001714950695167514,0.010289704171005084,0.24695290010412202,349864.28571428574,0.21875,13,0.25,0,-1
0xc6fc6fab393ce776432024827499c2ead56396e2,usdt,13,1122.62503775,0.0,1.2307692307692308,0.0008154943934760449,0.04892966360856269,1.1743119266055047,73575.0,0.36363636363636365,10,0.18181818181818182,0,-1
0x977875af92af8f04d7389c75bca5bb09839b0687,usdt,96,134.5525253421053,0.00014,0.3958333333333333,0.00027218056745350726,0.016330834047210436,0.39194001713305043,220441.8947368421,0.08372093023255814,5,0.027906976744186046,0,-1
0xbd0d392e6e3ff76a414bd58e29f25d4916de88d7,usdt,12,0.04,0.064992,0.3333333333333333,0.00022808918287050236,0.01368535097223014,0.3284484233335234,263055.0,0.0,2,0.6,0,-1
0x15fbc159a21fa3a53103f1529c3291b43debab14,usdt,33,6565.465756892858,950.0,22.90909090909091,0.015618608456360863,0.9371165073816519,22.49079617715964,3841.5714285714284,0.14285714285714285,534,0.10842490842490843,0,-1
0x3b46efa12c134606a27cde71910cb26924bce3de,usdt,52,484.75000176785716,9.9e-05,1.0769230769230769,0.0007402355006371313,0.04441413003822788,1.065939120917469,81055.28571428571,0.015151515151515152,8,0.09090909090909091,0,-1
0xdfb8215cffaf7b3f9273499d1cf6982c8a448797,usdt,119,0.00020094594594594596,0.0,0.31092436974789917,0.00021557676105821388,0.012934605663492832,0.310430535923828,278323.13513513515,0.8571428571428571,10,0.2619047619047619,0,-1
0x6e9a66b142fe334933e4dc2950604326accf2dfe,usdt,411,30127.968733831985,0.000118,1.2019464720194648,0.0008343616474690298,0.05006169884814179,1.201480772355403,71911.26315789473,0.14811229428848016,369,0.07454017424975799,0,-1
0xccdc3c0d3e5c336228b0974314fc38e704cb55e0,usdt,950,20542853657255.37,4500.0,1.9778947368421054,0.0013731013895435296,0.08238608337261177,1.9772660009426826,43696.70037253859,0.12512716174974567,1182,0.05534079348931841,0,-1
0x9be95ffb2a1e699b564bfd672e1c315a54883d9d,usdt,23,3937.301809523809,11200.0,5.478260869565218,0.0037143598330306817,0.2228615899818409,5.348678159564182,16153.52380952381,0.0,13,0.07936507936507936,0,-1
0xcf5540fffcdc3d510b18bfca6d2b9987b0772559,usdt,14,17515.88998347907,5.257904,129.71428571428572,0.08952692709668512,5.371615625801108,128.9187750192266,670.1894273127754,0.0002,752,0.0068,0,-1
0x7b35932cb37625ae95dbf07419afca89ff420a77,usdt,24,0.0009952413793103449,0.000784,1.2083333333333333,0.0008207206493315372,0.04924323895989224,1.1818377350374136,73106.4827586207,0.6060606060606061,14,0.09090909090909091,0,-1
0xe246301446240556004bbd33e57333d2b17da6d0,usdt,21,1542.0,1973.0,0.2857142857142857,0.00019356587046571948,0.011613952227943168,0.27873485347063603,309972.0,0.0,4,0.3333333333333333,0,-1
0x1782aad1257097f4e79995382594b24a28fd4310,usdt,84,3845.183726117647,0.000349,0.40476190476190477,0.00028075692065809426,0.016845415239485653,0.40428996574765563,213708.0,0.11475409836065574,11,0.29508196721311475,0,-1
0xb9cb3b31857270ed89b23eafa20c7f3dd236b736,usdt,218,191.80646494904457,43.16,1.4403669724770642,0.00099961798038966,0.059977078823379604,1.4394498917611105,60022.92993630573,0.05956112852664577,35,0.034482758620689655,0,-1
0xe8ea83c01b2a673800d6c11580ca462538712fc7,usdt,2,0.007910810810810813,0.00802,18.5,0.010273211905819635,0.6163927143491782,14.793425144380274,5840.4324324324325,0.0,19,0.38461538461538464,0,-1
0xd761be886b288d0a6ff1e3af3d54c3220e49b66c,usdt,604,10462.065269192306,0.05,0.04304635761589404,2.9869298841186085e-05,0.0017921579304711653,0.04301179033130797,2008751.5384615385,0.01639344262295082,10,0.11475409836065574,0,-1
0x3ef7095e0e6abdecec40b662d4a1baf1ff22d140,usdt,72,908.5558851326531,0.0,1.3611111111111112,0.0009428933741535609,0.056573602449213646,1.3577664587811276,63633.91836734694,0.29310344827586204,49,0.3017241379310345,0,-1
0x6b29ed9e7b010cd0e407a9c5ca0de32d0550f33c,usdt,70,27.0868918974359,0.00023,2.2285714285714286,0.0015400897200985658,0.09240538320591395,2.2177291969419346,38958.769230769234,0.3114754098360656,89,0.13114754098360656,0,-1
0xf89d1e2e843b7061f96e4094ce0f7e04db17c991,usdt,81,155.57060425742574,80.0,1.2469135802469136,0.0008593024165966179,0.05155814499579708,1.2373954798991298,69824.07920792079,0.04132231404958678,26,0.16115702479338842,0,-1
0xc527b73acf5c0815ed31736e4fa45a84dd518a0e,usdt,376,3.823529411811473e+17,0.000126,0.4521276595744681,0.00031323021794558563,0.01879381307673514,0.4510515138416433,191552.4,0.2862903225806452,95,0.07661290322580645,0,-1
0xab47bd435cd07300e912bdf8373e2d0145dce690,usdt,33,167983.45669166668,0.0,0.36363636363636365,0.00025132258510411035,0.015079355106246623,0.36190452254991895,238737.0,0.0008,6,0.0006,0,-1
0x61a03925bd9cba5bc03e4b882f105d98acbbd7eb,usdt,60,524.0527729124088,179.0,2.283333333333333,0.0015774468849453997,0.09464681309672397,2.2715235143213754,38036.14598540146,0.2391304347826087,81,0.22282608695652173,0,-1
0xe0f56eef0d0f0f187fedddda69960b0c9043ce17,usdt,1,108.00299025,0.0216,8.0,0.008336807002917883,0.5002084201750729,12.00500208420175,7197.0,0.125,2,0.625,0,-1
0xe291cc3e5b9e0c9b37c9fbdd549abf3b5c0ad342,usdt,75,1657.438033927985,0.0006,71.46666666666667,0.04904284111766439,2.9425704670598636,70.62169120943672,1223.4201492537313,0.0457,4490,0.0367,0,-1
0x581aa8d71a39f0da7577a8795c33ea615358e868,usdt,1,100.0,100.0,3.0,0.5357142857142857,32.14285714285714,771.4285714285714,112.0,0.0,2,0.2857142857142857,0,-1
0xdecb09b334acfcdf41c4e34ee6647a7bab6b9ab3,usdt,444,13442.741765829122,0.003024,4.454954954954955,0.0030912645053445434,0.18547587032067261,4.451420887696142,19409.53286147624,0.1893897236134298,886,0.0485995177147097,0,-1
0x4248ed2a7dbbb159fbba374f25be981351507b0e,usdt,1002,2800570845785.667,26563.397937,2.7974051896207586,0.0019418067600923035,0.11650840560553821,2.796201734532917,30899.05815198002,0.05380489440160912,1817,0.07593027153871941,0,-1
0x899fbcf2e24051c97830f6db801effa52042882f,usdt,1,1629.439140142857,0.0,7.0,0.41666666666666663,24.999999999999996,600.0,144.0,0.42857142857142855,4,0.5714285714285714,1,2
0x622d46a9063f9514f05f2ba2eee18d8683f85cca,usdt,257,606060606110678.2,1100.0,1.1556420233463034,0.0008015432811781444,0.04809259687068867,1.154222324896528,74855.59595959596,0.24347826086956523,198,0.1565217391304348,0,-1
0xdf523369169044afbb72fa6daac80a835b81297b,usdt,226,2505.9723985523256,0.0,1.5221238938053097,0.0010554802128142661,0.06332881276885598,1.5198915064525433,56846.16279069767,0.11419068736141907,198,0.13747228381374724,0,-1
0xc30c8b862f7de6ba5d7eaeb113c78ec6b5ded04b,usdt,41,2847.449176248867,299.819805,123.78048780487805,0.08497108471659004,5.098265082995403,122.35836199188967,706.1225615763547,0.0004,2948,0.0264,0,-1
0x4055af5bda8b643f1f6b5293df75634f8157188d,usdt,136,360.50236378492235,17.007125,3.3161764705882355,0.002288129831835141,0.13728778991010845,3.294906957842603,26222.28824833703,0.3828125,294,0.09375,0,-1
0xcc51c72c43646b209462dec0f69077d7e85e182c,usdt,503,383.149137125,752.807864,0.03180914512922465,2.206179011019588e-05,0.0013237074066117529,0.03176897775868207,2719634.25,0.0,6,0.024024024024024024,0,-1
0x6bdf991ecf7e83597cd1e2ab26028c1adbc888cc,usdt,728,1584.3464699999997,0.012333,0.03296703296703297,2.2885245939156138e-05,0.0013731147563493685,0.032954754152384844,2621776.5,0.0014184397163120568,13,0.011347517730496455,0,-1
0xa3307fa292b7dd2c91218d5688556ff7eb1e5f88,usdt,64,3090142.738352577,0.0,0.40625,0.00027778786836273967,0.01666727210176438,0.40001453044234514,215992.15384615384,0.007057379564283523,24,0.000613685179502915,0,-1
0xdd0b4c2c0fe48df96ae673193edb89ea3a3aa086,usdt,34,136.753763,500.955725,1.3529411764705883,0.0009316757606322433,0.0559005456379346,1.3416130953104302,64400.086956521736,0.004728132387706856,26,0.014184397163120567,0,-1
0x064b2eab3ada118e418ea70e6c5e8b78ac32960e,usdt,67,0.00033752727272727274,0.0004,0.8208955223880597,0.0005628959461257407,0.03377375676754444,0.8105701624210666,106591.63636363637,0.9649122807017544,27,0.03508771929824561,0,-1
0xa4fd0fa1349c2466bebd5860fd95e666ebd890a6,usdt,1050,43334055951452.63,31827.0,4.3933333333333335,0.003049764514280871,0.18298587085685225,4.391660900564455,19673.650119228267,0.14690885914595284,2643,0.08094327597195666,0,-1
0xcbabdc2228e18a2ff657a74900f5eb2173a057e9,usdt,12,0.04,0.068786,0.3333333333333333,0.00021849327040727144,0.013109596224436287,0.3146303093864709,274608.0,0.0,2,0.75,0,-1
0xe8adfc004ab648ebf33f93c0b4667dc7338ec772,usdt,18,0.00044675000000000004,0.000235,4.888888888888889,0.0033590350408428124,0.20154210245056875,4.8370104588136495,17862.272727272728,0.9887640449438202,44,0.02247191011235955,0,-1
0x214a9513d7393e0b047adf53de4c78ddd9da1fbd,usdt,244,1.80390243902439,26.11,0.1680327868852459,0.00011621532602367276,0.006972919561420366,0.1673500694740888,516283.0243902439,0.0,32,0.05405405405405406,0,-1
0xf05e0cfb800b794f085afaa75584650906728786,usdt,749,656.4218786666665,193.614101,0.020026702269692925,1.3896908563205572e-05,0.0008338145137923344,0.020011548331016024,4317507.0,0.0,3,0.1,0,-1
0x972b14c772d5d62c8ee884c3012470f5a8c6bad0,usdt,35,3363.6363636363635,2000.0,0.3142857142857143,0.0002141394320243574,0.012848365921461444,0.3083607821150746,280191.2727272727,0.0,6,0.16666666666666666,0,-1
0x4f452b727157cdc84468a997ac37d97eda1e16cb,usdt,684,362.08713233333333,1086.261397,0.008771929824561403,6.082754660606621e-06,0.0003649652796363973,0.008759166711273534,9863952.0,0.0,1,0.11764705882352941,0,-1
0x2d5c13b718d7df7ee0edcac73ca8fac4dc90c166,usdt,10,20.269797549450548,26.349,9.1,0.005815142375134196,0.34890854250805176,8.373805020193242,10317.89010989011,0.22,47,0.2,0,-1
0x5376d7b0d685cc82e7f62cb7c0f7f2d73c4ca7c3,usdt,196,665.2317708000002,1458.0,0.35714285714285715,0.0002475380572081668,0.014852283432490006,0.3564548023797602,242386.9714285714,0.26582278481012656,35,0.0759493670886076,0,-1
0x8dd2760c6eb39958696442077e00b43aa098bbe4,usdt,111,104.06002451111112,209.095,0.40540540540540543,0.0002793150450255853,0.016758902701535117,0.4022136648368428,214811.2,0.0,14,0.30612244897959184,0,-1
0xbfb02db0e62ddcf86ec1ad01c123627cc945f61b,usdt,10,0.04571428571428572,0.134,0.7,0.00044961718308411696,0.026977030985047015,0.6474487436411284,133446.85714285713,0.0,3,0.7142857142857143,0,-1
0xb57c4c96052533b457c9532b990fdc1d0177e48c,usdt,21,1755.500125,20.0,0.19047619047619047,0.00013045974012419767,0.00782758440745186,0.18786202577884464,459912.0,0.1111111111111111,2,0.3333333333333333,0,-1
0xd755566305321ad11c33bf9ce5b16435882638a7,usdt,6,1572.7000105714285,5254.312803,1.1666666666666667,0.0007766559414179519,0.04659935648507711,1.1183845556418506,77254.28571428571,0.0,3,0.037383177570093455,0,-1
0x77185f39e25aa932e74f46b0809f5eefaac5ca62,usdt,22,29251.039047619044,6000.0,0.9545454545454546,0.0006447334487713223,0.03868400692627933,0.928416166230704,93061.71428571429,0.0,10,0.13636363636363635,0,-1
0x41bc7d0687e6cea57fa26da78379dfdc5627c56d,usdt,1033,186558.15629559755,2.674293,0.07938044530493708,5.5102616527586316e-05,0.003306156991655179,0.0793477677997243,1088877.512195122,0.0,40,0.0014,0,-1
0xc66687c6f95bc70ebca805db6c538be4cdb6cf00,usdt,72,5821.763920254776,0.0,6.541666666666667,0.004536304885918193,0.27217829315509157,6.532279035722197,13226.624203821657,0.20410958904109588,329,0.13561643835616438,0,-1
0x1c5ec27f2d9215cfd7997d4ac897bb1af22c025d,usdt,12,6666.6668,0.00015,0.75,0.0004890028688168304,0.029340172129009825,0.7041641310962358,122698.66666666667,0.2,3,0.28,0,-1
0x4aa780b5d03658f443357ae9b08e016a2cfc9af4,usdt,11,0.04,0.064994,0.36363636363636365,0.00023189481251304408,0.013913688750782645,0.3339285300187835,258738.0,0.0,2,0.75,0,-1
0x5f6ea14df42239a46232d72ec8467bcee0b064a6,usdt,34,0.0,0.0,0.14705882352941177,9.966949595142507e-05,0.005980169757085504,0.14352407417005209,601989.6,0.8333333333333334,0,0.16666666666666666,0,-1
0x7f54f05635d15cde17a49502fedb9d1803a3be8a,usdt,1,4302.523544951984,1129.977039,2041.0,9.898157129000971,593.8894277400582,14253.346265761395,6.061734443900049,0.0012,1088,0.016,0,-1
0x8cdb11e40f7c7409dddcee72026c3f984201029f,usdt,11,25218.7181052,0.0,0.9090909090909091,0.0005870611717740989,0.03522367030644594,0.8453680873547023,102204.0,0.015444015444015444,7,0.015444015444015444,0,-1
0x1b719dca74a2f7dafa947a8f6ca094626f8ee76e,usdt,68,23447.193738849794,44890.427401,24.86764705882353,0.017085882070028875,1.0251529242017325,24.603670180841583,3511.671200473093,0.4050429184549356,860,0.09763948497854077,0,-1
0x5b65167237b09b874577c081c172216595690c59,usdt,34,12664.9236605,50.0,1.4705882352941178,0.0010002000400080016,0.060012002400480095,1.4402880576115222,59988.0,0.23728813559322035,14,0.1694915254237288,0,-1
0x2e8a01bfa37aefc8e34d0a67775558b42b5d06c2,usdt,12,0.04,0.068899,0.3333333333333333,0.00021495437593370808,0.012897262556022485,0.30953430134453963,279129.0,0.0,2,0.75,0,-1
0xc0482bcf2b7e55b7f7088a7e3ca33ddd8eea6109,usdt,889,6837.762587736388,0.0,4.689538807649044,0.0032552739107247573,0.19531643464348544,4.68759443144365,18431.628687934757,0.23150259067357512,2795,0.1166839378238342,0,-1
0x15111cf45947753367a242009b6a775f1993aaf9,usdt,1,0.007647324929971989,14.570011,5712.0,2.5355113636363633,152.1306818181818,3651.1363636363635,23.66386554621849,0.0,5711,0.0002,0,-1
0x60e248ae88cdb938ce27ff07556ecd2933bc318a,usdt,268,2547.0134048303667,249.918822,3.5634328358208953,0.0024693273345486044,0.14815964007291627,3.55583136174999,24298.115183246075,0.09717607973421927,704,0.061046511627906974,0,-1
0x9da11224458d4f4fb9fdb1e4a0c09c1dbe154fe8,usdt,781,55630.597927413895,3558.0,0.4238156209987196,0.0002941927244983792,0.01765156346990275,0.423637523277666,203947.93957703927,0.006678452170496956,169,0.00883912787271656,0,-1
0xc6b71adeafe34b51f2c567b18dd2067fb558d5be,usdt,44,0.0003468285714285714,0.00044,0.7954545454545454,0.0005422405379026135,0.03253443227415682,0.7808263745797636,110652.0,0.8536585365853658,17,0.04878048780487805,0,-1
0x56fcd8f7452cf40d9175146431cc422d76bd96d5,usdt,58,193.75003625,0.000145,0.13793103448275862,9.424249064054265e-05,0.005654549438432559,0.1357091865223814,636655.5,0.875,1,0.375,0,-1
0xe2281d75ab9d177e17034cff8933df839e43d766,usdt,147,23529.411768235295,0.0,0.11564625850340136,7.99019368229486e-05,0.004794116209376915,0.11505878902504596,750920.4705882353,0.10135135135135136,3,0.08108108108108109,0,-1
0x1f1b1c9d467d2874b736829f0b4ded42098ce235,usdt,1040,111082111451008.94,15865.0,0.6557692307692308,0.00045515307358463743,0.027309184415078246,0.655420425961878,131823.78299120234,0.06109481915933529,409,0.07135874877810362,0,-1
0xe2280096ab8e2148ff4c499e37721d91f847d766,usdt,169,0.00047036054421768704,0.0,0.8698224852071006,0.0006033194884507412,0.03619916930704447,0.8687800633690673,99449.79591836735,0.6495327102803738,32,0.13551401869158877,0,-1
0x590ddea644d7e0e08d9d248b74e5b0ff32b4203b,usdt,1187,355.55682145454546,0.001,0.018534119629317607,1.286629313088494e-05,0.0007719775878530964,0.018527462108474314,4663347.818181818,0.0014970059880239522,8,0.005239520958083832,0,-1
0x16e0ac6b1b41ab3bdf3ecfee587204c35ce0d5f8,usdt,1,0.041143646970830235,33.179425,4011.0,8.487092678798138,509.22556072788825,12221.413457469318,7.069558713537771,0.001272264631043257,4010,0.0003180661577608143,0,-1
0xf5e10380213880111522dd0efd3dbb45b9f62bcc,usdt,26,17671.173000515213,10067.149627,217.46153846153845,0.149546651995895,8.9727991197537,215.3471788740888,401.2125928546162,0.0001,3592,0.0875,0,-1
0x09ccb258bcee22c73c1c4ccccc3b5915150ee65c,usdt,1,95664.0,95664.0,3.0,0.39473684210526316,23.684210526315788,568.421052631579,152.0,0.0,0,0.2,0,-1
0xf1ccbb622d6c0bbbac334cc8b25fd8c79332a5d5,usdt,217,93431.8524849049,0.0008,8.576036866359447,0.005945789480074098,0.3567473688044458,8.5619368513067,10091.174637291779,0.26182432432432434,1362,0.1245777027027027,0,-1
0xf10953025e606ea6224b0f9bf93693446c8f722d,usdt,3,4906.999643727272,14912.332027,3.6666666666666665,0.0022625365091118515,0.1357521905467111,3.258052573121066,26518.909090909092,0.4166666666666667,6,0.4166666666666667,0,-1
0x404cb574c29df88273428bbc75a5f74344179478,usdt,121,345238.57572079997,585237.07,0.49586776859504134,0.0003428069950910038,0.02056841970546023,0.4936420729310455,175025.6,0.0125,6,0.1,0,-1
0xee8ddf7db8dcca9576969d4272eab361fc633b33,usdt,1641,64980.941870536764,219900.0,0.08287629494210846,5.7548613962437665e-05,0.0034529168377462603,0.08287000410591025,1042596.7867647059,0.13309352517985612,88,0.09352517985611511,0,-1
0x5e3fef285b65cb37eb01e274ffe60d529460b231,usdt,427,20713.186412,19639.118472,0.01405152224824356,9.752929048416465e-06,0.0005851757429049879,0.01404421782971971,6151998.0,0.0,3,0.01509433962264151,0,-1
0x42d9187a6fb223e20e62e47466da8a5266a2e744,usdt,183,0.011721722222222224,0.013692,0.09836065573770492,6.800156252479224e-05,0.0040800937514875344,0.09792225003570082,882332.6666666666,0.0,9,0.12121212121212122,0,-1
0x09ccba63e8eb96dd72d0e05c5aeb61fe5472e65c,usdt,498,44953.90491080519,0.000106,0.3092369477911647,0.0002147074012150766,0.012882444072904594,0.30917865774971026,279450.0779220779,0.03935860058309038,116,0.04227405247813411,0,-1
0x01c8db3d0faea7b4a1cd3876acf6a07ffecbe597,usdt,31,2721.667297619048,0.00017,0.6774193548387096,0.0004703605649702329,0.028221633898213975,0.6773192135571354,127561.71428571429,0.6190476190476191,8,0.42857142857142855,0,-1
0x713244081562c89743c56c430cad0bd383d57d73,usdt,2,0.005426718749999999,0.005279,16.0,0.008735531775496835,0.52413190652981,12.579165756715438,6868.5,0.0,16,0.46875,0,-1
0x094e636e2734afb35730e7e086fa66be2a9346fe,usdt,618,1212.1885281067603,0.000304,3.925566343042071,0.0027238607054013283,0.1634316423240797,3.9223594157779127,22027.558120362737,0.45321229050279327,875,0.11696927374301676,0,-1
0x1295ea9240b793a285345f5f0c00ee27fe74e38b,usdt,1,2.0931003333333336,0.026687,3.0,0.002055076037813399,0.12330456226880396,2.9593094944512948,29196.0,0.0,2,0.07692307692307693,0,-1
0x1b748eaa0b04e866b284f31b4f7a2b5c47667b78,usdt,2,0.006400000000000002,0.005,15.0,0.00846262341325811,0.5077574047954866,12.186177715091679,7090.0,0.0,20,0.36666666666666664,0,-1
0xc9d12366eca9b13b35da9451d0029b8fe06798b8,usdt,627,983.564298126316,200.0,0.15151515151515152,0.00010520501245405862,0.006312300747243518,0.15149521793384443,570315.0315789473,0.08403361344537816,46,0.16806722689075632,0,-1
0x8379655aa9ea3a4f2c5a0f803bfa8b2c4b6c2bff,usdt,112,31.213449746666672,18.54,1.3392857142857142,0.0009259945181124528,0.05555967108674716,1.333432106081932,64795.2,0.01948051948051948,4,0.01948051948051948,0,-1
0xe94e35a15e7df69b51462563d7165c6fe90847fe,usdt,31,4258.3601643833335,0.000304,7.741935483870968,0.005368286845460443,0.32209721072762654,7.730333057463037,11176.75,0.08503937007874016,186,0.07559055118110236,0,-1
0xaed66fbb3d8c5ccbe5daa7be4b3e1a21d2779d22,usdt,2,0.0,0.0,6.5,0.0037064492216456633,0.2223869532987398,5.337286879169755,16188.0,0.0456140350877193,13,0.0035087719298245615,0,-1
0xc7ffa71949be064361aa20d7d986cc2dec96f8cf,usdt,52,9642.921299402778,6373.559104,4.153846153846154,0.0028591548550037857,0.17154929130022717,4.117182991205452,20985.222222222223,0.035691523263224986,156,0.0248565965583174,0,-1
0xc210b483b886f417be8034e615ab99ae07e0bae1,usdt,495,532206.8516324852,0.0,4.006060606060606,0.0027808637309458947,0.16685182385675368,4.004443772562088,21576.03025718608,0.08800413650465357,1429,0.010651499482936918,0,-1
0x6a8c6db92ba11200b73f694238468899a9121cc4,usdt,207,14856.077265310692,14700.0,3.8405797101449277,0.002657826412843687,0.15946958477062123,3.8272700344949095,22574.837735849058,0.0,53,0.04820143884892086,0,-1
0xae483c4b446bd368817c244a04cea5fdbd469e31,usdt,1,13.375108363636365,14.706096,11.0,0.047372954349698536,2.842377260981912,68.21705426356588,1266.5454545454545,0.09090909090909091,5,0.2727272727272727,0,-1
0xcf40fb6ec64e6e1f132b8b23fefafc808c9cb876,usdt,24,0.0,0.0,0.125,8.605654488709381e-05,0.005163392693225629,0.12392142463741508,697216.0,0.6,0,0.6,0,-1
0xef194f9325d1a6ac294f4ff8f621208c487e0e71,usdt,87,1190.1203917999999,0.0,0.3448275862068966,0.00023936195676803912,0.014361717406082346,0.3446812177459763,250666.4,0.3181818181818182,17,0.2727272727272727,0,-1
0xdb4b740a84e774eea014e53759a76550db07a1cb,usdt,556,662800331427377.4,0.000132,6.512589928057554,0.004520591349777915,0.27123548098667494,6.5096515436801985,13272.599834299917,0.2899030503665169,2294,0.08654528257271223,0,-1
0x336cf28e13c49c6792fb3dfecea6f123543c317f,usdt,67,4081.0783067171715,1159.74,1.4776119402985075,0.0010192777336205155,0.061156664017230945,1.4677599364135427,58865.21212121212,0.35294117647058826,68,0.12745098039215685,0,-1
0x0387faf6e94d6aecabde81d2780305bac28726b6,usdt,298,30411.14126487368,0.000534,0.3187919463087248,0.0002209003339547996,0.013254020037287977,0.3180964808949114,271615.7052631579,0.23170731707317074,53,0.14634146341463414,0,-1
0xf8191d98ae98d2f7abdfb63a9b0b812b93c873aa,usdt,27,822911.7726332656,3000000.0,48.55555555555556,0.03366078351828363,2.019647011097018,48.471528266328434,1782.4897025171624,0.0435,441,0.0057,0,-1
0x6490f76a28d3b57db74637b53b8dc5137311c6b1,usdt,216,81.8623910576923,20.0,0.24074074074074073,0.00016666239327196738,0.009999743596318044,0.23999384631163304,360009.23076923075,0.0,7,0.2,0,-1
0x8ce1832ab5432c2dd3e603e3cd2920c90076ccc0,usdt,56,357.58379147619047,193.076113,0.375,0.0002565242671956767,0.015391456031740601,0.3693949447617745,233896.0,0.2,14,0.28,0,-1
0xcec3979ddcb13c176661c5708fc6eecc8b4f6dca,usdt,1,5.325e-05,9.5e-05,4.0,0.2,12.0,288.0,300.0,1.0,1,0.5,0,-1
0xd1c805676244085838262806ffb92b21421e5b8d,usdt,1871,852.5656925000001,170.25044,0.032068412613575625,2.2266018243105397e-05,0.0013359610945863237,0.03206306627007177,2694689.25,0.0031545741324921135,34,0.03627760252365931,0,-1
0xe16b1cd0c5c613711da2a5f17c182ed0f2b75e29,usdt,266,18392.811699661157,14795.0,0.4548872180451128,0.00031545511047707244,0.018927306628624345,0.4542553590869843,190201.38842975206,0.055,0,0.085,0,-1
0x8806baef6299936df9d18cf1c7debb962555f348,usdt,377,3.6688829800000002,4.957319,0.13262599469496023,9.188987329489152e-05,0.005513392397693491,0.13232141754464377,652955.52,0.0390625,35,0.1015625,0,-1
0x6c4127ab16ff72062e094ca73ce1d690d64f8a87,usdt,4,0.00029433333333333335,0.000289,1.5,0.000862391123120706,0.051743467387242364,1.2418432172938167,69574.0,1.0,3,0.5,0,-1
0x5b1f8565633ec5fd0310d53dbaeac06413760e94,usdt,685,5049.75999311579,0.0,0.1386861313868613,9.6256922899218e-05,0.005775415373953079,0.1386099689748739,623331.7894736842,0.0084985835694051,55,0.0453257790368272,0,-1
0x3dbc1ee48daf92df9b9d485b8aea6a12462c1142,usdt,15,261.3217284871795,174.0,2.6,0.0018019683038395786,0.10811809823037473,2.594834357528993,33296.92307692308,0.0975609756097561,17,0.17073170731707318,0,-1
0x7edae6d28e8191ec76248f9a0fc5273499abd10e,usdt,831,8141.604592289157,0.000179,0.19975932611311673,0.0001385603644905511,0.008313621869433066,0.1995269248663936,433024.265060241,0.08333333333333333,70,0.10810810810810811,0,-1
0xa5757e8c5fa91c79296c4c2fdfa67162797452dd,usdt,107,16371.889501300004,13339.686251,0.09345794392523364,6.439713973664146e-05,0.0038638283841984874,0.0927318812207637,931718.4,0.0,0,0.04,0,-1
0x5bdf244b508bf8f2e1654d9344952c0260118816,usdt,7,592.9412611764706,720.0,2.4285714285714284,0.001663307437919496,0.09979844627516976,2.3951627106040743,36072.705882352944,0.16666666666666666,13,0.2777777777777778,0,-1
0xef50bedea9e99a55c474e63d305732ee65b8480f,usdt,70,6516.876975666666,2.044997,0.12857142857142856,8.842653817963163e-05,0.005305592290777898,0.12733421497866956,678529.3333333334,0.018072289156626505,7,0.018072289156626505,0,-1
0xf31013795ec3b29701708a011cfef287d44f1c8b,usdt,14,0.00033,0.00023,0.5714285714285714,0.00039153118056439224,0.023491870833863532,0.5638049000127248,153244.5,1.0,4,0.5,0,-1
0x56fc4feb4b3485a46958fba3dba939da93f796d5,usdt,107,0.00048125,0.0,0.14953271028037382,0.00010303781230116922,0.006182268738070153,0.1483744497136837,582310.5,0.5769230769230769,1,0.34615384615384615,0,-1
0x72ccae55a1e211444338e45fbcaf1ec45a1877a1,usdt,2,0.0002875,0.00025,4.0,0.0027199782401740786,0.1631986944104447,3.916768665850673,22059.0,1.0,4,0.375,0,-1
0x7b73c90c89e27a602a6149c8edb0d0f6aefa4700,usdt,258,6530.723855131147,2009.690991,0.2364341085271318,0.00016413124257037061,0.009847874554222237,0.23634898930133366,365561.11475409835,0.0022753128555176336,37,0.012514220705346985,0,-1
0xb11e2db3c390416d0082ea812fe2bf3738495b28,usdt,1,0.08609761641221376,56.040215,2096.0,3.0509461426491993,183.05676855895197,4393.362445414847,19.666030534351144,0.0009074410163339383,2094,0.0009074410163339383,0,-1
0xf0bc39aa2d75c321211fd393809c578bb6ca1621,usdt,7,1819.7186311818186,0.00025,1.5714285714285714,0.0009834248216424983,0.059005489298549894,1.4161317431651976,61011.27272727273,0.1875,7,0.3125,0,-1
0x7e928d8b389ac020fd93d99b15ad3088285d8ab1,usdt,725,2402.2461471419756,1000.0,0.8937931034482759,0.0006206349632024764,0.03723809779214859,0.893714347011566,96675.18518518518,0.18298969072164947,335,0.20747422680412372,0,-1
0x1ed006eac6f8406dddb8b6a2df13f08a0f5721d8,usdt,5,0.00017766666666666668,0.000218,1.2,0.0007944073721004131,0.047664442326024785,1.1439466158245948,75528.0,0.5,3,0.25,0,-1
0x4c7640ac3f027a3d343992f8f8b324cc5e650d2c,usdt,32,284.71294520547946,0.000843,2.28125,0.0015735607308219593,0.09441364384931754,2.2659274523836213,38130.08219178082,0.34513274336283184,39,0.18584070796460178,0,-1
0x7d16a168e673970f4637921b125e1a6662c0e757,usdt,93,463.5706808055555,550.0,0.3870967741935484,0.0002681831929592972,0.016090991577557834,0.386183797861388,223727.66666666666,0.021739130434782608,22,0.10869565217391304,0,-1
0x6f64630a0c12c60813a80a215fb9a31e52528820,usdt,114,400722.149103,2152.224885,0.05263157894736842,3.6429562833102817e-05,0.002185773769986169,0.05245857047966806,1647014.0,0.0,3,0.0091324200913242,0,-1
0x06ce3c819b6f61f6196b73dbf50a25d4abf5e80d,usdt,67,112.77418399999999,0.0,0.40298507462686567,0.0002760126597806619,0.016560759586839717,0.39745823008415315,217381.33333333334,0.125,5,0.125,0,-1
0xdc82eb44e0613df727daa7231c13a740338f25a5,usdt,1,6666.666699666667,10000.0,3.0,2.142857142857143,128.57142857142856,3085.714285714286,28.0,0.014084507042253521,1,0.04225352112676056,0,-1
0xb47e611eb5362e5533238794c8ba5e2c0e79fb6c,usdt,9,9.43e-05,9.2e-05,1.1111111111111112,0.0007197144173192077,0.04318286503915247,1.0363887609396591,83366.4,1.0,5,0.2,0,-1
0x45de7cef3972a64432935ecf4ea845ac1430d87b,usdt,288,4300.862359223078,0.0,0.9027777777777778,0.000625426673292982,0.03752560039757893,0.9006144095418942,95934.5076923077,0.10775862068965517,201,0.03735632183908046,0,-1
0xddf865537fee2a5ecbb5cfc1303396c356074ade,usdt,53,611.9164754324327,368.04,0.6981132075471698,0.0004779892413664808,0.028679354481988845,0.6883045075677323,125525.83783783784,0.043478260869565216,6,0.10869565217391304,0,-1
0x798a59cb1ef7110e91640fc6a8056d029ba8a42e,usdt,928,16157.37900570909,16352.620989,0.059267241379310345,4.112058529396284e-05,0.0024672351176377705,0.05921364282330649,1459123.2,0.0008837825894829872,25,0.008395934600088379,0,-1
0xc3b9f7ffe57a3340c520d30857dfa41e1a19e1d6,usdt,1,0.05539828139754487,42.175165,3177.0,4.283980582524272,257.0388349514563,6168.9320388349515,14.005665722379604,0.0005581395348837209,3176,0.00037209302325581393,0,-1
0x19038dd1364650c6b53f9ff5e4e6b3ab87179af7,usdt,12,0.04363636363636363,0.188,0.9166666666666666,0.000594607450971913,0.03567644705831478,0.8562347293995546,100906.90909090909,0.0,5,0.6363636363636364,0,-1
0x7999991baed6562def2c01af6751c00100598138,usdt,1,443.48063072727285,0.08367,11.0,0.004960764859745648,0.2976458915847389,7.143501398033733,12094.90909090909,0.18181818181818182,8,0.36363636363636365,0,-1
0x8f456e525ed0115e22937c5c8afac061cc697f21,usdt,1232,364883.02502452675,0.0,0.09090909090909091,6.309197074305142e-05,0.003785518244583085,0.09085243786999403,950992.6428571428,0.06097560975609756,90,0.009581881533101045,0,-1
0x8d81f7b4022deee9f69419d76539cc5c906ca1fa,usdt,254,9670.613707984128,0.0001,0.49606299212598426,0.00034359182164203075,0.020615509298521847,0.4947722231645243,174625.80952380953,0.40853658536585363,73,0.18292682926829268,0,-1
0xcdbf8b57ebc4ec7ca26dcedae90f7a791687589b,usdt,28,0.00025871428571428573,0.000255,0.25,0.00016968956506140337,0.010181373903684203,0.24435297368842085,353586.85714285716,1.0,4,0.42857142857142855,0,-1
0x8201fb9c79d46e787bb003c7d0d24b325076ee56,usdt,161,2391.8495847435897,0.0,1.937888198757764,0.0013397354366034616,0.08038412619620769,1.9292190287089845,44784.96153846154,0.31185031185031187,200,0.1288981288981289,0,-1
0x5656da160b35c8e2b73f94dbfd261f2cabae4eac,usdt,88,9287.179703228758,0.000905,1.7386363636363635,0.0011961348427043592,0.07176809056226155,1.7224341734942772,50161.56862745098,0.18357487922705315,78,0.1111111111111111,0,-1
0xe5ae02af31d477374501c0933db999b8a693065c,usdt,125,0.00028244075829383887,0.0,1.688,0.0011655179042330947,0.06993107425398569,1.6783457820956564,51479.260663507106,0.9454545454545454,87,0.15,0,-1
0xcf113b086efa28c8ac4741e761cf5cfde631686b,usdt,109,269.76113504103387,0.000752,91.22018348623853,0.06293986056127442,3.7763916336764654,90.63339920823516,953.2909584632405,0.0719,268,0.144,0,-1
0x786324161c61c8d056ea996d781388c294bf2936,usdt,5,37897.299310283684,194900.02026,56.4,0.034712819124055244,2.0827691474433148,49.98645953863955,1728.468085106383,0.3049792531120332,248,0.05186721991701245,0,-1
0x9a1988d3205b6fa9add88042cc122ff345cf8e6b,usdt,13,0.016620369313549644,21.938445,471.7692307692308,0.3215034598448312,19.29020759068987,462.96498217655693,186.6231860427197,0.0,6132,0.0002,0,-1
0xc3f33a46d4542b7f041bf437e1779e5784bc4e2a,usdt,532,18518518525850.47,0.001,0.6090225563909775,0.0004226096143687269,0.025356576862123614,0.6085578446909667,141975.0,0.10862944162436548,212,0.046700507614213196,0,-1
0xcf4017707d3f973b2beb3b452f9751e08c9cb876,usdt,86,24219.78243619889,49252.0,14.674418604651162,0.010188462333367778,0.6113077400020668,14.671385760049601,5889.014263074485,0.26925746009715473,774,0.09090909090909091,0,-1
0xbc83a5915dff051775e573f55c3b9aa48db05131,usdt,2,0.003127079125615764,18.129181,3248.0,1.6826400041444336,100.95840024866601,2423.0016059679842,35.658251231527096,0.6495,6496,0.0001,0,-1
0xd75dfaca02f24a21e4b31d8cda59bd851767d35a,usdt,24,160074.046485546,564884.922196,7.25,0.005018545544742929,0.3011127326845757,7.226705584429819,11955.655172413793,0.16507936507936508,142,0.07301587301587302,0,-1
0x7ed02656dbb30a484b416f8a485b1cdef6887d37,usdt,174,488.40235882272736,2499.461549,1.264367816091954,0.0008731884316821339,0.05239130590092804,1.257391341622273,68713.6909090909,0.14342629482071714,150,0.08964143426294821,0,-1
0x8edb142b495f9b287b396eb4f5ac63133f8d8da3,usdt,1,0.06131082469580894,31.355451,2219.0,3.417000307976594,205.0200184785956,4920.480443486295,17.559260928346102,0.0,2218,0.0005558643690939411,0,-1
0xd7580e32f98c636fbf30209ad5945d19096c954b,usdt,83,1160.9677569268292,0.0,0.4939759036144578,0.00034237995824634655,0.020542797494780794,0.493027139874739,175243.9024390244,0.03103448275862069,27,0.022413793103448276,0,-1
0x66dfb827d476476a5d9227bce8e7685cd6e28514,usdt,1,2128.125,2837.5,4.0,0.00887705281846427,0.5326231691078562,12.782956058588548,6759.0,0.2,3,0.4,0,-1
0x1fc75ad0511ddc3a23b9583ba1c285b8292faed5,usdt,226,2782015.329508356,1709.429551,2.756637168141593,0.0019065000942539373,0.11439000565523624,2.7453601357256696,31471.280898876405,0.0023194168323392977,341,0.005632869449966865,0,-1
0x027b4dd4afeb525e0c45744ac6441bbebf471e48,usdt,159,4651.641712159649,648.0938,21.50943396226415,0.01484434274285258,0.8906605645711547,21.375853549707713,4041.9438596491227,0.18535705078628512,528,0.1136890951276102,0,-1
0x770b1a8ea5ec4618cb54821051e33b48b3de3987,usdt,164,280.10983924786325,31.0,0.7134146341463414,0.000492646928788518,0.02955881572731108,0.7094115774554659,121791.07692307692,0.0743801652892562,19,0.04132231404958678,0,-1
0xcf408dd1485274dfd1bcb0963a428a781e5cb876,usdt,3,11667.013550333335,0.01,2.0,0.0010938525486764385,0.0656311529205863,1.5751476700940714,54852.0,0.2222222222222222,6,0.1111111111111111,0,-1
0x06eb645caf5799969574cebfc26884d89147a4a2,usdt,9,0.0005000000000000001,0.0005,612.3333333333334,0.38634101201575927,23.180460720945558,556.3310573026934,155.3032117583016,0.5511,5511,0.0001,0,-1
0xaae027e8c329fa840b35a73c494a8ee3a479dc3f,usdt,175,27.999005403389827,0.0,1.6857142857142857,0.0011642573774451378,0.06985544264670826,1.6765306235209985,51534.99661016949,0.020134228187919462,10,0.016778523489932886,0,-1
0x8a9db24cdd1cc0c4e8432c4d75000e20617c5676,usdt,435,431963143431690.3,0.000167,10.85287356321839,0.007523465211503236,0.4514079126901942,10.83378990456466,7975.048506672315,0.2219,2296,0.0704,0,-1
0xee7560decbbc37498106b9ba59e80807d16e3c9d,usdt,12,160.2234003157895,160.0,7.916666666666667,0.0052642078198421845,0.3158524691905311,7.580459260572746,11397.726315789474,0.15517241379310345,15,0.06896551724137931,0,-1
0xdd72bc2878827a176ecbf81895adffda04545d3f,usdt,48,109927.06715252459,0.0002,2.5416666666666665,0.0017378768842431546,0.10427261305458928,2.5025427133101426,34524.88524590164,0.33098591549295775,87,0.11971830985915492,0,-1
0x8356d2f21e80ce29884e233887f1a6dd53d562e7,usdt,34,4214.848796551661,0.000125,31.88235294117647,0.021594657911932044,1.2956794747159226,31.096307393182148,2778.4649446494464,0.3446940356312936,583,0.3175832687838885,0,-1
0x8c41b07b32784749fe1ec01a48d8b4b4410eba19,usdt,756,45293.79723607911,0.000136,1.253968253968254,0.0008699771438283289,0.052198628629699734,1.2527670871127936,68967.32911392405,0.09536082474226804,625,0.08608247422680412,0,-1
0xf335b48004bf8b4ba8ed8649d74975fb2dd264b9,usdt,216,5519.202960564103,0.000233,0.7222222222222222,0.0005012225331658308,0.030073351989949846,0.7217604477587962,119707.30769230769,0.1724137931034483,129,0.11494252873563218,0,-1
0x7f01ee53fd87620e616c62ff71539531e9be212e,usdt,55,0.0021361666666666664,0.000378,0.10909090909090909,7.447254817753262e-05,0.004468352890651958,0.10724046937564698,805666.0,0.5,5,0.25,0,-1
0x9736eb5e13c5410ac1c0ffa456aba1d3dd8c776c,usdt,101,1650.8006775,3301.601355,0.039603960396039604,2.7330095628004604e-05,0.001639805737680276,0.03935533770432663,2195382.0,0.0,1,0.375,0,-1
0x0ff62ec723b88baa5688b68fa1e6b19919abd48c,usdt,365,46.85250921428571,25.0,0.038356164383561646,2.6583321624013093e-05,0.0015949992974407857,0.03827998313857885,2257054.285714286,0.0,6,0.11290322580645161,0,-1
0x83b00547878561f9190328864815133799090094,usdt,11,1441.2270650000003,0.0,2.4545454545454546,0.0016091543000178795,0.09654925800107278,2.3171821920257463,37286.666666666664,0.05172413793103448,19,0.03017241379310345,0,-1
0xca03a5a464f88c98e335fead623795745c15986e,usdt,12,4617.128190090909,775.0,0.9166666666666666,0.0005975857535556352,0.03585514521333811,0.8605234851201147,100404.0,0.0,9,0.10344827586206896,0,-1
0xff44f2a28ea629da9581b986530a7c884e109ab2,usdt,1,0.0002566666666666667,0.00027,6.0,0.06410256410256411,3.846153846153846,92.3076923076923,936.0,0.75,3,0.5,0,-1
0x98f585d40a96435e04e33c7519bd8e90fbc76113,usdt,1062,1769.7598685306125,31.964493,0.09227871939736347,6.407676239211892e-05,0.0038446057435271358,0.09227053784465124,936376.8979591837,0.017241379310344827,44,0.08620689655172414,0,-1
0xa39d17f30dc79ebb3e03e3b6e721f393de4d7c01,usdt,1832,8278.280056130434,0.824317,0.025109170305676855,1.7435419474745732e-05,0.001046125168484744,0.025107004043633856,3441270.804347826,0.006172839506172839,28,0.07407407407407407,0,-1
0xf32e991bb42f44b07ba05b18211fe0a545e81dd1,usdt,308,555645257.9519,8825.394218,0.3181818181818182,0.00022042285200179936,0.013225371120107961,0.3174089068825911,272204.0816326531,0.0017908309455587394,41,0.0068051575931232094,0,-1
0x02dbbdd509295db70815e11492ed52a20c968850,usdt,1,50.07000000000001,99.0,4.0,0.3333333333333333,20.0,480.0,180.0,0.0,3,0.017699115044247787,0,-1
0xf15050214046608f6201fbdf5e3f8f7433d40144,usdt,1,0.000311,0.000311,7.0,0.14403292181069957,8.641975308641975,207.4074074074074,416.57142857142856,0.6363636363636364,3,0.36363636363636365,0,-1
0xcc2c505ad9cdd23619d52d51f0e97f904ef74bf5,usdt,1,7.000100999999999,10.0,10.0,0.031746031746031744,1.9047619047619047,45.714285714285715,1890.0,0.06896551724137931,7,0.13793103448275862,0,-1
0x4d26b404b1e652e1abc6755ddb190b16fc14f588,usdt,800,738.0881928,217.003675,0.00625,4.335861309093363e-06,0.0002601516785456018,0.006243640285094444,13838081.0,0.0,2,0.06451612903225806,0,-1
0xbcd615049986bdd262c502b27df9e41b2f1d9d39,usdt,12,0.00022000000000000003,0.0001,0.5,0.0003459210147016431,0.02075526088209859,0.49812626117036607,173450.0,0.8571428571428571,3,0.2857142857142857,0,-1
0xb35238503688aefb70f393c3d012c6be62d71fcf,usdt,1,9.083333333333334e-05,8.5e-05,6.0,0.0038634900193174502,0.23180940115904702,5.563425627817128,15530.0,1.0,3,0.3333333333333333,0,-1
0x63cc5860fc8722bc9861c062d3d65fb1da2c5411,usdt,10,0.018297777777777777,0.05894,0.9,0.000616463690288642,0.036987821417318524,0.8877077140156444,97329.33333333333,0.2222222222222222,5,0.5555555555555556,0,-1
0xeb65210735d7b0bb56012e05a928e2876063caca,usdt,20,8693.925548481015,0.0006,3.95,0.0027008731683635444,0.16205239010181266,3.889257362443504,22215.037974683546,0.037109375,52,0.0185546875,0,-1
0xe1313a1bdf44e18e2c864924b8258c20491c743e,usdt,921,2860.4142410677964,23004.0,0.1281216069489685,8.887749382339079e-05,0.005332649629403447,0.12798359110568272,675086.5423728813,0.1015625,59,0.2578125,0,-1
0xc42e044bb438ad4eec6973719a5eac26b7fa55d7,usdt,133,45125.72137159091,58.783642,0.3308270676691729,0.00022934847311254026,0.013760908386752415,0.33026180128205795,261610.63636363635,0.022857142857142857,19,0.05142857142857143,0,-1
0xc43b4f8190cef87438dd7cc109e90b05ad64dcd3,usdt,1,51.166666666666664,51.5,3.0,0.24193548387096772,14.516129032258064,348.38709677419354,248.0,0.0,0,0.75,0,-1
0xe4e5fc73273921ef46c7b1b01af7c6c388ac650e,usdt,226,430.487289380531,35.005251,0.5,0.0003468489844077569,0.020810939064465413,0.49946253754716996,172985.94690265486,0.013245033112582781,26,0.1390728476821192,0,-1
0x818af05ac89d02c724090e5b6b11d60f528b266c,usdt,1,17136.981663,22849.308808,4.0,2.2222222222222223,133.33333333333334,3200.0,27.0,0.2,1,0.8,0,-1
0x9199598f397e4b7dd28612510d8ed99e90193694,usdt,1,27143.5894364074,0.001,54.0,0.03982300884955752,2.389380530973451,57.34513274336283,1506.6666666666667,0.07272727272727272,47,0.10909090909090909,0,-1
0x1160a1524a0169d72f1a8f5839c187b6f68d1d55,usdt,1107,22809.327339186726,0.001,0.5853658536585366,0.0004062606776653804,0.024375640659922822,0.5850153758381478,147688.42592592593,0.09234507897934387,424,0.05285540704738761,0,-1
0xcf47b887deea03b4333a1204b686ecfd54fcb876,usdt,7,0.004230222222222222,0.005,1.2857142857142858,0.0007891552531434684,0.04734931518860811,1.1363835645265945,76030.66666666667,0.0,4,0.3333333333333333,0,-1
0x531868c7bcd2119820c94505dfd0764f7214e01e,usdt,288,301199.80984959996,0.0005,0.15625,0.00010845417136433902,0.006507250281860341,0.15617400676464818,553229.0666666667,0.037037037037037035,29,0.05092592592592592,0,-1
0x2a6a078f7a880ef8b669bca6c31059bd47c87a3f,usdt,381,138698.6455882353,525972.0,0.1784776902887139,0.00012388675002058706,0.007433205001235225,0.17839692002964536,484313.29411764705,0.06870229007633588,43,0.04961832061068702,0,-1
0xf5cb36283db1c5351d936c32da1c9e0fd4ea0e34,usdt,480,482.5,965.0,0.008333333333333333,5.778810258543971e-06,0.0003467286155126383,0.008321486772303318,10382760.0,0.0,1,0.3333333333333333,0,-1
0xd1af410be5764937b5d3676e250785a39d0f01ae,usdt,27,8596.503231380117,0.008502,19.0,0.012750536864710093,0.7650322118826056,18.360773085182533,4705.684210526316,0.07972270363951472,422,0.06932409012131716,0,-1
0x064b05c98c3dde8483daac2f5a54b3121eed960e,usdt,55,0.004911893333333334,0.0023,1.3636363636363635,0.0009349615793121675,0.05609769475873005,1.346344674209521,64173.76,0.2375,53,0.2625,0,-1
0x12f47de308f2a7fc4bd70b632b514ba722ae03d8,usdt,1,0.0084656,0.015364,5.0,2.7777777777777777,166.66666666666669,4000.0,21.6,0.0,3,0.375,0,-1
0x11591b62a127e6f85b2058f6928f2d37a7716544,usdt,205,293529.18065121904,9.4e-05,5.878048780487805,0.00407962341521019,0.2447774049126114,5.874657717902674,14707.239834024896,0.18319559228650137,681,0.06932966023875115,0,-1
0xda7d0fc51e0870f7ffc7ace2a18b72898e6bf9b6,usdt,783,151469.74056154877,366400.0,0.8378033205619413,0.0005815341971361922,0.03489205182817154,0.8374092438761169,103175.35975609756,0.10451453308596166,383,0.06802721088435375,0,-1
0x4fd8b325f0c2256190d2d9230d9478317d24750e,usdt,29,753.659401076923,0.0,1.3448275862068966,0.000907715582450832,0.05446293494704992,1.307110438729198,66100.0,0.04225352112676056,22,0.04225352112676056,0,-1
0xae2270fe2e2744e42304717266313c4cd0f4b098,usdt,1,1309.617800307692,0.000135,13.0,0.01691827173347215,1.015096304008329,24.362311296199895,3546.4615384615386,0.6153846153846154,6,0.5384615384615384,1,2
0x6081b98a203eefe279aa74d384762ce6ed5a1d68,usdt,15,17243.00807262903,3600.0,4.133333333333334,0.002844950213371266,0.17069701280227598,4.096728307254623,21090.0,0.0,0,0.09565217391304348,0,-1
0xbaba55d142cb2458f922fca25d007596f882fa77,usdt,566,1366.9644823691933,0.0,2.1678445229681977,0.0015034023207532742,0.09020413924519646,2.1648993418847153,39909.47677261614,0.3120376597175521,633,0.2172158708809684,0,-1
0x838604d7a279ed48c7b6828268f6e5a5c575ec24,usdt,69,2952.6862962731707,1820.722826,14.855072463768115,0.010171395455916676,0.6102837273550006,14.646809456520014,5898.895609756098,0.3297777777777778,667,0.18933333333333333,0,-1
0x1011afe1e12216587df30223f898c7924d76dd72,usdt,89,370.69944911488017,64.447338,49.68539325842696,0.03422674794809795,2.053604876885877,49.28651704526104,1753.0149253731342,0.0101,1759,0.0013,0,-1
0x269c85f1c4bea525c877e3fe43c0f6dcf66421f5,usdt,55,32.720073931034484,0.000605,6.327272727272727,0.004393063000058069,0.26358378000348415,6.3260107200836195,13657.896551724138,0.13259668508287292,220,0.1298342541436464,0,-1
0xcbe2129cceb08602d610ba9649e67868727b8b29,usdt,17,12893.439198064516,4122.788812,1.8235294117647058,0.001262852580292982,0.07577115481757891,1.8185077156218936,47511.48387096774,0.0,0,0.36,0,-1
0xbe326b72912fcb6b87738207b08ce46e35f352a0,usdt,491,912.635467681818,34.99,0.08961303462321792,6.217525792133982e-05,0.003730515475280389,0.08953237140672934,965014.0909090909,0.012987012987012988,20,0.1038961038961039,0,-1
0xb68c8674e0c646804d77f19586e14e6ad4a45c50,usdt,782,186.4719777704591,212.405815,0.6406649616368286,0.0004448178981226731,0.02668907388736039,0.6405377732966493,134886.65868263473,0.0038314176245210726,226,0.009578544061302681,0,-1
0x05887a10ed7708b61f6e3f450d961253bb82ee92,usdt,1,0.06699883284169128,33.472964,2034.0,3.1321219587311364,187.92731752386817,4510.255620572836,19.156342182890857,0.0015037593984962407,2033,0.0006015037593984962,0,-1
0x16e8ecee13056487a335cf2988453cd3a42d2eff,usdt,55,794.645941665946,0.0,33.63636363636363,0.02297223463964635,1.378334078378781,33.08001788109075,2611.8486486486486,0.1950599346167817,1251,0.17544496912459134,0,-1
0xa9f848152e7efa8549d2d3f7ba9b7485ed67abe4,usdt,859,99964.58873462907,5000.0,3.323632130384168,0.0023059612369127616,0.1383576742147657,3.320584181154376,26019.518038528895,0.10998945306614434,1908,0.04987193008889559,0,-1
0x75a1fca08648427cde60d145814e538f5560c2dd,usdt,7,4422.438459968749,0.000638,9.142857142857142,0.006175102757569325,0.3705061654541595,8.892147970899828,9716.4375,0.5714285714285714,25,0.24285714285714285,0,-1
0x073ff9a8ff8908720e802b948904994285b572d0,usdt,134,7138.390549683174,0.0,14.014925373134329,0.009725963973537921,0.5835578384122753,14.005388121894605,6169.054313099042,0.28397291196388263,1259,0.16839729119638827,0,-1
0x0af0b95d8c50f0c38f286ef0cbba42767e3b389b,usdt,106,82189.78089855,459000.0,0.18867924528301888,0.00013049651313316909,0.007829790787990145,0.18791497891176348,459782.4,0.003236245954692557,10,0.0040453074433656954,0,-1
0xdacdaf9337d064c053caa70a346aeec1ec455227,usdt,446,22830.975639840002,0.001,0.05605381165919283,3.885884323130245e-05,0.002331530593878147,0.05595673425307552,1544050.08,0.3142857142857143,14,0.22857142857142856,0,-1
0x67818f8efabbcd369df50dc40d760099e687746d,usdt,40,75830.23488403556,50000.0,28.825,0.02000367803967425,1.200220682380455,28.80529637713092,2999.448395490026,0.30355731225296445,460,0.10197628458498023,0,-1
0xf304136ce629260e3565fc5be837578770287f6c,usdt,397,70863494317649.47,0.0,7.251889168765743,0.0050247958578508115,0.3014877514710487,7.235706035305168,11940.783605418548,0.1334339297262341,2279,0.07889631386074585,0,-1
0xcf4012d0c86ad19fe92985e295741a9ee94cb876,usdt,1,0.002125,0.001,8.0,0.008716495968620615,0.5229897581172369,12.551754194813684,6883.5,0.0,7,0.2222222222222222,0,-1
0x54c680a17fd4ff5e10e06bb16fe0c0b571066598,usdt,1125,2564.376462368564,1325.276,0.656,0.0004555161337271923,0.027330968023631535,0.6559432325671569,131718.71544715448,0.4058704453441296,277,0.1396761133603239,0,-1
0xfd675ac487fe858493ac79aae677fb85a7a7798b,usdt,1,3000.0,3000.0,3.0,7.5,449.99999999999994,10800.0,8.0,0.0,1,1.0,0,-1
0x0a39bf8fd4c7824c1d9768cff55309a95c0080a3,usdt,166,7376.235081707762,400.0,3.9578313253012047,0.0027446108292233794,0.16467664975340277,3.9522395940816666,21861.022831050228,0.11979166666666667,400,0.10532407407407407,0,-1
0xe08d97e151473a848c3d9ca3f323cb720472d015,usdt,3,240020.5578158553,1.014835,518.3333333333334,0.35171446666063516,21.102867999638107,506.4688319913146,170.59292604501607,0.0003,845,0.0088,0,-1
0xe709b76a6a8df4056f271e67920152958112c5fc,usdt,1,0.0037733333333333334,0.00012,3.0,1.3636363636363635,81.81818181818181,1963.6363636363635,44.0,0.2,2,0.4,0,-1
0x6826be6819eee574b89b886289c454c4e9b73b6d,usdt,494,137872.59881439025,65.940124,0.08299595141700405,5.762152942717454e-05,0.003457291765630472,0.08297500237513133,1041277.4634146341,0.0015282730514518594,25,0.007641365257259297,0,-1
0x55048e0d46f66fa00cae12905f125194cd961581,usdt,706,106546.65716505214,50000.0,0.5977337110481586,0.00041501268050592996,0.024900760830355795,0.5976182599285391,144573.89573459714,0.05964535196131112,248,0.03170338527673294,0,-1
0x3ed87a80cf46e9ed3790c0a5277bedac4eb3b65c,usdt,108,0.3363366666666667,0.317142,0.027777777777777776,1.928553520574452e-05,0.001157132112344671,0.027771170696272107,3111140.0,0.0,0,0.004347826086956522,0,-1
0xec87db3252ab66baa21766e74203a11a55c93ee8,usdt,1,0.0,0.0,3.0,0.0026718916993231207,0.16031350195938723,3.847524047025294,22456.0,1.0,0,1.0,0,-1
0xf3e37b687c897b022ac6f334604cecee77798f39,usdt,2,0.0,0.0,2.5,0.001638914383112626,0.09833486298675757,2.3600367116821817,36609.6,1.0,0,0.2,0,-1
0x4616040ea1afa09b71ec91316694b35d45e1f505,usdt,660,28449.115557874997,0.0,0.048484848484848485,3.3651833919786646e-05,0.002019110035187199,0.04845864084449277,1782963.75,0.023255813953488372,10,0.05813953488372093,0,-1
0x1688d83d9ad92d1a46386101ecec87ee3a78de86,usdt,60,60.06059638095238,34.0,0.35,0.00024100201753117533,0.01446012105187052,0.3470429052448925,248960.57142857142,0.013888888888888888,10,0.06944444444444445,0,-1
0x10e088b75c837d6e2318ff7c886a7b9e87dbf887,usdt,1,0.05611467716029555,36.863117,3113.0,4.671368547418968,280.28211284513804,6726.770708283313,12.844201734661098,0.0005673222390317701,3112,0.00037821482602118004,0,-1
0x636b5c9025b180ae6f4a4956a6a30da8b74d3b18,usdt,744,358.21258341266525,0.00062,1.9314516129032258,0.0013412017167381974,0.08047210300429185,1.9313304721030045,44736.0,0.031207598371777476,1207,0.056309362279511534,0,-1
0xc6c7e41d734b9f97f7497774a8ace60487e23250,usdt,12,0.04,0.06195,0.3333333333333333,0.00021869874248223073,0.013121924548933845,0.31492618917441223,274350.0,0.0,2,0.75,0,-1
0x273e043a16662f72004350248abede68e79103e4,usdt,52,0.00034723076923076927,0.00045,0.25,0.0001712761920822969,0.010276571524937814,0.24663771659850753,350311.3846153846,0.9285714285714286,6,0.14285714285714285,0,-1
0x56fc81dfa0536c4bf0c80631bd8bb8fe634096d5,usdt,107,704.3245559846154,1450.0,0.6074766355140186,0.00041843913191261445,0.02510634791475687,0.6025523499541648,143390.03076923077,0.049586776859504134,40,0.15702479338842976,0,-1
0xa0d91c64d4c54f8480205eff4804471d3b7b2609,usdt,599,11577.283607093023,0.00034,1.0767946577629381,0.0007472546212774555,0.04483527727664733,1.076046654639536,80293.91627906977,0.1937363437727604,334,0.07793153678077203,0,-1
0x0a19072bb3dd5c5b0a1b41c7edb71fd05132bdc4,usdt,92,3603.380882444444,0.00014,0.1956521739130435,0.0001355658518656874,0.008133951111941243,0.19521482668658982,442589.3333333333,0.14,9,0.16,0,-1
0x750c388b6667ae57390d0da9d0af58af231d715e,usdt,6,0.00035454545454545455,8e-05,3.6666666666666665,0.002542412055655711,0.15254472333934266,3.6610733601442242,23599.636363636364,1.0,11,0.22727272727272727,0,-1
0x0bd94f5549f23cbac3e0b8a0e15cd6492ffb710b,usdt,79,0.00042083333333333333,0.000119,0.3037974683544304,0.0002091503267973856,0.012549019607843137,0.30117647058823527,286875.0,0.7741935483870968,12,0.0967741935483871,0,-1
0x9445b57073badfc1880b0ddff738398f0cfc7f59,usdt,560,9421.63104552101,40600.0,0.2125,0.0001474467184555712,0.008846803107334272,0.21232327457602254,406926.65546218486,0.013605442176870748,59,0.11564625850340136,0,-1
0x1d970fcbc8b759aa26b78019632647b0a85e2b97,usdt,14,3330.882933826923,0.000178,3.7142857142857144,0.002513874654342235,0.1508324792605341,3.6199795022528187,23867.53846153846,0.4027777777777778,24,0.1388888888888889,0,-1
0xb849442cb59352d60161fa0fd7c27fc4af8b57ab,usdt,28,1368.4746415714285,0.0,3.5,0.002408051738711643,0.1444831043226986,3.467594503744766,24916.408163265307,0.3364485981308411,70,0.2523364485981308,0,-1
0x66a452ce46b625d6f8b8088a144d34853a0dff7a,usdt,394,6341.944130074467,0.0,0.23857868020304568,0.00016565125968971757,0.009939075581383053,0.2385378139531933,362206.72340425535,0.16580310880829016,50,0.12953367875647667,0,-1
0xebc97d7ffea34e8592c1894660567c96352953b0,usdt,315,55.355084500000004,61.830169,0.012698412698412698,8.804886359734198e-06,0.0005282931815840519,0.012679036358017245,6814398.0,0.0,2,0.0625,0,-1
0xd2276a182c43d732e11b259a5e95c7648cd47a48,usdt,148,42.48388244444445,30.573653,0.060810810810810814,4.22201414468561e-05,0.002533208486811366,0.06079700368347279,1421122.6666666667,0.0,2,0.4117647058823529,0,-1
0xe7460b804960b5c31694abf43dc3fe53c722af87,usdt,612,14270.393133108213,2000.0,2.566993464052288,0.0017808524467960412,0.10685114680776248,2.5644275233862994,33691.73010821133,0.14945200929923613,767,0.04583194951843241,0,-1
0xd09365b2adf04d8653fd980d23cde84c2e2df77a,usdt,22,151.60125594915252,299.9979,2.6818181818181817,0.0017848607506095752,0.10709164503657453,2.5701994808777884,33616.06779661017,0.0,16,0.031914893617021274,0,-1
0x5994979d2132153a47ed38f35edfb30071417ede,usdt,541,13.3747296,17.159847,0.009242144177449169,6.417547731794765e-06,0.0003850528639076859,0.009241268733784462,9349365.6,0.0,2,0.16666666666666666,0,-1
0xc8db53c4cf260ec68f4a8cce6162cdd1c590885b,usdt,407,3729.491366900453,200.009497,0.542997542997543,0.0003769173752770172,0.022615042516621033,0.5427610203989048,159186.0814479638,0.018456375838926176,55,0.09228187919463088,0,-1
0x7a97c81acf150e9337f44e93650c764602deab84,usdt,12,0.00047999999999999996,0.0007,0.3333333333333333,0.0002277878384073074,0.013667270304438445,0.32801448730652266,263403.0,0.4444444444444444,2,0.2222222222222222,0,-1
0x7b09fc3bdd9a1eb0059f0c9d391f5d684e0f9918,usdt,10,2009.812207216174,101.441799,578.7,0.3935128518971848,23.61077111383109,566.6585067319461,152.4727838258165,0.0015,2116,0.0839,0,-1
0x783d080f60dc4114a8ef2c6a0eca87820b097c4d,usdt,68,1205.0559348091238,24659.0,126.04411764705883,0.08651266450124254,5.190759870074552,124.57823688178922,693.5400770038502,0.5136,3806,0.0815,0,-1
0x0a98fb70939162725ae66e626fe4b52cff62c2e5,usdt,619,30742.600171779144,100000.0,16.063004846526656,0.011151664203348571,0.6690998522009143,16.058396452821945,5380.362868349593,0.0061,4091,0.5139,0,-1
0x36639f51418181ea1e100a6e61e47fe1d4e7ec6f,usdt,205,0.0002540845481049563,0.0,1.673170731707317,0.0011598629265201475,0.06959177559120885,1.6702026141890125,51730.25072886297,0.8387909319899244,120,0.022670025188916875,0,-1
0x1f255608f04ecfb3384f166c5bfec1b9fa014f2f,usdt,4,9.675e-05,9.7e-05,1.0,0.0006030453791647821,0.03618272274988693,0.8683853459972862,99495.0,1.0,2,0.5,0,-1
0x6ad98f512d6e8c50f1d5e3bbe135be3e2b0e53e4,usdt,56,494.13290509621993,0.0,10.392857142857142,0.007198693845240451,0.4319216307144271,10.36611913714625,8334.845360824742,0.3257978723404255,399,0.19680851063829788,0,-1
0xcf87ac8e8323f56cac61c0ef4858ada87121f3b2,usdt,73,2603.472890869565,58.664328,0.3150684931506849,0.0002187168358710826,0.013123010152264955,0.314952243654359,274327.3043478261,0.0,12,0.11428571428571428,0,-1
0x5f6ecb1d3f871d77bd31ee068202d17ee0b064a6,usdt,15,0.003075,0.0003,0.26666666666666666,0.00018426386585590566,0.01105583195135434,0.26533996683250416,325620.0,0.2,3,0.4,0,-1
0x6eab2d891d1eb89b06aa75d6a2a4420a6668259f,usdt,50,10489.484637774594,1402.0,20.94,0.014271810516156998,0.8563086309694199,20.551407143266076,4204.091690544413,0.16102136529442418,686,0.09536216779572694,0,-1
0x762a83284b72135c0452d02e51c9b13c040bcc5d,usdt,347,214.52575227665878,614.545732,9.729106628242075,0.006736957720800995,0.4042174632480597,9.701219117953434,8906.097156398104,0.0041331802525832375,2727,0.0065442020665901265,0,-1
0x62fb90e5e7b04418afdb212d8769940b015bb220,usdt,68,14250.441066173915,4195.0,0.6764705882352942,0.0004684413124503554,0.028106478747021324,0.6745554899285118,128084.34782608696,0.16666666666666666,12,0.2962962962962963,0,-1
0x01f63b23d6697bda577f89c77945c4a3322bf6fb,usdt,4,1656.0065059230765,4985.99792,3.25,0.0019707719362076284,0.1182463161724577,2.8379115881389847,30444.923076923078,0.26666666666666666,7,0.4666666666666667,0,-1
0xf87d3528f2d57f8595248724e9a6e5ba615323a7,usdt,489,4364.891275669379,2768.055403,10.304703476482617,0.007144133134089665,0.4286479880453799,10.287551713089117,8398.49970232189,0.15860396173022503,3094,0.06360328796658132,0,-1
0x692fd44eda677da6a0a321deb94a6e6f886e67c3,usdt,217,7036.9072542718895,0.000142,1.0,0.0006932017038067315,0.04159210222840389,0.9982104534816933,86554.89400921659,0.1157556270096463,140,0.08681672025723473,0,-1
0xf28fbc28fb7c5a4e7f04c83ef2d13a8ff5cada57,usdt,203,31310.28366182933,1000.0,9.03448275862069,0.006272800466800331,0.3763680280080199,9.032832672192477,9565.105779716467,0.29667975722956086,776,0.08318457693680828,0,-1
0x9689c242c5de39e7628caf65ba35ce71908af45b,usdt,3,0.11472044786564031,7.389215,1905.3333333333333,1.1129283489096573,66.77570093457945,1602.6168224299065,53.91182645206438,0.0002,5709,0.0002,0,-1
0xeadab17c724e9a807f412fb5e70b5991ad8f8c00,usdt,141,22.325300053215077,0.000169,6.397163120567376,0.004416641041661362,0.26499846249968173,6.3599630999923615,13584.984478935698,0.25286160249739853,508,0.09469302809573361,0,-1
0xac754bffbcd00bc261beb099bf983115b9818361,usdt,64,93.10613746678966,0.002001,8.46875,0.005863427573687707,0.35180565442126244,8.443335706110297,10232.922509225093,0.9211009174311927,21,0.11559633027522936,0,-1
0xcf4579bb0732745e3124a5d0ed6deb3934ae114f,usdt,214,136.22067286567162,100.0,0.3130841121495327,0.0002171935609565075,0.013031613657390449,0.31275872777737074,276251.2835820895,0.0136986301369863,34,0.0410958904109589,0,-1
0xa5e8ed64f19e3d828a731c7ff964de164508c067,usdt,6,234.09551958333336,8.9e-05,2.0,0.0013751690311934175,0.08251014187160505,1.9802434049185211,43631.0,0.11764705882352941,5,0.4117647058823529,0,-1
0x528611871bd3d02a568ae3c84b63219512bdeff2,usdt,158,746.6095446284405,0.001,1.379746835443038,0.0009543221161086072,0.05725932696651643,1.3742238471963943,62871.85321100918,0.0,26,0.11811023622047244,0,-1
0x50e8e0c7e1847a9d64079ca5cb56d75e47da3343,usdt,1,0.08400340444444448,48.335292,2025.0,2.2405399424651473,134.43239654790884,3226.377517149812,26.77925925925926,0.00314070351758794,2018,0.002512562814070352,0,-1
0x8adcb3f646c4e8a03b30f706cad0945f28a9a107,usdt,238,60131.229960432625,0.000124,1.7773109243697478,0.0012323645141949164,0.07394187085169499,1.7746049004406794,48686.89361702128,0.05368647100930565,348,0.03793843951324266,0,-1
0x02758fbc0bb97a57d93351981e4e2eec47a4a921,usdt,1740,24153.201815294116,39867.655783,0.009770114942528735,6.7837219165634525e-06,0.00040702331499380714,0.009768559559851373,8844702.176470589,0.0,8,0.024509803921568627,0,-1
0xd53adf794e2915b4f414be1ab2282ca8da56dcfd,usdt,404,350.0179715,518.736454,0.01485148514851485,1.031297826436701e-05,0.0006187786958620206,0.014850688700688496,5817912.0,0.0,3,0.008350730688935281,0,-1
0x6825837d47f3ad80e47e20b1e7efd8dc5eba2814,usdt,414,214.15605465624998,330.0,0.30917874396135264,0.00021439781850219675,0.012863869110131805,0.3087328586431633,279853.59375,0.1048951048951049,56,0.07226107226107226,0,-1
0x6c643da1f42adbb99286e6e8de9c6b67c3afc474,usdt,182,4074.5959167785904,1092.0,16.52747252747253,0.011417544301817925,0.6850526581090755,16.441263794617814,5255.070478723404,0.3747072599531616,1556,0.20784543325526933,0,-1
0x851e14d8f4a2f7bf4fa6f9b0f42d3025aac3a83b,usdt,96,31277.450596291215,100000.0,1.8958333333333333,0.001308580549603831,0.07851483297622985,1.8843559914295163,45851.20879120879,0.00975609756097561,17,0.34146341463414637,0,-1
0xec8701b5d5ba50d1deb180f4506ea743e4983ee8,usdt,18,5503.782229150001,3368.43,4.444444444444445,0.0029634898055950687,0.17780938833570412,4.2674253200568995,20246.4,0.0,3,0.21142857142857144,0,-1
0x078e5043d6a32b5242a3f41baa1bd61afb68f395,usdt,1049,71.2782109375,0.001039,0.015252621544327931,1.0583397903084915e-05,0.000635003874185095,0.015240092980442278,5669256.75,0.06,9,0.14,0,-1
0x66650304c5711d244be91daf22206f1953f66456,usdt,13,345.8824117647059,500.0005,1.3076923076923077,0.0008548039984714094,0.051288239908284565,1.2309177577988295,70191.5294117647,0.05555555555555555,6,0.2222222222222222,0,-1
0xd3b0f4a496b2c63bcc497b0628866ca989eff48d,usdt,49,89986.98035875,58482.0,0.16326530612244897,0.00011219472516499636,0.006731683509899782,0.16156040423759477,534784.5,0.0,0,0.38095238095238093,0,-1
0x94ca62e532bc112063918af9dcc2bd57dc75f461,usdt,185,117.1390231111111,0.793074,0.04864864864864865,3.364098638362387e-05,0.002018459183017432,0.04844302039241837,1783538.6666666667,0.0,4,0.026845637583892617,0,-1
0x170217b3a263f03c0b8daa3414de529f6388ffe4,usdt,1150,368.04266644347825,10.0,0.4,0.0002776274297831947,0.016657645786991682,0.39978349888780035,216116.97391304348,0.3,322,0.054385964912280704,0,-1
0x94fe3ad91dacba8ec4b82f56ff7c122181f1535d,usdt,284,714.2181997369387,306.364014,11.524647887323944,0.007996323922376453,0.4797794353425872,11.514706448222093,7503.447907118852,0.0,2181,0.0008,0,-1
0x63242a4ea82847b20e506b63b0e2e2eff0cc6cb0,usdt,1,54651.73903227419,39.9,1991.0,5.317841880341881,319.0705128205128,7657.692307692308,11.282772476142641,0.0005,977,0.0162,0,-1
0x7baa43f68ef2d1e5ef396d4ab412e8a88e58ea9e,usdt,1,0.000407,0.00012,8.0,0.004678909814013335,0.2807345888408001,6.737630132179202,12823.5,0.8,4,0.2,0,-1
0x8c3e2696c07b93d79c434579b148b49867423412,usdt,211,0.0001025568862275449,0.0,0.7914691943127962,0.000549353309179332,0.032961198550759914,0.791068765218238,109219.32934131737,0.9375,29,0.20454545454545456,0,-1
0x86f9d049311cb799e3c15b94efa6ca0af240ead5,usdt,1,0.000384614715826759,0.000249,6211.0,2.585116124198785,155.10696745192706,3722.56721884625,23.209789083883432,0.6211,6211,0.0001,0,-1
0x1151c997acb214b31a148b24a0b10fb80da9f7a8,usdt,484,118.65439018181816,1.09665,0.022727272727272728,1.577334110337676e-05,0.0009464004662026055,0.02271361118886253,3803886.5454545454,0.0,6,0.02666666666666667,0,-1
0x8863604ec31e82cf044511d4c5c06331637e94f9,usdt,3,12399.097139471698,15217.5,17.666666666666668,0.010269327649680294,0.6161596589808177,14.787831815539624,5842.641509433963,0.0,10,0.08064516129032258,0,-1
0x4b1b68136e0fc09da61f03ab86d965a948066e96,usdt,333,36082.50804680303,3319.42244,0.1981981981981982,0.0001374380383510434,0.008246282301062604,0.19791077522550252,436560.36363636365,0.0010277492291880781,33,0.007194244604316547,0,-1
0x7fe7b566fc7416b0c8529800079605cec5a5a95d,usdt,214,165535.12656666664,0.0001,0.11214953271028037,7.7772643343083e-05,0.00466635860058498,0.11199260641403952,771479.5,0.06504065040650407,7,0.10569105691056911,0,-1
0x16be6ba639bd784c19a315be557089ec78ffb34a,usdt,1,0.0003629861338899657,0.0001,6707.0,14.131900547829751,847.914032869785,20349.936788874842,4.245713433725958,0.6707,6707,0.0001,0,-1
0x50705f22631b4e644e01d58c1f0df40ccae1ef8a,usdt,72,222.92159431372548,500.0,2.8333333333333335,0.0019533718645508968,0.11720231187305381,2.812855484953291,30716.117647058825,0.02619047619047619,62,0.02857142857142857,0,-1
0xe3fe6d5002f37ff115d898b2bc4efb24e5eb9deb,usdt,6,0.11711265961691937,19.349206,835.3333333333334,0.5053642010163749,30.321852060982497,727.7244494635798,118.72625698324022,0.0108,4902,0.0104,0,-1
0x55dd7dd2a9772ee27002193b470611acc4ad6136,usdt,85,132.63826969811322,33.188234,0.6235294117647059,0.00043187533307366486,0.025912519984419895,0.6219004796260774,138928.98113207548,0.06779661016949153,21,0.22033898305084745,0,-1
0xf4ebb15742cc72bf0b1b105bd1adde780e990be7,usdt,294,36810.542795312074,0.000422,20.0,0.013883969681943756,0.8330381809166253,19.992916341999006,4321.530612244898,0.24015151515151514,3776,0.12409090909090909,0,-1
0x8a93974589253d5e666cab9f546b5ebc6d094e22,usdt,1,0.0,0.0,3.0,0.0146484375,0.8789062499999999,21.09375,4096.0,0.75,0,0.5,0,-1
0x2b7d364c84cf4f4655ab26598761a44f6459efb0,usdt,11,0.023467428571428566,0.004272,0.6363636363636364,0.0004055337983454221,0.024332027900725327,0.5839686696174078,147953.14285714287,0.0,4,0.5714285714285714,0,-1
0xfd2ef01a7cf31c7a1c025462e8aad7c6399f66be,usdt,716,502.2551334607843,20.0,0.2849162011173184,0.00019774201878316542,0.011864521126989925,0.2847485070477582,303425.64705882355,0.0037313432835820895,23,0.041044776119402986,0,-1
0x54e08b0e8aa942b0a50df21a282ee98b7d2b4095,usdt,9,0.00025,0.0005,1.1111111111111112,0.0007073236288531455,0.04243941773118873,1.0185460255485295,84826.8,1.0,5,0.3,0,-1
0x35a9f6731975c8cc29131d3ed50043de448ab360,usdt,15,0.0004049,0.000325,1.3333333333333333,0.0009242058761009602,0.055452352566057614,1.3308564615853828,64920.6,0.8333333333333334,10,0.08333333333333333,0,-1
0xa765287ff9829b88356faab243ae3febff858883,usdt,245,579.4706414879228,229.978244,0.8448979591836735,0.000586160827806337,0.035169649668380217,0.8440715920411253,102360.98550724638,0.009174311926605505,87,0.05504587155963303,0,-1
0x5e0235450c004df1ab4567026bb9f3707d3042f3,usdt,13,0.000175,0.00015,0.3076923076923077,0.00020478584520237963,0.012287150712142775,0.29489161709142664,292989.0,1.0,2,0.75,1,2
0x38b8ac926719d4eb94de36c630ef6407a2bcc1e2,usdt,1,0.09810851092436979,60.73481,1785.0,4.712249208025343,282.73495248152057,6785.638859556495,12.732773109243697,0.0006559527714004591,1784,0.0006559527714004591,0,-1
0x063adacc01db782093d0310bf3d5755d2adec424,usdt,733,161358.33997999277,0.0,1.3178717598908596,0.0009141214157639955,0.05484728494583972,1.3163348387001534,65636.7950310559,0.07936979785969084,609,0.02318668252080856,0,-1
0x5319bab751c6ee05ea8b02faf39ebe70ec0a9ff6,usdt,3,3751.368,1354.5,3.3333333333333335,0.002083767451552407,0.1250260470931444,3.000625130235466,28794.0,0.2,8,0.2,0,-1
0x6a1a2c20f264df1a3a937d13b00e7fc3468dcbba,usdt,78,9968.972063733669,0.0001,2.551282051282051,0.0017526245332206017,0.10515747199323609,2.5237793278376666,34234.37185929648,0.10538922155688622,28,0.031137724550898204,0,-1
0x0096db70dc8276ff36297bd5fceaf601bec60e07,usdt,37,7603.9253156458335,0.000137,1.2972972972972974,0.000897182845863987,0.05383097075183923,1.2919432980441412,66876.0,0.25,36,0.109375,0,-1
0xdd00270d347ea0fc0fdd82e9385fbef0682c24f8,usdt,1741,92024.07141638295,194053.54083,0.026995979322228605,1.8739306883009884e-05,0.0011243584129805929,0.02698460191153423,3201826.0,0.009291521486643438,22,0.016260162601626018,0,-1
0x6153f209cd6c3318ef0acba180442fbdf6eca9b1,usdt,10,0.04,0.121114,0.8,0.0005099764135908714,0.030598584815452287,0.7343660355708548,117652.5,0.0,4,0.625,0,-1
0x8d20a17beb8dc2bf8bb52ae32005ef5ed4f26477,usdt,96,12869.0,0.0,0.08333333333333333,5.737415695848119e-05,0.0034424494175088714,0.08261878602021291,1045767.0,0.10344827586206896,6,0.10344827586206896,0,-1
0x97454bd3c8aa49dc08d230fbc5d1ea14ba28030d,usdt,976,5255.373228156863,820.49063,0.05225409836065574,3.6287294622806376e-05,0.002177237677368383,0.052253704256841185,1653471.294117647,0.003205128205128205,26,0.01282051282051282,0,-1
0xdda1ce5c668571b83b0ed169d2774186100d431d,usdt,12,0.04,0.069,0.3333333333333333,0.00021766101473565068,0.01305966088413904,0.313431861219337,275658.0,0.0,2,0.75,0,-1
0x6ad9f41ba73fafbde16c546d19f2fb1b88c153e4,usdt,22,4661.374698727273,3500.0,1.5,0.0009988558560194685,0.05993135136116812,1.4383524326680348,60068.72727272727,0.0,0,0.06557377049180328,0,-1
0xe4c55fdc2a2739f7237706f7957a9b276fc82b1f,usdt,266,17471.879893676734,862.542638,20.293233082706767,0.014083059264164066,0.844983555849844,20.27960534039626,4260.43793997777,0.21462264150943397,3640,0.07447864945382324,0,-1
0x8404b29fdccff71c21bb67110f170f89bd893bba,usdt,53,11896.56140561644,0.0,1.3773584905660377,0.0009493020679180115,0.056958124075080684,1.3669949778019366,63204.32876712329,0.34408602150537637,47,0.15053763440860216,0,-1
0x30a51685ca6e7874edd07b0ce950ff4cccff1d2b,usdt,30,2939.705817966772,0.000383,42.13333333333333,0.028695446868019104,1.7217268120811464,41.32144348994751,2090.9240506329115,0.26724673710379115,636,0.3418272218769422,0,-1
0xba40c0355c06b34e0b60db294f85553bfeeab942,usdt,1,0.022444557251908394,0.016795,131.0,0.07508884558064886,4.505330734838932,108.12793763613436,799.0534351145038,0.0,93,0.22727272727272727,0,-1
0x513bf5738c29a5cd32b4cc1b9bfca83b53b04cb6,usdt,1,5839.416058,5839.416058,3.0,0.004236091499576391,0.25416548997458344,6.0999717593900025,14164.0,0.0,1,0.075,0,-1
0xec89639d883a9ff2086c6deb0d766064b5bbea03,usdt,1989,23804.829950597225,102310.567239,0.07239819004524888,5.0255693289503855e-05,0.0030153415973702313,0.07236819833688554,1193894.5833333333,0.0017331022530329288,73,0.008665511265164644,0,-1
0x12fb75a81952f3b372f29c368146ced8d069be94,usdt,315,84.46947757575758,30.013836,0.10476190476190476,7.27221120616895e-05,0.00436332672370137,0.10471984136883289,825058.5454545454,0.0,16,0.012121212121212121,0,-1
0xa2fd3394c74b0684abc15e073c6493ca6c289063,usdt,1,1866.6666666666667,0.0,3.0,0.625,37.5,899.9999999999999,96.0,0.2,2,0.4,0,-1
0xe8757541cb061021f91e31dfedd30e4a6f4308ea,usdt,809,1139.4064768666665,4000.0007,0.037082818294190356,2.5745358154833612e-05,0.001544721489290017,0.037073315742960404,2330517.2,0.05263157894736842,9,0.23684210526315788,0,-1
0xff6722fe464fb066c02d6e280794b71702a7fa15,usdt,129,1055.4758128982658,71.36493,6.705426356589148,0.004630184736341757,0.2778110841805055,6.667466020332132,12958.446242774566,0.3961661341853035,335,0.08200212992545261,0,-1
0x425c35591b4ded9f9a6a8e281c7ae360255bb350,usdt,738,5404.92627415625,1900.201266,0.2601626016260163,0.00018042470848723467,0.01082548250923408,0.25981158022161793,332548.6875,0.05761316872427984,78,0.06995884773662552,0,-1
0xaf9b292107098f1c5d291d4469455b550b08d484,usdt,2,0.08084784600868088,23.391718,2649.5,1.7817753866845998,106.90652320107598,2565.7565568258237,33.67427816569164,0.0005,5294,0.0002,0,-1
0x83718ab585d9c658207be8ddee5599cb64037367,usdt,1,2416.2912255555552,0.000515,9.0,0.00980392156862745,0.5882352941176471,14.11764705882353,6120.0,0.5,5,0.4,0,-1
0xc8d947b3f61fdc8522e9bcbcc1144320911244b2,usdt,275,28367.063230468324,20000.0,1.6072727272727272,0.0011144421107836143,0.06686652664701685,1.6047966395284043,53838.59728506787,0.0,0,0.06,0,-1
0x694beb20b7ed1408d24c932a36f30d3b3ede1bb1,usdt,53,0.005265222222222223,0.000502,0.33962264150943394,0.0002318034306907742,0.013908205841446452,0.3337969401947149,258840.0,0.029411764705882353,12,0.20588235294117646,0,-1
0xb00855c9051e40c7bbd3a2acb493e08649a9dc76,usdt,6,18828.033788285713,0.0,4.666666666666667,0.0028108498805388803,0.16865099283233279,4.047623827975987,21345.85714285714,0.4482758620689655,11,0.27586206896551724,0,-1
0xf8f9aa13f6987dc1180bd328f0b8b7c3610fe717,usdt,1762,1714.0405752,0.0,0.00851305334846765,5.9106055584832025e-06,0.00035463633350899215,0.008511272004215812,10151244.133333333,0.007194244604316547,6,0.05755395683453238,0,-1
0xf4fa7182e69faf3e1051662130cc44f211660a09,usdt,83,8346.314635532737,1594.0,4.048192771084337,0.0027940626169390046,0.16764375701634027,4.023450168392166,21474.10714285714,0.08105369807497467,212,0.06281661600810537,0,-1
0x212c4edf175c83b6fcd9520361ce2225bfa26f5b,usdt,10,708.5253356000001,570.591705,0.5,0.0003444997175102317,0.020669983050613898,0.49607959321473355,174165.6,0.05263157894736842,2,0.15789473684210525,0,-1
0xcaa2c48617c2a4507911e85d07ff88cba7a869b9,usdt,303,419341895925.67865,2742.0,8.224422442244224,0.005695221544575165,0.3417132926745099,8.201119024188236,10535.147672552166,0.3961419221495005,1242,0.10334137099552188,0,-1
0x7cbb2df3ef0946bc806975a4d7ae4b3dd6dd01d2,usdt,360,52054.762400249616,0.000104,1.825,0.0012642468302426315,0.07585480981455789,1.8205154355493893,47459.086757990866,0.065439672801636,338,0.1083844580777096,0,-1
0x13141e869e629dc24df9ca597f63eb81f5bbc223,usdt,31,10646.5,1880.0,0.25806451612903225,0.00017369630070303578,0.010421778042182146,0.2501226730123715,345430.5,0.0,2,0.2,0,-1
0xa76ecba6645e72d4912961bc0c1daeafb7ea5c6a,usdt,153,1663.4142686772823,3038.5,3.0784313725490198,0.00212524027398002,0.1275144164388012,3.060345994531229,28232.101910828027,0.4027504911591356,245,0.19646365422396855,0,-1
0xda880db9029e5596eff738410099db59ccf604a2,usdt,109,110.7952717724138,138.0,1.3302752293577982,0.0009177807681255373,0.055066846087532234,1.3216043061007736,65375.089655172414,0.057692307692307696,64,0.15384615384615385,0,-1
0x9663cdbb1d7faea48cdee07fd63f059753e651ed,usdt,195,7081.942358456962,0.0,7.328205128205128,0.00507568777522908,0.30454126651374486,7.308990396329876,11821.058082575228,0.1639394874961408,738,0.11886384686631676,0,-1
0x412f5c7b577183dfad04575136758d263770a0b3,usdt,12,0.0071922,0.000911,0.4166666666666667,0.0002702585834126092,0.01621551500475655,0.38917236011415723,222009.6,0.2,3,0.6,0,-1
0xc072e95453f6aebabd5c9bf3e089ed1105204a0c,usdt,1,1141.2189715,0.0,4.0,0.002349900129244507,0.14099400775467041,3.38385618611209,25533.0,0.16666666666666666,2,0.5,0,-1
0x544048a9bf2c6ab8eafd9c6f57b6437b07d4d444,usdt,174,6123.8074519406255,0.000101,1.839080459770115,0.0012709437631215014,0.07625662578729009,1.8301590188949621,47209.0125,0.27197802197802196,220,0.11813186813186813,0,-1
0x7ed8ce5e3b813d44325b96c176db99605a4031fa,usdt,1,1000.34091,1000.34091,3.0,1.0714285714285714,64.28571428571428,1542.857142857143,56.0,0.0,2,0.4,0,-1
0xe118f13e95d4684d42af83ccc867f6868401a367,usdt,81,7394.401668599737,0.0,9.345679012345679,0.006466979109180035,0.3880187465508021,9.31244991721925,9277.902245706737,0.29518072289156627,520,0.20843373493975903,0,-1
0xec89c36af857816965521d962b6cdcf4cd983ee8,usdt,20,0.02058823529411765,0.084015,0.85,0.0005679388496899722,0.03407633098139833,0.81783194355356,105645.17647058824,0.2777777777777778,12,0.3333333333333333,0,-1
0x2c39f8b158a232749cffea52d55ab895cfffce7c,usdt,3,0.12900483914490976,8.986093,1902.3333333333333,1.2020304140865243,72.12182484519145,1730.923796284595,49.915542316453475,0.0003,5699,0.0002,0,-1
0x1062a747393198f70f71ec65a582423dba7e5ab3,usdt,37,33227.630293100534,0.0,85.48648648648648,0.05889472312218374,3.5336833873310245,84.80840129594459,1018.7669933607335,0.0029,1928,0.0959,0,-1
0xff9a534a6c30f0954ee81a11b47f6ce40ad91493,usdt,44,139.196075296875,505.451882,1.4545454545454546,0.0010033832830073906,0.060202996980443436,1.4448719275306423,59797.6875,0.2857142857142857,42,0.22077922077922077,0,-1
0x51f3ce8d35cdd10aa1bf4fa5370b8e9bce8ae381,usdt,187,7943.839786741051,500.0,2.5401069518716577,0.0017629536265255116,0.1057772175915307,2.538653222196737,34033.79368421053,0.2647527910685805,338,0.10845295055821372,0,-1
0x21d4d3fd4d90852b441521c0671fc5ecc0bf1ea3,usdt,1,3358.5167005625003,0.0,16.0,0.008371703641691083,0.5023022185014651,12.05525324403516,7167.0,0.5625,9,0.5,0,-1
0x94aa982f83bacdddacf8064ca7a3081a6e069fe4,usdt,1,166673.82283738095,0.05,42.0,0.028169014084507043,1.6901408450704225,40.563380281690144,2130.0,0.36538461538461536,6,0.19230769230769232,0,-1
0x74c58d78f633eed63fc93dc7c8b735e896c28e83,usdt,147,1647.0733527366867,0.0,2.2993197278911564,0.001592767891307257,0.09556607347843543,2.2935857634824504,37670.27218934911,0.35294117647058826,137,0.31529411764705884,0,-1
0xd0d2cafd2ccd020c679c2b85b4fe6a8026ad60c3,usdt,1,2000.0,2000.0,3.0,0.3191489361702127,19.148936170212764,459.57446808510633,188.0,0.0,1,1.0,0,-1
0x52aa899454998be5b000ad077a46bbe360f4e497,usdt,1,95079.63446286012,90000.0,3210.0,1.4085125054848617,84.5107503290917,2028.258007898201,42.598130841121495,0.0,1662,0.0116,0,-1
0x2be86159e47afde5ad1656b3520399a3be085774,usdt,106,7779.202141954869,14995.961299,3.9716981132075473,0.00275795023373792,0.1654770140242752,3.971448336582605,21755.287410926365,0.375,171,0.21626984126984128,0,-1
0xd7a4acfbbfdcbc09c39d3aec55b202aefd8f0421,usdt,58,186206.63062910686,0.001,42.758620689655174,0.029547165854913883,1.772829951294833,42.547918831076,2030.651612903226,0.32468916518650087,1180,0.13960923623445826,0,-1
0x67fc37029532b80ad4a486fa6735a8ed84abca98,usdt,990,1607.1892505714288,2000.00027,0.014141414141414142,9.814442541065731e-06,0.0005888665524639438,0.014132797259134652,6113439.428571428,0.01818181818181818,4,0.12727272727272726,0,-1
0xc0539f8464306a76f5e6334d774ca49da6bd894f,usdt,1,8431.000027714286,0.000194,7.0,0.20588235294117646,12.352941176470589,296.47058823529414,291.42857142857144,0.14285714285714285,3,0.5714285714285714,0,-1
0xc8b5f9c044c67a66344c43bb64d4f3f0d1068d72,usdt,37,72454.77848348,5000.0,0.6756756756756757,0.0004676131156126667,0.028056786936760003,0.6733628864822401,128311.2,0.0,18,0.1111111111111111,0,-1
0xa8da9a394b1c180e8892d167f25de850a8d381cb,usdt,366,20173.1785522,80002.0,0.0273224043715847,1.896840038373074e-05,0.0011381040230238444,0.027314496552572266,3163155.5,0.0,6,0.125,0,-1
0x61aa68aeccf4162aebf220b380ceb7f14935b7f8,usdt,572,146842878125991.06,5000.0,1.1905594405594406,0.0008254549456751252,0.04952729674050751,1.1886551217721804,72687.18942731277,0.3055555555555556,447,0.15151515151515152,0,-1
0x31ca4a7b91d1ba85520780d22e97bfc81cee4aa4,usdt,10,0.04,0.069,0.4,0.00025810114984062255,0.015486068990437352,0.37166565577049643,232467.0,0.0,2,0.75,0,-1
0x36af1ac221b31b5a29d2d99c5a0b15bd5f8c14c7,usdt,3,74.424002,133.5,1.6666666666666667,0.0011190188442773378,0.06714113065664026,1.611387135759366,53618.4,0.0,2,0.11538461538461539,0,-1
0xc85f5d432b7fa25287c7e0cb88139a1a4c37f565,usdt,368,93.12851844323792,13.940114,2.7527173913043477,0.001906573028146137,0.11439438168876824,2.7454651605304377,31470.076999012832,0.0,457,0.0004,0,-1
0xd7b51d25f7d9a7da6335e6226588faa281b402dd,usdt,95,28021.891378515153,0.0,3.126315789473684,0.0021558732665907876,0.12935239599544726,3.1044575038907345,27830.949494949495,0.10240427426536064,128,0.10151380231522707,0,-1
0x04501b9452d13df0353a3a38968da7e755a388f9,usdt,41,0.0029998181818181825,0.0025,0.2682926829268293,0.0001824339340385234,0.010946036042311405,0.2627048650154737,328886.1818181818,0.16666666666666666,9,0.16666666666666666,0,-1
0x017bac94eda69db9e0bdfdaf609a0e99dc7536f6,usdt,16,0.11017446186742694,10.029885,87.6875,0.059738733521817626,3.5843240113090573,86.02377627141738,1004.3734853884533,0.00250501002004008,1391,0.006012024048096192,0,-1
0xbef1dfe2edc82d753270fc5b473aa453cb94c4c0,usdt,31,207764.4073986813,0.0001,2.935483870967742,0.0019988753580403116,0.11993252148241869,2.8783805155780486,30016.879120879123,0.14838709677419354,74,0.08387096774193549,0,-1
0xca009b1f98963fb85361f64c01d5af554346607b,usdt,1160,43024.87761960159,100000.0,0.21637931034482757,0.00015016207932482345,0.009009724759489406,0.21623339422774576,399568.25498007966,0.10365853658536585,163,0.1443089430894309,0,-1
0x0dffa0d8f5e3b7ed53b9d11c3789da2be46758ea,usdt,13,133.33333333333334,96.948106,0.23076923076923078,0.00015192796588710738,0.009115677953226443,0.21877627087743462,394924.0,0.0,2,0.029411764705882353,0,-1
0xf7f6872c9b820b5768b43e53a991edc4cf553a9f,usdt,326,4478.31,858.93,0.009202453987730062,6.382020062518269e-06,0.0003829212037510961,0.009190108890026305,9401412.0,0.0,1,0.42857142857142855,0,-1
0x53726cb1d361df784ef5470703a9450f7c20a39c,usdt,1,0.05859109460547504,58.400038,4968.0,3.156690812047274,189.40144872283645,4545.634769348075,19.007246376811594,0.00013248542660307367,4966,0.000397456279809221,0,-1
0x5889bcf16d9277cf577f0f4712c3a8f5f4210736,usdt,12,0.032,0.05,0.4166666666666667,0.00027358882882094163,0.016415329729256495,0.3939679135021559,219307.2,0.0,3,0.6,0,-1
0x35a1a591a9c35dad5f320058be9bef89f19a9eb8,usdt,237,4314.531718890792,300.0,1.970464135021097,0.001367947381772145,0.0820768429063287,1.969844229751889,43861.33618843683,0.2991150442477876,191,0.16460176991150444,0,-1
0xf626b09f0f7066a003596a058a4080e8ba5d3c4d,usdt,86,0.0009660350877192983,0.0005,0.6627906976744186,0.00045599124496809663,0.027359474698085796,0.6566273927540591,131581.47368421053,0.4489795918367347,28,0.030612244897959183,0,-1
0x71f0969d05faba4e22d5e70145fa997578ab02dd,usdt,6,1559.002350090909,0.000439,1.8333333333333333,0.0012581493766441725,0.07548896259865034,1.8117351023676083,47689.09090909091,0.21739130434782608,5,0.2608695652173913,0,-1
0x82e1ff7e9abffe3a4b4b690a20ab70752ef3f751,usdt,2033,24640.763671378176,2200.0,0.793408755533694,0.000550967568618832,0.03305805411712992,0.7933932988111181,108899.33168009919,0.09330736543909349,701,0.041607648725212464,0,-1
0x01d34eb628c40318f906a598b32da8796ec102ed,usdt,1,2159.4389249166666,806.904814,24.0,0.019943493435266742,1.1966096061160045,28.718630546784112,3008.5,0.0,16,0.019801980198019802,0,-1
0x96639f191df6c1be60fc35fc32fb769186e651ed,usdt,177,12264.806777454547,44023.0,3.0451977401129944,0.0021097740075842267,0.1265864404550536,3.038074570921286,28439.064935064936,0.0,67,0.04314477468839885,0,-1
0xd801d7132b1db43f42a32db0db9ef49bf426b572,usdt,219,0.0005382680652680653,0.0,3.9178082191780823,0.0027107154772375726,0.16264292863425436,3.903430287222104,22134.377622377622,0.7313167259786477,464,0.06761565836298933,0,-1
0x7b35f769b83089e11ccfdf130f10b3a499890a77,usdt,97,0.008062636363636366,0.00784,0.2268041237113402,0.00015652347140600765,0.00939140828436046,0.22539379882465102,383329.0909090909,0.0,11,0.05263157894736842,0,-1
0x3d865cfcf3072478aace93bff5e2760ffe64b427,usdt,88,2110.064999127778,0.0,2.0454545454545454,0.0014045163001919505,0.08427097801151703,2.0225034722764086,42719.333333333336,0.5,75,0.33636363636363636,0,-1
0x9a5d0f82ec91becc5086c2d13f77c38522407edc,usdt,326,8930.252332490852,195.44,13.079754601226995,0.009060172806222792,0.5436103683733675,13.046648840960819,6622.390243902439,0.2109251101321586,3165,0.050220264317180616,0,-1
0x96a18a51d8e8320cba1e4ae45c69fbec0146a14f,usdt,528,0.550576125,0.235178,0.015151515151515152,1.0503942392178344e-05,0.0006302365435307006,0.015125677044736816,5712141.0,0.0,3,0.014925373134328358,0,-1
0x0480465ab391b00b4051bd10eddb0e2919115e78,usdt,54,6025.371769506174,138723.149321,7.5,0.005154140620227647,0.30924843721365886,7.421962493127812,11641.125925925926,0.14883720930232558,317,0.1744186046511628,0,-1
0x8108f1b4a1ad526cd046e0cd02baad62fa3ebbc7,usdt,11,4416.70284875,0.000457,1.4545454545454546,0.0009520975900029754,0.057125855400178525,1.3710205296042843,63018.75,0.4375,8,0.4375,0,-1
0x9b114fb8ad8e643ca3c859d57fe7b7fee8166180,usdt,12,0.014895890355329948,0.000127,82.08333333333333,0.05520743422748826,3.3124460536492952,79.49870528758309,1086.810152284264,0.5394896719319563,984,0.001215066828675577,0,-1
0x4278c19ee5c43047a6e6c745103fb6f876ba47c3,usdt,41,373158.15789473685,300000.0,0.926829268292683,0.0006284107822060526,0.03770464693236315,0.9049115263767157,95478.94736842105,0.0,0,0.008547008547008548,0,-1
0x5ff01715d1719b08d7a7e9cbf3bb15453629a8a8,usdt,172,271.0753638122066,8.86545,1.2383720930232558,0.0008596848952153087,0.05158109371291852,1.2379462491100446,69793.01408450704,0.0023094688221709007,112,0.03926096997690531,0,-1
0xff16481293b051a018bfe147b3e702e0c6be094a,usdt,21,54017.7287751938,0.001,6.142857142857143,0.004125913937912991,0.24755483627477945,5.9413160705947075,14542.232558139534,0.0,6,0.021897810218978103,0,-1
0xd5f52b25e428985d0b0f336388538747dbb2bda3,usdt,21,12625.19779164532,6983.115852,9.666666666666666,0.006635201213293936,0.39811207279763616,9.554689747143268,9042.679802955665,0.05868725868725869,109,0.04942084942084942,0,-1
0xcf480f38b696f04488f4042d5cab28d26bbcb876,usdt,52,0.0017335999999999999,0.0001,0.28846153846153844,0.00019771702739039887,0.011863021643423932,0.28471251944217435,303464.0,0.5,7,0.1875,0,-1
0x0d5c16b8ba4b666b7c6e524b8ad69901e7ba1f4d,usdt,1,6.2915165,11.621239,4.0,0.002900232018561485,0.17401392111368907,4.176334106728539,20688.0,0.0,2,0.75,0,-1
0x59af234a54195ec0e1c9120e86002db1886f443f,usdt,169,6611.230858482993,0.0,1.7396449704142012,0.0012013631794444309,0.07208179076666585,1.7299629783999804,49943.26530612245,0.3701492537313433,178,0.1701492537313433,0,-1
0x4b68378bf2cc5549b6ec79fb3fa31fb4eac2326c,usdt,396,3654188953086.8774,0.00078,5.666666666666667,0.003925940388689092,0.23555642332134558,5.653354159712293,15282.962566844919,0.1970499243570348,1503,0.14636913767019666,0,-1
0x9d4fd34e58fb6169b8aa5d71d30b9927b1efcd9a,usdt,140,28373.52272658427,0.000632,0.6357142857142857,0.000438437899951427,0.02630627399708562,0.6313505759300548,136849.48314606742,0.11,35,0.25,0,-1
0x269545d187db29738e5e5190fa4cb5d42737c749,usdt,5,1853.44490375,0.000454,2.4,0.0014035416033123583,0.0842124961987415,2.021099908769796,42749.0,0.5,6,0.5,0,-1
0xf21bbc1e237da833c4c6e99582c2ac1978810267,usdt,50,9563.592419052951,0.0,9.82,0.006725161417570889,0.40350968505425333,9.684232441302079,8921.718940936864,0.24253731343283583,361,0.13992537313432835,0,-1
0x9559d08a64dd68ced94fc5a3802fc33e0a5eb559,usdt,588,1850.8843695652174,80.028972,0.23469387755102042,0.00016277915765442548,0.009766749459265528,0.2344019870223727,368597.55797101447,0.0,69,0.02784503631961259,0,-1
0x6637e4263d90967d2a01e4fd6fe9da2d4fc435d5,usdt,168,289.14698680000004,50.61,0.20833333333333334,0.00014406102260276283,0.008643661356165771,0.2074478725479785,416490.17142857146,0.25,22,0.325,0,-1
0xfacbc85c73f069bf4250f1c337cc7c400e774866,usdt,1,524.0609411,0.012743,10.0,0.010098969905069682,0.6059381943041809,14.542516663300344,5941.2,0.2727272727272727,5,0.5454545454545454,0,-1
0x8e187f0d803e87d9ad4b590c86da97b885c6dad3,usdt,1130,52684.71545325,716.21301,0.007079646017699115,4.9142953041819795e-06,0.00029485771825091874,0.007076585238022051,12209278.5,0.0,4,0.043010752688172046,0,-1
0x0275f41042c8797d82de597132a8ac32b1ce4ed9,usdt,945,229.2233852352941,18.0,0.08994708994708994,6.245925452160914e-05,0.0037475552712965482,0.08994132651111716,960626.2588235295,0.0,44,0.18181818181818182,0,-1
0xf7cccfd00fd0e38dc9a037399f00712193013748,usdt,1,0.0285315,0.052063,4.0,1.8181818181818181,109.0909090909091,2618.181818181818,33.0,0.0,2,0.75,0,-1
0x1fd18a88514dfa51ea1986d97ec6a7d17c602d9f,usdt,1,0.0001925,0.000241,4.0,0.2040816326530612,12.244897959183673,293.8775510204082,294.0,1.0,2,0.75,1,2
0xe931b2045c5ac0282cca890dd64b9f394703b8a8,usdt,10,0.04,0.0684,0.4,0.0002581611183539647,0.015489667101237881,0.3717520104297092,232413.0,0.0,2,0.75,0,-1
0xf39274da67782a42017c698be1201c2ffbf44239,usdt,19,0.02461075,0.006886,0.42105263157894735,0.0002808909862082526,0.016853459172495155,0.40448302013988374,213606.0,0.125,4,0.625,0,-1
0xd533764a6347955bf7225eae2f4d79e780ec9a2a,usdt,736,171417.28754449092,0.0,0.14945652173913043,0.00010375363680077358,0.006225218208046415,0.14940523699311398,578292.9818181818,0.06374501992031872,52,0.08167330677290836,0,-1
0xf6b9d2b8042a3f0f5702b3dd004566579284b724,usdt,41,200000.0,200000.0,0.3170731707317073,0.0002199408528291161,0.013196451169746966,0.3167148280739272,272800.6153846154,0.0,11,0.06666666666666667,0,-1
0xd6f8f4887509de5aefd0d718c130187f07d79782,usdt,268,801.44101,683.1,0.014925373134328358,1.0336387391261204e-05,0.0006201832434756723,0.014884397843416136,5804736.0,0.0,2,0.10714285714285714,0,-1
0xb5483f6ee135cb17a09566adbe908145d64d01d4,usdt,121,220.725,120.0,0.06611570247933884,4.5574541149822884e-05,0.002734472468989373,0.06562733925574496,1316524.5,0.0,2,0.36363636363636365,0,-1
0x7ab56245ca9841e126aa9253a01e4f610aadae26,usdt,1,0.004006666666666666,0.000183,3.0,0.12396694214876033,7.43801652892562,178.51239669421486,484.0,0.09090909090909091,2,0.18181818181818182,0,-1
0x98fc706bbc09cec421a6216eb8c8a2fb23f81ea0,usdt,689,118348883973629.05,0.0,0.409288824383164,0.00028405908751356836,0.017043545250814102,0.40904508601953843,211223.6595744681,0.12356979405034325,170,0.08924485125858124,0,-1
0xb90fbe43941f9c51f5ec1fd957facdacec93e2a5,usdt,52,2037.887217692308,0.00065,0.25,0.00017212114150741049,0.010327268490444628,0.2478544437706711,348591.6923076923,0.1875,6,0.375,0,-1
0x0b65d17f5154ede317d9622bf8ad56a366ac7311,usdt,309,3950.272222222222,342.45,0.02912621359223301,2.0208996199324025e-05,0.0012125397719594414,0.029100954527026594,2968974.777777778,0.0,4,0.06329113924050633,0,-1
0xdfe39d5868703903166495aa81b6e7da19954be3,usdt,2,0.010969999999999999,0.0248,3.5,0.0016375801244560893,0.09825480746736535,2.358115379216769,36639.42857142857,0.0,4,0.5714285714285714,0,-1
0x20ae7e50596a8bb45f8ee663b426c4edabf0a3c8,usdt,170,5475.653227354166,682.56,1.1294117647058823,0.0007813867172397514,0.04688320303438508,1.125196872825242,76786.5625,0.0,26,0.01568627450980392,0,-1
0x7936dcb7dedc98d8ca9964461e7a9000b079af70,usdt,11,0.04,0.068,0.36363636363636365,0.00023198088477509454,0.013918853086505673,0.33405247407613614,258642.0,0.0,2,0.75,0,-1
0x0dc074ce7f7cd0539ba9ec791d28e6be8de169af,usdt,61,782.4626291447535,505.0,51.868852459016395,0.035799873727373324,2.1479924236423997,51.551818167417586,1675.9835651074588,0.0954,1982,0.0649,0,-1
0x2c45655cbd0c2de9dacd550d76401159eb32d18e,usdt,9,6228.900099013423,0.0,16.555555555555557,0.011095886330463793,0.6657531798278276,15.978076315867861,5407.4093959731545,0.3333333333333333,84,0.3045977011494253,0,-1
0xb649166a7a5639ae37dc31974a96e18f293a770d,usdt,1,681.246077,908.3278,4.0,0.9523809523809523,57.14285714285714,1371.4285714285713,63.0,0.16666666666666666,2,0.5,0,-1
0xb6af7c04f67b5eb61f0dc7ac4a760888ec3e3887,usdt,1254,5873.781115384853,0.01,0.5159489633173844,0.00035823194870871503,0.0214939169225229,0.5158540061405497,167489.24884080372,0.0008,329,0.0036,0,-1
0x07492bd3e176d04f60f4c01c73f4805f7a5d08b8,usdt,37,0.00032857142857142856,0.0002,0.3783783783783784,0.0002563895949776941,0.015383375698661645,0.36920101676787953,234018.85714285713,0.8571428571428571,7,0.14285714285714285,0,-1
0x40768fdc8688adb3b83332bfd8c32cf9f6ad3212,usdt,440,272.86936187472526,0.0,1.0340909090909092,0.00071806406141452,0.0430838436848712,1.0340122484369088,83558.0043956044,0.4433198380566802,210,0.14979757085020243,0,-1
0x76303f07d3b19d3a61255d5f25ab95ddab08b4a9,usdt,497,2843.096,1497.74,0.01006036217303823,6.976717577170171e-06,0.00041860305463021027,0.010046473311125046,8600032.8,0.0,2,0.2222222222222222,0,-1
0x22e16553724d37078f5b5af0d81d6eb558b8106c,usdt,7,253.33333333333334,190.0,0.42857142857142855,0.00026232031058724773,0.015739218635234864,0.37774124724563674,228728.0,0.0,1,0.75,0,-1
0x24e3f894c148113468a1498083fd4760b8e910f9,usdt,51,1919.5703182655607,736317.0,109.94117647058823,0.07579792627039596,4.547875576223757,109.14901382937018,791.5783841626538,0.0935,2188,0.3154,0,-1
0x002aea16059a7d4bef638a03b61a9e80ef07e745,usdt,1154,3676.780297777027,4995.0,0.12824956672443674,8.900085356629427e-05,0.005340051213977656,0.12816122913546377,674150.8378378379,0.06763285024154589,90,0.08454106280193237,0,-1
0xc04d0c892d1df4e1022868218fd75cc3b87ca343,usdt,1,0.005755000000000001,0.00066,3.0,0.5,30.0,720.0,120.0,0.3333333333333333,2,0.6666666666666666,1,2
0xb024f49c5e6e4d904d7ec53cd97567dcc068d450,usdt,949,155.908,1.0,0.005268703898840885,3.6585517549706914e-06,0.00021951310529824146,0.005268314527157795,16399932.0,0.0,1,0.21428571428571427,0,-1
0x3a00edb5592cd978a68e32f2b02ad99b6f59bb7a,usdt,157,58.28749175,33.120763,0.050955414012738856,3.526229860819707e-05,0.0021157379164918246,0.050777709995803784,1701534.0,0.0,2,0.21739130434782608,0,-1
0x7882570840a97a490a37bd8db9e1ae39165bfbd6,usdt,221,94343.95922931297,0.100498,6.665158371040724,0.00462509419743783,0.2775056518462698,6.660135644310475,12972.708757637474,0.0006,724,0.0102,0,-1
0x07d6880c72c4d44dec98aeb3d13a9f0d065aae9d,usdt,157,1368.763417258038,0.00018,39.02547770700637,0.026989952883215925,1.6193971729929555,38.86553215183093,2223.0494532397583,0.13047530288909598,630,0.13311587449518483,0,-1
0x6a652e8e929fe9ba26f6393f5b6b75123fdb2cb8,usdt,475,14806.288467219352,18.69,0.6526315789473685,0.00045250453964231705,0.027150272378539026,0.6516065370849365,132595.35483870967,0.24532224532224534,286,0.04158004158004158,0,-1
0xdecee1439daf5860ecc36d67e7ffa190e0bcefae,usdt,109,461.855629,487.5,0.03669724770642202,2.5310272300564546e-05,0.0015186163380338728,0.036446792112812945,2370579.0,0.0,2,0.006550218340611353,0,-1
0xd69345dcc7368666d19bb55f742d49f43c538b9b,usdt,1,4.766069818181818,26.178138,11.0,0.25943396226415094,15.566037735849056,373.5849056603774,231.27272727272728,0.0,10,0.046511627906976744,0,-1
0x3af004206da7b4e0b2f9df06e5a1163ee252f507,usdt,37,0.026846000000000005,0.000538,0.16216216216216217,0.00011209463776617806,0.0067256782659706835,0.1614162783832964,535262.0,0.3333333333333333,3,0.6666666666666666,1,2
0xf41d3afd98a814d0af05cdcb3ebf74e41ad71d09,usdt,9,0.0,0.0,8.0,0.005407110350110395,0.3244266210066237,7.786238904158968,11096.5,0.972972972972973,0,0.02702702702702703,0,-1
0x9703504988be401c081e803150414b69548df113,usdt,4,0.0,0.0,1.5,0.000873871249635887,0.05243227497815322,1.2583745994756772,68660.0,1.0,0,0.3333333333333333,0,-1
0xa94c69741a986ac012bab26f66a389501a31338c,usdt,34,1635.9094320000002,2333.0,0.35294117647058826,0.00024505599529492486,0.014703359717695494,0.3528806332246918,244842.0,0.0,6,0.11904761904761904,0,-1
0xebb870a0aaaa7bc55ead925d03a4af4a8db79a03,usdt,307,363910.49942407454,1249211.077245,0.5244299674267101,0.0003630099613540948,0.02178059768124569,0.5227343443498965,165284.7204968944,0.019439679817038306,122,0.012006861063464836,0,-1
0xa7aff27ef67a8c8fe63c8bafb018b19991e17709,usdt,28,1501.822069104377,1292.009173,10.607142857142858,0.0072780560483831445,0.43668336290298865,10.480400709671729,8243.959595959595,0.39570552147239263,200,0.21779141104294478,0,-1
0xc9db418a0bb4cf9a6b69a60a59f570ecd3dadb86,usdt,9,2511.8605000000002,1500.0,1.0,0.0006416837782340862,0.038501026694045176,0.9240246406570841,93504.0,0.022222222222222223,7,0.03333333333333333,0,-1
0x492fffd4efc4ad8d7b82d0b4a85c9e7dec54da35,usdt,1223,11692.314736842105,12500.0,0.01553556827473426,1.078676680583709e-05,0.0006472060083502255,0.015532944200405411,5562371.105263158,0.007345225603357817,15,0.0031479538300104933,0,-1
0x070488069c25d2c6903853c130c7d4b9fe627814,usdt,243,3387.5268854565215,0.000149,0.18930041152263374,0.0001310840824598669,0.007865044947592015,0.18876107874220832,457721.47826086957,0.1791044776119403,33,0.14925373134328357,0,-1
0xcf4012214ed0546aeb17bec7bca09358b9dcb876,usdt,1,0.002058823529411765,0.001,17.0,0.02246893999471319,1.3481363996827915,32.35527359238699,2670.3529411764707,0.0,15,0.16666666666666666,0,-1
0xd40c81c33d16b8d61e72463962ad8658e6606b74,usdt,28,3608.6922035333328,0.0,1.0714285714285714,0.0007310084017232305,0.04386050410339383,1.0526520984814518,82078.4,0.32432432432432434,17,0.2702702702702703,0,-1
0x15bcc93338ed1da5033bfb88842a327e081f8d1a,usdt,225,75000.005,0.01,0.017777777777777778,1.2344977939524422e-05,0.0007406986763714654,0.017776768232915168,4860276.0,0.0,0,0.08333333333333333,0,-1
0xcd77a7f1563d09dfb9e13c10b38ca714956d5a8a,usdt,2190,12881.8249300546,0.0,0.3178082191780822,0.00022065595128043408,0.013239357076826046,0.3177445698438251,271916.5272988506,0.08745247148288973,415,0.0817490494296578,0,-1
0xbc3517d371ff37d184dd1fb507251f8819711766,usdt,64,4782.619326284211,0.00011,1.484375,0.0010254218261575394,0.06152530956945236,1.4766074296668565,58512.505263157895,0.06341463414634146,52,0.08536585365853659,0,-1
0xe6abee1180d5a63c7fe25afb1b729721a46111c0,usdt,387,2511.205445826923,2780.0,0.1343669250645995,9.323842140180381e-05,0.005594305284108229,0.13426332681859748,643511.5384615385,0.19402985074626866,34,0.14925373134328357,0,-1
0x5a4fa169fda33aacbf78a69da2a7cf5f2962d889,usdt,1113,4186.5625045817,0.0,0.9622641509433962,0.0006681604513395775,0.04008962708037465,0.9621510499289916,89798.78991596638,0.25763831544178367,667,0.1635012386457473,0,-1
0x9bef43ae633413a6a72e0fcc6f261788e5ef3d9d,usdt,16,0.0003502,0.000405,0.625,0.00043255588622049965,0.02595335317322998,0.6228804761575195,138710.4,0.9090909090909091,5,0.2727272727272727,0,-1
0x77530de7b1d2f26ec07a09568caa07cd2da406f7,usdt,48,17889.02792473427,5384.800226,2.9791666666666665,0.0020371240936222345,0.12222744561733406,2.9334586948160175,29453.286713286714,0.09157509157509157,127,0.03296703296703297,0,-1
0x14263f951390de3b85bceac645d59fdc83ee8062,usdt,8,454.7249854316239,0.0,29.25,0.01935451853567352,1.1612711121404113,27.870506691369872,3100.051282051282,0.2965779467680608,112,0.43346007604562736,0,-1
0xf2a4945eefd4570120a11436736446da55c4511f,usdt,182,6976.813582000001,8.101865,0.08241758241758242,5.7182024106416505e-05,0.0034309214463849906,0.08234211471323977,1049280.8,0.0,8,0.1111111111111111,0,-1
0xbb193873cc0fc0bbc4b037a3efe0029628d4634a,usdt,139,9780.838290300886,0.0003,5.690647482014389,0.003928634930978205,0.2357180958586923,5.657234300608615,15272.480404551201,0.16541822721598,479,0.12671660424469414,0,-1
0xc3c0af0cb3e8a6497eb4c81b9f6bdf276dcaac39,usdt,21,9453.531146076923,11931.14,1.8571428571428572,0.0012821102877844477,0.07692661726706686,1.8462388144096047,46797.846153846156,0.0,35,0.05405405405405406,0,-1
0x7a8a0dfe9181a044094558cd0d78e2063bc73b81,usdt,13,0.013252673879914662,41.346196,504.7692307692308,0.3479727221627125,20.87836332976275,501.08071991430603,172.42730874733314,0.6845455494104142,6561,0.0002087029114056141,0,-1
0x1299d7b98bf170a31ac7bf2c205ed6111ee7bd0d,usdt,78,25.70779044444444,29.267,2.769230769230769,0.0019097569127011214,0.11458541476206728,2.750049954289615,31417.61111111111,0.28735632183908044,132,0.11877394636015326,0,-1
0x0062a25713be2a90d24b43898bde33db89c57025,usdt,449,86851.98516129033,0.0,0.06904231625835189,4.7879183829809577e-05,0.002872751029788575,0.0689460247149258,1253154.1935483871,0.02102803738317757,22,0.02102803738317757,0,-1
0x4b913ec6c32d31e79656d8e053767e99832649bc,usdt,1077,3313.2641923071546,0.0,2.790157845868152,0.0019371816785031368,0.11623090071018821,2.789541617044517,30972.8306156406,0.06780055917986952,1721,0.15144454799627213,0,-1
0x50e6b5d10493bed3aedfe2c52fdb1d2867e5d39c,usdt,65,17827.493999194503,0.0,7.276923076923077,0.005022084430476514,0.30132506582859087,7.231801579886181,11947.23044397463,0.06,293,0.0336231884057971,0,-1
0xaca3365e5370bb10595d7fd83d1e7aa057972ba3,usdt,125,1131.8646017499998,794.986946,0.096,6.664089885244371e-05,0.003998453931146623,0.09596289434751896,900348.0,0.004273504273504274,10,0.01282051282051282,0,-1
0xd18eadf6afd0cc756caaecbe9c92ab0294d9301b,usdt,4,2920.0345350000002,0.0,1.5,0.0009515955084692001,0.057095730508152,1.370297532195648,63052.0,0.2222222222222222,4,0.2222222222222222,0,-1
0x19a364bdaf25cc634ccd287ea3521bfb3ea9db41,usdt,1,10.0,10.0,10000.0,156.25,9375.0,225000.0,0.384,0.0,10000,0.0001,0,-1
0x404ce14333992ba08eab809537ba3f5846d69478,usdt,582,416666666710525.75,0.000375,2.4742268041237114,0.001717936738888409,0.10307620433330454,2.473828903999309,34925.61666666667,0.43938531587933977,560,0.10756972111553785,0,-1
0xc1eb3f9ca7424257df82ea935cc1fdd7ea0e7ff7,usdt,68,114.28571428571429,200.0,0.10294117647058823,7.109153949744375e-05,0.004265492369846626,0.102371816876319,843982.2857142857,0.0,3,0.022222222222222223,0,-1
0xd8a5652e31a7cf97eb2adf77cbc7d3df83b1e985,usdt,37,10000.0,10000.0,0.5675675675675675,0.0003919958187112671,0.023519749122676025,0.5644739789442246,153062.85714285713,0.0,0,0.003289473684210526,0,-1
0xf1d83fd6a0a952f244b79b2e35c4bece58b0f1be,usdt,1,17.827266666666667,26.7409,3.0,0.1485148514851485,8.910891089108912,213.86138613861385,404.0,0.2,1,0.6,0,-1
0x66288902b721210de52d61a5b9085b29ec21a85d,usdt,24,0.0020937777777777777,0.00023,0.75,0.0005025855233032154,0.030155131398192928,0.7237231535566303,119382.66666666667,0.20512820512820512,9,0.07692307692307693,0,-1
0xdb301fb3d54b7461db85a74af7ba0feb064785d4,usdt,12,0.02285714285714286,0.0403,1.1666666666666667,0.00076632546937435,0.045979528162460995,1.103508675899064,78295.71428571429,0.0,10,0.29411764705882354,0,-1
0x65de9445ea4ef916b81642bad17ec2217e02d96e,usdt,18,27916.14369452093,100000.0,11.944444444444445,0.00793838337591753,0.47630300255505176,11.431272061321243,7558.213953488372,0.25092250922509224,67,0.07749077490774908,0,-1
0x9086872ffdf5bbdb09c851ce323de40cb3e49c3e,usdt,29,245.5,27.0,0.13793103448275862,9.279450656521133e-05,0.0055676703939126805,0.13362408945390433,646590.0,0.0,1,0.3333333333333333,0,-1
0x52803da30bcc32e31d07f39efc3acf711e5deff2,usdt,3,0.001,0.001,1.3333333333333333,0.0007733353955610549,0.04640012373366329,1.1136029696079188,77586.0,0.0,2,0.5,0,-1
0xcfc0f98f30742b6d880f90155d4ebb885e55ab33,usdt,32,2710.6564764466875,51.2,99.0625,0.06876117097888143,4.125670258732885,99.01608620958925,872.5854889589905,0.0043,2462,0.0357,0,-1
0x315426e0b52306ac51ad73f0da75c3bfca54b27d,usdt,1816,2050.6449294871795,0.0,0.1288546255506608,8.946282904519323e-05,0.005367769742711594,0.12882647382507825,670669.6025641026,0.26148409893992935,122,0.26501766784452296,0,-1
0x3734630a55e7652beb13beb31b787dd145423790,usdt,1201,173.33333333333334,260.0,0.002497918401332223,1.7344391204979127e-06,0.00010406634722987477,0.0024975923335169943,34593315.666666664,0.0,1,0.4,0,-1
0x5bbc586dc656d4766e7ef9ba69b84960e39b1029,usdt,390,5385.515094104023,10000.0,16.76153846153846,0.011627605005081853,0.6976563003049112,16.743751207317867,5160.134006424965,0.4009727100783572,2930,0.06403674682518239,0,-1
0x7fd2593c44dee25b09b78c25f546f62467fbf5fe,usdt,2,91.0707668,92.559436,2.5,0.0012488136270542983,0.0749288176232579,1.7982916229581898,48045.6,0.0,0,0.08333333333333333,0,-1
0xd092848138b78ec7f80c0f1ff6273230625894bb,usdt,43,551.1764612195121,64.0,1.9069767441860466,0.0013020213086901984,0.07812127852141189,1.8749106845138857,46082.19512195122,0.09574468085106383,66,0.14893617021276595,0,-1
0x177c996f8e42bfb9a094258391b5ce2e5beff59c,usdt,40,0.0004666666666666667,0.0002,0.15,0.00010190944326871141,0.006114566596122685,0.14674959830694445,588758.0,0.5714285714285714,3,0.5714285714285714,1,2
0xcf405ca82bbbc25f79f58057bdd9168238beb876,usdt,3,0.0,0.0,1.3333333333333333,0.0006952169076751946,0.041713014460511684,1.0011123470522802,86304.0,1.0,0,0.25,0,-1
0x07fab68ae9eb2f866a2cd401b6efe5b72857c2e9,usdt,513,1743.0148121000002,1125.316779,0.01949317738791423,1.3526517249150062e-05,0.0008115910349490036,0.019478184838776086,4435731.6,0.0,6,0.02,0,-1
0x02de0a6808cc62927d14b325ca407b83de9d5ce1,usdt,1614,20132.023054477613,5.0,0.04151177199504337,2.8827212820061033e-05,0.0017296327692036617,0.04151118646088789,2081366.671641791,0.007104795737122558,37,0.03374777975133215,0,-1
0x5892b568a95b7cdd5bb78f5857327cb796e41ba5,usdt,14,0.07,0.061332,0.5714285714285714,0.00037540003566300344,0.022524002139780203,0.5405760513547249,159829.5,0.0,5,0.5,0,-1
0xf8196441581066aa43fa5c9b5a15d7378ee5bc95,usdt,550,1140.0371258410255,0.0,0.35454545454545455,0.0002460248689507531,0.014761492137045187,0.35427581128908453,243877.78461538462,0.3073394495412844,108,0.20642201834862386,0,-1
0x9dab99b0b21d9958c86cdfb17bb3fa8617450fa0,usdt,5,1698.769866857143,1527.278068,2.8,0.0016497761018147536,0.09898656610888522,2.375677586613245,36368.57142857143,0.3333333333333333,7,0.4444444444444444,0,-1
0x02f73f558e2f038a98072dc39848f9f693f8664d,usdt,650,423316.80591540004,453844.0,0.3076923076923077,0.00021350058114858188,0.012810034868914914,0.30744083685395796,281029.68,0.006507592190889371,126,0.01735357917570499,0,-1
0x2bc07383cfe081257b61a8e145429140e9ddd8ba,usdt,6,0.0005233333333333333,0.00015,1.0,0.0006031120582204174,0.03618672349322504,0.868481363837401,99484.0,0.3,3,0.2,0,-1
0xda8bf17ec50883dca25d398388030fae104bfa71,usdt,91,2350.84378465942,0.004235,1.5164835164835164,0.001044663133989402,0.06267978803936412,1.5043149129447388,57434.782608695656,0.41566265060240964,78,0.30120481927710846,0,-1
0xaefe6c5ec50baf357cfd034392f8a944620fd942,usdt,159,13271.07766496379,0.001,54.886792452830186,0.03789865897720956,2.2739195386325735,54.57406892718177,1583.169474046064,0.30483233714922503,5448,0.11072839631243035,0,-1
0x0f4f8a345e1e191424658258afb5f3f17ff0e409,usdt,2,0.00019666666666666669,0.0001,3.0,0.0016261925411968777,0.09757155247181266,2.341717259323504,36896.0,1.0,3,0.3333333333333333,0,-1
0xcb769355036aade53bfda0dd8c4d64a09796ceb3,usdt,164,0.0,0.0,0.12195121951219512,8.424585636755456e-05,0.005054751382053274,0.12131403316927858,712201.2,0.11627906976744186,0,0.09302325581395349,0,-1
0xa0314ebda3bdf504067e0376d1419e73dc8aca68,usdt,540,109.60688723076925,103.253107,0.024074074074074074,1.6687397549006394e-05,0.0010012438529403837,0.02402985247056921,3595527.6923076925,0.0,6,0.03910614525139665,0,-1
0xe5bec8fc570d864a928c7aa2552c28403053953d,usdt,1349,133.206544784,4.5,0.09266123054114159,6.432724266703528e-05,0.003859634560022116,0.09263122944053079,932730.792,0.0,71,0.0034595425715933117,0,-1
0x990636ecb3ff04d33d92e970d3d588bf5cd8d086,usdt,1,5473.383570322711,1699.172053,1977.0,2.519113149847095,151.14678899082568,3627.522935779816,23.81790591805766,0.0017,1112,0.0171,0,-1
0x76063750f82862f3e8aa589d44d6f8b3b66f1179,usdt,1,9077.9475,26790.07,4.0,0.002020814388198444,0.12124886329190664,2.9099727190057596,29691.0,0.0,4,0.125,0,-1
0x8f4ea9ad88db773e4a086884ebbf0cf813915d38,usdt,1041,3723.815881103448,494.387532,0.027857829010566763,1.9330222456199382e-05,0.0011598133473719628,0.02783552033692711,3103947.724137931,0.006564551422319475,10,0.014223194748358862,0,-1
0xec89c705b5c088d2284d884948ea978c85203ee8,usdt,16,0.0016468888888888891,0.001,0.5625,0.0003717932829346883,0.022307596976081298,0.5353823274259513,161380.0,0.4444444444444444,3,0.3333333333333333,0,-1
0x666adb2883f226df1080a8bba6797e6b20181908,usdt,1,10066.325801970588,0.001,34.0,0.024545192030031762,1.472711521801906,35.34507652324574,2444.470588235294,0.3333333333333333,15,0.26666666666666666,0,-1
0xf6644af217d4bc96093a76cc2dbbf4cad9822464,usdt,12,0.04,0.06715,0.3333333333333333,0.00021705628269410256,0.013023376961646155,0.3125610470795077,276426.0,0.0,2,0.75,0,-1
0x2ee019310a2961b4c9752541b1ace19e9e08a601,usdt,12,0.039999999999999994,0.06878,0.3333333333333333,0.00021686799245299385,0.01301207954717963,0.3122899091323112,276666.0,0.0,2,0.375,0,-1
0x467888800b525150751264578c068f6007a3590e,usdt,790,1484.3836651231527,0.0,0.2569620253164557,0.00017827563028339151,0.010696537817003492,0.25671690760808374,336557.4975369458,0.22594142259414227,104,0.23430962343096234,0,-1
0xa4b6f26221f31a63ecb2ece97e8e13aeb65a203a,usdt,1,0.05050278136610461,30.182473,3499.0,3.009633579907105,180.5780147944263,4333.872355066231,19.93598170905973,0.0016396429222080525,3495,0.0009109127345600292,0,-1
0x57756f0f106a0a5aead0d11973e7bb167530ca0d,usdt,44,1314.9514620545456,1973.343005,1.25,0.0008496517972452743,0.05097910783471647,1.223498588033195,70617.16363636364,0.10526315789473684,27,0.07017543859649122,0,-1
0xb260942621fea2435d5836774d3ae1e3871f8125,usdt,492,9862.91874312676,0.0001,0.1443089430894309,0.00010016370417228383,0.0060098222503370295,0.14423573400808873,599019.3802816902,0.04106280193236715,54,0.03864734299516908,0,-1
0x8ed0178d78d03d0d7337b582329989b0489d1c21,usdt,505,1791.2064837267444,0.0,0.3405940594059406,0.000236370752472548,0.01418224514835288,0.34037388356046916,253838.51162790696,0.08982035928143713,89,0.04590818363273453,0,-1
0xe51df5ebbc02cf32aecad38b88c74f968b56e1be,usdt,592,4010.6785985132688,0.0,2.800675675675676,0.0019419891075259925,0.11651934645155955,2.7964643148374293,30896.15681544029,0.24499629355077834,864,0.15270570793180133,0,-1
0xbdbfc7960bf0ff7b317df422f8c419b0f33f31d0,usdt,258,11685.045820635136,2832.0,0.2868217054263566,0.00019847826180248302,0.01190869570814898,0.28580869699557554,302300.1081081081,0.07048458149779736,53,0.03524229074889868,0,-1
0x6ecb63c6e61fe32d3a0266216398b07b70aa94fd,usdt,50,1423.7778455555554,3849.0,0.18,0.00012344629126192285,0.007406777475715371,0.17776265941716893,486041.3333333333,0.18181818181818182,0,0.45454545454545453,0,-1
0x6cd2ad7af9dba2614a37c03f8e00ccfd46b78bff,usdt,499,7278.4458099484855,157.26081,1.3226452905811623,0.0009184170164304804,0.055105020985828826,1.322520503659892,65329.8,0.26268320180383314,349,0.20744081172491544,0,-1
0xd05c6626f2adfa80555c81d0a1e5d8cca48cd012,usdt,109,0.00015941666666666667,0.0,0.7706422018348624,0.0005313617282919757,0.03188170369751854,0.765160888740445,112917.42857142857,0.5030674846625767,16,0.15950920245398773,0,-1
0x4c5a5ec995cad48aca730a3e6f1834ccdf1f5293,usdt,136,740.0717699889502,4275.0,1.3308823529411764,0.0009197098391676473,0.05518259035005884,1.3243821684014123,65237.96685082873,0.04746835443037975,55,0.056962025316455694,0,-1
0x727ab2bea3fd631e90f445386d002f1af9001857,usdt,76,504.27341720206795,0.00025,131.07894736842104,0.09102455159306672,5.461473095584003,131.07535429401608,659.1628187111022,0.0791,374,0.109,0,-1
0x500b6406d18a79f493a003395fb50592527b087f,usdt,304,34648.71489402648,265000.0,8.322368421052632,0.005774259765003603,0.3464555859002162,8.31493406160519,10390.94229249012,0.10786713286713287,1758,0.06958041958041958,0,-1
0xad85fb07314ae8e01fafe1c5a6a55a4004a5aa30,usdt,65,258.46431366666667,191.691089,0.09230769230769231,6.320900531675525e-05,0.003792540319005315,0.09102096765612755,949231.8333333334,0.0,3,0.045454545454545456,0,-1
0x6ed66a7c24ee325cbeecb3255623bedbcb7bc935,usdt,355,39444807620.00583,2194.018704,25.580281690140843,0.017759047218609745,1.0655428331165848,25.573027994798032,3378.5596299966965,0.3915,5422,0.0715,0,-1
0x3fe7bb758d5f2b53896cf468d570a92667bd515a,usdt,22,11550.957348344156,0.000252,7.0,0.004767004897014121,0.2860202938208473,6.864487051700334,12586.51948051948,0.2962962962962963,115,0.16049382716049382,0,-1
0x451b5d253df4c5c1eb31d075a74dcd0826a503c7,usdt,213,39237.0059974776,215500.0,13.938967136150234,0.009662386013785742,0.5797431608271445,13.913835859851469,6209.646345570899,0.26501231293805644,1388,0.10210267096040918,0,-1
0x2d93167590b6951fd5a1b4aeaf984ff155c8e25d,usdt,128,2837.979609162047,0.0038,10.9921875,0.007581930110447221,0.45491580662683323,10.917979359043997,7913.55223880597,0.3336803748047892,675,0.23841749089016137,0,-1
0xcf71559c848c7bbbc91d1bd39b9d5577416176ab,usdt,587,8.137777125,1.769172,0.013628620102214651,9.450730624171141e-06,0.0005670438374502685,0.013609052098806444,6348715.5,0.0,4,0.21052631578947367,0,-1
0xd851f76966dabfc83afc5412c9702f4ae95a53b5,usdt,160,403.21074198924737,0.0002,0.58125,0.0004020432442901213,0.02412259465740728,0.5789422717777747,149237.67741935485,0.4649122807017544,54,0.14035087719298245,0,-1
0xf9c4b8195e6423c04df7bf2056ad8f74bf5abb1b,usdt,280,2440.2596748148153,0.0,0.09642857142857143,6.696186100404102e-05,0.004017711660242462,0.09642507984581908,896032.4444444445,0.19148936170212766,17,0.19148936170212766,0,-1
0x23bd1e1ee683e12cc1e3c1f126b60b66edb528b3,usdt,1,30.000149999999998,0.0,4.0,0.009017132551848512,0.5410279531109107,12.984670874661857,6654.0,0.5,2,0.75,1,2
0x4382b6d7fd525efa905720e8f0307addebdebcb1,usdt,133,29440.346818110236,0.00085,0.9548872180451128,0.0006625501607857949,0.039753009647147695,0.9540722315315446,90559.1811023622,0.34532374100719426,88,0.16546762589928057,0,-1
0xc8ac0b55305cb92272192d64cb04e9579c160975,usdt,2,0.0006692857142857142,0.0005,7.0,0.0041444641799881585,0.24866785079928952,5.968028419182949,14477.142857142857,0.9285714285714286,5,0.21428571428571427,0,-1
0x03aa5f540a50a399b7295e8c251a554dbc3fd458,usdt,247,7576.223635876034,0.00015,0.4898785425101215,0.00033945055019042895,0.02036703301142574,0.4888087922742177,176756.23140495867,0.34615384615384615,81,0.18461538461538463,0,-1
0xbdb3ba9ffe392549e1f8658dd2630c141fdf47b6,usdt,1,4580.8885010520335,4373.123272,1672.0,5.01499700059988,300.8998200359928,7221.5956808638275,11.964114832535886,0.0,848,0.0045,0,-1
0x231af95ed0da524f32eefca5c45f2a3ffd099f53,usdt,158,1063003.6446573066,5000000.0748,4.563291139240507,0.003164973705696953,0.18989842234181714,4.557562136203612,18957.50346740638,0.0,181,0.02485207100591716,0,-1
0x526b4743948b684c2ccff7107b1ce1d7f00153b0,usdt,442,6682.727973322033,0.0,1.8687782805429864,0.00129667479835608,0.0778004879013648,1.8672117096327554,46272.20338983051,0.13533333333333333,483,0.13066666666666665,0,-1
0x94737cc6d77a038f51a9a8ad3a398d28a72c5c32,usdt,169,1886.3501701975308,17001.578793,0.47928994082840237,0.00033280796240995697,0.019968477744597417,0.47924346587033806,180284.14814814815,0.13186813186813187,27,0.16483516483516483,0,-1
0x7ac0db5dfa7d1dc7d1901b9ad50e8bb1813b140e,usdt,309,321930.1550102045,0.0,1.1553398058252426,0.000800015059106995,0.0480009035464197,1.1520216851140728,74998.58823529411,0.05261136712749616,248,0.01574500768049155,0,-1
0x45287d2803b1d9a073bf539f5c0de3af81356404,usdt,23,822.7722412999999,50.0,1.3043478260869565,0.0008788581874428743,0.052731491246572455,1.265555789917739,68270.4,0.015,15,0.055,0,-1
0x83def23be6a36047f13cda8cdea3c8af9ce36de7,usdt,1,0.0037199999999999998,0.000105,3.0,0.4411764705882353,26.47058823529412,635.2941176470588,136.0,0.3333333333333333,2,0.6666666666666666,1,2
0x7f20b188a05b08a9e4fc7360d3d72d110fd6d86d,usdt,1,0.000346,0.000577,4.0,0.1694915254237288,10.16949152542373,244.06779661016947,354.0,0.14285714285714285,2,0.10714285714285714,0,-1
0xac78466bc0605625c06fec94c0cd1373c5a7b88a,usdt,613,4070.256184993707,3000.0,10.368678629690049,0.0071985401777300995,0.431912410663806,10.365897855931342,8335.023285084959,0.30351771936707206,3856,0.09703151562704329,0,-1
0x9bf26fb3854377e1c656956677b413a99461f5cf,usdt,11,0.04,0.065,0.36363636363636365,0.00023567674577549432,0.01414060474652966,0.33937451391671186,254586.0,0.0,2,0.75,0,-1
0x6b2079f89f9ea0796e10118905ada541c8b1e8e2,usdt,1,7830.161301210525,3248.0,19.0,0.009512366075898667,0.5707419645539201,13.697807149294084,6307.578947368421,0.15789473684210525,11,0.2631578947368421,0,-1
0xda65447aa02ea6b21d702c93ddc3b7bad517a289,usdt,1,0.0001366666666666667,0.0001,6.0,0.3488372093023256,20.930232558139533,502.3255813953488,172.0,1.0,3,0.6666666666666666,1,2
0x80de180bc63e1f72f7d2180d8967019288967ac5,usdt,15,0.000625,0.00075,0.26666666666666666,0.0001842333130676689,0.011053998784060133,0.2652959708174432,325674.0,1.0,2,0.5,0,-1
0xd2634b08e56af69332e6224ac0050c21b071dc0e,usdt,6,0.00047749999999999995,0.00066,1.3333333333333333,0.0009207255317189946,0.05524353190313967,1.3258447656753523,65166.0,1.0,4,0.5,0,-1
0x8db98764ada29b55a23f7a8cb07be6f74f0d0e75,usdt,161,29909.435893606063,10200.691206,0.20496894409937888,0.0001416481665576405,0.00849888999345843,0.20397335984300233,423584.7272727273,0.0,15,0.007246376811594203,0,-1
0x48d34466739f9e6f48657e94092229ee2d9df8bf,usdt,1,12266.504989500003,0.001,24.0,0.015812359994729214,0.9487415996837528,22.769798392410067,3794.5,0.2727272727272727,14,0.2727272727272727,0,-1
0x3b1d0499da2d7c7c73fcef673e063606e9008d80,usdt,22,374.6585669374999,200.171947,0.7272727272727273,0.00048746602971105446,0.029247961782663274,0.7019510827839185,123085.5,0.14285714285714285,3,0.2857142857142857,0,-1
0xcbfca19d473a8d78f356d45c496adce95f408f3e,usdt,47,0.00035106451612903225,0.000582,1.3191489361702127,0.0009052257808302381,0.054313546849814286,1.3035251243955428,66281.80645161291,0.9230769230769231,31,0.03076923076923077,0,-1
0xc1fbf164b2eb4b4524e47bf4399f7b03d4607310,usdt,35,853.3923341666667,841.891981,0.17142857142857143,0.00011648495014444133,0.00698909700866648,0.1677383282079955,515088.0,0.0,2,0.2222222222222222,0,-1
0xd34a74b4aa2a3cdd9762d09654f468d858c44918,usdt,12,0.027238219895287956,0.04,63.666666666666664,0.0440087095770786,2.6405225746247165,63.37254179099319,1363.3664921465968,0.0,382,0.05774518790100825,0,-1
0xcbe281e3d8aeaff00b4eca16a7e47fa65d808b29,usdt,1,0.00362475,0.003108,4.0,0.02089864158829676,1.2539184952978057,30.09404388714734,2871.0,0.25,3,0.5,0,-1
0xc863a62fec96ab6879947b41ca5fff4de1f72228,usdt,1810,345827929145818.2,0.0,1.277900552486188,0.0008873586552210656,0.05324151931326394,1.2777964635183348,67616.40250756593,0.09245466321243523,1821,0.036917098445595854,0,-1
0x9a97fa54a384fad8e2ac390836f04499c63112f3,usdt,1,0.0671167379718727,42.89897,2702.0,3.44467108618052,206.6802651708312,4960.326364099949,17.41820873427091,0.0011425959780621572,2699,0.0009140767824497258,0,-1
0x9be9f6a9b9ba6179ec93f99456e52f7aee7b3d9d,usdt,81,7.699999999999999e-05,0.0,0.19753086419753085,0.00013592104346585069,0.00815526260795104,0.195726302590825,441432.75,0.8823529411764706,1,0.7647058823529411,1,2
0xbeb347dd3eac7f35deefdeebbd2385e62955d254,usdt,12,0.04,0.068,0.3333333333333333,0.0002182357819388067,0.013094146916328401,0.3142595259918816,274932.0,0.0,2,0.75,0,-1
0x9642b23ed1e01df1092b92641051881a322f5d4e,usdt,1,11486.184362810873,858.0,3955.0,2.2279179810725553,133.6750788643533,3208.2018927444797,26.930973451327432,0.0001,2749,0.1081,0,-1
0xf968f7d64172d415432c9b775d2691d1cc52f2bf,usdt,1278,17562.386731983122,0.0,0.18544600938967137,0.0001286813871658071,0.007720883229948426,0.18530119751876223,466267.89873417723,0.10720562390158173,168,0.0632688927943761,0,-1
0xa7e7454ace8de887fc273349f49d20404389e135,usdt,56,38545.454553454554,1e-05,0.9821428571428571,0.0006734435495127942,0.04040661297076765,0.9697587112984237,89094.32727272727,0.24719101123595505,21,0.028089887640449437,0,-1
0xcf409d5dd25acb949575631c698fac64d89cb876,usdt,78,43115.704464050585,100000.0,6.589743589743589,0.004532164258329836,0.27192985549979015,6.526316531994963,13238.708171206226,0.0,113,0.0210727969348659,0,-1
0xd47f65ceb162252c780f12950a4da5b3b284808b,usdt,52,28250.582949271546,0.0,56.23076923076923,0.03899030576187111,2.339418345712266,56.146040297094395,1538.844049247606,0.37217336683417085,1718,0.10615577889447236,0,-1
0x428316df7427d414a5a182756ecb3b46f5f98681,usdt,1171,1450.2542644761904,0.001,0.035866780529461996,2.490390354457259e-05,0.0014942342126743554,0.03586162110418453,2409260.8571428573,0.07729468599033816,32,0.04830917874396135,0,-1
0xffaad10fdcde98a7dca532e376456ad61ca45027,usdt,1,0.043386653679653685,15.481678,3234.0,3.1705882352941175,190.23529411764707,4565.647058823529,18.923933209647494,0.0005934718100890207,3233,0.0003956478733926805,0,-1
0x9d9e3efd09e4bde68a3d0412c8f71902865e1765,usdt,1,10000.00004975,0.000199,4.0,0.08298755186721991,4.979253112033195,119.50207468879668,723.0,0.25,1,0.75,0,-1
0xb3bcbc00b8a8f4aad40431c220bd96bedb34fc90,usdt,21,2065.542924105263,2500.0,0.9047619047619048,0.000611695620259359,0.03670173721556154,0.8808416931734768,98088.0,0.00012853470437017994,15,0.0005141388174807198,0,-1
0x56f9c46e0a472bb72beab580c7f06954f84096d5,usdt,59,1554.1666666666667,1450.0,0.6101694915254238,0.0004202308468118487,0.02521385080871092,0.605132419409062,142778.66666666666,0.0,0,0.05405405405405406,0,-1
0x9351bde4ba769a4a1104235f47ca36f6ec3ab885,usdt,12,5416.034720672413,12180.0,4.833333333333333,0.003293508381410984,0.19761050288465906,4.742652069231817,18217.655172413793,0.23809523809523808,42,0.20238095238095238,0,-1
0x93927bfe1290d55e4303b86cca5a02825bc5a716,usdt,3,225.0,300.0,2.0,0.0011855833069870376,0.07113499841922226,1.707239962061334,50608.0,0.0,3,0.5,0,-1
0x5d84f33b7c9214df23fd86a0861ac923af99954d,usdt,30,13291.096033308919,49.800811,21.7,0.014655428586865494,0.8793257152119296,21.103817165086312,4094.0460829493086,0.0001,406,0.0019,0,-1
0xc60a8353795469640420dfa4aadc91a96497aa16,usdt,538,1662049870761.7302,148821.0,3.3550185873605947,0.0023291945503299584,0.13975167301979752,3.3540401524751404,25759.97783933518,0.17579841781423966,826,0.05508350424846176,0,-1
0x5eb069f44633db19ad08095398108074dba51f13,usdt,1,7290.270384107143,9e-06,28.0,0.7142857142857142,42.85714285714286,1028.5714285714287,84.0,0.20930232558139536,9,0.37209302325581395,0,-1
0x434861a54eb3003de87e4e4f6a2b5bae7c0a051d,usdt,69,25494.27058197822,0.0,7.318840579710145,0.005070260762004972,0.3042156457202983,7.30117549728716,11833.71089108911,0.3583180987202925,326,0.15173674588665448,0,-1
0xc5f6b52bdabce080a68b49e80ea264699c174882,usdt,1381,1166.884009777778,10.979029,0.0065170166545981175,4.522586740387064e-06,0.0002713552044232238,0.006512524906157373,13266743.888888888,0.0,4,0.010169491525423728,0,-1
0x081073e2a7df8f8a2cc0312ead4dfa842430a306,usdt,255,67978.36074766937,0.001,22.28627450980392,0.01545026526172472,0.9270159157034833,22.248381976883596,3883.4284708780574,0.1359,3688,0.0414,0,-1
0x10c7c81901c60bc54d2ff0b694bcbe059b17920c,usdt,15,41739.13043478261,0.0,1.5333333333333334,0.001023596115675262,0.06141576694051571,1.473978406572377,58616.86956521739,0.0031512605042016808,23,0.0005252100840336134,0,-1
0xf19019526f5134d7ff386dafad6465c832492c5b,usdt,22,13416.919202745885,8589.0,115.9090909090909,0.07780272889257732,4.668163733554639,112.03592960531134,771.1811764705882,0.2539112592972557,1454,0.07412156963323929,0,-1
0x6a8c2e81bfd126db77f1c700c26d7422d1121cc4,usdt,8,28188.166666666668,19762.0,1.5,0.0009570141159582104,0.057420846957492624,1.3781003269798229,62695.0,0.0,8,0.10869565217391304,0,-1
0xb67f2c495f0430a23a13fef8e27f5946afc2f9af,usdt,56,3379.3282800194174,146001.594175,7.357142857142857,0.005082366409012071,0.30494198454072435,7.318607628977383,11805.52427184466,0.0,6,0.0017921146953405018,0,-1
0x76367d53756ddd33e39e41ae658c93c33bbf0621,usdt,1,0.01,0.01,3.0,15.0,899.9999999999999,21600.0,4.0,0.0,0,0.034482758620689655,0,-1
0xb1ddb0ba78fd5906c3d403dce06a12961b821914,usdt,6,0.015024114705882358,0.000129,113.33333333333333,0.07537465638024297,4.522479382814578,108.53950518754989,796.0235294117647,0.5602310231023102,679,0.0016501650165016502,0,-1
0x081d21ec5119c8b0d9799377bab9d3c5b4278435,usdt,76,1547.382430414201,5565.349503,2.223684210526316,0.0015269023938938359,0.09161414363363016,2.1987394472071236,39295.242603550294,0.34705882352941175,66,0.03529411764705882,0,-1
0x34c1ca5490300c9da4b8f803f70fb7439614b678,usdt,347,329.23089125,187.051208,0.011527377521613832,8.004812493270954e-06,0.00048028874959625724,0.011526929990310174,7495491.0,0.0,0,0.4,0,-1
0x2a57c3040f2e453bb81b63cbe52e13b8e50f0494,usdt,1,42.0105,0.001,6.0,0.007093875620714118,0.42563253724284705,10.215180893828329,8458.0,0.0,2,0.6666666666666666,0,-1
0xf0d63ff471cd4930a6510de86189d14d1a52b4b6,usdt,12,0.04,0.0638,0.3333333333333333,0.000217143477552793,0.013028608653167581,0.3126866076760219,276315.0,0.0,2,0.75,0,-1
0x04705d80ae8e5300a393e2d816062116cb7724de,usdt,12,0.04,0.0689,0.3333333333333333,0.00021769892239033417,0.01306193534342005,0.31348644824208116,275610.0,0.0,2,0.75,0,-1
0xf9a5134bacb580e18b0f3af6c8355904fd836818,usdt,1,0.0005,0.0005,8.0,0.04343105320304018,2.6058631921824107,62.54071661237784,1381.5,1.0,4,0.25,0,-1
0x87281d74643f7e8575d521feaa0ccedb333cffcb,usdt,444,9155.601631891645,0.00016,1.7252252252252251,0.0011977467350456005,0.07186480410273602,1.7247552984656644,50094.06266318538,0.07861120209629872,558,0.04356370782836554,0,-1
0x996f8f3748f4504ed0a2741bb044ed6124fa9a86,usdt,12,0.04,0.0649,0.3333333333333333,0.00021718828052038312,0.013031296831222988,0.3127511239493517,276258.0,0.0,2,0.75,0,-1
0xa2741e0d7a0875bbe380883c0cc032ce89ba5685,usdt,127,489.46635755555553,152.0,0.3543307086614173,0.0002457458660084318,0.014744751960505908,0.3538740470521418,244154.66666666666,0.05555555555555555,6,0.18518518518518517,0,-1
0x30835552ae494fdfd84fbc32a4f01043c4afbe15,usdt,177,714.481343,369.84942,0.05649717514124294,3.9175865159806186e-05,0.0023505519095883714,0.05641324583012092,1531555.2,0.0,7,0.02962962962962963,0,-1
0xd594cb1dfda3f5ca383fd3421238518a6d722693,usdt,1,0.0005,0.0005,3.0,0.055970149253731345,3.3582089552238807,80.59701492537314,1072.0,1.0,1,1.0,1,2
0x8c56335201ffc81c9a0b8ef0e04d6a0f505da8ca,usdt,3,8.00004,10.0001,1.6666666666666667,0.001155962454339483,0.06935774726036897,1.6645859342488556,51904.8,0.16666666666666666,2,0.5,0,-1
0x12478d1a60a910c9cbffb90648766a2bdd5918f5,usdt,1695,34765.52028866667,47566.049418,0.019469026548672566,1.3513065014775003e-05,0.0008107839008865001,0.019458813621276,4440147.363636363,0.001708150317227916,15,0.002440214738897023,0,-1
0x4d15f7f85a94045cec848d983ddc7f51288a9b1a,usdt,163,66076.43005823076,1097.001343,0.4785276073619632,0.0003317248928911355,0.019903493573468132,0.4776838457632352,180872.76923076922,0.0014577259475218659,27,0.01239067055393586,0,-1
0x5ca321b9051bb2df72a390ea6a64027aaf2f5d0f,usdt,17,0.00016027777777777782,6e-05,2.1176470588235294,0.0013987644247581304,0.08392586548548782,2.0142207716517078,42895.0,1.0,18,0.25,0,-1
0x19a527cd388643405d2549258ee5cd3dde27ab83,usdt,841,803.4641975999999,2008.660494,0.005945303210463734,4.124655673744356e-06,0.0002474793404246614,0.005939504170191873,14546668.8,0.0,1,0.4,0,-1
0xdeaab895286cae7db1dfbced1ae5bd241b5e375c,usdt,12,0.033239000000000005,0.006195,0.4166666666666667,0.00027358882882094163,0.016415329729256495,0.3939679135021559,219307.2,0.0,2,0.8,0,-1
0x2d2053ddb72f1fb6091fb4749b599b8dba42bcf2,usdt,25,0.00053625,0.000963,0.64,0.00043033657699528247,0.02582019461971695,0.6196846708732067,139425.75,0.8,8,0.3,0,-1
0xf4d21260e84dad9267136abe74cbd7a5bccf9001,usdt,73,57811.680848464894,66000.0,5.657534246575342,0.003911866500215011,0.23471199001290063,5.633087760309615,15337.946731234866,0.0,0,0.12223858615611193,0,-1
0xabbc48401e26d66647018bd4719b7b6860949305,usdt,12,0.039999999999999994,0.06495,0.3333333333333333,0.00021900527802720045,0.013140316681632026,0.31536760035916866,273966.0,0.0,2,0.75,0,-1
0x83b85f2b92aae0021a3c54c59eb2cdca5dbdae9b,usdt,138,2328.866399636364,800.0,0.07971014492753623,5.496372394219815e-05,0.003297823436531889,0.07914776247676533,1091629.0909090908,0.0,5,0.21052631578947367,0,-1
0x4d69de8cbce1ab61f6eaeb4154d84024054a3b0f,usdt,1,2605.0,0.0,8.0,0.1869158878504673,11.214953271028037,269.1588785046729,321.0,0.375,0,0.125,0,-1
0x24eecc6c7fcb7b2f94d3682c9b595ff25724a5e7,usdt,415,316.87758246428575,200.240288,0.06746987951807229,4.6786565037335675e-05,0.002807193902240141,0.06737265365376338,1282419.4285714286,0.03225806451612903,3,0.3548387096774194,0,-1
0x657a14433daa313ced77a989630b108b0b1d42dc,usdt,226,215.34933505000004,114.458228,0.08849557522123894,6.129742121748937e-05,0.003677845273049363,0.08826828655318471,978834.0,0.019230769230769232,10,0.07692307692307693,0,-1
0x24e3b6e6ed980271a8b03638f6971877871910f9,usdt,1,0.0004985,0.000119,4.0,0.005418585749119479,0.3251151449471688,7.802763478732051,11073.0,0.6666666666666666,2,0.5,0,-1
0x1f05d6879c2ba4abc2f9a3b42f4ac30dd4f49935,usdt,176,53898.25796850002,0.001869,0.125,8.637456881422636e-05,0.005182474128853582,0.12437937909248598,694648.9090909091,0.0,12,0.05511811023622047,0,-1
0x8a31175427d222427e70becc4ee9c0fa1bd9ce75,usdt,12,0.033379200000000005,0.006896,0.4166666666666667,0.0002734661284853258,0.016407967709119547,0.39379122501886915,219405.6,0.0,2,0.8,0,-1
0x8cafb8f138e4e04fa2b689e4e1e6b57f2fd4ac04,usdt,121,175757.57576363636,0.0002,0.2727272727272727,0.00018817722416925457,0.011290633450155275,0.2709752028037266,318848.36363636365,0.06666666666666667,30,0.06666666666666667,0,-1
0x15b1ae704925ab0a292c6bb1cb468ee195a47086,usdt,658,6040.466224489796,1500.0,0.2978723404255319,0.00020673491731658077,0.012404095038994846,0.2976982809358763,290226.7346938776,0.0,97,0.01032448377581121,0,-1
0x3558848ba7cc5ea6cfe0901d101e9a4cb19c58a2,usdt,11,0.04,0.068799,0.36363636363636365,0.00023612472107767323,0.014167483264660394,0.3400195983518494,254103.0,0.0,2,0.75,0,-1
0x84f95acaa487c6d915b751612c2410568f81f6ad,usdt,27,0.00025,0.0003,0.2962962962962963,0.00019843533736487793,0.011906120241892677,0.28574688580542423,302365.5,0.8888888888888888,4,0.2222222222222222,0,-1
0x5b8d2b4acbc8021f38f63ae67b6dd24b4dfca066,usdt,27,1142.3281745087663,27.154838,230.25925925925927,0.15978226229272255,9.586935737563353,230.08645770152046,375.5110181759691,0.0283,333,0.3372,0,-1
0x71ca435aa26d4f5dfd45ec41ee9597862b3909cb,usdt,8,6689.2,1275.0,1.25,0.0007728811463373162,0.046372868780238975,1.1129488507257355,77631.6,0.0,9,0.18181818181818182,0,-1
0x4e4718ce8f3390ec5519fa05eb01d3c80087edb5,usdt,12,0.022857142857142857,0.028,0.5833333333333334,0.0003989968080255358,0.02393980848153215,0.5745554035567715,150377.14285714287,0.0,5,0.42857142857142855,0,-1
0x8984d04faa8b71b1576378848bfc5e09744ea6ef,usdt,53,7366.450929790262,5173.0,5.037735849056604,0.0034809499473294468,0.20885699683976677,5.012567924154403,17236.674157303372,0.21363636363636362,157,0.20227272727272727,0,-1
0xcc1f58c35d43cf5f680971c76bbd6e3d231053a0,usdt,11,8457.811800625,39180.494405,1.4545454545454546,0.000948834120074958,0.05693004720449747,1.3663211329079394,63235.5,0.05333333333333334,3,0.10666666666666667,0,-1
0xe401a6a38024d8f5ab88f1b08cad476ccaca45e8,usdt,82,3186501.2795868386,2157397.0,0.3780487804878049,0.00025979119492217155,0.015587471695330295,0.37409932068792706,230954.70967741936,0.0,14,0.0008,0,-1
0x249e1ebcd7a662eb6a288d588b3f150bdd49dcfb,usdt,366,9586.901368674698,0.0,0.226775956284153,0.0001574744587811553,0.009448467526869316,0.2267632206448636,381014.1686746988,0.30612244897959184,43,0.2755102040816326,0,-1
0xff115024c1bac277e10ff0f4372ad374e9c4129a,usdt,203,25210.615815025732,61588.0,2.6798029556650245,0.001857933649910655,0.11147601899463931,2.675424455871344,32293.941176470587,0.0011560693641618498,0,0.08786127167630058,0,-1
0xebbff2ec5042a3728f510fb1be1f5b40496f8752,usdt,856,4536.712231823848,15199.201079,0.4310747663551402,0.000299226147662022,0.01795356885972132,0.43088565263331174,200517.23577235773,0.04625,127,0.1175,0,-1
0xaed8ace2f563d8be4a4a4a411c01f01df0aad634,usdt,103,2261.8315797718124,630.0,4.339805825242719,0.003011622031328954,0.18069732187973725,4.3367357251136935,19922.81879194631,0.35450819672131145,247,0.2028688524590164,0,-1
0xcf40cc577de8837be9c574c18c828280ec2bb876,usdt,1,0.0032500000000000003,0.001,4.0,0.19607843137254904,11.76470588235294,282.3529411764706,306.0,0.0,3,0.4,0,-1
0xedee6167f7e5672669671a19effece86848e1938,usdt,778,919.7016757166667,36.0,0.15424164524421594,0.00010708914046507743,0.006425348427904646,0.1542083622697115,560280.9,0.019230769230769232,24,0.23717948717948717,0,-1
0x7bef16275a88bd9c3004dbd0b85da65b08705c24,usdt,20,550.7232990676108,111.58,109.45,0.07455823648823554,4.473494189294132,107.36386054305918,804.7400639561444,0.0458,1594,0.0324,0,-1
0x20badacbf85b98ef8f265f7fb37ec91c2fd8379f,usdt,8,2000.0,0.0,0.375,0.00024057738572574178,0.014434643143544507,0.3464314354450682,249400.0,0.03571428571428571,2,0.07142857142857142,0,-1
0xf7044b0638fffd97d44af3b06507ebda1d5c70b2,usdt,132,5438.020861418778,0.00085,5.083333333333333,0.003508962758975571,0.21053776553853426,5.052906372924822,17099.070044709388,0.38944365192582026,268,0.21968616262482168,0,-1
0x6e169415bfe7e82ddd75b1547f12500fbb307203,usdt,28,2339.227527,19743.30607,0.9285714285714286,0.0006437300691267059,0.03862380414760235,0.9269712995424565,93206.76923076923,0.015873015873015872,6,0.23809523809523808,0,-1
0x35ec301f819f5158138ed9c1e1360a8c6d1e2bd3,usdt,424,1984451462952217.8,0.0,3.547169811320755,0.00246237510486378,0.1477425062918268,3.5458201510038436,24366.718085106382,0.0473,1089,0.0148,0,-1
0xe4e126648e6303d3bd67a7d30f5e39262a8266ad,usdt,38,15607.937556305787,0.000139,3.1842105263157894,0.0021720789128834798,0.13032473477300877,3.1277936345522104,27623.30578512397,0.2246376811594203,88,0.2318840579710145,0,-1
0xc9d1aae3cdbaa2579583a657a4320418de7898b8,usdt,24,0.00091,0.0002,0.4166666666666667,0.00028806987422869287,0.017284192453721575,0.41482061888931776,208282.8,0.6,7,0.3,0,-1
0xc095ce53ce44fea720cbf8d8cccccecbf43556b5,usdt,195,635806.9674525582,0.0001,1.6717948717948719,0.0011583475284203764,0.06950085170522258,1.668020440925342,51797.926380368095,0.2028688524590164,212,0.14549180327868852,0,-1
0xbaf699ffba6879a4e7741bb7bed926b08ef90a93,usdt,2,0.08169838193253286,4.113141,2623.5,1.7153785798352295,102.92271479011377,2470.1451549627304,34.97770154373928,0.0004,5242,0.0002,0,-1
0x6ba5053419895efb6993c5ef08f2a6605a3f35dd,usdt,189,5280.493321016129,0.0,0.328042328042328,0.00022719660641559242,0.013631796384935547,0.3271631132384531,264088.4516129032,0.2638888888888889,44,0.2361111111111111,0,-1
0x7c2da6dbac6fb6021ff2e6209721d586f7a7158f,usdt,389,3562.248736744444,0.000277,0.6940874035989717,0.00048135515381614796,0.02888130922896888,0.6931514214952531,124648.08888888889,0.07115135834411385,213,0.04657179818887452,0,-1
0x6cdfd7403d58833fd66cdddc074c30efca1f2bd0,usdt,9,0.001673777777777778,0.0,1.0,0.0006889266522757544,0.04133559913654526,0.9920543792770863,87092.0,0.1111111111111111,6,0.2222222222222222,0,-1
0x7ef592198c4a6388578e1426fec24cfe67e001fc,usdt,89,10027.556979634146,1944.000792,2.303370786516854,0.0015870484460086117,0.09522290676051672,2.2853497622524013,37806.02926829268,0.19776119402985073,133,0.15298507462686567,0,-1
0xf7235d7dc9ee10d03e17745326d55982f80ff9e8,usdt,181,4387.764663041959,14969.972576,0.7900552486187845,0.0005462080556139111,0.03277248333683466,0.786539600084032,109848.25174825174,0.012658227848101266,63,0.06962025316455696,0,-1
0x731ec14de7de6004dc935afdbdb1e425cdcac882,usdt,143,4570.563783344828,0.0,0.20279720279720279,0.00014049148766920745,0.008429489260152448,0.20230774224365874,427072.1379310345,0.1891891891891892,18,0.2702702702702703,0,-1
0x3d03ebe2ee5661014429ae725fcd56e904260625,usdt,344,362.0,450.0,0.029069767441860465,2.014370519284576e-05,0.0012086223115707457,0.029006935477697896,2978598.0,0.0,1,0.5714285714285714,0,-1
0xcfa58c9361ac140acd64c216dc16943686c7a5f9,usdt,1,0.0004070265084574603,4e-05,3961.0,1.5745746541580539,94.47447924948322,2267.3875019875973,38.105528906841705,0.3961,3961,0.0001,0,-1
0x852881de744614ad50db87298ff282489cd51198,usdt,404,607824.7187,3400.0,0.01485148514851485,1.0294544063222227e-05,0.0006176726437933336,0.014824143451040005,5828330.0,0.0,3,0.03361344537815126,0,-1
0x266685848d612e1020d92fe4547882ce12dafd21,usdt,48,1021.5772952272728,750.0,1.8333333333333333,0.0012492405185483824,0.07495443111290295,1.7989063467096709,48029.181818181816,0.020618556701030927,35,0.05154639175257732,0,-1
0xebf1b22fc01846859e394e07bf5b70d7dd3bc190,usdt,1,0.025500000000000002,0.05,4.0,3.3333333333333335,200.0,4800.0,18.0,0.0,2,0.75,0,-1
0xac0b58269ce1ee89e2e412af2318f86c77087f26,usdt,257,13469.52789153395,0.002,1.2607003891050583,0.0008749619904629143,0.052497719427774855,1.2599452662665964,68574.4074074074,0.008576679599754953,226,0.004798856442720032,0,-1
0x71708a07e4211ccfb088012e648330977324d8cb,usdt,11,0.00017500000000000003,0.0005,1.0909090909090908,0.0007523510971786833,0.04514106583072101,1.083385579937304,79750.0,1.0,6,0.4166666666666667,0,-1
0xf3f554546a9c632396c305315a5daa03e8c8fb60,usdt,369,128.47801173333335,963.585088,0.04065040650406504,2.822379740280853e-05,0.001693427844168512,0.04064226826004428,2125865.6,0.0,1,0.1111111111111111,0,-1
0xbf7178bd7526c25387df412cbe12927b593e31e5,usdt,42,5195.952145808511,0.0,5.595238095238095,0.0038145139822227414,0.22887083893336452,5.492900134400748,15729.39574468085,0.13559322033898305,141,0.20581113801452786,0,-1
0x0c90db966dee28007df28fc9bb632b3df9328707,usdt,14,250000.0,250000.0,3.5714285714285716,0.002411614334635605,0.1446968600781363,3.472724641875271,24879.6,0.0,0,0.0392156862745098,0,-1
0x8f3b3c53ca4130c2b00a89e9351c7376f951448e,usdt,86,2355.0489772727274,8.110183,0.12790697674418605,8.818115937381757e-05,0.005290869562429054,0.12698086949829732,680417.4545454546,0.0,5,0.023148148148148147,0,-1
0x3f55fa511604c73cf4f23ba539d4e2a2db0bdada,usdt,487,1770.9182213157894,11.799254,0.31211498973305957,0.00021641261913372308,0.012984757148023385,0.31163417155256123,277248.15789473685,0.006237006237006237,93,0.029106029106029108,0,-1
0x941eb2d52ccda46b0f7b41b5727e92c8461a7907,usdt,199,1923.505028142857,211.732834,0.07035175879396985,4.866900695062946e-05,0.002920140417037768,0.07008337000890644,1232817.4285714286,0.0,7,0.05042016806722689,0,-1
0x1925f9898e657693ffc019cda1f3372da6eca4ed,usdt,837,2009.957127945946,1150.2,0.04420549581839905,3.066587211668282e-05,0.0018399523270009688,0.04415885584802325,1956572.4324324324,0.0,14,0.13432835820895522,0,-1
0x260767a6770f321a2157325dfb73508db95c192e,usdt,1187,53213.570747440295,12776.004,0.11288963774220724,7.83518329417301e-05,0.004701109976503806,0.11282663943609134,765776.5970149253,0.044444444444444446,56,0.044444444444444446,0,-1
0x1f83ad9751399e7f60c5dffed0f2a3c7d1c8d214,usdt,1,0.000612,0.00153,3.0,7.5,449.99999999999994,10800.0,8.0,0.2857142857142857,1,0.42857142857142855,0,-1
0xe16f6685824f59a833f6fb82fb0a2f4a804d5e29,usdt,1,0.0006765,0.00055,4.0,0.30303030303030304,18.181818181818183,436.3636363636364,198.0,0.6666666666666666,2,0.3333333333333333,0,-1
0xbdabca24a4f9f106ed3021b36e8b0ee64b7024b4,usdt,416,252.9915863974359,461.469643,0.375,0.00026040110450130014,0.015624066270078011,0.37497759048187224,230413.76923076922,0.006289308176100629,70,0.025157232704402517,0,-1
0x2da5e57be030016d7d02eb60a0a94e8ca53aa666,usdt,328,31871.68232385714,0.0,0.021341463414634148,1.4801094435211381e-05,0.0008880656661126829,0.021313575986704386,4053754.285714286,0.02702702702702703,4,0.10810810810810811,0,-1
0x70341b6bfeb170ea9b9f28eadbe29a610a53b011,usdt,783,53932.49297282039,72082.763097,0.26309067688378035,0.00018260258320605815,0.01095615499236349,0.26294771981672377,328582.42718446604,0.02734375,147,0.026041666666666668,0,-1
0x6f7c0e65b0544282c6578842da5140d68173ba7f,usdt,71,3519.979143119048,5743.191277,0.5915492957746479,0.00040634753550219716,0.02438085213013183,0.5851404511231639,147656.85714285713,0.10655737704918032,18,0.14754098360655737,0,-1
0x7d4c109b104d4472e24f9a1649624d8ce0c94f0e,usdt,48,1424.0648758666669,1403.67,0.3125,0.00021490156075840196,0.012894093645504116,0.30945824749209877,279197.6,0.037037037037037035,7,0.14814814814814814,0,-1
0xf2ce944aa3b55ae27d64c5b288a729e7c8a4d1bc,usdt,59,15786.93247225,3342.886058,0.13559322033898305,9.355390225020524e-05,0.005613234135012314,0.13471761924029554,641341.5,0.08333333333333333,3,0.4166666666666667,0,-1
0xec8fdb09e88033c78d36d99429a121f6d0dde9d6,usdt,29,0.00078325,0.000749,0.9655172413793104,0.0006517296439228538,0.039103778635371234,0.9384906872489095,92062.71428571429,0.24358974358974358,22,0.038461538461538464,0,-1
0xe56d66c849ebcd87ca56e20dce1e9ec35bab513e,usdt,68,4718.485472539884,300.0,15.117647058823529,0.01035350992043509,0.6212105952261053,14.90905428542653,5795.136186770428,0.5322862129144852,773,0.13089005235602094,0,-1
0xa55d71a56130a696afe41230abf6ec8a0b661e41,usdt,1405,16939.3491612152,25000.0,1.498220640569395,0.0010399176293020035,0.06239505775812021,1.4974813861948852,57696.877434679336,0.14600760456273765,1358,0.08187579214195184,0,-1
0x370cb40f5e761364277930b4cd58a0e1f5b00641,usdt,315,3552.462876352795,1000.0,2.5555555555555554,0.0017694742177714999,0.10616845306629,2.54804287359096,33908.377639751554,0.17984832069339113,552,0.08450704225352113,0,-1
0xec7696722d2257839a51e2d9be7af9e9a86f1ac8,usdt,259,1906.3859291072665,0.0,1.1158301158301158,0.0007735653708242192,0.04641392224945315,1.1139341339868756,77562.93425605536,0.1493212669683258,224,0.10180995475113122,0,-1
0x7b9529ec8732c3e5260d0620af24d06902e29422,usdt,25,381.5525373134328,0.0,2.68,0.0018430695084781198,0.11058417050868719,2.6540200922084924,32554.388059701494,0.11267605633802817,18,0.07042253521126761,0,-1
0x9bc81baef5743eb49ef9ff2d19562080cb519d09,usdt,747,6984580.981686122,0.000199,1.892904953145917,0.0013127706777164697,0.0787662406629882,1.8903897759117163,45704.859971711456,0.1232876712328767,614,0.09094368340943683,0,-1
0x9d660a805d4a31cb131ad76e82af83de28c3dec6,usdt,16,0.021111111111111112,0.064445,0.5625,0.00037189775291113296,0.02231386517466798,0.5355327641920314,161334.66666666666,0.3333333333333333,6,0.4444444444444444,0,-1
0x21d1103ff54d9aae93120139744a41ad73520315,usdt,40,505000.54751048,9551.843881,0.625,0.00042468471406827574,0.02548108284409654,0.611545988258317,141281.28,0.0967741935483871,14,0.12903225806451613,0,-1
0xc9635e73519892583e70764ef33177dbde8a9417,usdt,10,0.027041,0.069887,0.6,0.00041104899704044723,0.024662939822426833,0.591910555738244,145968.0,0.16666666666666666,3,0.6666666666666666,0,-1
0x77189b62e2e985fadd20ae3657925976de30ca62,usdt,18,7848.684210526316,0.0,1.0555555555555556,0.0007051872086463374,0.042311232518780245,1.015469580450726,85083.78947368421,0.6521739130434783,0,0.17391304347826086,0,-1
0x771848a0c542f3794856f97f690e7e1faac5ca62,usdt,3,0.0027226875000000003,0.001861,5.333333333333333,0.003633720930232558,0.2180232558139535,5.232558139534883,16512.0,0.4375,13,0.25,0,-1
0xc9a6a5f3111180e03674c69a9d7670579049e8cc,usdt,35,123008.16666666667,130757.0,1.2,0.0008242890506937766,0.04945734304162659,1.1869762329990385,72790.0,0.0,0,0.08333333333333333,0,-1
0x626ed755e48b6eb74a1bac6842a29d2a34d5360c,usdt,121,0.00010872222222222223,0.0,0.2975206611570248,0.00020643361840286896,0.012386017104172137,0.2972644105001313,290650.3333333333,0.9459459459459459,11,0.2972972972972973,0,-1
0x6081a54c43c18e54bd80b5e81acd266b76551d68,usdt,53,5.7272727272727274e-05,0.0,0.8301886792452831,0.0005669255626736209,0.03401553376041726,0.8163728102500142,105834.0,0.7049180327868853,2,0.2459016393442623,0,-1
0x66754506758ca7200792623e0886634310b42aef,usdt,14,33.54768923809524,81.615737,1.5,0.0009823182711198428,0.058939096267190565,1.4145383104125737,61080.0,0.09523809523809523,8,0.47619047619047616,0,-1
0x11033b55e7d078b5b7e9eb826fbc1f1be231c9ee,usdt,117,752.1541165,0.0,0.05128205128205128,3.5552184681748695e-05,0.0021331310809049216,0.05119514594171812,1687660.0,0.07142857142857142,3,0.14285714285714285,0,-1
0x51be5def17a1f55d92edfa90ddf60de620866ee4,usdt,190,8165.08236209091,6265.0,4.515789473684211,0.0031291918588493765,0.1877515115309626,4.506036276743102,19174.27972027972,0.11055276381909548,676,0.07537688442211055,0,-1
0x11cf3c438a672efa976eb16d362324207ef99f32,usdt,1,0.036825426137875976,0.000276,3757.0,3.6840556971955287,221.0433418317317,5305.040203961561,16.28639872238488,0.0003471619510501649,3756,0.0003471619510501649,0,-1
0xe32b40362606ce36f9ea8685b687069d1d0fdac9,usdt,1,123.8775995,0.000495,4.0,0.008254230293025175,0.49525381758151055,11.886091621956254,7269.0,0.5,2,0.75,1,2
0x1259d53e741946a988ccbf44b21add935b3d1691,usdt,47,1.0007015768292682,293.743953,34.8936170212766,0.02400728416134066,1.4404370496804397,34.57048919233055,2499.241463414634,0.34987323433538575,1634,0.0021731256791017745,0,-1
0xb631e696d86e312d9f422c9e9976d87d3b13f5cf,usdt,546,5064.834332090116,3795.523013,0.63003663003663,0.0004368526897172496,0.02621116138303498,0.6290678731928395,137346.06976744186,0.16535433070866143,187,0.12467191601049869,0,-1
0x52fa3c39e0e058a21630c3fef268490dded1e8fd,usdt,1,0.02853,0.05206,4.0,3.3333333333333335,200.0,4800.0,18.0,0.0,2,0.75,0,-1
0x2079c93fe1428863350b28c4878783bf9561a38e,usdt,131,397.13517410416665,69.0,1.099236641221374,0.0007630909848219083,0.0457854590893145,1.098851018143548,78627.58333333333,0.08609271523178808,31,0.046357615894039736,0,-1
0xd7efb7cfb7906bc13de5ecb46a06e05b547422a9,usdt,1164,22140221409911.15,0.0,0.23281786941580757,0.00016160400863812185,0.009696240518287312,0.2327097724388955,371277.9188191882,0.04332449160035367,169,0.042440318302387266,0,-1
0xeeaa0f42bfb671358f60bf7c9c1b92124a871a70,usdt,158,13162.008177215535,69404.0,14.094936708860759,0.009781976565423721,0.5869185939254233,14.086046254210158,6133.729681185451,0.312816517335411,1348,0.06077132839890923,0,-1
0xec877b668c945cfe1179c71e6500606a55c93ee8,usdt,1,0.005869333333333334,0.000691,3.0,7.5,449.99999999999994,10800.0,8.0,0.3333333333333333,2,0.6666666666666666,1,2
0x3d4d176ac22e209ae140fef33321fa101c8b5558,usdt,1,17667.825363517244,1e-05,29.0,0.8430232558139535,50.581395348837205,1213.953488372093,71.17241379310344,0.19047619047619047,12,0.35714285714285715,0,-1
0x6a8c9bc8bacfb7a017fd33d773d8a37cb42f1cc4,usdt,409,0.0006367549019607843,0.0,1.4963325183374083,0.001036624695787916,0.06219748174727496,1.4927395619345993,57880.1568627451,0.6607773851590106,212,0.09422850412249706,0,-1
0xb61e0f61e438b5ba92c3ef6c1830fcdc6e7d9ac7,usdt,16,26.67984857142857,50.0,3.0625,0.002121175390902322,0.12727052345413933,3.054492562899344,28286.20408163265,0.2549019607843137,23,0.37254901960784315,0,-1
0xffeed6cccbed75fd27b91a041d6b29eae984a039,usdt,11,27.33558634146341,0.001,3.727272727272727,0.0025405559479991574,0.1524333568799494,3.6584005651187863,23616.878048780487,0.11363636363636363,17,0.45454545454545453,0,-1
0xbcd485e577a139629227f45001d8ed02ce916b62,usdt,80,12263.45810050726,27456.719403,12.9125,0.008936078921234476,0.5361647352740686,12.867953646577647,6714.3543078412395,0.06943664607898184,595,0.043608459666853824,0,-1
0x30c2fa25933c7a944fa8476e7237f2dec26a551e,usdt,1,0.0004927999999999999,0.00074,75.0,0.038386733544886885,2.303204012693213,55.27689630463711,1563.04,0.9333333333333333,59,0.02666666666666667,0,-1
0x13c52d83549991d0dba1bc1dccc020f0bb0ed441,usdt,714,5446.621242877017,0.0,2.0840336134453783,0.001445446910230947,0.08672681461385683,2.0814435507325637,41509.653225806454,0.2010842779694431,769,0.15722030556924593,0,-1
0x24eacb494cb6b047220c2946f8a3f8ec5dab4106,usdt,272,277.45073725000003,32.93,0.35294117647058826,0.00024437915221817353,0.014662749133090415,0.3519059791941699,245520.125,0.11,23,0.06,0,-1
0xca3c7c2f26bdfc8ccdae619132aa59c4d5eaf0ed,usdt,11,21.487439000000002,7.974878,0.36363636363636365,0.00023183567487364956,0.013910140492418973,0.33384337181805535,258804.0,0.0,2,0.15,0,-1
0xd672881da61b8bcbc6a44a21ba56c79633cc47b0,usdt,35,328.2636701641221,0.0,7.485714285714286,0.00518101927655569,0.3108611565933414,7.460667758240194,11580.732824427481,0.38337801608579086,132,0.225201072386059,0,-1
0x26bce3829bc038ac7e2afaf93670d444fa2bbd80,usdt,12,0.012255123857024106,0.001,100.25,0.06771208573487031,4.0627251440922185,97.50540345821327,886.1047381546134,0.5799256505576208,1202,0.0010621348911311736,0,-1
0x30c28d95879bf43ffd3b5e9087ee1931c895551e,usdt,1,302.00014799999997,750.0,5.0,0.0025630510559770353,0.1537830633586221,3.6907935206069307,23409.6,0.2,1,0.6,0,-1
0xe5b62e222e38de87b3ddae8dccdb0edfd5e244cb,usdt,482,108159.53572385313,0.0001,0.6639004149377593,0.0004604896962552402,0.027629381775314415,0.6631051626075459,130296.075,0.14257228315054835,208,0.04885343968095713,0,-1
0xebf6d3190d27d3f5e8417740dee79e27b1ca5190,usdt,1,17353.618085666665,0.0,3.0,0.9375,56.24999999999999,1350.0,64.0,0.6666666666666666,0,0.3333333333333333,0,-1
0x96a039a657c3057f94a757cd6d00bc6ef39362a9,usdt,38,1072.2394933554501,1000.0,5.552631578947368,0.003790709707091322,0.2274425824254793,5.458621978211504,15828.170616113744,0.23616236162361623,149,0.08856088560885608,0,-1
0x116396377773309978e3e7f279ffb938d52dadb3,usdt,14,0.0009721818181818182,0.0002,0.7857142857142857,0.0005385820603211908,0.03231492361927145,0.7755581668625147,111403.63636363637,0.7692307692307693,5,0.3076923076923077,0,-1
0xe4eeceb07e2c31ba1df40499a52d3916edecbd66,usdt,14,304.31025983240227,2108.268255,12.785714285714286,0.008359017465209676,0.5015410479125806,12.036985149901932,7177.877094972067,0.34024896265560167,85,0.1825726141078838,0,-1
0xa13414cc1b2cfacb952428ae59f86e0d447ce1ec,usdt,649,437.6031471538462,650.0,0.040061633281972264,2.7777920228650745e-05,0.0016666752137190447,0.040000205129257074,2159988.923076923,0.0,8,0.1346153846153846,0,-1
0x97b036c2620f832d844cdcccf7af2cd49c0263e6,usdt,1,0.0030992000000000003,0.002996,5.0,0.003245488770608854,0.19472932623653122,4.673503829676749,18487.2,0.4,4,0.4,0,-1
0xaa327e6c71bafa3eb11c8f8b95da8fc9762d1a9c,usdt,1,13660.836000000001,0.0,5.0,0.007732755954222084,0.46396535725332505,11.1351685740798,7759.2,0.2,3,0.4,0,-1
0x9494f3a304194b79c97bd1d440a33f0693c096d4,usdt,201,556715.3245664904,400702.287504,3.611940298507463,0.0025030063657726634,0.15018038194635983,3.6043291667126356,23971.173553719007,0.057334553217444344,420,0.022872827081427266,0,-1
0x16c9cd1b3a1929f8ecde375108a18cc1b4a8c703,usdt,12,258.57142857142856,265.0,0.5833333333333334,0.00038177514534725175,0.02290650872083511,0.5497562093000425,157160.57142857142,0.0,0,0.14285714285714285,0,-1
0x469716c91858e0844b90a93dc075a3553c06baf2,usdt,19,0.000572,0.000712,0.21052631578947367,0.00014547041495435866,0.008728224897261518,0.20947739753427647,412455.0,0.05555555555555555,2,0.027777777777777776,0,-1
0x46858f7481b46a37d0f9122914454123f0d2bf3f,usdt,117,733.121005617647,130.0,0.2905982905982906,0.0002005263226185435,0.012031579357112611,0.28875790457070266,299212.5882352941,0.03355704697986577,10,0.09395973154362416,0,-1
0xfe155208c5148436df56c6bde3434e570e07d53e,usdt,140,0.0003123934426229509,0.0,0.4357142857142857,0.0003019338616350956,0.018116031698105738,0.4347847607545377,198719.0163934426,0.7283950617283951,20,0.14814814814814814,0,-1
0x4fe93ebc4ce6ae4f81601cc7ce7139023919e003,usdt,14,25280.591824589774,1369.267095,60.07142857142857,0.04147433621335859,2.488460172801515,59.72304414723636,1446.677764565993,0.0003,433,0.0113,0,-1
0x5ea7c6d67fbdfade95ea2ab72c575b3eadc7919f,usdt,595,126799.37798230707,0.0,1.2369747899159664,0.0008577700682067058,0.051466204092402344,1.2351888982176562,69948.81521739131,0.08185538881309687,452,0.045020463847203276,0,-1
0x441583c4c863fe13804332c54010a1a276ef8269,usdt,1,0.1000684226503211,55.126141,1713.0,4.129701060752169,247.7820636451302,5946.769527483124,14.528896672504379,0.0010179843909060061,1710,0.0013573125212080082,0,-1
0x3b6aee126473ecf13b83b530a518a649eae95644,usdt,48,52039.81922049676,98499.5,25.75,0.017739148406060015,1.064348904363601,25.54437370472642,3382.349514563107,0.0122,627,0.0049,0,-1
0x3bd0bfbe2d88ff1a666bed5311e251a44253418d,usdt,1184,13230.369257366334,0.0006,0.08530405405405406,5.919471509583625e-05,0.003551682905750175,0.08524038973800419,1013604.0,0.05967976710334789,66,0.03202328966521106,0,-1
0xfe8839a75423ed45b47b45f49e0a21ec59e12979,usdt,187,2438.124,998.4,0.026737967914438502,1.8470931925010974e-05,0.0011082559155006584,0.0265981419720158,3248347.2,0.0,2,0.2222222222222222,0,-1
0xca81abf5ab2445c61da79f707fcb936037efa0b3,usdt,1,291.407616,500.0,4.0,0.0036409976333515387,0.21845985800109233,5.243036592026215,16479.0,0.0,1,0.024539877300613498,0,-1
0xc642e3352124f495288140fda341761195358708,usdt,34,388.93301361290327,0.001,12.764705882352942,0.008728144444757282,0.5236886666854369,12.568528000450485,6874.3133640553,0.4361904761904762,223,0.13714285714285715,0,-1
0x9aec57e4ae4134a5fc62401f278a5d28baacd04a,usdt,752,209.26932733333334,8.903991,0.003989361702127659,2.7684114046368865e-06,0.00016610468427821317,0.003986512422677117,21673079.333333332,0.0,2,0.13333333333333333,0,-1
0xb033057848608be4e32827074c565b643d5f1682,usdt,3,10.380286666666665,10.580839,2.0,0.0011958384820823535,0.0717503089249412,1.7220074141985888,50174.0,0.0,3,0.125,0,-1
0xc59821cbf1a4590cf659e2ba74de9bbf7612e538,usdt,1947,12490.366308602272,1902.081209,0.04519774011299435,3.1380031376465466e-05,0.0018828018825879278,0.045187245182110265,1912043.9772727273,0.0069605568445475635,45,0.027842227378190254,0,-1
0xee94f1152172884e5648bb77419060bc865a377a,usdt,399,1883.4822354750002,0.0,0.20050125313283207,0.0001391305799623443,0.008347834797740658,0.2003480351457758,431249.55,0.13875598086124402,49,0.09090909090909091,0,-1
0x05a287394cd6f9c3ef4a0366246bed51bf8d0d73,usdt,7,9997.000208083333,0.0002,1.7142857142857142,0.0011410097936673956,0.06846058762004374,1.6430541028810497,52585.0,0.35294117647058826,2,0.35294117647058826,0,-1
0x3037db6be2afd39f5ab4006ad2c1cb33ddd5f8c7,usdt,189,6557.336608714286,0.016006,0.14814814814814814,0.0001025327042707801,0.0061519622562468046,0.14764709414992333,585179.1428571428,0.0,13,0.022113022113022112,0,-1
0x409879cfc4858b7b7df5d03b89306ef572825e84,usdt,26,12482.12123635067,1430.00166,25.884615384615383,0.017618907994219533,1.0571344796531719,25.37122751167613,3405.4323922734025,0.11349480968858132,228,0.08927335640138408,0,-1
0xcf400350d314901f5fbd8a5eb2730e48b9dcb876,usdt,1,0.0027999999999999995,0.0001,4.0,0.8695652173913044,52.173913043478265,1252.1739130434783,69.0,0.5,3,0.5,0,-1
0xc98c8055e6af40e64b1483f976f4d43ea2c81603,usdt,67,67.5294484111111,675.085036,2.6865671641791047,0.0018531940829572035,0.11119164497743222,2.668599479458373,32376.533333333333,0.010714285714285714,49,0.03214285714285714,0,-1
0x3fedf86eaacd5d4b47409c5ffdec0ffd20441ddf,usdt,1,1055.385526,0.000175,5.0,0.20161290322580644,12.096774193548388,290.3225806451613,297.6,0.4,1,0.8,1,2
0x16c402648c51c6f93a1c4b915d27d18191ba9c61,usdt,22,257.14300000000003,0.0,0.3181818181818182,0.00021393250735010972,0.012835950441006582,0.308062810584158,280462.28571428574,0.3,4,0.3,0,-1
0x4816ff177095951a0f91b748a0b1384df4971069,usdt,1,0.004853653857837182,0.0019,6584.0,4.461913797777176,267.7148278666305,6425.155868799132,13.447144592952613,0.0,6583,0.0002,0,-1
0x99c3ef0a0e158cb26abbe011ef968b2880f54e15,usdt,55,15564.439018956731,4000.0,3.7818181818181817,0.0025799729598987857,0.15479837759392714,3.7151610622542512,23256.05769230769,0.1446280991735537,77,0.09917355371900827,0,-1
0x9b820b6b32da83e16d88fb11b0c4b661173822d8,usdt,10,0.01892857142857143,0.005,1.4,0.0009294914354003453,0.05576948612402072,1.3384676669764972,64551.42857142857,0.0,8,0.3125,0,-1
0xbcea01616eabb5f0150e32db6b9410013f12761f,usdt,547,23223.786101454432,0.00016,1.4844606946983547,0.0010294644908283843,0.06176786944970305,1.4824288667928733,58282.729064039406,0.14989406779661016,482,0.0524364406779661,0,-1
0x745ea42b6910ea37af2c3143c7bea123f706b6ef,usdt,201,58868.29715056075,0.000848,6.1840796019900495,0.004282081332674657,0.25692487996047947,6.166197119051507,14011.877715205148,0.10778061224489796,971,0.04878826530612245,0,-1
0x0d481b1446e9cccc87ac12ad52fc34ad22e5498c,usdt,1735,9951.471384855586,0.0,0.21152737752161382,0.00014687077996628135,0.00881224679797688,0.21149392315144513,408522.37602179835,0.07613741875580315,222,0.07613741875580315,0,-1
0x6a8c0078cf80fdea13b38d12b83696828c821cc4,usdt,74,0.00037709999999999995,0.000144,0.9459459459459459,0.0006483006188492479,0.038898037130954875,0.9335528911429168,92549.65714285715,0.6730769230769231,34,0.019230769230769232,0,-1
0xd76cc24cdb7c6e3285ce17188f295701410f914b,usdt,1,25000.5,50000.0,4.0,0.4347826086956522,26.086956521739133,626.0869565217391,138.0,0.0,0,0.25,0,-1
0xd34ab39fdb266d69033ebb67ba0a68a858c44918,usdt,15,0.13526510014727536,24.322503,90.53333333333333,0.061543760423464586,3.692625625407875,88.62301500978899,974.9160530191458,0.0010183299389002036,1352,0.0025458248472505093,0,-1
0x1d0e6df8bd0cde90ec3d0ddf07b1a19d103747ba,usdt,89,125.58840459130433,0.716601,1.2921348314606742,0.0008925744018975356,0.05355446411385213,1.2853071387324513,67221.28695652174,0.15079365079365079,95,0.12698412698412698,0,-1
0xe8ea3204c3a17ee8963f74a598e9a5e538712fc7,usdt,254,2500597.412656033,0.000802,0.24015748031496062,0.0001666673952673017,0.010000043716038102,0.24000104918491447,359998.4262295082,0.15384615384615385,17,0.05128205128205128,0,-1
0x563d1a18cf5a008eaa37444c9e9766358ccd8d34,usdt,548,1841.391720067669,315.017956,0.2427007299270073,0.00016846664195822585,0.01010799851749355,0.2425919644198452,356153.5939849624,0.0018570102135561746,93,0.005338904363974002,0,-1
0xcf40830f7fca0c3b989c666ae3f7ba908c9cb876,usdt,6,0.013500000000000002,0.001,1.6666666666666667,0.001002566570420276,0.06015399422521655,1.4436958614051973,59846.4,0.0,7,0.3076923076923077,0,-1
0x68a6d703d43cceff3885dbef3d2f6df13dd16ea8,usdt,589,31.785926090047393,11.3,0.35823429541595925,0.00024851708325275177,0.014911024995165107,0.3578645998839626,241432.09478672987,0.008547008547008548,74,0.038461538461538464,0,-1
0x9e3a802ab56770adc534eb523a16bb5737970154,usdt,1403,28180.779131211475,0.000477,3.579472558802566,0.002485264731624854,0.14911588389749128,3.57878121353979,24142.297291915573,0.2408168347652845,2916,0.09849333831403312,0,-1
0x6c425e1cdfaa64dfddad6f7ba9374b7df2028499,usdt,339,5263157900674.583,20000.0,2.017699115044248,0.0014006709295663203,0.08404025577397922,2.0169661385755013,42836.61403508772,0.1530470914127424,395,0.09903047091412742,0,-1
0x9cd8a5b91ee80fdee6c0e2832d75a56555b9f37f,usdt,1,0.009999999999999998,0.01,6571.0,13.290857605177994,797.4514563106796,19138.834951456312,4.514381372698219,0.0,6571,0.0001,0,-1
0xec07874f9b2a8dda686b4c2459bbc665384bc6e9,usdt,24,2201.433093837838,0.009013,1.5416666666666667,0.0010602630598618792,0.06361578359171276,1.526778806201106,56589.72972972973,0.48,15,0.38,0,-1
0x467b50423ff1900c65caa2586bb7c53a693773b6,usdt,43,766.6656350000001,0.0,0.5116279069767442,0.00034994512224219385,0.02099670733453163,0.5039209760287591,171455.45454545456,0.23076923076923078,9,0.15384615384615385,0,-1
0x2ff2f4a71b4856dc88f7cbfcbebbff62af411d0a,usdt,1,2134.6125,0.0,4.0,0.004663091629750525,0.2797854977850315,6.7148519468407555,12867.0,0.25,3,0.5,0,-1
0x5066d63e126cb3f89360e85cb5bee9453d3b5e1f,usdt,85,42608.05034451341,0.0,26.305882352941175,0.018234811527401962,1.0940886916441177,26.25812859945883,3290.4096601073347,0.2915057915057915,1099,0.19034749034749035,0,-1
0x52381b63d6a4c0b4ed6077b60f20903549a6a927,usdt,650,3614.457769896373,0.005,0.5938461538461538,0.00041232505827563096,0.02473950349653786,0.5937480839169086,145516.25906735752,0.3203732503888025,143,0.17262830482115085,0,-1
0xf1aa8ae61f6a10aa5f63685113e8783966ea6752,usdt,512,268.88612132000003,1.0,0.048828125,3.3862399462535995e-05,0.0020317439677521596,0.04876185522605184,1771876.8,0.12857142857142856,8,0.18571428571428572,0,-1
0xd2ec716904788f68867fccfd3c4bf35b582ad7f3,usdt,19,0.000557,0.0005,0.21052631578947367,0.0001402082091906481,0.008412492551438886,0.2018998212345333,427935.0,1.0,2,0.5,0,-1
0xa9dfdd4eea020b968f9d268d1dcdab06b028a092,usdt,1,0.003852,0.000141,3.0,1.0,60.0,1440.0,60.0,0.3333333333333333,2,0.6666666666666666,1,2
0xf792ffe3fb865b1e328f4682879d81d735c29720,usdt,227,1807.9032746666667,21.133132,0.07929515418502203,5.5004895435693784e-05,0.0033002937261416266,0.07920704942739903,1090812.0,0.0,4,0.048,0,-1
0xe32907f388a9a335c9575250afb64ed973cccae1,usdt,81,130.24383666666665,222.18,0.25925925925925924,0.00017821620850956937,0.010692972510574161,0.25663134025377987,336669.71428571426,0.047619047619047616,9,0.30952380952380953,0,-1
0x1ccfc6c1c52758e0c02b5047cf90b298e3c8d5dd,usdt,513,2145.990876384615,289.1417,0.025341130604288498,1.7590796928051476e-05,0.0010554478156830885,0.02533074757639412,3410874.4615384615,0.0,7,0.01059322033898305,0,-1
0xf6d457a20fa643240fb65d65fb8c2275d056de92,usdt,763,588908.329283966,125101.4,1.4665792922673657,0.0010179992085260845,0.061079952511565075,1.4659188602775617,58939.14209115282,0.045402627070245574,917,0.011707595659623073,0,-1
0xd61e2e2c6cffad32b088ed9d20a72189f85c094f,usdt,504,113.7970751551724,35.0,0.11507936507936507,7.977934683273243e-05,0.004786760809963945,0.11488225943913469,752074.3448275862,0.0,45,0.08421052631578947,0,-1
0xefcfd460d55001eede001c7c9ac3942e7fa91076,usdt,12,0.02666666666666667,0.0374,0.5,0.0003418725499133923,0.02051235299480354,0.4922964718752849,175504.0,0.0,4,0.5,0,-1
0xab57a69db8b177eac307af7c783f484c1637c487,usdt,142,171.694774,212.75,0.028169014084507043,1.955923269130152e-05,0.0011735539614780913,0.028165295075474186,3067605.0,0.0,2,0.07142857142857142,0,-1
0x34636383490358d7576ca33108ce07a58eed63f4,usdt,399,4086.3443095714288,7576.894711,0.03508771929824561,2.4336491630506693e-05,0.0014601894978304017,0.03504454794792964,2465433.4285714286,0.0,7,0.21428571428571427,0,-1
0x32df07200f1d28f80b31d99a1a5edccd1fe454bc,usdt,28,0.001,0.001,0.14285714285714285,9.659782461698962e-05,0.0057958694770193775,0.13910086744846506,621132.0,0.0,2,0.75,0,-1
0x3f29634c149e92042488b3b25e2a4f66cf586127,usdt,670,3112.2720539855854,3979.0097,0.8283582089552238,0.0005748578909862283,0.0344914734591737,0.8277953630201688,104373.62162162163,0.07153502235469449,102,0.12816691505216096,0,-1
0x22474001a09b706dd5f7ca4daa9473729e26c0fb,usdt,10,0.04,0.069,0.4,0.0002596964148909924,0.015581784893459547,0.3739628374430291,231039.0,0.0,2,0.75,0,-1
0x22dcb28d9b28c3ea0b11d2b87fd45731c2758e1e,usdt,175,13926.245270327867,2019.245513,0.3485714285714286,0.00024122838237783167,0.0144737029426699,0.3473688706240776,248726.95081967214,0.028328611898016998,45,0.028328611898016998,0,-1
0xd9a87d424565dd6c51281a1c65095e8f73688838,usdt,1054,9835.540856254354,3800.0,0.27229601518026564,0.00018908717933581516,0.011345230760148909,0.2722855382435738,317313.9512195122,0.05236907730673317,167,0.08603491271820449,0,-1
0x39071e2c4d3fbe971eb3d1940d82a376bc0d74aa,usdt,180,134.94444444444446,50.0,0.05,3.471177654872376e-05,0.0020827065929234258,0.04998495823016222,1728520.0,0.0,6,0.25,0,-1
0xa49eea9a4df7d499d7e11291418da38e4d718cd9,usdt,89,44.657524555555554,15.000046,0.20224719101123595,0.00013915646443624622,0.008349387866174774,0.20038530878819458,431169.3333333333,0.0,12,0.2631578947368421,0,-1
0x00000000009e50a7ddb7a7b0e2ee6604fd120e49,usdt,3,9962.653666393833,386.90267,378.3333333333333,0.2615930672075228,15.69558403245137,376.69401677883286,229.36387665198237,0.0,588,0.0053,0,-1
0xa2c456d9f9da477ef0a3716156ab6ec3b5ff854e,usdt,897,18669778302531.895,12183.446883,0.955406911928651,0.000663142288514097,0.03978853731084582,0.9549248954602997,90478.31971995333,0.3713123092573754,407,0.12004069175991862,0,-1
0x71aa116172ebdcd34a1b39516ebdafee69cb7778,usdt,1,583.7956606,0.0,5.0,0.0029779630732578916,0.1786777843954735,4.288266825491364,20148.0,0.2222222222222222,2,0.4444444444444444,0,-1
0xcf4061991775e625e95fb49101183df08c9cb876,usdt,12,38332.31821428571,110000.0,0.5833333333333334,0.0004050644631159873,0.02430386778695924,0.5832928268870218,148124.57142857142,0.0,1,0.2857142857142857,0,-1
0x2e537eea037b74f3f516000a7fca2e52347f779b,usdt,7,0.039999999999999994,0.04,56.857142857142854,0.03828248239775307,2.2969489438651842,55.12677465276442,1567.2964824120604,0.0,199,0.08287292817679558,0,-1
0x0c01267e0730ad789264ea390035bf074a90e418,usdt,1,0.00036533333333333334,0.000298,3.0,0.03597122302158273,2.1582733812949644,51.79856115107914,1668.0,1.0,1,1.0,1,2
0x2cb2c8d1d7b0bcfdc6544e0488161d13d774426f,usdt,592,16644.279889125,0.0,0.08108108108108109,5.623262499751053e-05,0.003373957499850632,0.08097497999641518,1066996.25,0.010660980810234541,27,0.031982942430703626,0,-1
0xbb54104682f74626d77c2dddca54f888e958d926,usdt,461,19222.910938914883,150201.231499,10.652928416485901,0.007394774660391473,0.44368647962348834,10.64847551096372,8113.83750763592,0.18134093295335232,3626,0.09989500524973752,0,-1
0x5f6ec4bf5573aa670b6bf006ec8b2a132b0e64a6,usdt,227,0.0007781375000000001,0.0,0.7048458149779736,0.0004888681663105059,0.02933208997863035,0.7039701594871285,122732.475,0.906832298136646,121,0.024844720496894408,0,-1
0xcfd01ec1816f2f8e29013528c688941ef8b4fc26,usdt,3,0.0005105200000000001,0.000486,16.666666666666668,0.011129908289555695,0.6677944973733416,16.0270679369602,5390.88,1.0,25,0.16,0,-1
0x793742bb6d4dc5372d8e3acdddc3d008d85eb96c,usdt,1362,11177463851362.21,20000.000245,2.130690161527166,0.0014794303109135123,0.08876581865481074,2.1303796477154577,40556.15161957271,0.11252197694862277,2145,0.07306114475483493,0,-1
0xe9c16e04926dd5d4ae379bcf676308ef66a13c5b,usdt,1,1124.30365875,2586.14309,8.0,0.02190580503833516,1.3143483023001095,31.54435925520263,2739.0,0.1111111111111111,6,0.3333333333333333,0,-1
0x87718b18a08c0d4992e8f554afb7c1d0865a481a,usdt,312,38681.4355390411,0.00025,0.23397435897435898,0.00016204325445008514,0.009722595267005108,0.2333422864081226,370271.5068493151,0.10271317829457365,18,0.04263565891472868,0,-1
0x140f50fa0076bfd95e9c740d5ef7a00ec283af5e,usdt,412,731.6308355,1463.261671,0.009708737864077669,6.734990904394784e-06,0.00040409945426368705,0.00969838690232849,8908698.0,0.0,1,0.2857142857142857,0,-1
0x580450dff316ae00d0fbef9621a304020a046ce2,usdt,223,8178.621264725161,19.111668,29.923766816143498,0.020689586747750746,1.2413752048650448,29.793004916761078,2900.0095908886556,0.044,1571,0.0728,0,-1
0x76637372001fe26f26ec822326d53c364c81ead0,usdt,3,592.5546895128206,0.693266,13.0,0.008383851412356506,0.5030310847413905,12.07274603379337,7156.615384615385,0.1951219512195122,24,0.21951219512195122,0,-1
0xf7212b3e09550882f649e34b8962b7be14061107,usdt,398,0.0006833508196721312,0.0,1.5326633165829147,0.001062864052718057,0.06377184316308342,1.530524235914002,56451.24590163935,0.579002079002079,296,0.04677754677754678,0,-1
0x4d68b530920d26c3b01c99fecc19e21011b72bbd,usdt,2,618.7162154611389,26.27286,2502.5,1.3860426474660759,83.16255884796456,1995.9014123511495,43.28871128871129,0.0002,2491,0.0113,0,-1
0x843d042c9c158e58fb5a88bcc0ffbc24f8ecf2f2,usdt,2413,421067.7932536053,518152.8573,3.730625777041028,0.002589962077665162,0.15539772465990973,3.729545391837833,23166.36236391913,0.01449116258645296,4391,0.0037325721813590952,0,-1
0x86938372253b5856119a0b1c9ff4b8090ea13255,usdt,1,10008.803528999999,14717.148917,3.0,0.10416666666666666,6.25,150.0,576.0,0.0,3,0.00411522633744856,0,-1
0xef1ec136931ab5728b0783fd87d109c9d15d31f1,usdt,21,15795.157176235221,29985.493273,117.61904761904762,0.08103515022670157,4.862109013602095,116.69061632645027,740.4194331983806,0.0008,1967,0.0023,0,-1
0x6a8a388f19876daaf83af92b6e00ea82ae201cc4,usdt,115,1e-05,1e-05,0.19130434782608696,0.000131751043228715,0.007905062593722902,0.18972150224934964,455404.36363636365,0.46808510638297873,11,0.0425531914893617,0,-1
0xd63b70a26b2403b1085d48fba3070186b3b03efa,usdt,53,14152.958333333334,9202.0,0.4528301886792453,0.00030889144010337567,0.01853348640620254,0.444803673748861,194243.0,0.0,0,0.07547169811320754,0,-1
0x6092a74f6a0bf1e12fd309633d6964b20a762c53,usdt,28,11682.745162596275,5000.0,17.25,0.01186254187501842,0.7117525125011052,17.082060300026527,5057.937888198758,0.21374045801526717,349,0.20229007633587787,0,-1
0xcf403e7ca9dc6cbcb418b75fc384afc08c9cb876,usdt,1,0.00300225,0.000799,4.0,0.18181818181818182,10.90909090909091,261.8181818181818,330.0,0.5,3,0.5,0,-1
0xbb7f6d8b50f19cd40365b80a69a9ed9a3595c668,usdt,6,0.03163602298850574,0.012,14.5,0.008840026012030563,0.5304015607218339,12.729637457324012,6787.310344827586,0.0,43,0.19718309859154928,0,-1
0x3898830f2f023a21c20cb62af633d84ea4887440,usdt,216,9200.037360817923,0.0,3.2546296296296298,0.0022544147084044455,0.13526488250426671,3.246357180102401,26614.4466571835,0.13237221494102228,576,0.057667103538663174,0,-1
0x6a3b7e612c2c7e612100ab18470e78323152eff9,usdt,1,0.00725,0.0035,6.0,0.009334163036714376,0.5600497822028625,13.4411947728687,6428.0,0.0,3,0.5,0,-1
0x13102d0d8e478769e7204423e71ca8c3d3dbc223,usdt,10,0.018333333333333333,0.0575,0.9,0.0006148212919444748,0.03688927751666849,0.8853426604000438,97589.33333333333,0.2222222222222222,5,0.5555555555555556,0,-1
0x9af07fb25e73031aef3d8318e6139226d9f4a284,usdt,53,5020.762917333333,0.000119,0.22641509433962265,0.00015525177957352335,0.009315106774411401,0.22356256258587362,386469.0,0.13157894736842105,8,0.13157894736842105,0,-1
0xc62e7a2d4abfcafd57bdf0a43dacea9cfb3daf6a,usdt,797,3104.6841752386836,0.0005,0.30489335006273527,0.00021154396275294086,0.012692637765176451,0.30462330636423485,283628.987654321,0.1487603305785124,164,0.1487603305785124,0,-1
0x8713d7f606094fe0ed9609ad4fe27c701534cf05,usdt,35,1593.8297116677213,0.0001,27.085714285714285,0.018800422017911964,1.1280253210747178,27.072607705793224,3191.4177215189875,0.33268858800773693,625,0.23887814313346228,0,-1
0x9d4110dc76c58b874eebf6d12cdcf2a97669519e,usdt,1,58.59391866666667,87.890878,3.0,0.056179775280898875,3.3707865168539324,80.89887640449437,1068.0,0.3333333333333333,1,1.0,1,2
0x33064d04d38164676fa9650294561169ad567458,usdt,754,3.671970625030084e+16,1739054.2,1.0835543766578248,0.0007515544851244647,0.04509326910746787,1.082238458579229,79834.5312117503,0.048052604957005564,312,0.04552352048558422,0,-1
0x817cf8d5e2b19970538ee48a3d105f752b5721f9,usdt,137,16851.760845151628,0.001,29.605839416058394,0.020476967954756804,1.2286180772854083,29.4868338548498,2930.121301775148,0.31462493254182405,2150,0.06907717215326498,0,-1
0xd5439a3c20a815b272535083c4ebc0df04049692,usdt,25,321686.4430847458,610000.0,9.44,0.006391403021292039,0.3834841812775223,9.203620350660536,9387.610169491525,0.22847682119205298,122,0.12251655629139073,0,-1
0x5ab201bfd2797e93f705a3cc97053bf6d4cf3e35,usdt,1,0.046480440668967365,19.410455,3767.0,5.459420289855072,327.5652173913044,7861.565217391304,10.99017786036634,0.001244361487011977,3766,0.00031109037175299425,0,-1
0x5bce02f88b8f2954bb3ada1a2c43e6048a24cbca,usdt,86,29606.720499226205,0.0,14.290697674418604,0.009879310039919166,0.5927586023951499,14.226206457483597,6073.2986167615945,0.09611151870873075,1128,0.04035216434336023,0,-1
0x9f1dd8aa7bac887a7f2da90630f53921c9214d08,usdt,1,17633.333333333332,20240.0,6.0,0.14084507042253522,8.450704225352114,202.81690140845072,426.0,0.0,3,0.3333333333333333,0,-1
0xc83aa25fa5829c789df2ac5976b4a26d49c648ff,usdt,923,1764.4212127814114,0.0,0.6294691224268689,0.0004369092513165181,0.02621455507899109,0.6291493218957861,137328.2891566265,0.09703113685734975,327,0.07458363504706735,0,-1
0x226ce1430e12e22739efc87821d867c4d6b50a67,usdt,145,1960.7708704782608,3024.0,5.393103448275862,0.0037228344957273094,0.22337006974363857,5.3608816738473255,16116.751918158569,0.23894491854150504,380,0.21722265321955003,0,-1
0x5e9b238b400f8c907c883c8db734124ea0d75cc7,usdt,210,103252452271564.94,300000.0,9.223809523809523,0.006381210973969798,0.3828726584381879,9.18894380251651,9402.604026845638,0.0572,964,0.0405,0,-1
0x5249c816eaf121d6efae36895fd5da941180a2ca,usdt,10,222.82930121595825,0.0,670.5,0.4242811582464311,25.456869494785867,610.9648678748608,141.41565995525727,0.1251,4373,0.1066,0,-1
0xa93ac4346a5a1dd848dda098385f996c75f42cf3,usdt,65,24562.46964899607,0.000381,47.01538461538462,0.03216489984254355,1.9298939905526131,46.31745577326272,1865.3874345549739,0.2287280069224113,1935,0.16815690798961638,0,-1
0xc73c5d14212710cd15ab0eac06f027f950652882,usdt,581,86448.48652334374,0.001,2.9793459552495696,0.002066943166585589,0.12401658999513535,2.976398159883248,29028.374350086655,0.22083512699095997,1308,0.03572965992251399,0,-1
0xeb78ae2696c5a4ca99521ed9e134dc01e4d543e1,usdt,583,1121.9623470026918,0.0,1.2744425385934819,0.0008836113755866859,0.05301668253520115,1.2724003808448274,67903.15477792732,0.14258734655335223,441,0.07129367327667611,0,-1
0x2cea7df543189b3f3138fe18ae6a2bbbec22c4fe,usdt,119,18.89334955555556,31.0,0.6050420168067226,0.00041863921323737193,0.025118352794242318,0.6028404670618156,143321.5,0.2,28,0.175,0,-1
0x5a20b8979e72690f6a85961669cd4bbe0b15bf8b,usdt,78,7529.39711328563,0.0,21.76923076923077,0.015084564173360553,0.9050738504016332,21.721772409639197,3977.5759717314486,0.27896995708154504,1006,0.2050548402479733,0,-1
0xd51b9695160b7741e06dfdc14fe8611c5b0928aa,usdt,23,234.635326,65.0,0.17391304347826086,0.00011803727617181507,0.007082236570308904,0.16997367768741367,508314.0,0.0,1,0.2222222222222222,0,-1
0xbceb5d4575ed6977d09b56975c37121df5817072,usdt,484,1362.5000158333335,2500.0,0.024793388429752067,1.7195223969225135e-05,0.0010317134381535081,0.024761122515684193,3489341.0,0.07142857142857142,7,0.17857142857142858,0,-1
0xb1fc85246e90740a6ad3f179510396449e109b2f,usdt,15,0.004227272727272729,0.005,1.4666666666666666,0.001006588579795022,0.06039531478770132,1.4494875549048316,59607.27272727273,0.36363636363636365,16,0.3181818181818182,0,-1
0xaa2fb1ea465908f9a08dc6be7a86cbfe6e1508a9,usdt,684,221.60819233333334,162.422932,0.008771929824561403,6.084913754460749e-06,0.00036509482526764496,0.008762275806423478,9860452.0,0.0,2,0.4,0,-1
0xe3ab80949b2c29dedd611ffa8bb905d5cda7ac62,usdt,190,3446.6980758473806,0.0002,4.621052631578947,0.003204583064763967,0.192274983885838,4.614599613260112,18723.18451025057,0.3692427790788447,359,0.10460577673692428,0,-1
0xbade07339e63c2fa910405841c4d47f79be2103f,usdt,1,0.00010049999999999999,9.6e-05,4.0,0.006080875646093038,0.36485253876558227,8.756460930373974,9867.0,1.0,2,0.5,0,-1
0xfdc6eb972930561f65966a8e279e8d3a36f56035,usdt,208,43081.446374367646,0.000134,0.3269230769230769,0.00022685995134521278,0.013611597080712768,0.32667832993710644,264480.35294117645,0.0948905109489051,43,0.04744525547445255,0,-1
0xec87798a32e99edf2eea5a7a5fd1365bd8b33ee8,usdt,19,809.546457764706,0.0,0.8947368421052632,0.0005905689610849794,0.035434137665098765,0.8504193039623703,101596.94117647059,0.7058823529411765,4,0.5882352941176471,1,2
0xa0aeb2dbe5a689bcbb53ad40bb4d725339e1942a,usdt,758,25828.68510309009,0.00304,0.14643799472295516,0.0001016364940573783,0.006098189643442697,0.14635655144262472,590339.1351351351,0.013793103448275862,102,0.02413793103448276,0,-1
0x6a060bc3f884cb2198704bc57b13cd118e917e7c,usdt,256,1125.70499127566,167.785595,3.99609375,0.0027739965616543107,0.16643979369925863,3.9945550487822077,21629.442815249266,0.029838709677419355,364,0.028225806451612902,0,-1
0x06156ddc56dd00525e7563b2f7d99f0563f0782c,usdt,142,464.0871842276423,285.0,0.8661971830985915,0.0006001153392408102,0.03600692035444861,0.8641660885067666,99980.78048780488,0.07042253521126761,64,0.11267605633802817,0,-1
0x42f953387515c132d13e8f47950bbe21b2dd3fc9,usdt,1,2926.14063919784,0.001295,3796.0,3.4118281502786267,204.7096890167176,4913.032536401222,17.585879873551107,0.0606988013261923,248,0.5758735016577404,0,-1
0xe4b3123cc484f8b057f7efb36cb0010318b44521,usdt,208,24272.225274105254,1533.253895,0.09134615384615384,6.326399599372422e-05,0.003795839759623453,0.09110015423096286,948406.7368421053,0.004347826086956522,10,0.030434782608695653,0,-1
0x53e20717b747abdc6bf4f4ac614c4c14ef5a0657,usdt,49,87.45851698901099,4.064569,5.571428571428571,0.0038313853615817304,0.22988312169490385,5.517194920677692,15660.131868131868,0.25073746312684364,139,0.336283185840708,0,-1
0xa373c59ec5733e8692f0fe058fc62bb3ff32f804,usdt,1,0.00047775,0.000683,8.0,0.022922636103151862,1.3753581661891119,33.00859598853868,2617.5,1.0,4,0.25,0,-1
0x8d328f1960a4bdb33c62ee768a8e01f753f52881,usdt,28,93.89967575,38.355502,0.14285714285714285,9.66440358549373e-05,0.005798642151296237,0.1391674116311097,620835.0,0.0,0,0.16666666666666666,0,-1
0x601f02c5ac2582287884f83a69425be2c47e56f8,usdt,430,6967.10200738889,0.0,0.08372093023255814,5.807495088633668e-05,0.0034844970531802003,0.08362792927632481,1033147.6666666666,0.012121212121212121,21,0.028282828282828285,0,-1
0x633b59d0b8bb32e94f874768059b3118a921b162,usdt,120,308.7865065,301.0,0.03333333333333333,2.3100423315257253e-05,0.0013860253989154351,0.03326460957397044,2597355.0,0.0,1,0.15789473684210525,0,-1
0xf22f56009fbe752e17249c417686df63cd3a5dfe,usdt,12,0.04,0.066031,0.3333333333333333,0.00021681156906532532,0.01300869414391952,0.31220865945406845,276738.0,0.0,2,0.75,0,-1
0xcf416bde11b4330a8bf1824567b6eba3219cb876,usdt,6,62625.0,200000.0,2.6666666666666665,0.0016152153283934666,0.09691291970360799,2.325910072886592,37146.75,0.0,0,0.09523809523809523,0,-1
0x11f54cf5e4512d30d13de0743c26f3b917d00f8c,usdt,166,80021.6612463204,16498.0,0.6204819277108434,0.0004304637975766978,0.025827827854601866,0.6198678685104447,139384.5436893204,0.0,0,0.06467661691542288,0,-1
0x4eac16121047e6fd0e3ccad3acb7a876085c40b9,usdt,225,30846.689706429694,2098.416093,0.5688888888888889,0.0003948582058013308,0.023691492348079844,0.5685958163539164,151953.28125,0.12631578947368421,79,0.08947368421052632,0,-1
0x070edae537ff0838741124406e93bbda64282536,usdt,73,342.63971972222225,0.0,0.2465753424657534,0.00016977448289522086,0.010186468973713251,0.24447525536911802,353410.0,0.09433962264150944,10,0.1509433962264151,0,-1
0x8ea00fe65e9db5ce338ffa09bad0a2d437db7802,usdt,4,0.0001405,0.000271,1.0,0.0006741724533135576,0.040450347198813456,0.9708083327715229,88998.0,1.0,2,0.75,1,2
0x95208d799b980a21efb63ac120539875789d894e,usdt,65,15050.221499820002,0.0,1.5384615384615385,0.001057089157013681,0.06342534942082084,1.5222083860997004,56759.64,0.2085889570552147,60,0.22085889570552147,0,-1
0x40a880420e2a3d2aab1f273333dcf69599cef7dc,usdt,440,800.6512711111111,1027.134,0.020454545454545454,1.4187210009486516e-05,0.0008512326005691909,0.020429582413660583,4229161.333333333,0.0,2,0.25,0,-1
0x3e40580b88fdb36615f1db44293b407533c152f8,usdt,15,0.04538461538461537,0.02148,0.8666666666666667,0.0005944596361907026,0.03566757817144216,0.8560218761146118,100932.0,0.07142857142857142,9,0.2857142857142857,0,-1
0x52866465322b8e8d6cbc9ee8d9f09e27d4e8eff2,usdt,44,0.0,0.0,0.11363636363636363,7.758963154235774e-05,0.004655377892541464,0.11172906942099514,773299.2,1.0,0,0.2,0,-1
0x2de373887b9742162c9a5885ddb5debea8e4486d,usdt,1129,83534.71279655746,150000.0,1.7032772364924713,0.001182194999837702,0.07093169999026211,1.7023607997662906,50753.048361934474,0.0733,712,0.0109,0,-1
0x697d89631028c21a50ac417e887fb2cb81421a8b,usdt,7,0.02259501315789474,0.04,10.857142857142858,0.007425355635454119,0.44552133812724715,10.692512115053932,8080.421052631579,0.19230769230769232,56,0.20512820512820512,0,-1
0x2ce142922509b363f73c709e4bce10fecea9dced,usdt,12,0.04,0.0685,0.3333333333333333,0.00022612411952920957,0.013567447171752576,0.3256187321220618,265341.0,0.0,2,0.75,0,-1
0x09b82aba10fa0dd90c49eedb967edc12325c2d64,usdt,105,180.8644576557377,0.001,0.580952380952381,0.00040108569294457387,0.024065141576674432,0.5775633978401864,149593.96721311475,0.07335907335907337,22,0.0888030888030888,0,-1
0x5005ca799754729ac5bd735f1b0cc62af9f6601e,usdt,43,0.0005400000000000001,0.00015,0.2558139534883721,0.00017436625790988753,0.01046197547459325,0.25108741139023805,344103.2727272727,0.7272727272727273,4,0.45454545454545453,0,-1
0x939bb514f07a643fbde66480bb0789af9760a716,usdt,12,319.4354245,240.044648,0.6666666666666666,0.0004315227358541453,0.02589136415124872,0.6213927396299693,139042.5,0.0,3,0.3333333333333333,0,-1
0xcb7da3b313249379d5a56d925e228113ba54497b,usdt,7,4180.438042571428,4000.0,1.0,0.0006135417427507122,0.03681250456504273,0.8835001095610255,97792.85714285714,0.03225806451612903,4,0.0967741935483871,0,-1
0xba87fe03742cf66732be997a7a7c1314ad19fa2f,usdt,42,6673.931383666667,14469.834486,0.5,0.0003437978861341401,0.020627873168048406,0.4950689560331617,174521.14285714287,0.010309278350515464,16,0.061855670103092786,0,-1
0x774bb9306df1cd921eb842b1388c78f75e6ef79f,usdt,226,78313.79213374357,65.267147,0.17256637168141592,0.00011959096211235663,0.007175457726741398,0.17221098544179353,501710.1538461539,0.0005,23,0.0004,0,-1
0x7c280dbdef569e96c7919251bd2b0edf0734c5a8,usdt,212,126604.01920904784,312.823088,47.136792452830186,0.03270461575921967,1.9622769455531803,47.094646693276324,1834.603422395677,0.0082,4875,0.0345,0,-1
0x2a51494ba10a250aeddb589c6e96aae0eaffdd64,usdt,76,3065.1738577069355,0.0,5.881578947368421,0.004074028840843096,0.24444173045058576,5.866601530814059,14727.436241610738,0.32577319587628867,283,0.2556701030927835,0,-1
0x9697acb6b7226916acc6bdb9f360bfc41f2a2957,usdt,399,25365.45004158333,0.0001,0.03007518796992481,2.0847825467564605e-05,0.0012508695280538764,0.03002086867329303,2877998.0,0.00597609561752988,6,0.0099601593625498,0,-1
0xda32e831b10bf9e32e5abfc33a089a8dc23f2062,usdt,2,174.08859957142857,49.77,3.5,0.0018827326519634212,0.11296395911780527,2.7111350188273264,31868.571428571428,0.14285714285714285,3,0.5714285714285714,0,-1
0xfcbc49b163c48578d586bbaaa80c71e4691b7906,usdt,84,2615.596727657754,0.0003,4.4523809523809526,0.0030802935338544025,0.18481761203126418,4.43562268875034,19478.663101604277,0.3203463203463203,262,0.15584415584415584,0,-1
0xf4d885c9e4105f99a953bd2adde623a9c5fd8028,usdt,260,86124401936144.03,0.0,2.4115384615384614,0.0016745945050865474,0.10047567030519285,2.4114160873246284,35829.56937799043,0.12363636363636364,531,0.06909090909090909,0,-1
0x34725e85296114dfdd54d0a4c8402faa8f360325,usdt,1,0.006898461538461538,0.00996,13.0,0.011235955056179775,0.6741573033707865,16.179775280898877,5340.0,0.0,8,0.38461538461538464,0,-1
0x4bb83e4f62b84005ffbadd3a70f321ab343fafd1,usdt,21,4377.684034857143,10500.0003,1.3333333333333333,0.0009125277017338027,0.05475166210402816,1.3140398904966757,65751.42857142857,0.10344827586206896,6,0.11206896551724138,0,-1
0x23a06f383f828925b41b11f1c0003dcc228045a9,usdt,197,2835.6957653664126,299.807369,0.6649746192893401,0.00045958590958717255,0.027575154575230354,0.6618037098055285,130552.30534351146,0.02834008097165992,66,0.0931174089068826,0,-1
0x30c26a3fa7afe1979a5c59b9229cdf17ab95551e,usdt,1,61.713537037037035,740.0,216.0,0.081998329663655,4.9198997798193,118.0775947156632,731.7222222222222,0.0,62,0.0136986301369863,0,-1
0x7b4b0429866e900a16f33b8cdb51670d525cfd48,usdt,1,0.016108888888888888,0.00499,9.0,0.026269702276707527,1.5761821366024518,37.828371278458846,2284.0,0.0,5,0.5,0,-1
0x59332dca77ff031b42229c956f8b7f45c0fa0f02,usdt,51,1518.3065505454545,0.000502,0.21568627450980393,0.000147343661677521,0.008840619700651258,0.21217487281563022,407211.2727272727,0.2,5,0.4666666666666667,0,-1
0x7efeb2f81d6c2b8009be94535611f88450040d12,usdt,137,10332.917681260504,0.000295,0.8686131386861314,0.0005990465595094866,0.0359427935705692,0.8626270456936607,100159.15966386555,0.24242424242424243,68,0.26515151515151514,0,-1
0xc67ad6199a5dac2e0bdb842d671a0bec42d7134c,usdt,143,22758.063726896547,1796.186524,0.40559440559440557,0.0002797936859248339,0.016787621155490033,0.4029029077317608,214443.72413793104,0.006650544135429262,39,0.0018137847642079807,0,-1
0xec87793b546401e484544ccb958d2643e4983ee8,usdt,133,5078.7579798357765,3063.695654,10.25563909774436,0.007086273825257891,0.42517642951547346,10.204234308371364,8467.073313782992,0.232981220657277,474,0.28169014084507044,0,-1
0xcf46e6c7a06f59a990f02b9b9620d36b9a36b876,usdt,59,0.00024999999999999995,0.0001,0.2033898305084746,0.00013939192595500892,0.008363515557300536,0.20072437337521287,430441.0,0.9230769230769231,6,0.23076923076923078,0,-1
0x76063c09925af2ecc5d7b54cb38abd03b66f1179,usdt,25,11229.408901431143,14765.508205,51.12,0.03516611725341067,2.1099670352046402,50.63920884491137,1706.18779342723,0.2739225712198685,962,0.14755295836376917,0,-1
0xc62179589348685c1d84bd1c0908db00b2bbb439,usdt,18,244.68730444736843,250.335991,2.111111111111111,0.0014192555631083192,0.08515533378649914,2.0437280108759794,42275.68421052631,0.208955223880597,18,0.19402985074626866,0,-1
0x528b2d388ab949ec4c4db69cd271609600bf0af8,usdt,49,45000.0,75000.0,0.20408163265306123,0.00014080382085248264,0.008448229251148959,0.20275750202757503,426124.8,0.03418803418803419,9,0.017094017094017096,0,-1
0x32ce17ca0ea8fcb18f0beb58d6cfe526f00ec8fb,usdt,69,410.28872808199037,0.0,133.1014492753623,0.09146900172898723,5.488140103739234,131.7153624897416,655.9599303135889,0.0081,88,0.0794,0,-1
0x16764191b8003d378e6c4eabc67c966bd6801e83,usdt,4,6244.05537572973,5075.0,9.25,0.005414581321157842,0.32487487926947056,7.7969971024672935,11081.18918918919,0.12244897959183673,21,0.3469387755102041,0,-1
0x31373595f40ea48a7aab6cbcb0d377c6066e2dca,usdt,23,37240.62428262232,88.590492,216.65217391304347,0.14830004047522677,8.898002428513607,213.55205828432656,404.5851896447923,0.0008,2494,0.0123,0,-1
0x7f3588e3f0bb5ccbd3279fb663bb34a5406d26b9,usdt,1,0.04177555469448585,15.385411,3355.0,3.2898607570111786,197.39164542067073,4737.399490096097,18.23785394932936,0.0003830683777054204,3354,0.0003830683777054204,0,-1
0x9726148d7ede3e40aba4e020ee828d3ed584b8b4,usdt,34,2772.4178263507197,0.0,16.352941176470587,0.01105161262110063,0.6630967572660378,15.914322174384907,5429.071942446043,0.19032258064516128,357,0.08817204301075268,0,-1
0xbf07f406aa6f83c71ba05724f0f8cb2f248b58d3,usdt,37,84.00022200000001,210.0,0.13513513513513514,9.31077890251987e-05,0.0055864673415119215,0.13407521619628612,644414.4,0.14285714285714285,1,0.5714285714285714,0,-1
0x40147d4401480a3155138de90c8602e35f2e2042,usdt,883,16872.180288897274,27000.0,0.5402038505096263,0.0003750481193813546,0.022502887162881277,0.5400692919091505,159979.4716981132,0.08847736625514403,317,0.05212620027434842,0,-1
0x0415c83db0f75606be28183c15589d85ec019bf6,usdt,42,5248.6433324036525,0.000225,37.80952380952381,0.0256701227575014,1.5402073654500839,36.96497677080201,2337.347607052897,0.393640841916704,691,0.0761307657859382,0,-1
0x6eac30e598697e49d782c491df9516917ef33014,usdt,588,99588.46655267019,109.153829,0.1598639455782313,0.00011095776380916587,0.006657465828549952,0.15977917988519885,540746.2978723404,0.00023872045834328001,38,0.00453568870852232,0,-1
0xd3b0fbcda4a8bbf752fc948baca063cc0a65f48d,usdt,63,857.1368654055725,0.000302,5.126984126984127,0.003533306058690073,0.21199836352140441,5.087960724513706,16981.263157894737,0.4166666666666667,249,0.011904761904761904,0,-1
0xa75752362f3798801f1a1132310b7d3bdcda7450,usdt,332,367787.3080732698,0.01,5.984939759036145,0.00415141486570058,0.24908489194203481,5.978037406608835,14452.903875188727,0.23870967741935484,1462,0.024423963133640553,0,-1
0xcbd2b71f8c7ac4a48a0668a162151232e04dbae6,usdt,77,8590.909749454544,0.00013,0.2857142857142857,0.00019827214835082632,0.011896328901049582,0.28551189362518997,302614.36363636365,0.0017,5,0.0011,0,-1
0x04506d2779b3e497db67eff7ad96a9f755a388f9,usdt,46,2331.307997642857,936.34107,0.6086956521739131,0.0004147091407819045,0.024882548446914267,0.5971811627259425,144679.7142857143,0.0,14,0.12987012987012986,0,-1
0x67b37da2ed0d6f51e3aa5f308be492b03ef5399f,usdt,12,0.039999999999999994,0.06606,0.3333333333333333,0.00021482507867968509,0.012889504720781104,0.3093481132987465,279297.0,0.0,2,0.75,0,-1
0x0da869f2372ef5fd56fbddca3858e60e20bba943,usdt,1,7.121269857142858,5.005911,21.0,0.008898305084745763,0.5338983050847458,12.813559322033898,6742.857142857143,0.07142857142857142,8,0.21428571428571427,0,-1
0xa4c8b4025084827c4745d39fa8ca4773d6a565fd,usdt,271,3518.053411822532,2000.0,3.7011070110701105,0.002566686507520161,0.15400119045120966,3.696028570829032,23376.44267198405,0.1618308132407029,597,0.08418471597874949,0,-1
0xb43cec22449f75dd7499f1380d79f58bc329b98c,usdt,46,1315.2499216981128,0.000281,1.1521739130434783,0.0007858464604289239,0.047150787625735435,1.1316189030176504,76350.7924528302,0.37037037037037035,32,0.2222222222222222,0,-1
0x604187a9490259f0689b29494bfe466e2f736e5c,usdt,12,0.033350000000000005,0.00675,0.4166666666666667,0.0002735379397122381,0.016412276382734285,0.39389463318562284,219348.0,0.0,2,0.8,0,-1
0x481f8c9e6679371c3d33dc9a18c9a82270a4a359,usdt,1,0.0019625000000000003,0.000123,6.0,0.19230769230769232,11.538461538461538,276.9230769230769,312.0,0.6666666666666666,5,0.3333333333333333,0,-1
0xe7dbde2edfbf9bf3117fc2c49c524dbff2bfd76e,usdt,735,3362.2654443636366,4834.45201,0.014965986394557823,1.0388894083335931e-05,0.0006233336450001558,0.014960007480003739,5775398.181818182,0.0,6,0.007978723404255319,0,-1
0xd6b08a6ca2de076ec84d8a654039f3e99daeb2ed,usdt,1,9.433333333333333e-05,8.4e-05,3.0,0.0011716004061548076,0.07029602436928845,1.6871045848629227,51212.0,1.0,1,0.6666666666666666,1,2
0xae6a624d190d5399ad2a7ff7699a03d36eda041b,usdt,6,0.0009333333333333334,0.0005,1.5,0.0010066438494060802,0.06039863096436481,1.4495671431447554,59604.0,0.8888888888888888,4,0.4444444444444444,0,-1
0xc9d5a05bcd69f95eab66e9ac74079071e75abbcb,usdt,2,0.0025493333333333336,0.0052,3.0,0.0015277282680653866,0.0916636960839232,2.199928706014157,39274.0,0.0,3,0.3333333333333333,0,-1
0x0b0145b6fd9dcedfc6fb54a45981d3066c0d356d,usdt,12,2871.4949771428574,4950.23242,0.5833333333333334,0.00039230191555421047,0.023538114933252634,0.5649147583980632,152943.42857142858,0.0,5,0.004918032786885246,0,-1
0x75882fefe5125839947bbc17bb69d21e64ec1881,usdt,75,21368.844752505927,0.000275,33.733333333333334,0.023307274633394073,1.3984364780036445,33.56247547208746,2574.303557312253,0.3064699205448354,1809,0.16155883465758608,0,-1
0x99e5d4a7fb7ba7281d1f4fc5dce311f1d832796c,usdt,1427,967187.867747317,122.872201,0.15697266993693063,0.00010897570620149608,0.006538542372089765,0.15692501693015434,550581.4285714285,0.02501389660922735,108,0.011117287381878822,0,-1
0x9bf241c0cb78ba64006579d9621f64936b965114,usdt,12,0.04571428571428572,0.136003,0.5833333333333334,0.00038072032285083377,0.022843219371050025,0.5482372649052006,157596.0,0.0,3,0.7142857142857143,0,-1
0xd0a9ea9c0d5a642339117969b099b0934e981dcd,usdt,630,578.9954439999999,1000.0,0.014285714285714285,9.915390868013146e-06,0.0005949234520807888,0.014278162849938932,6051198.666666667,0.0,2,0.46153846153846156,0,-1
0xa9594b153cb6960e64cca7ab185125b0c7c9bc7b,usdt,849,50293291742263.055,0.0,1.5100117785630154,0.0010478062843203553,0.06286837705922133,1.5088410494213116,57262.49297971919,0.16525612472160356,860,0.11314031180400891,0,-1
0xc3c1f8603c7443032640647fcd5696f993baac39,usdt,1,0.0002595,0.000231,4.0,0.05319148936170213,3.1914893617021276,76.59574468085106,1128.0,1.0,2,0.75,1,2
0x8d77dc30ce84e8014d8d67a1d8736010031a42d1,usdt,581,31417.482870590666,0.004189,1.6230636833046472,0.0011265927010173503,0.06759556206104102,1.6222934894649843,53257.934252386,0.02984201287302516,491,0.11644236395552955,0,-1
0x19e0c4c43c3f08baebdc4fc4c4c7a58ab02bc18f,usdt,571,52627.38291514,0.507894,0.17513134851138354,0.00012161396322880207,0.0072968377937281245,0.17512410704947498,493364.4,0.0,50,0.003182374541003672,0,-1
0xff694e1ef8d2d534d40b69e4dba795f213fb2307,usdt,164,200.11113557575757,0.0,0.20121951219512196,0.00013939224979091162,0.008363534987454698,0.20072483969891275,430440.0,0.0047169811320754715,17,0.05188679245283019,0,-1
0xa3762158dcbe8ebc95537f674317be37b0e6bcaf,usdt,697,8009.226723653846,1355.0,0.1492109038737446,0.00010352471801957215,0.006211483081174328,0.1490755939481839,579571.7307692308,0.024630541871921183,34,0.3497536945812808,0,-1
0x764ab48a1dcc5e481507d92aceea15fc73310f90,usdt,27,21661.37870882857,0.000315,2.5925925925925926,0.001747117256526731,0.10482703539160386,2.5158488493984925,34342.28571428572,0.2840909090909091,49,0.09090909090909091,0,-1
0x2051c77c5e7a1f10c9560a43db5bfbff15eadc8b,usdt,1,0.005554285714285713,0.00194,7.0,0.022508038585209004,1.35048231511254,32.41157556270096,2665.714285714286,0.0,5,0.42857142857142855,0,-1
0x4c7b17c7de3f3cc291a117623aec6f3982660169,usdt,24,133664.2731026667,200992.819308,0.25,0.00017327218750360984,0.01039633125021659,0.24951195000519816,346276.0,0.0,2,0.024154589371980676,0,-1
0xa9f842432c07f66799eafdb4cc83bad71555abe4,usdt,146,129076.04785234167,900000.0,2.4657534246575343,0.0017103015261590616,0.10261809156954371,2.462834197669049,35081.53333333333,0.43414634146341463,15,0.07804878048780488,0,-1
0x2e80751df3f109ae02fbeac04872f7ed8d229853,usdt,62,8205.741842643243,0.0,2.9838709677419355,0.002066849741141035,0.12401098446846211,2.9762636272430907,29029.686486486487,0.32989690721649484,134,0.20103092783505155,0,-1
0x7054c6a94363ef95deb5e2866e8f96fb92570337,usdt,31,6150.975421351324,0.0001,31.677419354838708,0.021800518594821156,1.3080311156892694,31.392746776542463,2752.2281059063134,0.2907662082514735,719,0.14145383104125736,0,-1
0x97cc28a54be4a25b9554a867370a64d5405c0632,usdt,1,20000.0,30000.0,3.0,0.0022953328232593728,0.13771996939556236,3.3052792654934966,26140.0,0.0,1,0.024096385542168676,0,-1
0x99865537235ef24e873e9f867753eeb05e197ed1,usdt,926,70469.04517751755,0.00144,0.12311015118790497,8.54112875661694e-05,0.005124677253970164,0.12299225409528393,702483.2631578947,0.03463855421686747,70,0.05271084337349398,0,-1
0xf6600a45b592c81d5a5de0ef6583ba4eaf441f32,usdt,58,125.00003125,0.00025,0.13793103448275862,9.491515771339894e-05,0.005694909462803936,0.13667782710729445,632143.5,0.08333333333333333,3,0.3333333333333333,0,-1
0xb02c452d0d23d69917f82d05866da1ebe0bdb21d,usdt,68,333.3336,0.0,0.17647058823529413,0.00012138770423481237,0.007283262254088743,0.17479829409812983,494284.0,0.26666666666666666,5,0.4666666666666667,0,-1
0xba3dcb88c48bdd5191dc93d09c168c8881fd7eee,usdt,214,385.44773971093747,4.58,1.1962616822429906,0.0008291519459807507,0.049749116758845045,1.193978802212281,72363.09375,0.10112359550561797,50,0.02247191011235955,0,-1
0x337bf0002d9c7e09e335ad8d2562e57a17e979a5,usdt,432,147039530.85431224,0.0,1.0439814814814814,0.0007249535772520819,0.04349721463512492,1.0439331512429981,82763.9201773836,0.12033195020746888,359,0.08713692946058091,0,-1
0x7a11e035062d59585a7d4df6610d2138c6b2d957,usdt,1,1534.6633425789473,0.0,19.0,0.013146969277608635,0.7888181566565181,18.931635759756436,4563.789473684211,0.3,13,0.25,0,-1
0x8a959fb3105cf1f02be435b1c2419684bb3bf62c,usdt,13,4096.889336153846,0.0,1.0,0.0006500260010400416,0.0390015600624025,0.9360374414976599,92304.0,0.5384615384615384,8,0.3076923076923077,0,-1
0x3b63af5959f4474472356bae750cce840764587c,usdt,1,1901.346932133333,0.000115,15.0,1.0416666666666667,62.5,1500.0,57.6,0.5,5,0.625,1,2
0x2324e3792b96ff3b49aa1bae0377f5ff196b8162,usdt,13,16312.666666666666,7656.0,0.46153846153846156,0.00029940418567051566,0.017964251140230942,0.4311420273655425,200398.0,0.0,0,0.2777777777777778,0,-1
0x114f79b0e1d4713bf93c2fff6efc3f6070d22336,usdt,608,5456.779780770334,0.01,0.34375,0.00023840409334124817,0.014304245600474892,0.3433018944113974,251673.53110047846,0.07354784788967823,19,0.006686167989970748,0,-1
0x4bf3f12f7750c2d15f78d3d12c161460e33f9398,usdt,1104,4140.326803389128,0.0,1.0498188405797102,0.0007286300171426086,0.04371780102855651,1.0492272246853565,82346.31924072477,0.15353460972017674,754,0.062223858615611194,0,-1
0x6de181a0917f10560e6530f40214927c3dd6e98c,usdt,127,225406.595908,500039.916685,0.05511811023622047,3.8235612212236055e-05,0.0022941367327341633,0.055059281585619915,1569217.7142857143,0.0,5,0.003500583430571762,0,-1
0x028f2a2e6bb70754f99d79db7f37bf6c19c3fb72,usdt,5,36.898888047619046,0.0003,25.2,0.016420361247947456,0.9852216748768473,23.645320197044335,3654.0,0.2727272727272727,75,0.20279720279720279,0,-1
0xeb763070c00807ef56bc7f219b2454cb920321c2,usdt,155,0.0001612089552238806,0.0,0.432258064516129,0.00029967894097935075,0.017980736458761047,0.43153767501026513,200214.26865671642,0.5040650406504065,46,0.024390243902439025,0,-1
0x8ad69cd04abdfdc08325544b7f34e263baf6f00b,usdt,829,824.1044286043613,696.0,0.7744270205066345,0.0005371819435242717,0.0322309166114563,0.7735419986749512,111694.0,0.053857350800582245,345,0.06986899563318777,0,-1
0x5a907b4590b1002fc0308b3e85f1bd766c453bbb,usdt,18,7865.579813363636,20994.222575,2.4444444444444446,0.0016830251612261601,0.10098150967356961,2.4235562321656707,35650.09090909091,0.014705882352941176,23,0.27941176470588236,0,-1
0xa7d75e0c9f433ecd45414ff05ed7316804c015e5,usdt,76,21.00909192369478,54.958,3.276315789473684,0.0022521829894156446,0.13513097936493865,3.243143504758528,26640.819277108432,0.3164983164983165,143,0.16835016835016836,0,-1
0x68ae85fecf873b0d79a0af9c5547e994ac799f88,usdt,169,58.235796018867916,19.345109,0.6272189349112426,0.0004344130546860464,0.026064783281162785,0.6255547987479069,138117.3962264151,0.043478260869565216,49,0.06086956521739131,0,-1
0x283d9ad1ceb3be6767792f226151d4fff6cc9cef,usdt,65,20008.904718767444,0.000181,0.6615384615384615,0.0004550986929142192,0.02730592157485315,0.6553421177964757,131839.53488372092,0.1917808219178082,24,0.1780821917808219,0,-1
0xbfdd9418adcfe007f1f9dade000c9b509f61d6c6,usdt,911,1859.3832977016807,0.0001,0.26125137211855104,0.00018140973966025462,0.010884584379615278,0.26123002511076665,330742.99159663863,0.08465608465608465,182,0.1111111111111111,0,-1
0x00000f91109c4d0007e90000d9facad5298a0cac,usdt,7,5004.961960881671,102.39933,61.57142857142857,0.03902995617053646,2.3417973702321877,56.203136885572505,1537.2807424593968,0.0005,233,0.0035,0,-1
0x940bb47491ab320866d3f38288ba3d939f06f513,usdt,1102,11301.81286594689,0.000319,2.392014519056261,0.0016598181327952734,0.09958908796771641,2.390138111225194,36148.538694992414,0.04766775777414075,2204,0.061170212765957445,0,-1
0x4ebbfddfb5c9bba916064186b5153e7b9cc6fe4f,usdt,11,23231.12233081609,65763.0,23.727272727272727,0.016076774296872112,0.9646064578123268,23.15055498749584,3732.0919540229884,0.0853932584269663,183,0.14606741573033707,0,-1
0x3b539c0353b7e250d2ea1b17f0d5aa43d7b22070,usdt,460,17766.12747439915,0.0,1.5304347826086957,0.0010606355074854652,0.06363813044912792,1.5273151307790698,56569.857954545456,0.13224893917963224,521,0.07001414427157002,0,-1
0x604117f0c94561231060f56cd2ddd16245d434c5,usdt,41,164914.47396317715,52977.522734,25.609756097560975,0.017482342833737924,1.0489405700242755,25.17457368058261,3432.0342857142855,0.0,581,0.0011123470522803114,0,-1
0xc6b792f783edfb9fc65ec0095ea63ba87969d5be,usdt,96,11568.129983974139,2700.0,3.625,0.0024925795619936053,0.1495547737196163,3.5893145692707913,24071.44827586207,0.24550898203592814,157,0.2375249500998004,0,-1
0xd734d8c031a0ef6c966c6cd95d8ed4e66c12ed1b,usdt,41,1204974.026824,720000.0,0.4634146341463415,0.0003215651761838676,0.019293910571032056,0.46305385370476937,186587.36842105264,0.0,10,0.011037527593818985,0,-1
0xd9e670bc9cfd992d15232a6d2ec31e5a076d2775,usdt,44,0.0038971340206185564,0.002008,4.409090909090909,0.0030309753178618185,0.18185851907170913,4.364604457721019,19795.60824742268,0.30456852791878175,144,0.14213197969543148,0,-1
0x8a96552753ac407ec2f072d487693dab1e596b78,usdt,8,43009.0,43009.0,0.5,0.00032407032326014747,0.019444219395608846,0.46666126549461234,185145.0,0.0,0,0.2,0,-1
0xec8752e855ea9fad746c11c997854027d7983ee8,usdt,104,3618.7012070817755,231.16,8.23076923076923,0.005679767288786971,0.3407860373272183,8.17886489585324,10563.81308411215,0.0,4,0.12652608213096558,0,-1
0xa0cef4dbc9c06e235bce9f53a95d0f1cd57c3081,usdt,1245,13899.173434580765,0.0,2.6305220883534135,0.0018255584425082314,0.10953350655049388,2.628804157211853,32866.65526717557,0.1600328947368421,2200,0.08223684210526316,0,-1
0x06cc868944dd2d407d8312732d672ff60da7692d,usdt,28,12992.394617679525,4000.0,12.035714285714286,0.008308719471003308,0.49852316826019855,11.964556038244766,7221.329376854599,0.2882703777335984,208,0.08548707753479125,0,-1
0x595c31c6108babc43caa81ab759a4aae91801a82,usdt,61,888.4709821469793,159.902487,18.18032786885246,0.01258845403795379,0.7553072422772276,18.12737381465346,4766.272317403066,0.0,542,0.01904073270667631,0,-1
0x5500e69d58d8f80b236c8a72fd52c538a5d5237f,usdt,2,9119.968285333334,15000.0,1.5,0.0010316368638239339,0.061898211829436035,1.485557083906465,58160.0,0.0,3,0.0001,0,-1
0xe9d60509e2792d357107a699f1cc764bc6e117c9,usdt,19,32.88676375,50.564306,0.42105263157894735,0.00028034173657688724,0.016820504194613232,0.4036921006707176,214024.5,0.0,4,0.16666666666666666,0,-1
0x70c0673f0c28db9ae1438114b1eb4da35b8e7549,usdt,479,19940.260440743074,0.0,1.6576200417536535,0.0011489103583674244,0.06893462150204546,1.654430916049091,52223.39546599496,0.2251497005988024,533,0.09461077844311377,0,-1
0xac7efa4099d9bcaede4f376936f0b2f007138361,usdt,1,0.004801666666666667,0.0004,3.0,0.3658536585365854,21.951219512195124,526.8292682926829,164.0,0.3333333333333333,2,0.6666666666666666,1,2
0x83a2692f5eec7d947753890322e1ff070bc29e74,usdt,134,4159.834072813954,0.0001,1.6044776119402986,0.0011125865100696842,0.06675519060418104,1.6021245745003452,53928.39069767442,0.25,163,0.13306451612903225,0,-1
0xa6b7fd23901ff5e03b77d2e98b00650db636c3a1,usdt,1610,4118.6400355514525,2000.0,1.8167701863354038,0.0012609286772039111,0.07565572063223466,1.815737295173632,47583.97606837607,0.0245,1620,0.0103,0,-1
0xce75183017f7b442a26ee11b826d9d71cfb6f232,usdt,1281,2483.2494671999993,6000.0,0.078064012490242,5.4208533724213e-05,0.00325251202345278,0.07806028856286672,1106836.8,0.004,48,0.05,0,-1
0x2fea3b6cca7595ce6455af82c44071ff0382b4f0,usdt,63,32849.55882352941,60000.0,2.1587301587301586,0.0014899896796303073,0.08939938077781844,2.1455851386676423,40268.73529411765,0.0,0,0.0390625,0,-1
0xb642dc327e840179cf268acf647292bfe9960595,usdt,33,1658.4814296379311,0.0,1.7575757575757576,0.0011892556899733443,0.07135534139840065,1.7125281935616157,50451.724137931036,0.41025641025641024,20,0.3333333333333333,0,-1
0xa0b95db1434f1a92277005b0d7484f749641f261,usdt,1,0.6708607259259263,86.260322,270.0,2.2537562604340566,135.22537562604342,3245.4090150250418,26.622222222222224,0.0019455252918287938,269,0.0038910505836575876,0,-1
0x08ec4a0615f175dddd986f07f016b5ab9cff31a7,usdt,86,0.00081692704778157,0.000548,27.25581395348837,0.01879394809214166,1.1276368855284995,27.063285252683993,3192.5170648464164,0.825009248982612,1147,0.004069552349241583,0,-1
0x2b5634c42055806a59e9107ed44d43c426e58258,usdt,937,15788.635109047284,155.553081,2.7086446104589115,0.0018801105551428906,0.11280663330857345,2.707359199405763,31913.01694247439,0.0002,2525,0.0004,0,-1
0x4961101e86efd72a368a5a9a29157c2e0b8803ed,usdt,1,0.06323398117811087,27.50762,2869.0,4.577217613273772,274.6330567964263,6591.193363114231,13.108400139421402,0.002098391233387736,2864,0.0013989274889251574,0,-1
0xdae50c32bf8215d88dcd367dd50c69fb9ec29f44,usdt,1,0.04,0.04,188.0,0.06555090655509066,3.9330543933054396,94.39330543933055,915.3191489361702,0.0,94,0.0996309963099631,0,-1
0xb1b7d3d34422b4015cf24604006b6df279f3c13d,usdt,586,1543.0652452268039,0.0,0.16552901023890784,0.00011479925752100827,0.006887955451260496,0.16531093083025192,522651.4639175258,0.030303030303030304,59,0.02909090909090909,0,-1
0xbffc5d8290faf4af1d032e1934bf70161b059492,usdt,41,882.275453125,1402.6,1.5609756097560976,0.0010720268006700168,0.06432160804020101,1.543718592964824,55968.75,0.0,14,0.0625,0,-1
0x9f58872276bba453023108953ca2f63da72787fc,usdt,1,0.12824595180722895,64.575326,1411.0,2.5196428571428573,151.17857142857142,3628.285714285714,23.81289865343728,0.0018190086402910413,1409,0.001364256480218281,0,-1
0x0b485860dad0dd9c3118e6464282377c1b762aa5,usdt,13,14210.175000000001,10880.0,0.9230769230769231,0.0006037432078889113,0.03622459247333468,0.8693902193600322,99380.0,0.0,0,0.2647058823529412,0,-1
0xe640e4774539009123b6c0aba77cddc8c1910099,usdt,10,0.03200000000000001,0.05147,0.5,0.0003199426662742037,0.019196559976452223,0.46071743943485327,187533.6,0.0,3,0.6,0,-1
0xc682ea23bb1b755a41877c2e4eb2b602f0fd60ca,usdt,1,4656.500620666667,9313.000931,6.0,0.024115755627009645,1.4469453376205788,34.72668810289389,2488.0,0.15,3,0.2,0,-1
0x1ef5e70e8b25dfb33e20b2ed5f5aeae7755a79f2,usdt,282,562.0421980769231,0.0,0.23049645390070922,0.000159980940116919,0.00959885640701514,0.23037255376836338,375044.6769230769,0.04065040650406504,43,0.07723577235772358,0,-1
0x939293cc833b51b6ef60b471321ae752b1c5a716,usdt,1,207.6061848,198.007524,5.0,0.015903307888040712,0.9541984732824427,22.900763358778626,3772.8,0.0,2,0.4,0,-1
0x3d6991085ab1ae3926cb96f25684c40a364b6856,usdt,57,23.33382785454545,14.057281,0.9649122807017544,0.000668194199102433,0.04009165194614598,0.9621996467075035,89794.25454545455,0.0012828736369467607,30,0.006414368184733804,0,-1
0xf2defe99434cd5566cd3d6155222ee9d08e933d7,usdt,549,9794127449871.05,0.0,0.6502732240437158,0.0004513870098657775,0.027083220591946646,0.6499972942067196,132923.63025210085,0.052132701421800945,201,0.07582938388625593,0,-1
0xcb53a818042db647cb01672751b0e4efca29cf55,usdt,1367,1622.4709618208956,7351.0,0.04901243599122165,3.403212373430024e-05,0.002041927424058014,0.04900625817739234,1763040.134328358,0.0,32,0.012801575578532743,0,-1
0x36a94bdeff164d85442074656ff81a63814d8b33,usdt,104,8557.166931666667,7504.549014,0.057692307692307696,3.975273796982767e-05,0.00238516427818966,0.05724394267655185,1509330.0,0.0,3,0.14285714285714285,0,-1
0x0b4896733c018120adc5fc8e8fcb191c1b762aa5,usdt,12,8791.63443475,10880.0,1.3333333333333333,0.0008589958338702056,0.051539750032212346,1.2369540007730961,69849.0,0.0,0,0.225,0,-1
0xcf42d488e57f7195ec957ed59e1286ee7945b876,usdt,6,1e-05,1e-05,4.0,0.002773027684059713,0.16638166104358273,3.9931598650459863,21637.0,1.0,12,0.08333333333333333,0,-1
0xa7e7901d7a908eeb171ed0b56b9da0b36a2fe135,usdt,349,0.0005708151658767772,0.0,1.2091690544412608,0.0008382299602456531,0.050293797614739184,1.2070511427537403,71579.4028436019,0.6172638436482085,182,0.013029315960912053,0,-1
0x715ac29dd2722553d469e1d4e9a74c54b6474f4a,usdt,824,2765.6255832424245,0.0,0.04004854368932039,2.7808774730216962e-05,0.001668526483813018,0.040044635611512426,2157592.3636363638,0.019305019305019305,18,0.04633204633204633,0,-1
0x1daff6283dc05594f7ebe1839213227d04d55dc6,usdt,294,107954.42828761318,294432.898877,3.45578231292517,0.002392167628792092,0.1435300577275255,3.4447213854606127,25081.854330708662,0.14946380697050937,851,0.020107238605898123,0,-1
0x92bee5ddbd3fd3732d69431fa620b386c8e291ae,usdt,84,14902.34646267922,1000.0,18.333333333333332,0.012587376006172718,0.7552425603703631,18.125821448888715,4766.680519480519,0.14696008951883627,819,0.11786646773591944,0,-1
0xcace9863519f882874d4ece1e26efda8999ba611,usdt,35,2042.1303259450547,4964.501275,2.6,0.0017786708051710455,0.10672024831026274,2.5612859594463058,33733.054945054944,0.3655913978494624,62,0.15053763440860216,0,-1
0x412ffff0c350efcb41dc060617de5ba8648ea0b3,usdt,64,0.00019483333333333332,0.000668,0.09375,6.42106795202178e-05,0.0038526407712130683,0.09246337850911364,934424.0,0.6,2,0.3,0,-1
0xec8defd800e1a6d22778626ffad1bae7b6610190,usdt,338,2295.200319715278,0.0,0.8520710059171598,0.0005907483879543121,0.03544490327725873,0.8506776786542095,101566.08333333333,0.39184952978056425,169,0.2507836990595611,0,-1
0xcc2cbeca37ff8fb3b3c4a4fd32d6645dc581b6c4,usdt,820,1429.009883095652,150.07834,0.5609756097560976,0.0003891118386938565,0.023346710321631384,0.5603210477191534,154197.31304347827,0.08681135225375626,106,0.3021702838063439,0,-1
0x876ae4635e727a82fbea3b56d2711b3c2bba958d,usdt,2,0.000552,0.000888,2.0,0.000977803852547179,0.058668231152830735,1.4080375476679379,61362.0,0.75,2,0.75,1,2
0x6a8c79a360bc0d084b088d8fa4cdc542429a1cc4,usdt,64,1333.9720591132075,0.000147,0.828125,0.0005746216712600261,0.034477300275601565,0.8274552066144375,104416.52830188679,0.32450331125827814,26,0.046357615894039736,0,-1
0x4006c73d0160ccd42e04b0665176dd570222f289,usdt,133,47304.14793424906,20012.0,3.954887218045113,0.002745397284040056,0.16472383704240334,3.9533720890176802,21854.760456273765,0.17857142857142858,345,0.07236842105263158,0,-1
0x1a2f7d35c835ceb154885da66d374a87b24c7239,usdt,292,28382.2256862586,0.00062,2.886986301369863,0.0020008174157983404,0.12004904494790042,2.88117707874961,29987.743772241993,0.09249249249249249,739,0.04744744744744745,0,-1
0x11131fce2998a160cb93450fc006f832b7bad261,usdt,5,26021.147973762298,0.001,24.4,0.015332797104363563,0.9199678262618137,22.07922783028353,3913.1803278688526,0.2540983606557377,27,0.16393442622950818,0,-1
0x54267320f26ae1b982ef6f44e1b0ade1384c0557,usdt,28,124.15392400000002,0.0,0.4642857142857143,0.00031664685594029506,0.018998811356417702,0.4559714725540248,189485.53846153847,0.16666666666666666,4,0.16666666666666666,0,-1
0x65dec4f6120ca0d7f73d790fe82cc01f2365d96e,usdt,18,0.00040088888888888883,0.0001,0.5,0.00034564335750276515,0.020738601450165907,0.4977264348039819,173589.33333333334,0.8888888888888888,6,0.3333333333333333,0,-1
0xc59cd8936c86f60e667c89a145564b302bc12a9d,usdt,2,1852.143480142857,0.001,17.5,0.009274471355132758,0.5564682813079654,13.35523875139117,6469.371428571429,0.3611111111111111,19,0.4444444444444444,0,-1
0xc7b9cf39ceff038209cc1b430121e11bad8b77b8,usdt,220,872.2849531136363,389.0,0.2,0.0001383523368653008,0.008301140211918048,0.19922736508603314,433675.36363636365,0.0,24,0.009009009009009009,0,-1
0x2d09d92bd20c6980cd22b32bb7f3c0ac198d4814,usdt,43,1252.353963966292,3001.9,2.0697674418604652,0.0014156240357055374,0.08493744214233226,2.038498611415974,42384.13483146067,0.020754716981132074,52,0.016981132075471698,0,-1
0x951119bf14fc8b34022e3ef7365b6f1c8ee4d186,usdt,476,42814641898901.37,0.000222,2.9327731092436973,0.0020345909612276337,0.12207545767365803,2.9298109841677924,29489.957020057307,0.15666831928606842,957,0.15617253346554288,0,-1
0xcf485ffdf03fbff68da22abbc44c2cde6c8eb876,usdt,20,1.0000000000000003e-05,1e-05,1.3,0.000877530494184673,0.052651829651080374,1.263643911625929,68373.69230769231,0.9629629629629629,13,0.07407407407407407,0,-1
0xf297b87e8102c8793a51fb8b6f07e7fd0f39e226,usdt,2010,60079.34140426532,0.0008,0.02437810945273632,1.6928629823707264e-05,0.0010157177894224358,0.02437722694613846,3544291.5714285714,0.07042253521126761,30,0.19718309859154928,0,-1
0x9a502f187e12a6b86bc7ce37798b16910ecb7edc,usdt,75,0.00026626785714285717,0.0002,0.7466666666666667,0.0005124450951683749,0.03074670571010249,0.7379209370424598,117085.71428571429,0.9491525423728814,27,0.03389830508474576,0,-1
0x5ab50d428e9b4b7a41c0dfe6d30a0faa6c1eed76,usdt,48,645.8823529411765,1000.0,0.3541666666666667,0.00024411678547016892,0.014647007128210135,0.35152817107704326,245784.0,0.0,0,0.043478260869565216,0,-1
0xcfd59c0f530db36eea8ccbfe744f01fe3556925e,usdt,32,1.1601443333333334,0.125,0.375,0.00025595304114871725,0.015357182468923035,0.36857237925415287,234418.0,0.0,0,0.0002,0,-1
0xf3f02d484eea1dd6ff4e96fc86df40a8846b11a7,usdt,12,0.04,0.06865,0.3333333333333333,0.00021725197970866512,0.013035118782519905,0.31284285078047774,276177.0,0.0,2,0.75,0,-1
0x8e217f2d039696951142fd836aa83502a64f0232,usdt,15,0.02375,0.064994,0.5333333333333333,0.00036430536075338354,0.02185832164520301,0.5245997194848722,164697.0,0.2222222222222222,5,0.4444444444444444,0,-1
0x01483dcfc7a76a34a9e53e58c8a73dac3408e692,usdt,6,0.020467706281833618,35.966606,785.3333333333334,0.4768169031187387,28.609014187124323,686.6163404909838,125.83446519524618,0.0053,4711,0.0002,0,-1
0xc3c09b565b1b2ee078481f419bfe381797b4ac39,usdt,37,0.0017392606382978725,0.000227,5.081081081081081,0.003511380233917692,0.2106828140350615,5.056387536841477,17087.297872340427,0.5079365079365079,164,0.021164021164021163,0,-1
0x657a135d3fb6ce721b41aba704baed665175a1fa,usdt,28,11748.87470390909,5542.652342,0.39285714285714285,0.00027216135704601015,0.016329681422760606,0.3919123541462546,220457.45454545456,0.02247191011235955,8,0.0449438202247191,0,-1
0x4afc6c4a59c22650e9c06137e864ce2c9220edae,usdt,1,8.806515000000001,0.0,5.0,0.09363295880149813,5.617977528089887,134.83146067415728,640.8,0.044444444444444446,2,0.08888888888888889,0,-1
0x6f754370cef4c943d56cb769468950f7988ebdd3,usdt,1230,1930.9034883465347,0.0,0.16422764227642275,0.00011402643719881073,0.006841586231928645,0.16419806956628746,526193.7623762377,0.009988901220865706,113,0.03440621531631521,0,-1
0xa8b202698e09577587b7ac4c5757d3329a751018,usdt,29,0.0001218,0.0002,0.6896551724137931,0.00047787898192661694,0.028672738915597015,0.6881457339743283,125554.8,0.9523809523809523,10,0.2857142857142857,0,-1
0x7616281730931edfa6096fadb3588551c6807e20,usdt,550,5716.680940514286,0.0,0.06363636363636363,4.413033731212455e-05,0.0026478202387274726,0.06354768572945935,1359608.9142857143,0.06934306569343066,19,0.04744525547445255,0,-1
0x5d5c42e80448e14deb0719d05be588926569f436,usdt,86,179.07714453658537,58.0,0.47674418604651164,0.0003293088049142512,0.019758528294855072,0.4742046790765217,182199.80487804877,0.03225806451612903,8,0.12903225806451613,0,-1
0xebd31bfd11f327adcfc05933fe01f4d986d4566b,usdt,137,118836.33832157144,116.376491,0.40875912408759124,0.000283045284212846,0.01698271705277076,0.4075852092664982,211980.2142857143,0.04310344827586207,33,0.05603448275862069,0,-1
0x83e9aa1946b7075459e5a3e58b84db7e965e04f6,usdt,17,10196.995363266667,6753.32,1.7647058823529411,0.0011768674925661203,0.07061204955396722,1.6946891892952134,50982.8,0.34375,16,0.25,0,-1
0xe4dc316fa61da51654583c08f721f7a1d9fa6136,usdt,341,68504.0427427166,44497.0,9.571847507331379,0.006630437608882186,0.3978262565329312,9.547830156790349,9049.176470588236,0.137,2438,0.0313,0,-1
0xd23086c4e450caaf55704ebc03875a04b4716ca2,usdt,240,7.058557342105264,4.5298,0.6333333333333333,0.0004389009458315383,0.0263340567498923,0.6320173619974151,136705.1052631579,0.00865051903114187,1,0.002306805074971165,0,-1
0xef84c07dbd2e15b61b150180fc8ecc3a72d1098f,usdt,4,0.000225,0.000178,1.0,0.0006893699158968703,0.041362194953812215,0.9926926788914932,87036.0,1.0,2,0.75,1,2
0xa9331485252be1a916aa1e7854596c9ac0a04926,usdt,802,5521.149636995153,0.0,2.5723192019950125,0.0017859467890009916,0.1071568073400595,2.5717633761614285,33595.62578768783,0.20920502092050208,1421,0.10802586534804108,0,-1
0xb356c88a8aecfb64ac80fc4a59803caaf54f954e,usdt,34,5245.705591836735,202.89,14.411764705882353,0.009962873048598489,0.5977723829159093,14.346537189981822,6022.3591836734695,0.0038910505836575876,113,0.490272373540856,0,-1
0x7710cf519dcb805d9f80dd9eb79fa82a2efb3b7a,usdt,290,333.86857142857144,302.77,0.02413793103448276,1.6719699962595644e-05,0.0010031819977557384,0.024076367946137725,3588581.1428571427,0.0,5,0.25,0,-1
0x6960350169414bf990d56eabb7ef1236a9ce6211,usdt,45,83719.32509073241,0.000269,1.5777777777777777,0.0010805085390611445,0.06483051234366867,1.5559322962480482,55529.40845070423,0.2597402597402597,55,0.18181818181818182,0,-1
0xd1be514ba2b8f8394f4cd4016e91dea692b1fc04,usdt,75,187714.5360824424,0.00062,64.52,0.04426535428749154,2.655921257249492,63.74211017398782,1355.4618722876628,0.1435,3674,0.0556,0,-1
0x2e93e660d10092c9ae85204b8d401addc7f430e8,usdt,11,0.04,0.067,0.36363636363636365,0.0002496754219514631,0.014980525317087786,0.35953260761010686,240312.0,0.0,2,0.75,0,-1
0x90c40bfacf95425a69147f09a64c191f4dc90135,usdt,15,61.677213333333334,185.03164,0.4,0.0002641728747292228,0.01585037248375337,0.3804089396100808,227124.0,0.0,1,0.053763440860215055,0,-1
0xe371ef078073736d8d196d596b2144f6ffe85def,usdt,1,931.0,931.0,3.0,0.41666666666666663,25.0,600.0,144.0,0.0,2,0.25,0,-1
0x62dcf69ffa6c1f2340bff3a688f4523dc89b93ef,usdt,824,1555.5283556693228,250.0,0.6092233009708737,0.00042270594452548647,0.025362356671529186,0.6086965601167005,141942.6454183267,0.04857142857142857,97,0.16142857142857142,0,-1
0xe64c9307a52bdedf05868cc7ade71dda7cac10a4,usdt,295,32700.355463885466,22633.0,3.077966101694915,0.0021363499472970937,0.12818099683782563,3.0763439241078148,28085.286343612333,0.041512535963830664,594,0.06452938758734073,0,-1
0x9506f523bdc4e74eeb077c7435c00eacef97149e,usdt,3,1146.7778666666666,0.0,3.0,0.0016519217356191036,0.09911530413714623,2.378767299291509,36321.333333333336,0.14285714285714285,5,0.23809523809523808,0,-1
0x2a72bf478bf09ad0e82ca255fb1bb3ed0b3fa1ac,usdt,551,2648.4194458149173,0.0,1.3139745916515426,0.0009118992013828624,0.054713952082971744,1.3131348499913218,65796.74585635359,0.09247842170160296,462,0.07110563090834361,0,-1
0xf2d4773d8c9c2962fc39d7cd01786be6a16602f1,usdt,49,4982.708586390313,0.0001,14.326530612244898,0.009896914192908057,0.5938148515744834,14.251556437787603,6062.495726495727,0.3240418118466899,475,0.2183507549361208,0,-1
0xabfc1f456b3992e594226a24ba2205aaa1038a5e,usdt,28,1175.1575419310343,2342.89,1.0357142857142858,0.0007063901514597917,0.042383409087587504,1.0172018181021003,84938.89655172414,0.4482758620689655,19,0.2413793103448276,0,-1
0x29888778c12a61b84a1be3089fcbf284dfbb6bee,usdt,386,157.91441176470587,223.0,0.5284974093264249,0.00036631562616269296,0.02197893756976158,0.5274945016742779,163793.17647058822,0.03879310344827586,97,0.02586206896551724,0,-1
0xcdb7f6ead1239f575dbd967af5ab47887718f43c,usdt,51,17101.91014889233,25000.0,13.294117647058824,0.009125217363215952,0.5475130417929572,13.140313003030972,6575.185840707964,0.05306298533218291,621,0.00819672131147541,0,-1
0xcf403370fb657313e5bd98760b23d8308c9cb876,usdt,40,64663.86666666667,100001.0,0.375,0.0002604103372487474,0.015624620234924846,0.37499088563819627,230405.6,0.0,10,0.15384615384615385,0,-1
0x346fbfd4acc8406871349c26e0b32755606bf657,usdt,137,14735.556270930208,77690.0,41.416058394160586,0.028608913032736383,1.716534781964183,41.19683476714039,2097.2485019386677,0.244001199760048,3639,0.14442111577684463,0,-1
0x13e46c0bbe6f6042e0479b020b09a188d6469cc8,usdt,792,16073.169976995696,0.00055,2.3472222222222223,0.0016298559449324367,0.0977913566959462,2.346992560702709,36813.06939214632,0.13261761919797915,1337,0.09630565203662772,0,-1
0xd21e0def4a7c5998723ad183abdb6c80ab9c8326,usdt,57,22191.664323062112,50125.0,2.824561403508772,0.0019313726901502393,0.11588236140901435,2.7811766738163444,31065.987577639753,0.22530864197530864,144,0.033950617283950615,0,-1
0xb33bfc3fbcd135bdf647eae5ed0c05501146a52e,usdt,1,1892.607244661381,115.698194,1955.0,1.365795724465558,81.94774346793349,1966.7458432304038,43.93043478260869,0.0,1233,0.004100820164032806,0,-1
0xe7498cb5a1d2b2efed5089a6a2410839b1a39b7a,usdt,189,6498.676917843783,0.001,5.148148148148148,0.0035726271403634905,0.2143576284218094,5.144583082123425,16794.363823227133,0.2416044776119403,641,0.14738805970149255,0,-1
0xba41fa9083d9ddcffc1277d4c23557582467b00d,usdt,508,51.174630961538455,10.57,0.2047244094488189,0.00014206404301699224,0.008523842581019533,0.2045722219444688,422344.73076923075,0.02857142857142857,49,0.047619047619047616,0,-1
0xbc34da9c98272e7933188dddfe287d9fa51119d0,usdt,451,8931.14794380392,37518.322875,1.2439024390243902,0.0008637293709555987,0.051823762257335926,1.2437702941760622,69466.20320855615,0.08626760563380281,244,0.0357981220657277,0,-1
0x09ccbfdfa90244654a16ce234d067629b272e65c,usdt,25,85332.0,75000.0,0.16,0.00010854875738809979,0.006512925443285989,0.15631021063886372,552747.0,0.0,0,0.006060606060606061,0,-1
0xce24345a79e9511d9ddb753d701b0a192fcdaa65,usdt,62,184.388017,243.325388,0.0967741935483871,6.633733863442376e-05,0.003980240318065426,0.09552576763357024,904468.0,0.0,3,0.023255813953488372,0,-1
0xac75e4eb86914e3313e6e02bd58680c789038361,usdt,203,18414.72561007113,1000.0,43.63054187192118,0.03026823458650728,1.8160940751904366,43.58625780457048,1982.2761657446088,0.1012,796,0.1944,0,-1
0x1e4b0a36f7e0dcb73cf26326495325e1dcb109b6,usdt,465,2918292.9736051857,0.0002,0.8559139784946237,0.0005932087435987858,0.03559252461592715,0.8542205907822515,101144.83417085427,0.4140625,238,0.087890625,0,-1
0x8f72cc1f1d056fbf6c95d9c5df03ba541569ca29,usdt,24,153.47970562104086,0.0005,372.2916666666667,0.2538150374402036,15.228902246412217,365.4936539138932,236.39261331841075,0.0361,240,0.09,0,-1
0xec8ad7ba95fb7ffa69fb337a2f1074df19983ee8,usdt,6,0.004483694444444444,0.003039,6.0,0.003865730300882675,0.2319438180529605,5.566651633271053,15521.0,0.0,17,0.08333333333333333,0,-1
0xd3ee665c332c0c79d2eef2142d69767be4e61414,usdt,198,618546391762268.5,0.000265,0.4898989898989899,0.00033969580065950017,0.02038174803957001,0.4891619529496802,176628.61855670103,0.13690476190476192,78,0.09523809523809523,0,-1
0x6a3bcb82ce0a6156b2844565907da9f23152eff9,usdt,74,205319.1495882979,0.0001,1.2702702702702702,0.0008804746320271711,0.052828477921630264,1.2678834701191264,68145.06382978724,0.2558139534883721,38,0.11046511627906977,0,-1
0x007e6e33468bd14fd897c225ef69b9cca0a11995,usdt,24,0.0,0.0,0.20833333333333334,0.0001409912247061743,0.008459473482370458,0.20302736357689097,425558.4,0.8333333333333334,0,0.8333333333333334,0,-1
0x8a93efaed2a18d0b804dce445642e840d0af4e22,usdt,18,53001.15011133332,79501.725167,0.5,0.0003323044203872454,0.019938265223234726,0.4785183653576334,180557.33333333334,0.0425531914893617,7,0.06382978723404255,0,-1
0x0dfd53ccd03d7e34bc8d221b14449e0853341109,usdt,86,15.746916333333333,49.5,0.06976744186046512,4.801298271052493e-05,0.0028807789626314954,0.0691386951031559,1249662.0,0.0,3,0.039603960396039604,0,-1
0x3c43aa8e525d0ca2fab672cd55f79de777295e99,usdt,965,1639.0494358181816,3000.0,0.011398963730569948,7.915522094165065e-06,0.00047493132564990396,0.011398351815597695,7580043.2727272725,0.0,6,0.01507537688442211,0,-1
0x8543c7d39e98036cabbc29c6a659d79957f11116,usdt,193,1139.7190939518518,0.001,1.3989637305699483,0.0009707418409148271,0.058244510454889625,1.397868250917351,61808.4,0.35802469135802467,158,0.25617283950617287,0,-1
0x1bc2188eb29686b19fc7fef672b4048a490ec19e,usdt,1,6.923384615384616,10.0,13.0,1.1403508771929824,68.42105263157895,1642.1052631578946,52.61538461538461,0.0,2,0.23076923076923078,0,-1
0xca8403ef456867a4db7e0499fede440f0cc8634f,usdt,1,0.10883892751074636,13.730975,5118.0,2.3696638577646074,142.17983146587645,3412.3159551810354,25.320046893317702,0.0006,5113,0.0002,0,-1
0xfeae338613277275bd602cca465561363908ba69,usdt,159,230.12854520833332,25.0,0.1509433962264151,0.00010455803319369027,0.006273481991621416,0.150563567798914,573844.0,0.01,15,0.045,0,-1
0x609d1afa1d9421c1481a3f67548c6d3c9886a422,usdt,329,6400.312479626983,0.0,0.7659574468085106,0.0005316197737240597,0.03189718642344359,0.7655324741626461,112862.61904761905,0.09921259842519685,199,0.06614173228346457,0,-1
0xb665be7270a43e62094e42f5526c534fc425e3dc,usdt,3,25436.363980151516,27980.0,11.0,0.005742925759632453,0.3445755455779472,8.269813093870733,10447.636363636364,0.038461538461538464,31,0.038461538461538464,0,-1
0x32a3118e4d3c347392f6e9f5a3ace2bf390c782a,usdt,1,0.047794879541109,25.675737,3661.0,5.127450980392157,307.6470588235294,7383.529411764705,11.701720841300192,0.0009881422924901185,3660,0.00032938076416337287,0,-1
0x61404332d36f05d012cc57a4e687c724182852df,usdt,1695,7858917865128.24,4600.0,1.471976401179941,0.001021625574991108,0.06129753449946649,1.4711408279871958,58729.93146292585,0.13538032100488487,1628,0.11351477087694813,0,-1
0x090c00d88dfc693b3d989a1fc77790fe01206631,usdt,442,58067.488813087424,1600.0,0.6470588235294118,0.00044909027813762575,0.026945416688257548,0.646690000518181,133603.42657342658,0.03869047619047619,143,0.19345238095238096,0,-1
0x035682df603e1549304f44407acd36ba3d9b81cc,usdt,295,18091.72572184235,0.000188,2.1932203389830507,0.0015222977802686677,0.09133786681612008,2.1921088035868816,39414.10200927357,0.22007722007722008,427,0.13513513513513514,0,-1
0xacb50947b015ba550b8f733470738ecb56dc32c1,usdt,128,50276.82826673684,0.0,0.1484375,0.00010257927488330257,0.006154756492998154,0.1477141558319557,584913.4736842106,0.01615508885298869,16,0.006462035541195477,0,-1
0x09526b6252a5808d483cbe7975adca1543585282,usdt,30,25777.60041368919,0.001,24.666666666666668,0.01676909410634325,1.006145646380595,24.14749551313428,3578.0108108108107,0.2542182227221597,409,0.05511811023622047,0,-1
0x084168cfc2ee490d31ed21eac0bb386ce8ef4ffe,usdt,338,45914.756545438366,22048.0,14.281065088757396,0.009902704441507575,0.5941622664904544,14.259894395770907,6058.950901180858,0.21845289541918755,2576,0.06071737251512532,0,-1
0x20c5948a899c1aa3cb3e62316fe73ae11bb1fba5,usdt,17,57466.82620233333,93406.680074,0.35294117647058826,0.0002442340413406821,0.014654042480440924,0.35169701953058213,245666.0,0.0,3,0.029850746268656716,0,-1
0x4180c0da67c3e533a171ad9a440c08708ebf3b2e,usdt,10,0.04,0.0665,0.4,0.00025615738309617427,0.015369442985770457,0.368866631658491,234231.0,0.0,2,0.75,0,-1
0xdf00360d1bbd9f780beca4642cce06c85ecfeb39,usdt,11,0.0002,0.000134,0.36363636363636365,0.0002451701480827694,0.014710208884966165,0.353045013239188,244728.0,1.0,2,0.75,1,2
0x269a9052c92124460a9b6f4427d71a9b9a70cf30,usdt,509,1086956525741.7572,875.0,0.3163064833005894,0.0002195010155671211,0.013170060934027266,0.31608146241665436,273347.2546583851,0.026529507309149974,106,0.022198159177043854,0,-1
0x58ca6ecd163ccc4b1076f26874254f6c8b51a424,usdt,7,0.00024799999999999996,0.0001,1.4285714285714286,0.000881414493979939,0.052884869638796336,1.2692368713311122,68072.4,1.0,5,0.2,0,-1
0xa7a5f5decb78682de9ed61bbfa127f9e73879f20,usdt,181,908.9218426220472,5.0,0.7016574585635359,0.00048622899931009085,0.029173739958605453,0.7001697590065308,123398.64566929133,0.12554112554112554,74,0.11255411255411256,0,-1
0x742a86040a68ec44e0181e66dab355fd73c28b77,usdt,45,1831.9412867352942,26645.484248,4.533333333333333,0.003092052213242471,0.1855231327945483,4.452555187069159,19404.58823529412,0.5694444444444444,72,0.25,0,-1
0x0b9c71aa6093d485dd472db3bdbec76d4c34cbfa,usdt,2,0.020184333333333335,0.00149,3.0,0.0014752163650668766,0.08851298190401259,2.124311565696302,40672.0,0.0,3,0.6666666666666666,0,-1
0x679eb3025b2abdd738c6f8ec8349485a2d9481f1,usdt,7,0.0002892,0.000434,23.571428571428573,0.016118633139909733,0.9671179883945841,23.210831721470022,3722.4,1.0,77,0.04242424242424243,0,-1
0xc3e537626476fba585ad3112d94f567b8904df98,usdt,14,0.03706688346799254,235.147552,459.7142857142857,0.31159525538610505,18.695715323166304,448.6971677559913,192.55748912367932,0.5194,6436,0.0001,0,-1
0x6490f05a994559f83796ca942e8869ad1747709d,usdt,1,0.0006990000000000001,0.0004,4.0,0.0020955574182732607,0.12573344509639564,3.017602682313495,28632.0,1.0,2,0.75,1,2
0xa4cca98ea7a48223e135d77d889266c6de22c3ad,usdt,68,557103.547497733,116.0,86.97058823529412,0.060160319010416664,3.609619140625,86.630859375,997.3351369631383,0.1536,2717,0.1358,0,-1
0x7ba8768c0ec7a30fbdb6b3759c13996c2bd4ea9e,usdt,65,850.3300999708456,0.00043,10.553846153846154,0.007328574389303273,0.43971446335819636,10.553147120596712,8187.131195335277,0.7538247566063978,514,0.01808066759388039,0,-1
0x7fe0549b69c31fe92404b94ac95428a6d482b37a,usdt,288,2884.5258059828207,0.0001,3.8402777777777777,0.002657820721581504,0.15946924329489023,3.8272618390773663,22574.886075949365,0.238517745302714,571,0.11169102296450939,0,-1
0x20820110857068c1a6b82ddd2e45048dfb496952,usdt,30,7888.937293180452,15028.02679,4.433333333333334,0.003007226387620176,0.18043358325721057,4.330405998173053,19951.93984962406,0.23595505617977527,74,0.11235955056179775,0,-1
0x398cc73afbf77cc003f64cd02f29d03df9c60d18,usdt,16,18.34515045614035,15.0,3.5625,0.0024683659417465637,0.14810195650479382,3.554446956115052,24307.57894736842,0.2,32,0.3230769230769231,0,-1
0x1e7354b8fc642d6373978fb098f16b44281e57cf,usdt,4,0.0003736666666666667,0.000357,1.5,0.0010390330066151767,0.06234198039691061,1.4962075295258546,57746.0,1.0,3,0.6666666666666666,1,2
0xac7544749e94ad59a2cb3493ae3332580b338361,usdt,74,0.00027856,0.0003,4.391891891891892,0.0030107423286285465,0.1806445397177128,4.335468953225107,19928.64,0.9908536585365854,160,0.006097560975609756,0,-1
0xb42994ef51b1a1bb9a88b9aebf83a216a20104f0,usdt,5,0.005078200000000001,0.00112,2.0,0.001254075746175069,0.07524454477050413,1.8058690744920995,47844.0,0.0,7,0.4,0,-1
0x926597cd11f163193f16edee3933b2784b92c15c,usdt,30,717.25,11.0,0.13333333333333333,9.038159107752932e-05,0.005422895464651759,0.13014949115164223,663852.0,0.0,3,0.1111111111111111,0,-1
0xa34d432bf17e8941a4fa29bd362f4bbd92ceb56d,usdt,69,7614.101922178867,23409.0,24.55072463768116,0.01685541950492429,1.0113251702954573,24.271804087090977,3559.685950413223,0.18483197093551318,841,0.11035422343324251,0,-1
0x79966c4c59ae000d04c9ae88e2317a9a24c5c713,usdt,40,2048.884428125628,0.000965,4.975,0.0033843767644677857,0.20306260586806713,4.873502540833611,17728.52261306533,0.2905759162303665,72,0.19109947643979058,0,-1
0xbcad16f5baee6cd1f46acce4b8de8a62f35aa8dc,usdt,533,225.27745280000005,17.499612,0.009380863039399626,6.505493498930237e-06,0.0003903296099358142,0.00936791063845954,9222974.4,0.0,3,0.0189873417721519,0,-1
0x9f8fbb6ac9f1774563c791fd505f5b2a92ae84b9,usdt,1,5906.593597846154,0.000101,91.0,0.12313937753721245,7.388362652232747,177.32070365358595,487.25274725274727,0.3137254901960784,53,0.37254901960784315,0,-1
0xcb434c225dad90c3454753292f9868e8b93f1230,usdt,1440,29450365747279.2,0.0,2.658333333333333,0.0018455872637700734,0.11073523582620441,2.6576456598289058,32509.977272727272,0.1294946550048591,2420,0.07167152575315841,0,-1
0xbab44c5363c4111b4f062e60d325b8f1b312afdc,usdt,630,582.5916811333333,192.511711,0.023809523809523808,1.6529013046019418e-05,0.000991740782761165,0.02380177878626796,3629980.8,0.0,7,0.02027027027027027,0,-1
0x50eb8a98da571bcd2889de6c86d466fbe16fdf22,usdt,436,440.65171028205134,864.780656,1.1628440366972477,0.0008073523524527747,0.04844114114716648,1.1625873875319954,74316.99408284023,0.3211567732115677,169,0.136986301369863,0,-1
0x8a18213afb3c37b245b3fcf9f425dcebd12f54b6,usdt,49,4053.1420539687497,0.0646,0.6530612244897959,0.0004520208155585565,0.027121248933513385,0.6509099744043213,132737.25,0.10526315789473684,22,0.23684210526315788,0,-1
0xe0fdd671013cf687aec5d0263af98da2f617bd86,usdt,155,1206.8088513928572,0.0,0.18064516129032257,0.0001247581696550704,0.007485490179304223,0.17965176430330138,480930.4285714286,0.003036437246963563,18,0.010121457489878543,0,-1
0xe0423c63e3c06ad3a2be2e459522d757e5b4de7e,usdt,12,0.02666666666666667,0.060092,1.0,0.000652507259143258,0.03915043554859548,0.9396104531662914,91953.0,0.0,8,0.4166666666666667,0,-1
0x232416412acc107cb5ad03900a76c7b7387d8162,usdt,46,17882.71,3080.0,6.521739130434782,0.00451537938217569,0.27092276293054146,6.502146310332995,13287.92,0.0,0,0.07371794871794872,0,-1
0x110c59c06cd2bbdf3433875c77e1f41283d8da17,usdt,423,29944.42768822833,0.0008,5.508274231678487,0.003818507799261209,0.22911046795567253,5.49865123093614,15712.944206008584,0.14231049562682216,1670,0.04318513119533528,0,-1
0x09ba6265d76fb90727147424b6bfecdf28d6a7f8,usdt,240,472.82824415748036,50.0,2.6458333333333335,0.001837128039434315,0.1102276823660589,2.6454643767854136,32659.672440944883,0.13807531380753138,548,0.07670850767085077,0,-1
0xc539c82df3d9ad21cfbb916fd2f664fa0e4f6e49,usdt,30,5923.411998396116,0.00085,34.333333333333336,0.023245422005967076,1.3947253203580245,33.473407688592594,2581.1533980582526,0.07518296739853626,715,0.07817697937458416,0,-1
0x7ef510c4396926d4eb9fd06b135170d6cb5201fc,usdt,83,0.0002081052631578947,0.0,0.4578313253012048,0.00031458516151464474,0.018875109690878685,0.45300263258108847,190727.36842105264,0.9487179487179487,9,0.3076923076923077,0,-1
0x24fd0cf7ae17d45ee0adf8dab710e74ef79f9dc0,usdt,1,17466.57049969231,0.00052,26.0,2.7659574468085104,165.95744680851064,3982.978723404255,21.692307692307693,0.1875,11,0.375,0,-1
0xfe440de0ed1b5235d956719d95529f7e6d434f46,usdt,54,0.0031940000000000002,0.0002,1.4074074074074074,0.0009697538866714984,0.058185233200289906,1.3964455968069578,61871.36842105263,0.22988505747126436,38,0.04597701149425287,0,-1
0x783a5a67e59dadfbf7d18beec4d258c7fd5a7a38,usdt,16,28.156811411764707,20.0,2.125,0.0014745296684042987,0.08847178010425792,2.12332272250219,40690.94117647059,0.1794871794871795,17,0.28205128205128205,0,-1
0x5dd596c901987a2b28c38a9c1dfbf86fffc15d77,usdt,822,176201.90564500677,0.012363,1.2530413625304135,0.0008696904763151198,0.05218142857890719,1.2523542858937724,68990.06213592233,0.0027,431,0.0099,0,-1
0xebf6f62aa52b40e9f8473a984ac7636c8dad5190,usdt,1,50515.21356425,50000.0,4.0,0.36363636363636365,21.81818181818182,523.6363636363636,165.0,0.0,0,0.25,0,-1
0xaeb840e6a5c28c1a981942159b876a95fb2e8148,usdt,1649,67501972173119.6,310000.0,1.495451788963008,0.0010384764581787612,0.06230858749072567,1.495406099777416,57776.947688564476,0.16184886280264124,1263,0.06500366837857667,0,-1
0x4f493b7de8aac7d55f71853688b1f7c8f0243c85,usdt,12,38197.60980296672,4957.5,403.0833333333333,0.27755144198216597,16.65308651892996,399.67407645431905,216.1761422369237,0.0001,2249,0.0107,0,-1
0x8c0f4f555599326f8e2f16695970c05cb693f327,usdt,282,187.31334503571426,350.0,0.09929078014184398,6.88111835867633e-05,0.004128671015205797,0.09908810436493913,871951.2857142857,0.1320754716981132,8,0.24528301886792453,0,-1
0xcf4008c4c6bf657f9dc756b44073454aa403b876,usdt,43,0.0,0.0,0.2558139534883721,0.00017563580160179852,0.01053814809610791,0.25291555430658985,341616.0,1.0,0,0.2727272727272727,0,-1
0xd3b01310dd20793dfa6265bcb1020df793fbf48d,usdt,105,34963.031330636644,32027.0,49.695238095238096,0.03450359913932762,2.070215948359657,49.68518276063178,1738.9490226140283,0.1622,3087,0.1002,0,-1
0x72c58e22512f8be7dc71176a3febf94c44cadc0a,usdt,3,52230.579522052634,76337.000763,6.333333333333333,0.003395525055400672,0.2037315033240403,4.889556079776968,17670.315789473683,0.2631578947368421,14,0.3157894736842105,0,-1
0x4c2ac48822521c7fa7da05e2671d83ed60ba22c8,usdt,115,20.465146714285716,0.196226,0.12173913043478261,8.448463767556209e-05,0.005069078260533726,0.12165787825280942,710188.2857142857,0.0,9,0.23529411764705882,0,-1
0x009a8dbad7000f0000009b002d050058ca881b57,usdt,4,52.58030222641509,15.088283,26.5,0.01620101485602494,0.9720608913614966,23.32946139267592,3703.4716981132074,0.0,53,0.0015,0,-1
0x13513a4a3b2d711e3fe87fdfe279ab664e421922,usdt,1,0.07642103962900507,53.646053,2372.0,4.9028524183546915,294.1711451012815,7060.107482430756,12.237774030354132,0.0010282776349614395,2370,0.0007712082262210797,0,-1
0x07e9ae1938977c5987f15f2061a711172d96bf97,usdt,95,76849.12232634987,0.0005,11.884210526315789,0.008220043801402576,0.49320262808415466,11.83686307401971,7299.231178033658,0.039,721,0.0194,0,-1
0x97b0984e6d5b57ae64331a3ba0122cd6f5ea63e6,usdt,47,139389.5678415855,2947.759758,40.808510638297875,0.027973455844818786,1.678407350689127,40.281776416539046,2144.890510948905,0.3649914821124361,997,0.11626916524701873,0,-1
0xeb7611195586fa0f7b57e7695c367bf6a69521c2,usdt,188,1789.3506312983423,0.950821,0.9627659574468085,0.0006654436229544962,0.03992661737726977,0.9582388170544744,90165.41436464088,0.1252336448598131,119,0.0691588785046729,0,-1
0x54edbf7decf74732643776a71de7a6083b75aa16,usdt,96,3955.9251229576057,3446.960457,4.177083333333333,0.0028880585620493257,0.17328351372295958,4.158804329351029,20775.20199501247,0.41885964912280704,190,0.27631578947368424,0,-1
0xbdd5c11ce077a65543b11d790d2865dcb4ee9676,usdt,74,62281.39825694323,0.001,15.945945945945946,0.01100099754808275,0.6600598528849649,15.84143646923916,5454.050847457627,0.3070692194403535,727,0.18630338733431517,0,-1
0xc91664b67345af49df77212fc515019df5fab4ad,usdt,807,15553105069460.75,71105.0,4.270136307311028,0.0029640093912478636,0.17784056347487182,4.268173523396923,20242.850841555428,0.1570855614973262,1937,0.07459893048128342,0,-1
0x588ae2bb4aa0cd11d8856106deef26a3ff18dccf,usdt,320,4802.19851289201,0.0,1.446875,0.0010018413974713784,0.06011048384828269,1.4426516123587847,59889.719222462205,0.35619047619047617,275,0.1961904761904762,0,-1
0x49a23291b9e46d5afb9fd31a426cddcd26b24cb9,usdt,212,4715.869662684543,146.004818,1.4952830188679245,0.001036707964925913,0.062202477895554775,1.4928594694933146,57875.507886435335,0.005571030640668524,140,0.04178272980501393,0,-1
0x45d4f1c57c5c2a61367598fb0a00c5d582e75db6,usdt,1,0.07551918200749687,54.674566,2401.0,5.489254686785551,329.35528120713303,7904.526748971193,10.930445647646813,0.000757002271006813,2400,0.0005046681806712087,0,-1
0x106aaf7f31a8b8f862012987b1fcccb1aba3240f,usdt,19,353.65380824390246,0.0,2.1578947368421053,0.0014480162177816392,0.08688097306689835,2.0851433536055604,41436.0,0.15555555555555556,7,0.08888888888888889,0,-1
0xa398f4a301198603755c73dca568e6acc1618d1d,usdt,77,5741.690144374684,330000.0,30.883116883116884,0.021418599414546272,1.2851159648727764,30.842783156946634,2801.3036164844407,0.20684113865932047,2051,0.05303030303030303,0,-1
0xfad03297efd2c687eaf86b4be72074a427210afc,usdt,578,7109.9538995134135,3000.0,4.643598615916955,0.003219234421915934,0.19315406531495602,4.635697567558945,18637.971684053653,0.11559398014729427,1805,0.052833813640730067,0,-1
0x81499809d031bfb49a1b57a1e1a5bd341644db12,usdt,381,4151.863598121799,4510.138912,4.202099737532809,0.002916962583805738,0.17501775502834427,4.200426120680262,20569.341661461585,0.20604280318925725,1042,0.13722198908938313,0,-1
0xbdf8915d27d4222c28558fc9e04961807a4d32c3,usdt,1,0.06168978829834749,32.339111,2239.0,3.2955549013835737,197.7332940830144,4745.599057992346,18.206342117016526,0.0008361204013377926,2238,0.0005574136008918618,0,-1
0x229fb3b857d999c74ca09803eb7659308099da6a,usdt,332,5844.310647855065,1000.0,6.006024096385542,0.004159874360946081,0.24959246165676488,5.990219079762357,14423.512537612838,0.09281045751633987,1722,0.0636165577342048,0,-1
0x96e219e1912b2b289f19d358307dda7d18e739ed,usdt,11,0.04000000000000001,0.066988,0.36363636363636365,0.0002359269570141084,0.014155617420846506,0.33973481810031614,254316.0,0.0,2,0.75,0,-1
0xd998d01d1e94ce97ed18af4438797ebee305acba,usdt,382,52154.28164026587,2e-06,0.8664921465968587,0.0006005284650492434,0.0360317079029546,0.8647609896709103,99912.0,0.007792930698580574,169,0.008349568605622042,0,-1
0x9fb1750da6266a05601855bb62767ebc742707b1,usdt,431,570898.2181047763,401997.853087,2.34338747099768,0.001625185287213686,0.09751111723282115,2.3402668135877076,36918.867326732674,0.0477,673,0.0097,0,-1
0x4b9701c9686974298a897e1a03b8f6927103cb80,usdt,1023,1767.0725095789473,4000.59,0.01857282502443793,1.2897779396109677e-05,0.0007738667637665807,0.018572802330397934,4651963.578947368,0.038461538461538464,7,0.19230769230769232,0,-1
0xd91017276a862b4513d12aa98bec2dadb012dbf1,usdt,1,0.00048599999999999994,0.000486,6.0,0.002096729102599944,0.12580374615599665,3.0192899077439197,28616.0,1.0,3,0.5,0,-1
0x03eaaa482d8051e5c76dd333b7407ddd97a0d790,usdt,1,9.125e-05,8.5e-05,8.0,0.004810583283223091,0.28863499699338546,6.927239927841251,12472.5,1.0,4,0.25,0,-1
0x2d8062b25cb828ac903b2a06bacdd5be208450f0,usdt,8,0.000175,0.0002,0.5,0.0003456261016831991,0.020737566100991946,0.49770158642380674,173598.0,1.0,2,0.75,1,2
0x29e019fd5d7ece0f7649cba890b41a0ae637ff22,usdt,46,237110.00000699997,1e-05,0.43478260869565216,0.0002985217204403792,0.017911303226422755,0.4298712774341461,200990.4,0.09032258064516129,7,0.03225806451612903,0,-1
0x17c02069d6abedc646e1280112a1e3c3a7ab954b,usdt,132,2182.27266138388,12852.0,22.181818181818183,0.015309243583241398,0.9185546149944839,22.045310759867615,3919.2008196721313,0.31029561671763506,991,0.10397553516819572,0,-1
0xbcc0f2d582125b7a6abc1aef1d3a6b782f7e6e38,usdt,285,32186.899597569445,0.000376,0.25263157894736843,0.00017534639436670484,0.01052078366200229,0.25249880788805495,342179.8333333333,0.017329255861365953,42,0.024464831804281346,0,-1
0xdf2868df50ac67950be49e3fabb1cf364cd5dd7e,usdt,730,158.06637857142854,346.689381,0.038356164383561646,2.660467523957985e-05,0.0015962805143747909,0.038310732344994984,2255242.714285714,0.0007861635220125787,13,0.007861635220125786,0,-1
0xd8a58192a0077dbfc480b2d9324b3d7163b1e985,usdt,7,4347.0,1997.0,0.42857142857142855,0.00027263309038695724,0.016357985423217432,0.3925916501572184,220076.0,0.0,2,0.125,0,-1
0xd8746d9719fb96be42308b0eb9d9b8e91334e029,usdt,631,4115.2753531,3000.0,0.03169572107765452,2.2001256271733115e-05,0.001320075376303987,0.03168180903129569,2727117.0,0.0,9,0.02029520295202952,0,-1
0xa9f8ffac5234da4b2bf39826117c9c716867abe4,usdt,175,211655.37217285,0.001,0.9142857142857143,0.0006328012529464808,0.03796807517678885,0.9112338042429324,94816.5,0.0,1,0.054140127388535034,0,-1
0x32082b020bdf47b72cfeef1555b868c4c97292ec,usdt,1098,1765184384236.6365,0.0,1.6794171220400729,0.0011662146846919776,0.06997288108151867,1.6793491459564478,51448.503253796094,0.3550023052097741,1020,0.09497464269248501,0,-1
0xbcfe7fbb28251dde52041af1085acffd8e9a3aea,usdt,1,0.00033866666666666664,0.000144,15.0,0.009287925696594427,0.5572755417956656,13.374613003095977,6460.0,0.9333333333333333,3,0.13333333333333333,0,-1
0xdbfc20a37c6eebe4e6bc426efb987fb6dffbdc46,usdt,24,7924.107633927481,0.001418,32.75,0.02264529289064571,1.3587175734387424,32.60922176252982,2649.557251908397,0.27455621301775146,592,0.16331360946745563,0,-1
0x05f83b1460f2b2080569ff863c089066408c2437,usdt,78,723.3859233170731,0.0,1.0512820512820513,0.0007244571430590821,0.04346742858354493,1.0432182860050783,82820.63414634146,0.16296296296296298,45,0.21481481481481482,0,-1
0x82f186cd467dc08a1a8e18fc9cb70f53a976c07f,usdt,11,2160.8,0.0,0.45454545454545453,0.0003033906944006213,0.01820344166403728,0.43688259993689477,197764.8,0.0078125,3,0.0234375,0,-1
0x16c917c92c446c3de41b351e32d7d5c8b233c703,usdt,28,0.0002584285714285714,0.000254,0.25,0.00016864300203817112,0.010118580122290268,0.24284592293496643,355781.14285714284,1.0,4,0.2857142857142857,0,-1
0x289e7dc2fce0bf56886ad1b14b5ed1cd0514546f,usdt,310,0.020173749999999997,0.009997,0.05161290322580645,3.579834790624413e-05,0.0021479008743746477,0.051549620984991544,1676055.0,0.0,8,0.11538461538461539,0,-1
0x499bf16df51c689d81473e49a16fc8bb3a9e5c0a,usdt,17,857.5,430.0,0.23529411764705882,0.00016337199803953602,0.009802319882372162,0.23525567717693188,367260.0,0.0,0,0.058823529411764705,0,-1
0x30d15f1fdfbb56cff319e2f36bc989367d70294f,usdt,18,0.024296675191815855,36.674379,173.77777777777777,0.11934467260337736,7.160680356202642,171.8563285488634,502.74552429667517,0.5459882583170255,3127,0.0003913894324853229,0,-1
0x7006a0fe1edebf82f2fde757597b0479cbe7c37f,usdt,12,0.032,0.0578,0.4166666666666667,0.00026994633466866785,0.01619678008012007,0.38872272192288176,222266.4,0.0,3,0.6,0,-1
0x908c057f2a6ecbbace4fafc5f9b7d50bb977060e,usdt,2,2284.2535908888894,0.000102,4.5,0.002148997134670487,0.12893982808022922,3.0945558739255015,27920.0,0.017142857142857144,2,0.017142857142857144,0,-1
0xa9598463b0c647075695940485162c20c7c9bc7b,usdt,48,27239.803771846153,15000.0,0.2708333333333333,0.00018735173992119697,0.011241104395271819,0.26978650548652366,320253.23076923075,0.0,7,0.17142857142857143,0,-1
0x9f038d5e662711b845b98041aa544f3fa8757a6e,usdt,18,0.02375,0.05089,0.4444444444444444,0.0003051827663291854,0.018310965979751126,0.43946318351402697,196603.5,0.125,5,0.5,0,-1
0xcf454db8ffc0237e4fc7241754dfcfcef51eb876,usdt,49,1.0000000000000003e-05,1e-05,0.6938775510204082,0.000480986871887732,0.028859212313263917,0.6926210955183341,124743.5294117647,0.9714285714285714,17,0.05714285714285714,0,-1
0xd29c8abc3d333e1291130b481fac5639ef1d707b,usdt,1,0.00506456,0.00382,25.0,0.01074898959497807,0.6449393756986843,15.478545016768424,5581.92,0.0,17,0.32,0,-1
0x97ec7ed574021dca161e3b04e83faca330403e43,usdt,33,18158.157655910996,350.0,11.575757575757576,0.007823444117671153,0.4694066470602692,11.265759529446461,7669.2565445026175,0.04136572554169402,301,0.040709126723571895,0,-1
0x315b4b5e3d437ced571f530b9995f9465b0bade7,usdt,62,11380.820998363639,10000.548424,0.1774193548387097,0.00012190607912369479,0.007314364747421686,0.17554475393812047,492182.1818181818,0.0,6,0.004694835680751174,0,-1
0x34c1a4331b53063e940d740d63d5be4929148fb3,usdt,12,6.301781500000001,6.879038,0.3333333333333333,0.00022212843466092096,0.013327706079655256,0.31986494591172615,270114.0,0.0,2,0.75,0,-1
0x8b803ef3a19e7913d01470d4926b3ee6262d154b,usdt,904,5811.238694235294,504.608552,0.03761061946902655,2.6117097388812605e-05,0.0015670258433287563,0.037608620239890145,2297345.6470588236,0.006802721088435374,20,0.05442176870748299,0,-1
0x9f1969fd2f462eb1d09aa546cc13a5038a214d08,usdt,1,17112.0,20240.0,5.0,0.007566585956416466,0.45399515738498786,10.895883777239709,7929.6,0.0,0,0.06896551724137931,0,-1
0x93b4168c99417c794785eb31e433ac86a5dfaa3d,usdt,169,947.9471876511628,385.145201,4.834319526627219,0.0033499889700485566,0.20099933820291338,4.823984116869921,17910.506731946145,0.2266514806378132,376,0.14123006833712984,0,-1
0x2347a9c1cc99fd758d3d0f33fdcbea3209c31bfc,usdt,1,0.03639899019607844,0.01,204.0,0.4604966139954853,27.629796839729117,663.1151241534989,130.2941176470588,0.0031847133757961785,100,0.03503184713375796,0,-1
0x216384ce57151ceecd7c65d294808342aed41933,usdt,216,11119.506433117023,10416.876383,0.8703703703703703,0.0006028284196404064,0.03616970517842438,0.8680729242821853,99530.8085106383,0.12052730696798493,102,0.1318267419962335,0,-1
0xee8f7d28f3b42dc2bddb0ff11528ef897e660633,usdt,1,0.0056472499999999995,0.00219,12.0,0.03939592908732764,2.3637557452396583,56.7301378857518,1523.0,0.0,9,0.3333333333333333,0,-1
0x6120e8a4919d1306b630bb66a891166e4bc7c95c,usdt,1,0.42155083720930236,84.106503,430.0,2.969613259668508,178.17679558011048,4276.243093922652,20.204651162790697,0.0026666666666666666,429,0.0026666666666666666,0,-1
0x29c1d7311cf6d7160beab980f9500ec146c91690,usdt,371,53.60661960000001,55.347597,0.14824797843665768,0.00010268385731349905,0.006161031438809943,0.1478647545314386,584317.7454545455,0.05172413793103448,24,0.08620689655172414,0,-1
0x5ec29cb2b4878ca85f8e90a3713127c5704d8298,usdt,13,0.015353050088183424,41.697683,436.15384615384613,0.3007096110398082,18.042576662388495,433.02183989732384,199.52804232804232,0.6994940145625077,5669,0.0002468221646303838,0,-1
0x2b22d2cfadbec7740889748be09493608f8e176e,usdt,3,0.010450891776865786,16.660508,2193.0,1.2876771314491506,77.26062788694902,1854.255069286777,46.595531235750116,0.0,6577,0.0002,0,-1
0x7f01ca980e5ee273559c4460b45b891ee75e212e,usdt,6,0.0,0.0,0.6666666666666666,0.0003993371004133139,0.023960226024798834,0.575045424595172,150249.0,1.0,0,0.75,0,-1
0x38aec2139633db0daf40fefb4c5d9c938cd832ed,usdt,1376,76923076987596.3,200000.0,1.7005813953488371,0.0011806288076119948,0.0708377284567197,1.7001054829612725,50820.37606837607,0.17345086855068706,1252,0.08192896033186414,0,-1
0xb65e6564d47c967b51399bf613e502561661f80e,usdt,1,2394.75,3190.0,4.0,0.020986358866736624,1.2591815320041972,30.220356768100732,2859.0,0.043478260869565216,3,0.08695652173913043,0,-1
0x212310350c6bbe5147a3d1244eb4d268c8c33f08,usdt,478,665141.985560624,50000.001232,0.2615062761506276,0.00018160100022925312,0.010896060013755185,0.26150544033012446,330394.656,0.03597122302158273,41,0.12949640287769784,0,-1
0xf61ccb7e1a1901428d0ec5dbdfa63b991b9c4b15,usdt,768,1.7613386178727624e+16,0.000276,2.95703125,0.002051994708726986,0.12311968252361917,2.95487238056686,29239.84147952444,0.3059279118260351,666,0.057789693178433126,0,-1
0xb52ff71b8efa8a63ca942fe79e1598efb27c09f4,usdt,482,126.453778398773,13.473083,0.6763485477178424,0.0004689563821655025,0.02813738292993015,0.6752971903183235,127943.66871165644,0.0029850746268656717,143,0.011940298507462687,0,-1
0x1b9da6a404df58c6bef6336e207c92b0d330bea2,usdt,42,15.16742,60.0,0.40476190476190477,0.0002784757873493364,0.016708547240960183,0.4010051337830444,215458.58823529413,0.025,3,0.05357142857142857,0,-1
0xd8a5ef3e62fa03091ea893cb30f292a756c3e985,usdt,60,7.333333333333333e-05,0.0,0.25,0.00017109108204843928,0.010265464922906357,0.2463711581497526,350690.4,0.32558139534883723,1,0.06976744186046512,0,-1
0xcb21804f7e6e8000c9b5a19ea0724f907a253ccb,usdt,51,9513.397306688352,37639.04,18.686274509803923,0.012784841712122392,0.7670905027273435,18.410172065456244,4693.057712486883,0.2140221402214022,536,0.21033210332103322,0,-1
0xbee04fb5981593986f38e27c99f7b4044481135b,usdt,44,3723.945388625,0.00019,0.36363636363636365,0.0002502056377585328,0.015012338265511968,0.36029611837228726,239802.75,0.039735099337748346,11,0.026490066225165563,0,-1
0x82d2fe1072b1022d377f1e123a6e458782e5b5d4,usdt,93,430.1805263636363,5.0,0.3548387096774194,0.00024493176794718977,0.014695906076831383,0.35270174584395325,244966.18181818182,0.05434782608695652,16,0.07608695652173914,0,-1
0x4e13a67181efe34e1cad6f2005980c479034132e,usdt,218,1301.4059791333332,3000.358134,0.6880733944954128,0.0004774567217312199,0.028647403303873192,0.6875376792929566,125665.84,0.0,68,0.00332541567695962,0,-1
0xc3c06c3193e871d79d1317ce8e671d176dcaac39,usdt,104,9373.196653534054,0.0,81.74038461538461,0.05675112020209033,3.40506721212542,81.72161309101007,1057.247853193742,0.4082194799471133,5207,0.15337152930806522,0,-1
0xa7ae0e2a01cc05ca384faef003fe9d202964057a,usdt,12,0.012979587665198238,0.0002,94.58333333333333,0.06413226502729152,3.847935901637492,92.35046163929981,935.5665198237886,0.5692051139521956,1134,0.0011117287381878821,0,-1
0x7f33300f4bc4bbe99dae6d8df5ff3aac2800221a,usdt,1265,8573.673616222222,24767.072318,0.014229249011857707,9.877023105841439e-06,0.0005926213863504863,0.014222913272411672,6074704.833333333,0.00911854103343465,11,0.0182370820668693,0,-1
0x06ebe93cfabf7f4f0f52146f0ffb8e589147a4a2,usdt,4,0.04844774193548387,0.05,116.25,0.0728109733183014,4.368658399098083,104.84780157835401,824.0516129032258,0.0,230,0.058823529411764705,0,-1
0xcf40b24d2ba2c1e465b9bb0216ae5fb0ec2bb876,usdt,1,0.0,0.0,4.0,0.8,48.0,1152.0,75.0,1.0,0,0.25,0,-1
0x9286f05c159dd9fd989bd1bbb5fd7d5f38551012,usdt,43,485.84260079310343,952.655,0.6744186046511628,0.000467197876021794,0.02803187256130764,0.6727649414713833,128425.24137931035,0.0,14,0.008958566629339306,0,-1
0x7132436d7bdf6a3426fb656622497ab383d57d73,usdt,1,0.005869124999999999,0.005279,8.0,0.06451612903225806,3.8709677419354835,92.90322580645162,930.0,0.0,4,0.5,0,-1
0x7476d1e9659a49b92c3f65f0a6de00a18fc3d6fa,usdt,1709,35108.71691742105,23.137395,0.011117612638970159,7.716879026603168e-06,0.0004630127415961901,0.011112305798308563,7775164.0,0.0,9,0.00893743793445879,0,-1
0x11c7d5699eca3ce65264903606a37700aeaf92da,usdt,6,122.4560235,122.2,0.6666666666666666,0.00044582153763848327,0.026749292258309,0.641983014199416,134583.0,0.0,2,0.030612244897959183,0,-1
0xc40ae1f0d6d052aab4a1b1516a174424cec11bbb,usdt,1,0.0003675,0.00025,8.0,0.00435777317790609,0.2614663906743654,6.27519337618477,13768.5,1.0,4,0.25,0,-1
0x099a1caaf8cc2870c3f9acf3e47edb7bad58531a,usdt,3,0.13725239903931685,44.457632,1873.6666666666667,1.272352754764815,76.3411652858889,1832.1879668613337,47.15673367728162,0.0003,5613,0.0002,0,-1
0xe639b635075d7c2f97935c46136c5a67795e9f3a,usdt,373,4464.831107223685,0.000125,0.2037533512064343,0.00014115956640238872,0.008469573984143323,0.20326977561943976,425050.8947368421,0.02763018065887354,31,0.01487778958554729,0,-1
0x55d11e270479e199232ec87e19b904484c176c4b,usdt,16,0.024444444444444446,0.068662,0.5625,0.00038721668645774174,0.023233001187464505,0.5575920284991481,154952.0,0.2222222222222222,5,0.5555555555555556,0,-1
0x999c93771c8ed62140c0cbcef6cabc94b6e0a468,usdt,149,2351.862332611538,0.00015,3.48993288590604,0.002413548547600747,0.1448129128560448,3.475509908545076,24859.66153846154,0.18673647469458987,395,0.17975567190226877,0,-1
0xffc79fc921437b2059893a10cc6a576c8f81afa8,usdt,1,0.0001,0.0001,4.0,2.2222222222222223,133.33333333333334,3200.0,27.0,1.0,2,0.5,0,-1
0x0455092b6d9518185cffa24b92e6ef6466e388f9,usdt,22,0.0024222000000000002,0.000387,0.9090909090909091,0.0006175507935527697,0.03705304761316618,0.8892731427159885,97158.0,0.21428571428571427,10,0.07142857142857142,0,-1
0xe03f12ec32be471a3e0fdededf1dda1dfde20205,usdt,383,18526.798058619046,19285.0,0.10966057441253264,7.615314905963554e-05,0.0045691889435781315,0.10966053464587516,787886.0,0.0380952380952381,25,0.06666666666666667,0,-1
0xb4fbdbc8371a1a3ad3b92012c7a3cdad807b6641,usdt,353,13398.165887146666,10073.199461,0.6373937677053825,0.0004416305707280192,0.02649783424368115,0.6359480218483475,135860.16,0.0003,98,0.0021,0,-1
0x7b04115d92fab350738d85b5c3fae0b514c98e63,usdt,13,0.003686958333333334,0.000819,5.538461538461538,0.003624757090931059,0.21748542545586355,5.219650210940725,16552.833333333332,0.1951219512195122,35,0.036585365853658534,0,-1
0x69ac7188ecb2e00b50e6e408c877acaba2b9b848,usdt,1,612.0,918.0,3.0,0.010676156583629894,0.6405693950177935,15.373665480427047,5620.0,0.0,1,0.017241379310344827,0,-1
0xc397d55da128cb64522fdf4e5674adfb931dcce8,usdt,12,0.032,0.053,0.4166666666666667,0.0002812496484379395,0.016874978906276365,0.4049994937506328,213333.6,0.0,3,0.6,0,-1
0xd1b6bcefe7357534ac7bc217d160d20baa281f1f,usdt,122,4428.779636837207,0.000348,0.7049180327868853,0.00048715938495561185,0.02922956309733671,0.701509514336081,123162.97674418605,0.42718446601941745,46,0.2912621359223301,0,-1
0xf8f20028671436748869c23f31f4188d056aa364,usdt,1,37.86858771428571,10.0,14.0,0.01647834274952919,0.9887005649717514,23.728813559322035,3641.1428571428573,0.07142857142857142,1,0.2857142857142857,0,-1
0xd5e2197e984f983adee03ac67a4f0b05d51c900e,usdt,10,5257.653797508773,8401.27769,5.7,0.0037678476996298254,0.22607086197778953,5.425700687466948,15924.21052631579,0.4666666666666667,30,0.2833333333333333,0,-1
0x604c7aeb26ad62ff08f12a6a601de3a9ebf9a887,usdt,233,6939250724887658.0,0.000501,0.296137339055794,0.00020560827868324884,0.01233649672099493,0.2960759213038783,291817.04347826086,0.0970464135021097,42,0.08860759493670886,0,-1
0x57b8d546970c5f23d35667bcd998daac56c44ed5,usdt,3,1923.5778162222223,0.0,3.0,0.0017049975372257795,0.10229985223354676,2.4551964536051223,35190.666666666664,0.4,6,0.4,0,-1
0x1e866ae454a991e1a43740b4530b613bd9272a24,usdt,772,14335.5660325,0.999955,0.05181347150259067,3.5973215782457016e-05,0.002158392946947421,0.051801430726738096,1667907.6,0.01694915254237288,11,0.22033898305084745,0,-1
0xe4ea1272ec6e48859b5fee054bba61e6516d99ee,usdt,98,656.4279001454545,9.3e-05,0.5612244897959183,0.0003894417388077985,0.02336650432846791,0.5607961038832299,154066.69090909092,0.147239263803681,24,0.1165644171779141,0,-1
0xec871498896042203244e68024ef8a8fc9583ee8,usdt,55,0.0004094601769911504,0.000231,4.109090909090909,0.002806742142363923,0.16840452854183535,4.041708685004049,21377.097345132745,0.9221311475409836,110,0.012295081967213115,0,-1
0xf493735464affee02f4f9df3448abeb4e935742c,usdt,1,41.427372000000005,103.56843,5.0,2.5,150.0,3600.0,24.0,0.0,1,0.04950495049504951,0,-1
0x064bc9a0573bcd44ed7ff570693855621eed960e,usdt,46,2675.116384742857,2340.0,1.5217391304347827,0.0010555235547620699,0.0633314132857242,1.5199539188573807,56843.828571428574,0.0,23,0.02,0,-1
0x3b424c5b27b8a137a679717da29a6144ddad0185,usdt,124,23094.452199000003,68535.114374,0.04838709677419355,3.358762900448506e-05,0.002015257740269104,0.0483661857664585,1786372.0,0.0,3,0.0047169811320754715,0,-1
0x3a70fafa13c916a148bd9354d6a81fcea8e4f813,usdt,1063,23714762588845.617,69.490109,1.9059266227657572,0.0013223429619829662,0.07934057771897797,1.9041738652554712,45374.007897334646,0.13669325598259607,1331,0.11094996374184192,0,-1
0x064b0fa5e10da215e4ad80be9d70a9f8925d960e,usdt,44,0.0006149655172413793,0.000174,0.6590909090909091,0.0004492279475549607,0.02695367685329764,0.6468882444791435,133562.4827586207,0.9655172413793104,13,0.10344827586206896,0,-1
0x9b20653e56d1c4adb729d836b36bf8d2f1b495d6,usdt,46,5794.10027678022,0.0,1.9782608695652173,0.0013648867144027046,0.08189320286416227,1.9654368687398946,43959.692307692305,0.29310344827586204,62,0.19827586206896552,0,-1
0xcf42509c977064fe4ecb3db86767ca6fdc290ac9,usdt,26,31245.302721238095,98641.803307,1.6153846153846154,0.0011165639605055376,0.06699383763033226,1.607852103127974,53736.28571428572,0.25925925925925924,30,0.12962962962962962,0,-1
0xf2535e8efd2b56ee628e48f36abf7c544250a365,usdt,36,12887.782777111111,67590.0,7.0,0.004823815868057151,0.28942895208342906,6.946294850002297,12438.285714285714,0.33860759493670883,110,0.24050632911392406,0,-1
0x876ba759751a2b4dc6fb50b98f9c9cc378bcc58d,usdt,7,0.0004534444444444444,0.00055,2.5714285714285716,0.001567834994077068,0.09407009964462407,2.2576823914709774,38269.333333333336,0.8181818181818182,9,0.09090909090909091,0,-1
0xa5f1848a91ff1ba86fa559ec913e55f5adea3ad4,usdt,13,5338.888888888889,10500.0,0.6923076923076923,0.00045270718899016114,0.02716243133940967,0.651898352145832,132536.0,0.0,0,0.35294117647058826,0,-1
0x289e77da9fdd9c154e386966a0fa0d2a117e546f,usdt,242,38888.88889444444,0.0,0.1487603305785124,0.0001029114212810528,0.006174685276863168,0.14819244664471604,583025.6666666666,0.23770491803278687,10,0.08196721311475409,0,-1
0x27a6b32d873d365cd4eceacb2795acd14231f77e,usdt,167,2621.1011168325454,0.0,15.197604790419161,0.0105178791513091,0.6310727490785459,15.145745977885102,5704.572104018913,0.10391945343401654,2263,0.04386911183027688,0,-1
0x20c9fd37fc04b24882d751d1c106f2e3dac6fe65,usdt,1787,28857.27322238227,39500.0,0.40402909904868495,0.00028048858651344444,0.016829315190806667,0.40390356457936,213912.44736842104,0.08476454293628809,488,0.06980609418282549,0,-1
0x7f0170d61bbc14c3d9cbfdd3277552eee75e212e,usdt,49,18665.119441276314,40000.0,1.5510204081632653,0.0010636987605110232,0.0638219256306614,1.5317262151358735,56406.94736842105,0.0,52,0.07142857142857142,0,-1
0x4da12850c8aa56c6c67a0a2e9aa4415c1204a9fb,usdt,243,276.4508125088521,0.0,7.205761316872428,0.005001453877797715,0.3000872326678629,7.2020935840287095,11996.51170759566,0.30325288562434416,1217,0.0708289611752361,0,-1
0x5f6e19534277c336ea49a4b08a35fa02b6ad64a6,usdt,33,183333.33333333334,200000.0,0.9090909090909091,0.0006203320016873031,0.03721992010123818,0.8932780824297163,96722.4,0.0,0,0.010526315789473684,0,-1
0x8d1d75fa18342486236db2f244b7aa1c26ddeba0,usdt,3,1141.0361409999998,315.072282,4.666666666666667,0.0027767860684676108,0.16660716410805665,3.998571938593359,21607.714285714286,0.0,12,0.21428571428571427,0,-1
0xb0f807f03913bbe915b1db88a3c1453bfceb41ea,usdt,1496,7579.045010694768,0.002963,0.22994652406417113,0.00015964265044606586,0.00957855902676395,0.22988541664233483,375839.41279069765,0.046636085626911315,213,0.05198776758409786,0,-1
0x6c0f686753f7c34df13bcda72b050ed1cd1eae26,usdt,220,1522.101564107407,481.359921,1.2272727272727273,0.0008485880124057282,0.05091528074434369,1.2219667378642485,70705.6888888889,0.007168458781362007,104,0.014336917562724014,0,-1
0x07b7e43cd4e59c21eff6496e28b5fa1148f50294,usdt,35,3185.9065215497385,0.000702,5.457142857142857,0.003714796950365645,0.22288781702193872,5.349307608526528,16151.623036649215,0.24873096446700507,124,0.2182741116751269,0,-1
0x2770dcd5ca72639e5b29062196b31d343b841e27,usdt,78,108981.76876298647,0.0007,0.9487179487179487,0.0006576713811632252,0.03946028286979351,0.9470467888750442,91230.97297297297,0.027122641509433963,29,0.025943396226415096,0,-1
0x502b6e9c2c8d396830a5db6256af67be19edd407,usdt,559,3820.9250899999997,100.0,0.008944543828264758,6.206641950990866e-06,0.0003723985170594519,0.008937564409426847,9667063.2,0.0,3,0.004629629629629629,0,-1
0xcf40c99cba1234e6d7e2b8e3e9458468b9dcb876,usdt,59,0.00021190476190476195,0.0001,0.3559322033898305,0.00024393360359627826,0.014636016215776697,0.3512643891786407,245968.57142857142,0.9130434782608695,10,0.08695652173913043,0,-1
0xc5f64130841c02922c7ca44fc788c9decd8c66b8,usdt,311,5869.116321242736,0.17273,1.8810289389067525,0.001302910412325488,0.07817462473952927,1.876190993748703,46050.748717948714,0.22544951590594745,410,0.11479944674965421,0,-1
0xb21b7c28c5befc80d58b326600305cdd62a4a58a,usdt,29,445.30353496760387,230.251957,241.6206896551724,0.16271735899531842,9.763041539719104,234.31299695325853,368.7375481661196,0.1172,2641,0.2026,0,-1
0x81eda731749d4a0dadd357ab0eab3f522704c155,usdt,1,232.73270750000003,77.717515,4.0,0.09389671361502347,5.633802816901409,135.2112676056338,639.0,0.0,2,0.0234375,0,-1
0xd2f71d5e2d9b638dae6bf3b44150fe764576c0ce,usdt,396,1260.267425972332,0.0,0.6388888888888888,0.00044275431685458934,0.02656525901127536,0.6375662162706087,135515.33596837946,0.2,170,0.19661016949152543,0,-1
0xa3ac74abdceea0782c6975b2d57d989772c71304,usdt,198,86462.11928145193,291889.811506,0.5252525252525253,0.00036428060535030133,0.02185683632101808,0.5245640717044339,164708.1923076923,0.23529411764705882,74,0.09558823529411764,0,-1
0xeb2bca4ed64a76c449225d02be34ed69d13d9268,usdt,91,998.4266666666666,1497.64,0.03296703296703297,2.27452966517407e-05,0.0013647177991044418,0.0327532271785066,2637908.0,0.0,1,0.3333333333333333,0,-1
0x526562b3f37a6f156c45f5976c257985bafaf17a,usdt,105,507.39784810169493,870.0,0.5619047619047619,0.00039002849191186676,0.023401709514712005,0.5616410283530882,153834.91525423728,0.0,21,0.19230769230769232,0,-1
0x6a8cc73bbfd9717489ad89661aba0482d1121cc4,usdt,420,15030.169420374434,17500.0,7.357142857142857,0.005102514301076085,0.30615085806456516,7.347620593549562,11758.908737864078,0.14731645166427776,1910,0.06816372033763338,0,-1
0x834df447fb010053d8a07825b9bda5037e34055e,usdt,1,13034.009223142857,9e-06,35.0,1.0115606936416184,60.69364161849711,1456.6473988439307,59.31428571428572,0.14893617021276595,13,0.425531914893617,0,-1
0x0147cee0abff80a2750abdc69e4159d80c8b842d,usdt,185,1568890.7198366174,0.0,1.2432432432432432,0.0008627409204020223,0.05176445522412134,1.2423469253789121,69545.79130434783,0.12148337595907928,113,0.0959079283887468,0,-1
0x5ab55628f48131d9915323e86587a9a2bb8bed76,usdt,72,0.0,0.0,0.3472222222222222,0.0002391108900663772,0.014346653403982631,0.34431968169558314,250929.6,0.7142857142857143,0,0.08571428571428572,0,-1
0x427848c058df320d383318859e1bac0ef6de47c3,usdt,492,0.0,0.0,0.12601626016260162,8.737459631527234e-05,0.005242475778916341,0.12581941869399219,686698.4516129033,0.5344827586206896,1,0.034482758620689655,0,-1
0x9ca16a250c32ed8c74906a4168507ed2e52073d6,usdt,62,36362.8120245,135657.0,0.7741935483870968,0.000536227771683152,0.03217366630098911,0.7721679912237388,111892.75,0.0,0,0.043912175648702596,0,-1
0xa26646ebeb32a214fcee104d7b0f302f6725a017,usdt,105,142.6344504230769,55.984324,0.24761904761904763,0.0001704377102611368,0.010226262615668207,0.245430302776037,352034.76923076925,0.0,1,0.1111111111111111,0,-1
0xe8905ab7937e881b9ef366d9f34ec6557dba3e37,usdt,577,1738436.6474512715,86919.3570014,0.008665511265164644,6.008537892003021e-06,0.00036051227352018123,0.00865229456448435,9985790.4,0.0,3,0.001509813789632612,0,-1
0x834e51a0ec19a2d804b339849a262ec1bdcb814c,usdt,1,0.06,0.09,3.0,2.5,150.0,3599.9999999999995,24.0,0.0,1,1.0,0,-1
0x87d60740eb767992fbf5dc857f869eb76e81d55c,usdt,92,117379.01215066666,0.307648,0.4891304347826087,0.0003361349559439118,0.020168097356634707,0.48403433655923295,178499.73333333334,0.011382113821138212,26,0.016260162601626018,0,-1
0x86e367d12d232f0d0f1f6053da0404219180a0c5,usdt,1370,214116.389631375,449999.120817,0.00583941605839416,4.0546103644034604e-06,0.00024327662186420765,0.005838638924740984,14797969.375,0.0,4,0.014245014245014245,0,-1
0x2eae89115be9dc0e0c010e589a99d14b1d303ddb,usdt,25,109.70930877868854,117.633583,4.88,0.0032741833327965823,0.19645099996779491,4.714823999227078,18325.180327868853,0.1678832116788321,91,0.15328467153284672,0,-1
0x6a79814b38dacd4d9414dfad5aa4a45166c99427,usdt,49,781.0203369999999,526.760899,0.061224489795918366,4.221499251387466e-05,0.0025328995508324794,0.060789589219979505,1421296.0,0.0,1,0.15,0,-1
0xe05f09b9e226d03e14930456c82be5a571754a2a,usdt,17,0.0006509375,0.002,1.8823529411764706,0.00125882158564314,0.07552929513858839,1.8127030833261213,47663.625,0.7567567567567568,15,0.13513513513513514,0,-1
0xeb8ec6a6059e9d257f2406fb0b8e429deaa878aa,usdt,138,1428.2319617241378,12.5,0.21014492753623187,0.0001450187074132563,0.00870112244479538,0.20882693867508906,413739.724137931,0.02127659574468085,23,0.14893617021276595,0,-1
0x1f350abd60caeac3b6d49c1710af585a7edd4a79,usdt,953,9115.044430476635,0.000635,0.11227701993704092,7.792334149270828e-05,0.004675400489562496,0.11220961174949991,769987.5140186916,0.16666666666666666,39,0.10344827586206896,0,-1
0x7b0922f0d4b62e9f5aba43adbf4b0c1d42cf9918,usdt,46,0.0005616111111111111,0.00073,3.130434782608696,0.0021327330084865,0.12796398050919,3.07113553222056,28132.916666666668,0.8411764705882353,70,0.029411764705882353,0,-1
0x911385f9d6108b2a79b94b37b222066cfb84d5c2,usdt,7,8.930358,10.86,2.0,0.0013289288833200441,0.07973573299920264,1.9136575919808636,45149.142857142855,0.0,7,0.025806451612903226,0,-1
0x07172923caf31f75d70dc0df2d871e6a4d990956,usdt,1,1898.469634,1896.939268,4.0,0.0028200789622109417,0.1692047377326565,4.060913705583756,21276.0,0.0,2,0.011904761904761904,0,-1
0x42789d3a37c2420181722dafdd808d87aaea47c3,usdt,65,0.00078,0.0009,0.23076923076923078,0.0001578505386912717,0.009471032321476303,0.22730477571543126,380106.4,0.6190476190476191,8,0.14285714285714285,0,-1
0x5b4194edb9b1c1e37bf14ec7bc271a599c43ef76,usdt,59,4484.997371852376,0.001,20.322033898305083,0.0139326908104666,0.835961448627996,20.063074767071903,4306.418682235196,0.36160714285714285,667,0.26711309523809523,0,-1
0x2d8006e7f172a9f9c18935c52620fc5b7277eaa9,usdt,103,1014.6307137142855,1430.17964,0.27184466019417475,0.00018869119742086088,0.011321471845251653,0.27171532428603967,317979.85714285716,0.3055555555555556,6,0.5,0,-1
0xc81492f8b9113f25ecfee8607ddcfda3a9aee967,usdt,126,96.54546636666666,111.264368,0.47619047619047616,0.00032955516643634424,0.019773309986180654,0.4745594396683357,182063.6,0.05555555555555555,28,0.1111111111111111,0,-1
0x449cc72b6c7a8628faf240685cb977f6d1a334aa,usdt,1,0.0017840000000000002,0.00446,3.0,3.75,224.99999999999997,5400.0,16.0,0.6666666666666666,1,1.0,1,2
0xd3b05b2df63b3001b1a77a1855358be317fbf48d,usdt,164,40478.39129056411,12383.0,18.6890243902439,0.01297179892822892,0.7783079356937351,18.679390456649642,4625.418597063622,0.0,716,0.029628156691191093,0,-1
0x3cd751e6b0078be393132286c442345e5dc49699,usdt,1256,7405.039789994759,1892.829092,5.773089171974522,0.004007875983902647,0.24047255903415882,5.771341416819811,14970.523100262033,0.0001,4073,0.2784,0,-1
0x0c888cac1a76fb9feb53ecee90687ced2c0ead19,usdt,142,8468.011257355556,0.001,5.070422535211268,0.003502252142697318,0.21013512856183905,5.0432430854841375,17131.833333333332,0.16720955483170466,413,0.2280130293159609,0,-1
0xcf40472f2268efbf39140d10698fa2018765b876,usdt,1,0.0020799999999999994,0.0001,5.0,0.06112469437652812,3.6674816625916873,88.0195599022005,981.6,0.6666666666666666,4,0.3333333333333333,0,-1
0x23281d8b9a81bc2ebc1c6289ff754a079216cf13,usdt,376,16302.243766278383,0.000143,2.6941489361702127,0.0018667319255017327,0.11200391553010397,2.688093972722495,32141.733464955578,0.05249014690075242,734,0.026692941597993552,0,-1
0x657275216c92df117fef398120007b65c606fe5a,usdt,312,53382.85178699355,475000.006746,0.4967948717948718,0.000344579366409692,0.020674761984581517,0.49619428762995643,174125.34193548388,0.08853118712273642,121,0.018108651911468814,0,-1
0x10c97755004624535602c1d00d1cc3f591f427ca,usdt,24,170.35626080898876,118.390551,3.7083333333333335,0.002480822406564981,0.14884934439389885,3.5723842654535725,24185.52808988764,0.18181818181818182,68,0.1414141414141414,0,-1
0x212caadc75b054c2e8f163f9ecf2c80a9db46f5b,usdt,1,0.0007850000000000001,0.00057,6.0,0.00694605232692753,0.41676313961565176,10.002315350775643,8638.0,0.5,3,0.3333333333333333,0,-1
0x243d290a9578d737517a1e99c559af513eb9e1cc,usdt,1,130.0,130.0,4.0,0.08620689655172414,5.172413793103448,124.13793103448276,696.0,0.0,2,0.5,0,-1
0xdf64add8be9e30f99a6b0d283605534913388b2a,usdt,46,2621.9146354344266,10.0,23.869565217391305,0.016524448056345658,0.9914668833807395,23.79520520113775,3630.9836065573772,0.0145,207,0.0634,0,-1
0x8e1e8081ebcc7eb1634240c76d368cff85a099ea,usdt,70,5.714285714285715e-05,0.0,0.1,6.878836179533694e-05,0.0041273017077202165,0.09905524098528519,872240.5714285715,0.7,1,0.4,0,-1
0xfa23a09ef9b794842663c9ac8cb7c2141381600e,usdt,225,4571.81198932301,0.0,2.008888888888889,0.0013948602485813779,0.08369161491488267,2.008598757957184,43015.06194690266,0.12569832402234637,326,0.07076350093109869,0,-1
0xb6c54b7236bff76d50e2d44d4fdc1817414b15c1,usdt,6,73.33333333333333,100.0,0.5,0.00034019005284285486,0.020411403170571295,0.489873676093711,176372.0,0.0,0,0.3333333333333333,0,-1
0x2124e2604cdfd40000e396d283a68078c0550c40,usdt,181,14016.836526240797,70000.0,5.254143646408839,0.0036416299184979482,0.2184977951098769,5.243947082637045,16476.13880126183,0.1627450980392157,109,0.052941176470588235,0,-1
0xec7e014e3ea769c9b7613ce2c150bd255e11b0af,usdt,81,2547.991929967742,3500.0,0.38271604938271603,0.00026516395686210106,0.015909837411726063,0.38183609788142553,226275.09677419355,0.07692307692307693,11,0.4358974358974359,0,-1
0x05a1d2799a4e9f6535ee38192b653aed1affa629,usdt,130,1977.731889865385,0.0,0.4,0.00027571346160371914,0.016542807696223148,0.3970273847093556,217617.23076923078,0.3898305084745763,25,0.4067796610169492,0,-1
0x212c1b84246dd822f9344d5b3e9e12a8cc836f5b,usdt,10,0.0009436363636363639,0.00057,2.2,0.00146055182303423,0.0876331093820538,2.1031946251692912,41080.36363636364,0.9090909090909091,17,0.13636363636363635,0,-1
0x62c77307c51747829303e40f0641280475d135e9,usdt,343,7979.543695405269,100000.0,9.956268221574344,0.0068953068300487575,0.4137184098029255,9.929241835270211,8701.570717423134,0.1779033515198753,2434,0.10307872174590803,0,-1
0xa3cd1c0b880d42093c6a2341fe66be801201b65b,usdt,167,304259634968021.8,153382.160205,2.9520958083832336,0.0020461916347701502,0.12277149808620899,2.946515954069016,29322.766734279918,0.13214285714285715,369,0.04642857142857143,0,-1
0xa34c9be12b40ef608526c299641d69c18cacf8a2,usdt,1,945.8334436666668,0.000331,6.0,0.6382978723404255,38.29787234042553,919.1489361702127,94.0,0.42857142857142855,3,0.5714285714285714,1,2
0xa03ab31876cfb21cdebd59bb679df6940cc81dae,usdt,1475,17415.402578635738,1800.0,0.19728813559322034,0.00013697655939595062,0.008218593563757037,0.1972462455301689,438031.15120274917,0.07227958697378872,214,0.046068308181096106,0,-1
0x7ba8c6e2852ca121a5cce902582696ffddb5ea9e,usdt,210,43565.541237650425,0.001,15.733333333333333,0.010892650032737292,0.6535590019642376,15.6854160471417,5508.301452784503,0.0,744,0.02811804008908686,0,-1
0x14ad11732da8a9cc1be9ece6750cd9b653f0efd1,usdt,528,37105751416572.945,500.0,3.0625,0.0021249284462870124,0.12749570677722077,3.0598969626532986,28236.244897959183,0.12593016599885518,1059,0.07155123068116771,0,-1
0x809a369308ef4f5721be2a4861b2b2855e7acddc,usdt,281,15105.17624003145,0.0,5.092526690391459,0.003526781357300659,0.21160688143803955,5.078565154512949,17012.67924528302,0.07021791767554479,1204,0.041565778853914444,0,-1
0x05de433991815aef2cc468fc22889749c6a3481f,usdt,224,3614.9409728767973,17053.483653,2.174107142857143,0.0015092650901716164,0.09055590541029697,2.1733417298471274,39754.4476386037,0.19965576592082615,119,0.08433734939759036,0,-1
0x4c3ccc98c01103be72bcfd29e1d2454c98d1a6e3,usdt,1,5255.333356825339,61.0,1918.0,3.4286735788344656,205.72041473006792,4937.28995352163,17.499478623566215,0.0005,1039,0.0148,0,-1
0xe95f31932f4cf52cfe70877afdd3bdd2f5e543d6,usdt,23,13024.774393089287,0.0003,2.4347826086956523,0.0016502233695203743,0.09901340217122245,2.376321652109339,36358.71428571428,0.06461538461538462,37,0.046153846153846156,0,-1
0xf4c7ad772065153fe87e9f2303e9b8ef37b5e857,usdt,868,12290.834898843512,4965.0,0.30184331797235026,0.00020961170471759145,0.012576702283055487,0.30184085479333167,286243.5572519084,0.08594815825375171,151,0.11050477489768076,0,-1
0xbc1e47b85a415031cf1f980fc8cfea28222ca18b,usdt,251,11861.2,13306.0,0.0398406374501992,2.7578827182795224e-05,0.0016547296309677134,0.039713511143225126,2175582.0,0.0,5,0.05263157894736842,0,-1
0xf3e379a7495144a323dee240951d894b71ff8f39,usdt,1,0.0007379999999999999,0.000492,12.0,1.2244897959183672,73.46938775510205,1763.2653061224491,49.0,0.8333333333333334,9,0.16666666666666666,0,-1
0x72ca0c5690f410c7ba9207002a86bdd3365ad2ae,usdt,220,168275.22448714986,100000.0,7.036363636363636,0.004871941582021403,0.29231649492128414,7.01559587811082,12315.418604651162,0.0,112,0.00251414204902577,0,-1
0x064b4a52ee487ec9eb322a7b81be6754c15d960e,usdt,1,0.001344,0.00336,3.0,7.5,449.99999999999994,10800.0,8.0,0.6666666666666666,1,1.0,1,2
0x4c19fb100999e1c3efa3f681e137b629613acf88,usdt,15,0.0161635,0.085146,1.6,0.0010919414719371041,0.06551648831622625,1.57239571958943,54948.0,0.28,13,0.36,0,-1
0xad30fb920e2e14dfd0868e4c450a203f1d04a9e2,usdt,127,7497.312656060605,0.0,0.25984251968503935,0.00018039273137554376,0.010823563882532626,0.25976553318078305,332607.63636363635,0.1744186046511628,20,0.11627906976744186,0,-1
0x6c1a1a9dbe083029ac3df7ac6db08ef56d1dc79f,usdt,497,1415.671695142857,2500.0,0.014084507042253521,9.779068490639894e-06,0.0005867441094383936,0.014081858626521448,6135553.714285715,0.0,4,0.04225352112676056,0,-1
0x49dfc8a11279e51a330ea161bfcf9e244ab10f07,usdt,1,1520.6662435,0.0,4.0,0.010741138560687433,0.6444683136412459,15.467239527389902,5586.0,0.006329113924050633,3,0.012658227848101266,0,-1
0x0da4da529d0bc592b67b4cc3c6dc58c7e4bba943,usdt,2,0.0007225,0.0005,6.0,0.0040930486390613275,0.24558291834367962,5.893990040248312,14659.0,0.9166666666666666,5,0.3333333333333333,0,-1
0x4865a35915ac90a960cac31f8d7fa8fd4e7a6b30,usdt,17,0.025211111111111115,0.0069,0.5294117647058824,0.0003650878644793847,0.021905271868763083,0.5257265248503139,164344.0,0.1111111111111111,4,0.6666666666666666,0,-1
0x98d729d73fbd1626530aa6549b5829d711b3ae58,usdt,211,8013.409995583333,17404.523337,0.17061611374407584,0.00011843842879580359,0.007106305727748216,0.1705513374659572,506592.3333333333,0.0,9,0.018442622950819672,0,-1
0xe4a1f0430c9af7a314f5cc01f1abcf2cf7ead4fd,usdt,1221,5472417629640.395,957.35,2.212121212121212,0.001535058206042662,0.09210349236255973,2.2104838167014336,39086.46575342466,0.2614213197969543,1443,0.0799492385786802,0,-1
0x86007181a5a0a9f168e4ea18ac0221e99a5187d4,usdt,12,0.0005824146341463415,0.000124,6.833333333333333,0.004387279030946368,0.2632367418567821,6.31768180456277,13675.90243902439,0.9397590361445783,37,0.08433734939759036,0,-1
0x3ff245612e4dcae39e3f683acda7b7d2edff43d4,usdt,170,436285859186387.7,3060.275842,0.3235294117647059,0.00022420391305127667,0.013452234783076599,0.3228536347938384,267613.5272727273,0.014760147601476014,36,0.02214022140221402,0,-1
0x24551c7568a71c2db470be05ccae68cbea17b821,usdt,108,44.310171000000004,40.481553,0.09259259259259259,6.372933894831295e-05,0.003823760336898778,0.09177024808557065,941481.6,0.0,5,0.025,0,-1
0x0a260656021a09b19cebf7a13631efce8f95a1b0,usdt,545,132491.982353,350.015,0.04036697247706422,2.8031155355033694e-05,0.0016818693213020218,0.04036486371124852,2140475.4545454546,0.0,8,0.0032324419629738465,0,-1
0x7ff7528418b19bcf835bb331d1e00380b66f8042,usdt,123,11269.690944586206,3268.0,0.943089430894309,0.0006548093488711313,0.039288560932267874,0.942925462374429,91629.72413793103,0.6058394160583942,2,0.0948905109489051,0,-1
0x0486e168c2a6744bd3426a4f6451dbf4e3670e33,usdt,1,0.060084210221394596,57.529759,4833.0,3.069350946272069,184.16105677632416,4419.86536263178,19.54810676598386,0.00040005334044539273,4831,0.00040005334044539273,0,-1
0x6b175474e89094c44da98b954eedeac495271d0f,usdt,829,1.8328724999999997,1.0,0.007237635705669481,5.024009742559693e-06,0.0003014405845535816,0.007234574029285958,11942652.0,0.0004,0,0.0005,0,-1
0xdc40ee1a24caad0ad5fe63622053c996c0ad0d3b,usdt,1,3329.1333990000003,0.000394,6.0,0.07075471698113207,4.245283018867925,101.88679245283019,848.0,0.3333333333333333,3,0.5,0,-1
0xe382060d41b8bbb72d7aa90c352f0b7057b82184,usdt,1,0.000522,0.00011,10.0,0.032679738562091505,1.9607843137254903,47.05882352941177,1836.0,0.9,4,0.2,0,-1
0x8b03d7332d0b6ec3e4e749dbe9efa7b8b18daf31,usdt,2,0.00010224999999999999,9.7e-05,2.0,0.0013528138528138528,0.08116883116883117,1.9480519480519483,44352.0,0.8,2,0.4,0,-1
0x7d8874359a75ff570b745398f634da8cf0753669,usdt,7,8.522222222222222e-05,0.000101,1.2857142857142858,0.0007897230704432979,0.04738338422659787,1.137201221438349,75976.0,1.0,4,0.2222222222222222,0,-1
0x33b01a1cf4318b9e26176c0ccd7804502abf629c,usdt,3,0.0002006315789473684,0.000128,12.666666666666666,0.008494277539341916,0.509656652360515,12.231759656652361,7063.578947368421,0.2222222222222222,19,0.029239766081871343,0,-1
0x78df716f44b6af5a372ef8a501ab9308c8f3762b,usdt,76,63564.327156726555,79450.0,5.052631578947368,0.0034969492760222203,0.2098169565613332,5.035606957471997,17157.8125,0.0,123,0.0027494108405341712,0,-1
0xbca3e4da3fe69af2a43089d9fb885219daa0d8b6,usdt,1221,19251.25899231959,0.000106,0.23832923832923833,0.00016538808228256014,0.009923284936953608,0.2381588384868866,362783.09278350516,0.3224932249322493,126,0.0948509485094851,0,-1
0x57589edd10c65bfd96a2a845e79dccd024493344,usdt,556,246083.18915599998,401098.0,0.02877697841726619,1.996634672259906e-05,0.0011979808033559436,0.028751539280542644,3005056.5,0.02040816326530612,9,0.061224489795918366,0,-1
0x3e096ba72ce4b6ce6b13efaa099e804e017afe4a,usdt,1,0.027683333333333338,0.01,60.0,0.029973024278149667,1.7983814566889798,43.16115496053552,2001.8,0.0,29,0.2247191011235955,0,-1
0x614df6f0ae116c278446a3beac0f2724e5ab7fe5,usdt,4,11.159514714285715,26.038,1.75,0.0011605544134226408,0.06963326480535845,1.6711983553286027,51699.42857142857,0.05,4,0.1,0,-1
0x674bdf20a0f284d710bc40872100128e2d66bd3f,usdt,315,7223.560132611296,499.5,0.9555555555555556,0.0006634883882919208,0.039809303297515246,0.955423279140366,90431.12292358805,0.0004,225,0.0047,0,-1
0x6ab83047d47d08a8a8cc3d9308acbc8f9f4cb247,usdt,2,0.07615649944608567,30.970874,2708.0,1.3218138331624933,79.30882998974958,1903.4119197539906,45.39217134416543,0.0003,5411,0.0003,0,-1
0x7c47b28820048668b71daa55cf18ee5c50b76bc9,usdt,257,294.60338239325836,954.281114,1.7315175097276265,0.001200590312720052,0.07203541876320313,1.7288500503168747,49975.41573033708,0.3427495291902072,251,0.17325800376647835,0,-1
0x41dd5904f3d1671fcb18cb1d2c13482ac5518c71,usdt,12,0.032,0.05398,0.4166666666666667,0.0002722748015116697,0.016336488090700183,0.39207571417680437,220365.6,0.0,3,0.6,0,-1
0xc40ab12f0527e27961ce57eaa62dcdf7257439ab,usdt,25,913.805986736842,250.648884,0.76,0.0005106813026136132,0.03064087815681679,0.7353810757636029,117490.1052631579,0.0,12,0.03007518796992481,0,-1
0xd0e938036e4a8ff58375826c2c10c6c52ed66330,usdt,791,545.5935724999999,1091.187145,0.0050568900126422255,3.51050870781685e-06,0.000210630522469011,0.005055132539256264,17091540.0,0.0,1,0.2857142857142857,0,-1
0xa9f86d9eaf339305cd36e76bc0de7ac5b024f075,usdt,298,5768533700830409.0,0.0,3.661073825503356,0.0025380143840976533,0.1522808630458592,3.6547407131006207,23640.527956003665,0.04897074756229686,780,0.013651137594799566,0,-1
0x009936277283a532f21fd0e2f0e0661126dc5214,usdt,1,0.003704666666666667,0.000101,3.0,0.375,22.5,540.0,160.0,0.3333333333333333,2,0.6666666666666666,1,2
0x2e9093097c712b9ed24a9f6595f9d83856570447,usdt,826,10220.05749417128,0.000912,0.6997578692493946,0.0004858107130171552,0.02914864278102931,0.6995674267447035,123504.89273356402,0.12313937753721245,174,0.22868741542625168,0,-1
0xadfe65b51664140eda5a2dc0e5ece0ce51596cb4,usdt,1918,25770.073409678513,0.000642,0.3227320125130344,0.00022402747915992519,0.013441648749595511,0.32259956999029227,267824.2875605816,0.11168639053254438,366,0.05325443786982249,0,-1
0x6f392f403e8b3301f31c91c5100ad64a207b5e29,usdt,133,2308.8414779355826,200.088238,4.902255639097745,0.0033985911484423295,0.2039154689065398,4.893971253756955,17654.374233128834,0.20537313432835821,283,0.09194029850746269,0,-1
0x6d1a493acbdff7f353210f560eb8a77882372d3c,usdt,250,811.714609962536,608.966887,4.164,0.0028894963338647857,0.17336978003188716,4.160874720765292,20764.86455331412,0.020129130269654388,556,0.030003797949107482,0,-1
0x6b82d0abc3e27d6ed3441046102ebe6190b3bfcd,usdt,12,0.032,0.058,0.4166666666666667,0.0002702030846384143,0.016212185078304853,0.3890924418793165,222055.2,0.0,3,0.6,0,-1
0x807e0f27d48bc4910b626f98e06d683cd9ce9c4c,usdt,1392,2467.502464048888,0.000465,0.3232758620689655,0.0002243711493703809,0.013462268962222855,0.3230944550933485,267414.06,0.1807081807081807,294,0.09035409035409035,0,-1
0x7fe4b2632f5ae6d930677d662af26bc0a06672b3,usdt,1005,463354.3182092982,6694.703022,0.6407960199004975,0.00044498745812522915,0.02669924748751375,0.64078193970033,134835.26086956522,0.00421984355701935,329,0.00792507204610951,0,-1
0x10849f49c03d5720bc21cecdc0444717235682e1,usdt,450,402.564375,1610.2575,0.017777777777777778,1.2340133569605758e-05,0.0007404080141763454,0.01776979234023229,4862184.0,0.0,1,0.14285714285714285,0,-1
0x80fa4c1fd0fbb9a4f071999af69531dee1016644,usdt,47,63.86261060844792,55.720252,108.29787234042553,0.07466846614247154,4.480107968548292,107.52259124515902,803.5520628683694,0.0007,2705,0.0105,0,-1
0x49936418c8d76c6307cba726be15671d14fa5937,usdt,11,0.027566666666666666,0.0054,0.5454545454545454,0.0003498542274052478,0.02099125364431487,0.5037900874635569,171500.0,0.0,3,0.6666666666666666,0,-1
0xc20251dc98a1f46d967ca5937ba95a5439b4fc39,usdt,108,173704.02404268002,314815.430585,0.23148148148148148,0.00015978238916854358,0.009586943350112615,0.23008664040270277,375510.72,0.008865248226950355,18,0.008865248226950355,0,-1
0x13b5f7c38da2f6d22c48b69feadab8bf2397bfe6,usdt,137,6829.512040924577,6.0,22.83941605839416,0.015751781325606284,0.9451068795363771,22.68256510887305,3809.093000958773,0.10432465669194507,1801,0.20618979299036688,0,-1
0x574950a48ab21649a95320b4b45b570d3856c60e,usdt,670,5593.344093400001,16996.33331,0.014925373134328358,1.0361328537834185e-05,0.0006216797122700511,0.014920313094481226,5790763.2,0.0,5,0.02127659574468085,0,-1
0x0f4a1d7fdf4890be35e71f3e0bbc4a0ec377eca3,usdt,11,60159.875883114335,6.553165,134.36363636363637,0.09140270373897663,5.484162224338598,131.61989338412636,656.4357239512855,0.0,767,0.0087,0,-1
0x611c3f1cced95d97cc3ab954d5726099d7cc2dcb,usdt,58,27.8123872,8.334855,0.6896551724137931,0.00047548517318358715,0.028529110391015234,0.6846986493843655,126186.9,0.017543859649122806,4,0.12280701754385964,0,-1
0x2cff890f0378a11913b6129b2e97417a2c302680,usdt,2,8617.665735498349,1691.438438,2724.0,1.3645927261797415,81.87556357078448,1965.0135256988278,43.969162995594715,0.0021,1978,0.3147,0,-1
0x3f0fc97e1d195a170c17a7ed71dd4f764fce215d,usdt,105,75.20803888585786,0.00011,13.266666666666667,0.009131468232585642,0.5478880939551385,13.149314254923324,6570.684852835607,0.7227241139680334,451,0.11952744961779013,0,-1
0x08c72e9d0693d56d6ec7b53786e78cd9d709fceb,usdt,2,3908.0003908,0.000977,2.5,0.0016990621177110233,0.10194372706266142,2.4466494495038735,35313.6,0.04838709677419355,2,0.06451612903225806,0,-1
0x85bb0ac1a9253f6b663d7229c468a61d914014a0,usdt,217,72651.98364583249,200000.0,23.57603686635945,0.016347168354745055,0.9808301012847034,23.53992243083288,3670.360437842064,0.2622848200312989,2532,0.07991653625456442,0,-1
0x74ba52f361a9e0b5871a132f68161162edd1b96c,usdt,31,5239.803714285715,5937.0,1.8064516129032258,0.0012411237489029351,0.07446742493417612,1.7872181984202269,48343.28571428572,0.0,4,0.0847457627118644,0,-1
0xc2414cdaec1e70a844a825cc3aa235719c107fbe,usdt,32,15571.270335344829,0.0,1.8125,0.0012571200679711817,0.07542720407827089,1.8102528978785015,47728.137931034486,0.06645569620253164,38,0.04746835443037975,0,-1
0x2774d901da5d5aa73d6675741347473e289c1d4e,usdt,1654,5578.575305826087,0.000415,0.04171704957678356,2.895871531528455e-05,0.001737522918917073,0.04170055005400975,2071915.115942029,0.0066815144766146995,46,0.028953229398663696,0,-1
0x9ee15510f69a23e08a0d2666272764a8c1ceb51c,usdt,250,102336.1405754,163521.122877,0.02,1.3866625251679249e-05,0.0008319975151007549,0.019967940362418116,4326936.0,0.0,3,0.02564102564102564,0,-1
0xc1b3a919cd84eb29717a641a86926c3184b0a1af,usdt,991,57104.95362236242,0.0,0.38143289606458125,0.00026466132732276727,0.015879679639366033,0.3811123113447848,226704.82539682538,0.004588775150017649,196,0.006706671373102718,0,-1
0x873cf09cba2c975c9a17c3c775db89b5c6f69684,usdt,7,377.79444166666667,94.76665,1.7142857142857142,0.0010475774770842426,0.06285464862505456,1.5085115670013096,57275.0,0.0,8,0.125,0,-1
0x410a48a257454b8b84d6da2559d4b16ebdd6bed7,usdt,40,91.97859373255814,100.0,2.15,0.0014676619462562674,0.08805971677537605,2.113433202609025,40881.348837209305,0.020833333333333332,32,0.5625,0,-1
0xa47697a5e36b2a659e5abd8463b971ff3f219a48,usdt,13,6402.8048926679685,20000.0,19.692307692307693,0.013213039618473482,0.7927823771084088,19.026777050601815,4540.96875,0.214123006833713,159,0.17312072892938496,0,-1
0x0e3fff14023c233fb61d5b216f5b40ae9a0a4b92,usdt,70,1362.2659788468084,0.0,3.357142857142857,0.002323525747631487,0.1394115448578892,3.345877076589341,25822.825531914892,0.4227941176470588,124,0.3125,0,-1
0x48eab887ba7dc4b0c3c5cc22e328b789d3ae0b25,usdt,461,55146.071104611314,87281.0,7.171366594360086,0.004978095476438069,0.2986857285862841,7.168457486070819,12052.802177858439,0.17458128078817733,2390,0.07310344827586207,0,-1
0xce14b89b5e856ac0476f7336cc645936b90044d6,usdt,65,47634.131335038765,191.76,9.923076923076923,0.006827911230802454,0.4096746738481472,9.832192172355535,8787.460465116279,0.20748663101604278,429,0.07700534759358289,0,-1
0xfbd95d8d8e231b684b477146463478e37b14939f,usdt,1,1048.0546131199999,2679.16159,25.0,0.010563677850080284,0.633820671004817,15.211696104115608,5679.84,0.32,17,0.28,0,-1
0x1235c11cb1f0a8829efdb7e97ab49fa0fb890171,usdt,10,9398.087622613793,10000.0116,14.5,0.009367409168432476,0.5620445501059486,13.489069202542767,6405.186206896552,0.4810126582278481,78,0.2088607594936709,0,-1
0x55a074b4734117428c953797d0b36f73c5596ad7,usdt,100,3695.377574555556,6720.65094,0.18,0.00012434030560083998,0.0074604183360504,0.17905004006520958,482546.6666666667,0.22727272727272727,11,0.3181818181818182,0,-1
0x1dad2b2902366393c895c87c56545461fff69729,usdt,1518,18153.454360082877,0.0005,0.7233201581027668,0.0005022987027655661,0.030137922165933966,0.7233101319824151,119450.83606557376,0.2,509,0.11346704871060172,0,-1
0x78e80c6ff0d971e474560f9ed278b9c6acad2b09,usdt,152,677.1266314736843,0.0005,0.125,8.662208516683413e-05,0.005197325110010049,0.12473580264024114,692664.0,0.24,10,0.32,0,-1
0x92de6ea69633c89d99b00ce32e972adbb07defaa,usdt,1,2500.300125,0.0005,4.0,0.001529285823520416,0.09175714941122495,2.202171585869399,39234.0,0.2857142857142857,2,0.42857142857142855,0,-1
0x66b7e4ccd618d2ce3db495edab893ac73c6854cd,usdt,74,546.8116334344262,0.0,1.6486486486486487,0.0011407946289144686,0.06844767773486811,1.6427442656368347,52594.91803278688,0.3741935483870968,51,0.2903225806451613,0,-1
0x3444cc04612d80b0dbb01f0826317532bf747967,usdt,915,5713.481657590014,0.00855,2.276502732240437,0.0015803104995283346,0.09481862997170007,2.275647119320802,37967.22227556409,0.23521358159912376,1181,0.08953997809419496,0,-1
0xa0a9a9e3f2643b0bffc2e07e7d6eb87a9c126b11,usdt,203,4167.75676059633,2640.225064,1.0738916256157636,0.0007449115366294872,0.044694692197769226,1.0726726127464614,80546.47706422018,0.09705372616984402,156,0.09532062391681109,0,-1
0x87ffa43354af34a800b250f0c1d544cf9ebbe8e3,usdt,85,204.6975951,0.0,0.35294117647058826,0.00024380570960464464,0.014628342576278678,0.3510802218306883,246097.6,0.125,6,0.125,0,-1
0x448197420e598f250c512ed3a30959ab5f3745d7,usdt,2,0.005470861190703598,32.2894,3141.0,1.733156762125476,103.98940572752856,2495.745737460685,34.6189111747851,0.6281,6282,0.0001,0,-1
0x242ad52dc38ee140561262346204ff86c0f051bd,usdt,373,182.02080470760234,109.034982,0.9168900804289544,0.000636281674083131,0.038176900444987866,0.9162456106797089,94297.85964912281,0.03561643835616438,174,0.06575342465753424,0,-1
0x52d222beaac5b1ce93f94778a672d143f150052f,usdt,607,436681222738039.25,30.75,0.3772652388797364,0.00026167481020006127,0.015700488612003675,0.37681172668808816,229292.2270742358,0.031395348837209305,60,0.03837209302325582,0,-1
0xdfb8f66e7323229292df1ff88ec9332fb7628797,usdt,124,25066.745809300675,0.000979,2.3870967741935485,0.001648578713507095,0.09891472281042571,2.373953347450217,36394.98648648649,0.14705882352941177,221,0.0784313725490196,0,-1
0x39f5ab30e00ae95c9dc2373443cd911e93e297b3,usdt,1241,59.17464717647059,32.108929,0.0136986301369863,9.508821277564954e-06,0.0005705292766538972,0.013692702639693534,6309930.352941177,0.0,8,0.04395604395604396,0,-1
0x90d2b5841ff2eb969dc222ae781644eb4ad1d7b7,usdt,254,276.5276090301004,1000.0,1.1771653543307086,0.0008171926399093927,0.04903155839456356,1.1767574014695257,73422.10033444816,0.0,6,0.05436156763590392,0,-1
0x36cbc6c3a82e67710b004444d2a869b4a15a9322,usdt,31,0.000565,0.00056,0.12903225806451613,8.850419067342839e-05,0.005310251440405703,0.12744603456973688,677934.0,1.0,2,0.5,0,-1
0x7f0104df6550a89dc42afc1f59f57e5ddc1e212e,usdt,63,243.15151846575344,0.000145,1.1587301587301588,0.0007944972900023944,0.04766983740014367,1.1440760976034479,75519.45205479451,0.4318181818181818,54,0.045454545454545456,0,-1
0xc0e155c3745e268dd0815a63bb2037c99d096e8a,usdt,92,0.001,0.0005,0.043478260869565216,3.0192507427356825e-05,0.0018115504456414097,0.043477210695393835,1987248.0,0.4,2,0.6,1,2
0x8fea5845fd2cf2fa4ac00a37f6c540b1c0e2527b,usdt,136,567.9676778222222,0.00057,0.33088235294117646,0.0002293171241798091,0.013759027450788545,0.3302166588189251,261646.4,0.007407407407407408,16,0.044444444444444446,0,-1
0x76532f4168da15085e6b74b25c83c21a8efc2b71,usdt,12,0.032,0.0576,0.4166666666666667,0.00027104972136088643,0.01626298328165319,0.39031159875967647,221361.6,0.0,3,0.6,0,-1
0x139116cc05e7eefe3a5f96e8c88b325a3067bfc7,usdt,264,5171.008534684212,10.0,0.2159090909090909,0.00014979344272634577,0.008987606563580747,0.2157025575259379,400551.5789473684,0.01904761904761905,31,0.05396825396825397,0,-1
0x6b28fb12ee41baa9d1df16971de53adde6d1be5b,usdt,1685,750997.1183490099,0.0,0.42136498516320475,0.0002925337697790683,0.017552026186744098,0.4212486284818583,205104.5253521127,0.0315891005546178,390,0.01567398119122257,0,-1
0x066ab574914bdb1332811f6a0b2a155e04552247,usdt,1493,25858.8870609375,0.000114,0.06430006697923643,4.4648152328457726e-05,0.0026788891397074637,0.06429333935297912,1343840.6041666667,0.04892966360856269,65,0.06422018348623854,0,-1
0xfef06b58d6eb77325b9736c55f3e321e578514d1,usdt,2,0.00022000000000000006,0.00022,7.0,0.0032711808963035655,0.19627085377821393,4.710500490677134,18342.0,0.9333333333333333,7,0.13333333333333333,0,-1
0x696ef2c6f8c0271629b3f989f44b8eda9cb10931,usdt,1823,2596.4523573913043,3884.111734,0.012616566099835436,8.760639669913317e-06,0.0005256383801947991,0.012615321124675177,6848814.956521739,0.0,12,0.016611295681063124,0,-1
0x45b5ee1ec836b34f2474f4ac29b0558fd4eac2e7,usdt,53,6.666666666666667,0.015,0.05660377358490566,3.916755881661749e-05,0.0023500535289970497,0.056401284695929185,1531880.0,0.0,2,0.25,0,-1
0xadcc054417a5dd6091025326cf6c0910afa18c05,usdt,617,2138.5310965714284,4158.966837,0.011345218800648298,7.874621624430947e-06,0.00047247729746585675,0.011339455139180563,7619413.714285715,0.009708737864077669,4,0.038834951456310676,0,-1
0xfda846d6baff9287244a5ca520519ccedc45d949,usdt,1,0.06196927952421412,63.038447,4708.0,2.9428678584823103,176.57207150893862,4237.729716214527,20.388275276125743,0.0006890848952590959,4706,0.00041345093715545756,0,-1
0x042eb3fb4e886dceb6ab03e94f341f65bf823c05,usdt,91,0.0,0.0,0.06593406593406594,4.53806986812369e-05,0.002722841920874214,0.06534820610098113,1322148.0,0.06593406593406594,0,0.06593406593406594,0,-1
0xed69ce6681e29c30572503a0afdbb2a776e898a5,usdt,1,1696.6832336666666,5450.082835,15.0,0.26595744680851063,15.957446808510639,382.9787234042553,225.6,0.038461538461538464,14,0.07692307692307693,0,-1
0x7dc05c464f626d8b1b9423a72caa9ff39bb81f19,usdt,13,0.0005425,0.00079,0.6153846153846154,0.0004004725576179892,0.024028353457079352,0.5766804829699045,149823.0,1.0,4,0.5,0,-1
0x36ec4c12a20e3302fcfe639f4ef0e0f421345681,usdt,1045,2854.548511142857,1000.0,0.08708133971291866,6.0472887346453687e-05,0.003628373240787221,0.08708095777889331,992180.1758241758,0.0,37,0.32978723404255317,0,-1
0x908651008cd70128fb36400bc64f7149ccfc7133,usdt,47,83573.62144062443,0.001,87.29787234042553,0.0605689316661992,3.634135899971952,87.21926159932684,990.6068730197417,0.21450685537372843,2989,0.14816452896948254,0,-1
0x8b1cf3dfd880421044343056e49ebf9e4e1408d9,usdt,82,972.3079706381216,0.0,4.414634146341464,0.0030422878004259203,0.1825372680255552,4.380894432613325,19722.0,0.3268398268398268,180,0.20562770562770563,0,-1
0x71ca0a119f8c1413d2cb8468efe61447f7a909cb,usdt,11,0.00011350000000000001,0.000127,0.36363636363636365,0.0002327394598117138,0.013964367588702826,0.33514482212886787,257799.0,0.6666666666666666,2,0.3333333333333333,0,-1
0xabf88826e60830df5535af9c7b39778c23b169f4,usdt,200,226456.97495484335,0.0,0.415,0.0002868206928343897,0.017209241570063386,0.4130217976815212,209189.92771084336,0.07352941176470588,39,0.07352941176470588,0,-1
0x4d24eececb86041f47bca41265319e9f06ae2fcb,usdt,326,52219.368992041804,2692.420826,23.55521472392638,0.01634529504971064,0.9807177029826386,23.537224871583323,3670.781091287928,0.0998,498,0.3457,0,-1
0xea15c75a07f6ef7b68d99775e108ab6f6564688f,usdt,1,6104.7401504,0.000115,20.0,0.02872737719046251,1.7236426314277506,41.367423154266014,2088.6,0.2,14,0.28,0,-1
0xdc31fd8d7b87f38dce0adcba8caede2e9feb8510,usdt,106,1309.695783261194,0.0,2.5283018867924527,0.0017464790200949355,0.10478874120569613,2.514929788936707,34354.835820895525,0.3424242424242424,150,0.13333333333333333,0,-1
0x5f227ac66660aeb51a490d66798fdddee72f6585,usdt,853,3004.7286461497843,200.0,2.175849941383353,0.0015109771349105568,0.09065862809463342,2.175807074271202,39709.40301724138,0.06439909297052154,312,0.11972789115646258,0,-1
0x71660c4005ba85c37ccec55d0c4493e66fe775d3,usdt,538,1003.82376375,2000.0,0.01486988847583643,1.0322074530539147e-05,0.0006193244718323489,0.014863787323976373,5812785.0,0.0001,1,0.0008,0,-1
0xec40b1796d676652ae1209c0d4d86b8a050cae92,usdt,12,0.032,0.053497,0.4166666666666667,0.00028261361067148996,0.016956816640289397,0.4069635993669455,212304.0,0.0,3,0.6,0,-1
0x72ba31aa0d45dd6f015936be96c49d6b61fac2b5,usdt,28,870.3908629375,0.0,1.7142857142857142,0.0011862513468895502,0.07117508081337301,1.7082019395209522,50579.5,0.3269230769230769,33,0.3076923076923077,0,-1
0x549d94e5d5d788b6a9748368afe750f35cb445ee,usdt,105,11420.469210213465,10000.0,45.55238095238095,0.031533741036980784,1.8920244622188467,45.40858709325232,1902.7238135061677,0.23209689629068886,2906,0.12990158970476912,0,-1
0x97a9b8a4a903c9cbf7ac8cd9561a7cfda5c51d77,usdt,372,757.334535109375,3120.0,0.17204301075268819,0.00011940775247369951,0.00716446514842197,0.1719471635621273,502479.9375,0.0,31,0.0018618121638394704,0,-1
0xd67c70539b86c323cf6899a8e0fe0889cb9a049d,usdt,153,14439.273350551,4300.0,13.392156862745098,0.009272500181015133,0.556350010860908,13.352400260661792,6470.746705710102,0.35564545788892976,978,0.11364472232438397,0,-1
0x985073b646965d9377cfc20d880648227b53d45d,usdt,11,0.04,0.065,0.36363636363636365,0.00023428531265374972,0.014057118759224984,0.3373708502213996,256098.0,0.0,2,0.75,0,-1
0x7eff980c84a84e69ed0f9c1531060a869cf2f5a4,usdt,12,0.032,0.057932,0.4166666666666667,0.0002850399626027569,0.017102397756165413,0.41045754614797,210496.8,0.0,3,0.6,0,-1
0xcd54cc88ac8bb4f437937b5dfa9c341570c6169b,usdt,1727,1711.032900504065,398.170006,0.07122177185871453,4.943500610944332e-05,0.0029661003665665993,0.07118640879759838,1213714.8292682928,0.0,64,0.005117998294000569,0,-1
0x7a973348427811aab90e4bac0fdf07d5f5f6ab84,usdt,24,31344.074443750003,2600.0,0.3333333333333333,0.00022668283670901858,0.013600970202541113,0.32642328486098676,264687.0,0.0,0,0.1111111111111111,0,-1
0xec234d6b01d5c0ba57a2365b6f755f4c3a79ebd4,usdt,1065,12844.512513826807,4001.23238,1.2469483568075117,0.0008653632870668068,0.05192179722400841,1.2461231333762017,69335.0421686747,0.15157969471068514,845,0.08981185658501953,0,-1
0x1865fcc008b33bc6b4bc09a9832ca82936f54be8,usdt,2,17716.90374396364,0.000553,27.5,0.018285790278608948,1.097147416716537,26.331538001196886,3281.2363636363634,0.3225806451612903,18,0.22580645161290322,0,-1
0x232444c692a5aabf77401ca2068f9074c2d58162,usdt,63,6.65984251968504e-05,0.00013,2.015873015873016,0.001384540245423386,0.08307241472540315,1.9937379534096755,43335.68503937008,0.9615384615384616,9,0.23076923076923078,0,-1
0x61766fe54451b13a9c30d37a6fcd27d856bae59a,usdt,194,282.04851315107913,410.812253,0.7164948453608248,0.0004954839666378882,0.02972903799827329,0.713496911958559,121093.72661870504,0.04430379746835443,25,0.0759493670886076,0,-1
0xe9b20e5b24eacf9a07a93e751f8714eab2d67fbf,usdt,64,2107.014633038031,5000.0,69.84375,0.04828068902051767,2.8968413412310605,69.52419218954545,1242.7328859060403,0.18567983676497868,3380,0.14895195696531255,0,-1
0xe0d12a8f13cc9a4b6948dc07d40d2a0d00a359b5,usdt,57,2230.5834666666665,589.0,0.21052631578947367,0.00014608421267913577,0.008765052760748146,0.2103612662579555,410722.0,0.16666666666666666,4,0.4166666666666667,0,-1
0x07f214f6adfe7d6200dd051d9e75d19cedc5fdc7,usdt,225,439.9784894840889,0.000235,20.391111111111112,0.01415307656666352,0.8491845939998113,20.380430255995467,4239.360941586748,0.2057,2150,0.0556,0,-1
0xd92e4238a72a00009415eb224b8826ecfdae1edc,usdt,150,3794.566627490566,1077.0,2.8266666666666667,0.0019570266487949515,0.11742159892769709,2.81811837426473,30658.754716981133,0.2652388797364086,234,0.14662273476112025,0,-1
0xd76c7ac4694a5e19411e7a88ef883aab8dde914b,usdt,1,12371.113273060608,9e-06,33.0,0.825,49.5,1188.0,72.72727272727273,0.20833333333333334,10,0.3541666666666667,0,-1
0xeb1a142eaf3c0b3f2ef723e30269d04fb432f86f,usdt,643,3536.535090134259,0.0,0.671850699844479,0.00046590653440385427,0.027954392064231254,0.6709054095415502,128781.19444444444,0.22515723270440252,246,0.14465408805031446,0,-1
0xec8e7caf8f09d833f71ef49b0cb8446171083ee8,usdt,9,0.00432545,0.0025,8.88888888888889,0.006035731530661516,0.362143891839691,8.691453404152583,9940.8,0.0,40,0.024096385542168676,0,-1
0x1bcf1f96bc817c3d002f26bacaa065ab25462ba9,usdt,127,4184.688749909357,0.001,2.6929133858267718,0.001857092900257821,0.11142557401546925,2.6742137763712623,32308.56140350877,0.3306878306878307,199,0.24338624338624337,0,-1
0x61da97572c1d8ec08fa030ebebdf828084bb1401,usdt,4,5361.04041,15050.0,4.25,0.002461128644641978,0.1476677186785187,3.5440252482844485,24379.058823529413,0.23529411764705882,15,0.17647058823529413,0,-1
0xb8a824b3f266688fb77010db79a2504620bf8995,usdt,70,10460.149859380323,0.000127,14.085714285714285,0.009745702402226684,0.5847421441336011,14.033811459206428,6156.559837728195,0.21670802315963605,724,0.08684863523573201,0,-1
0x86c8493b16d789335bc386f6eeb1d80d95a08da0,usdt,1170,3936.0237371764088,305.0,0.8188034188034188,0.0005685773079965472,0.03411463847979283,0.818751323515028,105526.54697286013,0.20167364016736403,595,0.16903765690376568,0,-1
0x000a647a5a30d4ecaf062ef13b9cd9903a72c279,usdt,1,2775.021861333333,0.0,3.0,0.006790402897238569,0.4074241738343142,9.77818017202354,8836.0,0.25,2,0.5,0,-1
0x57601893a87906f95a4ca9d3e581550d57006db7,usdt,165,1405.2590943247637,4920.272971,11.55151515151515,0.007981601278396241,0.47889607670377454,11.49350584089059,7517.288562434418,0.4422743055555556,1134,0.0920138888888889,0,-1
0x9ba962e011c72149578915bdfc691a729b3f6624,usdt,109,8684.747312444162,500.0,10.761467889908257,0.007443110649168695,0.44658663895012163,10.718079334802919,8061.145780051151,0.11833274461321087,703,0.08583539385376192,0,-1
0xe817a3195898bc3ce695c575f923f4757bf3fdc2,usdt,751,78709.37746544255,0.0,1.7603195739014648,0.0012214113972281169,0.073284683833687,1.7588324120084882,49123.497730711046,0.07686980609418283,776,0.060941828254847646,0,-1
0x8a8c21bf2369673ed9204d86eb3a94b381e16c85,usdt,44,2144.52022592,6449.281425,0.5681818181818182,0.00038724387689981844,0.023234632613989108,0.5576311827357385,154941.12,0.2553191489361702,12,0.23404255319148937,0,-1
0xec64e662b98bdaa58aa7cf0ccd70162fa8178a3b,usdt,24,45.23659446296296,1269.717302,6.75,0.004514974665975485,0.2708984799585291,6.501563519004699,13289.111111111111,0.5337423312883436,63,0.1656441717791411,0,-1
0xae40e1c4ac25c35ec7f2f610075044cc1fa00d8c,usdt,1,0.11237806713109565,59.021523,1579.0,4.633215962441314,277.9929577464789,6671.830985915493,12.949968334388855,0.0011583011583011582,1578,0.0007722007722007722,0,-1
0x21ce7e77d86f7277c361a566e69f0bb656ac3017,usdt,1,28.0479448,70.119862,5.0,0.5434782608695653,32.608695652173914,782.6086956521739,110.4,0.0,1,0.12121212121212122,0,-1
0x5cf925c55108182e63c6ab4ee8c4c7bb2000e68b,usdt,62,155992.75,0.0,0.12903225806451613,8.850438649865584e-05,0.00531026318991935,0.1274463165580644,677932.5,0.0024242424242424242,8,0.00040404040404040404,0,-1
0x30c2532cbe8cc2f8281a411c42b6aaab1c67551e,usdt,1,0.0006799999999999998,0.00074,21.0,0.010780287474332649,0.6468172484599589,15.523613963039013,5565.714285714285,0.8636363636363636,14,0.13636363636363635,0,-1
0xeff6cb8b614999d130e537751ee99724d01aa167,usdt,2,1337.836791798611,134.374012,360.0,0.2133206921071344,12.799241526428064,307.1817966342735,281.26666666666665,0.0,382,0.0031,0,-1
0x8d391c8e4e367ca1c77cfaa8ca77f966b85fee4e,usdt,3,18996.887492566664,0.000316,10.0,0.00532840751660687,0.3197044509964122,7.672906823913893,11260.4,0.42424242424242425,18,0.21212121212121213,0,-1
0xcd0cb6aa811e1c8cd9a55ecb9cc83f6a50bed311,usdt,492,4467.581380640001,0.000228,0.5589430894308943,0.0003881084694018105,0.02328650816410863,0.5588761959386072,154595.95636363636,0.02030812324929972,203,0.0273109243697479,0,-1
0xcbe266485e2a8dcaaebf984475827c9f00c68b29,usdt,1,7925.169641,25482.907743,4.0,0.2247191011235955,13.48314606741573,323.59550561797755,267.0,0.5,0,0.25,0,-1
0x60dd9d19a8388713842bfe8666de07a996383f92,usdt,433,3092.1493205073743,1510.441733,0.7829099307159353,0.0005427480534717304,0.03256488320830382,0.7815571969992917,110548.53097345133,0.15012722646310434,92,0.04834605597964377,0,-1
0x6748f50f686bfbca6fe8ad62b22228b87f31ff2b,usdt,327,46971.5647799671,0.130522,13.660550458715596,0.00946632957745882,0.5679797746475291,13.6315145915407,6338.253861652115,0.0019,2717,0.1383,0,-1
0x5217c8cdaf7138dd1e0b3998895225a12e2bc012,usdt,226,312.5061214358975,0.0005,0.17256637168141592,0.0001193397026054611,0.007160382156327667,0.17184917175186398,502766.46153846156,0.41304347826086957,16,0.2826086956521739,0,-1
0xf2aeb4fa90a91cb819578a5bb376f09b19175b24,usdt,1,8005.3877096000015,0.0002,5.0,0.8333333333333334,50.0,1200.0,72.0,0.5,1,0.8333333333333334,1,2
0x629cb70b19bf57c6e73faeb4691fd9b1f6d22996,usdt,120,19098.171109092436,5025.286161,0.9916666666666667,0.0006875687568756875,0.041254125412541254,0.9900990099009901,87264.0,0.14624505928853754,67,0.17391304347826086,0,-1
0xe510652ee7b9952a9122135b0ff78a958016e1be,usdt,6,0.000279,0.000154,1.0,0.000681059728938228,0.04086358373629367,0.9807260096710481,88098.0,1.0,3,0.5,0,-1
0xdd8067b23f6721969ee21372fd4e03cbb27c9a60,usdt,251,6372.3080188637105,0.0,4.852589641434263,0.0033649736631412718,0.2018984197884763,4.845562074923432,17830.748768472906,0.21448087431693988,858,0.15368852459016394,0,-1
0x0fe996a7bc55b40ba22532763a0ef171bb6d5cca,usdt,84,1663.5147078461537,5000.0,0.6190476190476191,0.00042736588108051245,0.025641952864830744,0.615406868755938,140394.92307692306,0.18309859154929578,21,0.23943661971830985,0,-1
0x845b8f5216ba785810e133b9c48cbd18f2880703,usdt,7,0.005103,0.009006,0.5714285714285714,0.00039043435822352365,0.02342606149341142,0.5622254758418741,153675.0,0.0,2,0.5,0,-1
0xd501ccbdb70ce518b2da68c685045fa54458ec35,usdt,199,215983.00877905724,926050.731193,1.1407035175879396,0.000788593122078384,0.04731558732470304,1.135574095792873,76084.86343612334,0.03201634877384196,160,0.01430517711171662,0,-1
0x0a7a363438fb20f6152bf989bcbfc7738be9c910,usdt,133,59.25310436363637,21.34944,0.16541353383458646,0.00011429877700308607,0.006857926620185164,0.16459023888444393,524940.0,0.0,3,0.10344827586206896,0,-1
0xacb0dd74cd6dbcf25d4974d484d1f4615fec0189,usdt,1,0.0005110000000000001,0.000524,4.0,0.5128205128205129,30.769230769230766,738.4615384615385,117.0,1.0,2,0.5,0,-1
0xc57d29ee60666ea03eb97a9037e0508400a5be35,usdt,146,84625.0904608913,23987.94487,0.6301369863013698,0.00043606773079832626,0.026164063847899575,0.6279375323495898,137593.30434782608,0.13705583756345177,27,0.048223350253807105,0,-1
0x40f76b97280bc141f6e07d8d69117c93af1b0f4d,usdt,1,0.4885915471698115,83.523604,371.0,2.5621546961325965,153.7292817679558,3689.5027624309396,23.4177897574124,0.0,370,0.0031007751937984496,0,-1
0xa6adedd1adc8237ac8c5d3009cc5d4b90fc0a8cf,usdt,2021,688.8141989411765,0.0012,0.08411677387431965,5.841440924038985e-05,0.0035048645544233908,0.08411674930616138,1027143.8294117647,0.0030170049369171695,93,0.010422380691168404,0,-1
0x66001df2870c20398b0ea86d617844a5c25b3e83,usdt,12,0.04,0.068,0.3333333333333333,0.00022558341510732133,0.01353500490643928,0.3248401177545427,265977.0,0.0,2,0.75,0,-1
0x25644388f71f1dffdc61caefb5156f07a901fcc0,usdt,296,164.538681,68.593963,0.02364864864864865,1.6389519885404476e-05,0.0009833711931242686,0.02360090863498245,3660876.0,0.0,4,0.037383177570093455,0,-1
0x51435f290852fdc2d4f9acc250d57e307f530013,usdt,542,270.8333333333333,209.0,0.01107011070110701,7.681547616761444e-06,0.0004608928570056867,0.011061428568136479,7810926.0,0.0,1,0.25,0,-1
0xcf0782a5d17172cafc86a4abfe57fdc5989fb6ea,usdt,872,3409.015254084189,0.000113,0.5584862385321101,0.0003877917117365042,0.023267502704190254,0.5584200649005661,154722.2340862423,0.15402567094515754,254,0.14935822637106183,0,-1
0x5de853cb6813f9aefd25635776139d8c0aaaf77a,usdt,1949,14296.104244411763,0.0,0.034889687018984095,2.4221269417376897e-05,0.0014532761650426138,0.03487862796102273,2477161.661764706,0.0014992503748125937,33,0.031484257871064465,0,-1
0x42402d5203ac81bd8c75839f74714c2c00b201e1,usdt,97,0.00044633076923076924,0.000155,5.360824742268041,0.0037054983895333923,0.22232990337200353,5.335917680928085,16192.153846153846,0.89198606271777,260,0.005226480836236934,0,-1
0x706ecc27d674a9d7b2531b0be1781e1a7607a7ba,usdt,1,0.0285315,0.052063,4.0,2.857142857142857,171.42857142857142,4114.285714285715,21.0,0.0,2,0.75,0,-1
0x45b86084faadeb51968b1116da2014dd7fb27c44,usdt,1039,1778.4278530852532,0.0002,0.4177093358999038,0.00028984841328697186,0.01739090479721831,0.4173817151332394,207004.75576036866,0.039399624765478425,349,0.038461538461538464,0,-1
0x6d7bc701b05394a977dd4bd13349277f56d68be5,usdt,385,2328.109971995556,0.0,1.7532467532467533,0.001216752902902037,0.07300517417412221,1.752124180178933,49311.573333333334,0.31016731016731014,400,0.2059202059202059,0,-1
0x2da258ce605215ce4c27059c8de53464cf4a3770,usdt,10,0.03252,0.0683,0.5,0.0003423344470614011,0.020540066823684065,0.49296160376841763,175267.2,0.0,2,0.8,0,-1
0x970944264efd0183179849da8e941c098259cb3d,usdt,1909,38413.13514588095,0.0,0.06600314300680984,4.5824756698727793e-05,0.0027494854019236674,0.06598764964616802,1309335.9206349207,0.01634320735444331,72,0.026557711950970377,0,-1
0xf4d25e8c617efe0f09a5bde1685ec17d7af09001,usdt,121,42440.19364096861,9410.0,1.8429752066115703,0.001274477978392169,0.07646867870353014,1.8352482888847232,47078.09865470852,0.0,28,0.24507042253521127,0,-1
0x1cbaa4bf40a897fe7364096b5e1b51a7fee776b9,usdt,1,8000.0001999999995,0.001,5.0,0.007913896802785692,0.47483380816714155,11.396011396011398,7581.6,0.2857142857142857,3,0.42857142857142855,0,-1
0x58757e94a4ef3428884fb8339a16945416c41860,usdt,64,486.01519440636963,15.03,142.765625,0.09897890428825533,5.93873425729532,142.5296221750877,606.18977782642,0.01,92,0.0771,0,-1
0x2c1bd0eafda3744ea0f80c89a21c4e24564260c3,usdt,1,0.0031422500000000005,0.000214,4.0,0.4081632653061224,24.489795918367346,587.7551020408164,147.0,0.5,3,0.5,0,-1
0x42d9b3ac6e260b297c48920252073e6c29a2e744,usdt,1459,26869.288102189395,77554.0,0.7237834132967786,0.0005024525050940921,0.03014715030564552,0.7235316073354925,119414.27178030302,0.13433476394849786,623,0.08540772532188841,0,-1
0xc83a84bf8fb322d7c44d7548df62728d49c648ff,usdt,20,976.7537285,500.129218,0.3,0.0002018326403746014,0.012109958422476084,0.290639002139426,297276.0,0.0,6,0.06666666666666667,0,-1
0x8e916299f538a22b4ae53182841f5d32dd75acd6,usdt,10,0.009456777777777777,0.000279,1.8,0.0012264922322158627,0.07358953393295176,1.7661488143908421,48920.0,0.2777777777777778,12,0.3888888888888889,0,-1
0x12210ee2613268d829ae4fe33f780092a2eed389,usdt,181,166.45379899999998,14.28628,0.04419889502762431,3.052652144182866e-05,0.0018315912865097196,0.043958190876233275,1965504.0,0.0,4,0.18518518518518517,0,-1
0xa127b72212f6c1bd8ef805fffa668f9c26be3643,usdt,12,0.032,0.054,0.4166666666666667,0.00028535555301906175,0.017121333181143703,0.4109119963474489,210264.0,0.0,3,0.6,0,-1
0x1f835717f65884e14365ba751f014667b09fadd6,usdt,26,11.285858545454543,2.000154,0.4230769230769231,0.00029374692900937854,0.017624815740562714,0.4229955777735051,204257.45454545456,0.09259259259259259,6,0.1111111111111111,0,-1
0x42ceab8a9e014d4ac784758de3ec91b070c8971b,usdt,406,37.69670914285714,51.432404,0.017241379310344827,1.1944259213630926e-05,0.0007166555528178555,0.017199733267628532,5023333.714285715,0.0,5,0.42857142857142855,0,-1
0xad70c7a818fd9079b42d24c9ecee00b1e4f7ddce,usdt,12,0.04,0.069,0.3333333333333333,0.00022782935581249644,0.013669761348749787,0.32807427236999487,263355.0,0.0,2,0.75,0,-1
0x1786bd364091df12064d8b830b23a82a0c96fc4f,usdt,219,13060.214879183206,0.000106,0.5981735159817352,0.00041530846005525184,0.024918507603315113,0.5980441824795627,144470.93129770993,0.13099041533546327,88,0.10223642172523961,0,-1
0x7b0441e60958d3a214fcf3125ec21725b5c95e63,usdt,13,0.0009244166666666666,0.00085,1.8461538461538463,0.001208313194780087,0.07249879168680522,1.7399710004833253,49656.0,0.375,12,0.09375,0,-1
0x5e7380bbe38defcd6b39f67e578c9b78b5a7c80c,usdt,381,2701.001421486486,0.0,0.6797900262467191,0.0004709712591152941,0.028258275546917646,0.6781986131260236,127396.30888030888,0.292358803986711,164,0.19933554817275748,0,-1
0x3bbcc029f312ece579a7deb77b13cb8ae15f28a8,usdt,211,50.45539071349862,138.156017,3.440758293838863,0.0023789426222632333,0.142736557335794,3.4256773760590558,25221.289256198346,0.0,363,0.01563663440059568,0,-1
0xa85b57308da9f36261e050799fe4f386e0e6d008,usdt,444,4508.390352768594,5700.859355,0.2725225225225225,0.00018915376669242912,0.011349226001545745,0.27238142403709786,317202.2479338843,0.05593451568894952,54,0.05593451568894952,0,-1
0x212781e74231d41612f44f63c94917e831626f5b,usdt,1,190.1984246666667,0.00057,3.0,0.006391137622496805,0.3834682573498083,9.203238176395399,9388.0,0.3333333333333333,1,1.0,1,2
0x4f23224e11f314a046e7c7e92736339c99ea4e8c,usdt,65,14987.5,15000.0,0.06153846153846154,4.2128855316872186e-05,0.002527731319012331,0.06066555165629594,1424202.0,0.0,0,0.17647058823529413,0,-1
0x5141b82f5ffda4c6fe1e372978f1c5427640a190,usdt,175,16790.417887006228,2157.76519,10.09142857142857,0.006993549776966748,0.41961298661800484,10.070711678832115,8579.334088335221,0.0001,925,0.0183,0,-1
0xb1337eab3ae826ad3f84bb5e30e28288eb86cc76,usdt,44,1296.130481478261,0.0,0.5227272727272727,0.0003571617135066137,0.02142970281039682,0.5143128674495238,167991.13043478262,0.18518518518518517,14,0.2962962962962963,0,-1
0x2d0f0894c41cb94b7a44ec370cbc2de26363878b,usdt,3,304.8806756923077,1039.2341,4.333333333333333,0.0027743394937897476,0.16646036962738486,3.9950488710572367,21626.76923076923,0.3076923076923077,5,0.46153846153846156,0,-1
0xb9cc2447d93ce8762a1be2a8484b2d2281cce2f5,usdt,36,1794.1346103030303,0.0,0.9166666666666666,0.0006314943452551811,0.037889660715310865,0.9093518571674608,95012.72727272728,0.42857142857142855,19,0.4,0,-1
0x5b4c41ba27d8d99218d0ddb28a67041403be0e26,usdt,146,130415.0000465,450000.0,0.136986301369863,9.499671311372627e-05,0.005699802786823575,0.13679526688376584,631600.8,0.0022512381809995496,13,0.0022512381809995496,0,-1
0x9d3c53321cfa9d08660ad32e09c7ef2625b16e67,usdt,1170,762.8284610909091,500.26225,0.028205128205128206,1.958524388376573e-05,0.001175114633025944,0.028202751192622656,3063530.909090909,0.0016260162601626016,13,0.027642276422764227,0,-1
0xbe99f87cc0040a86c1149fe556bb931ef8d04d17,usdt,499,52211.09793082352,32560.0,0.03406813627254509,2.3647626988452448e-05,0.001418857619307147,0.034052582863371525,2537252.470588235,0.0967741935483871,12,0.16129032258064516,0,-1
0x6ab07dbc0ad0b2a508fe650b2671f49861304f4a,usdt,116,33119.02406785283,74.306165,2.2844827586206895,0.001574228746723822,0.09445372480342933,2.2668893952823037,38113.90188679245,0.13367174280879865,193,0.10490693739424704,0,-1
0x991c888a12fd339fc3502fe5d4bb96d5b17a096d,usdt,137,60526.31860052633,100000.0,0.5547445255474452,0.0003825362151061538,0.02295217290636923,0.5508521497528615,156847.8947368421,0.2159090909090909,56,0.23863636363636365,0,-1
0x6c2d513c92c8c5c6d124e48684221c94e1a63089,usdt,1234,58504437888862.55,0.000514,0.5478119935170178,0.00038026732117647956,0.022816039270588777,0.5475849424941306,157783.73964497042,0.08662900188323917,404,0.09792843691148775,0,-1
0x8167a1ebf00ff5886d1b5908419bb1159d8cf6a4,usdt,271,5894698.505984877,0.001,19.690036900369005,0.013639558810372814,0.8183735286223688,19.64096468693685,4398.969265367316,0.3869057983632248,2507,0.059028382378547795,0,-1
0x30c25be01594bde5b075e5170402eaed1bef551e,usdt,1,0.004200000000000001,0.0074,4.0,0.002101281781886951,0.12607690691321707,3.0258457659172096,28554.0,0.0,2,0.3333333333333333,0,-1
0x8c3623ee2783f31238dafdeaec167fa9aac33412,usdt,217,5849.662339082706,0.001,0.6129032258064516,0.00042469814499513996,0.025481888699708393,0.6115653287930015,141276.81203007518,0.005479452054794521,1,0.10684931506849316,0,-1
0x6a8faaf9efbc13cf518c7a5d81aabd6eb5ac1cc4,usdt,54,1.0000000000000004e-05,1e-05,0.5185185185185185,0.00035404675440282423,0.021242805264169457,0.509827326340067,169469.14285714287,0.9333333333333333,14,0.06666666666666667,0,-1
0xd7c711875fe72a52909c60d751d56f8cf938a2ca,usdt,19,7966.272036546762,0.0,7.315789473684211,0.0050393723624867675,0.30236234174920606,7.256696201980945,11906.244604316547,0.4267515923566879,81,0.17834394904458598,0,-1
0xdd71baf2b43a1ed368dea98728d980435a6705c1,usdt,224,66434.70771690908,22000.000782,0.19642857142857142,0.00013599302726660198,0.008159581635996118,0.1958299592639068,441199.0909090909,0.04419889502762431,16,0.11049723756906077,0,-1
0x2fad6a1465a047d68999ad0aa613b5fdaac60e08,usdt,5,680.95617424,1291.021879,5.0,0.0031635158049249613,0.18981094829549766,4.555462759091944,18966.24,0.038461538461538464,8,0.15384615384615385,0,-1
0x482c467bcb5f3b4f52185adfc0502a2f904d102a,usdt,31,29833.12179810062,0.001,51.61290322580645,0.0355421285292223,2.1325277117533377,51.180665082080104,1688.1375,0.19389978213507625,1104,0.0962962962962963,0,-1
0x8a99fd65c62713503feaa8febbde388a88af4e22,usdt,8,17303.725167,17303.725167,0.5,0.00030884692002409005,0.018530815201445405,0.44473956483468974,194271.0,0.0,0,0.125,0,-1
0x3d03196e98ab327de0a15b4c798ce12d17b70625,usdt,204,4.4444444444444447e-05,0.0,0.04411764705882353,3.051379121650349e-05,0.001830827472990209,0.043939859351765025,1966324.0,1.0,1,0.6666666666666666,1,2
0x483b32b2d04c7553297a626368701cce82d86f2d,usdt,19,1525.2363063888888,2673.255538,2.8421052631578947,0.0019399896533885152,0.11639937920331091,2.7935851008794623,30928.0,0.04426002766251729,43,0.016597510373443983,0,-1
0x0193bc49eb09d5e0c2bc2c08829ba3989c8357f3,usdt,36,4655.725311488722,0.0,3.6944444444444446,0.002539146770319856,0.15234880621919136,3.656371349260593,23629.984962406015,0.24456521739130435,85,0.1793478260869565,0,-1
0xcf4032dff899248fae4762cbe465cd3ee94cb876,usdt,85,4.706349206349206e-05,0.0,0.7411764705882353,0.0005146545850822059,0.030879275104932352,0.7411026025183765,116583.04761904762,0.9393939393939394,11,0.18181818181818182,0,-1
0x4ebb9735217875424ad1990b9331e2db9cc6fe4f,usdt,1,0.0031148,0.000374,5.0,0.001847063169560399,0.11082379017362394,2.6597709641669742,32484.0,0.4,4,0.4,0,-1
0x2051c67f1d21acf1ca7f41426e7b188f15eadc8b,usdt,7,332202.42110100004,20000.0,7.714285714285714,0.004786809679992909,0.2872085807995745,6.893005939189788,12534.444444444445,0.08602150537634409,37,0.12903225806451613,0,-1
0x2be4f07511cc4aaa9d0d6d96dd70c95b848aeba5,usdt,126,1321.7832235397987,0.0,8.674603174603174,0.005977126145251275,0.35862756871507645,8.607061649161835,10038.268984446477,0.2855162855162855,713,0.19057519057519057,0,-1
0xa0b86991c6218b36c1d19d4a2e9eb0ce3606eb48,usdt,824,1761.996941577465,0.1,0.17233009708737865,0.0001196077942503354,0.007176467655020125,0.172235223720483,501639.54929577466,0.0012,0,0.0127,0,-1
0xa9bbf9c09f74ae4817ae39d121e097e5beb04515,usdt,238,4852.392668833333,74.911424,0.025210084033613446,1.7449144468446712e-05,0.0010469486681068028,0.025126768034563266,3438564.0,0.0,1,0.07407407407407407,0,-1
0x4347a1876cfed306671ac5b194d61a891455ec65,usdt,377,4596377542025.0,0.001,15.962864721485412,0.011063952143718863,0.6638371286231317,15.932091086955163,5423.016949152542,0.2502,3462,0.073,0,-1
0x85fdc0c9f172b9b67c9935eb9160d5a506cc1eca,usdt,865,5178.037424895717,408.973363,0.6208092485549133,0.00043110071331513554,0.025866042798908133,0.6207850271737952,139178.61452513965,0.06827880512091039,161,0.18349928876244664,0,-1
0x11f54ca4390d8e800001dc201aa7a7305cd00f8c,usdt,1280,37590.78252202839,20000.0,0.96328125,0.0006684810895211658,0.04010886537126995,0.9626127689104789,89755.71776155717,0.08441558441558442,800,0.05110107284020327,0,-1
0x89ff24311dfc96b9cc02d5ef487a0cecc23828bc,usdt,61,54444.25,0.0,0.13114754098360656,9.102141961557104e-05,0.005461285176934262,0.1310708442464223,659185.5,0.001984126984126984,5,0.002976190476190476,0,-1
0x7a74bde78dfa786576b9070ca457cc8f0673c6f6,usdt,861,4730.857624665966,699.714669,1.1056910569105691,0.0007672772377374671,0.04603663426424802,1.1048792223419526,78198.5924369748,0.04410517387616624,230,0.15012722646310434,0,-1
0x84acee946118abacc23d7dcfa3b4dc5f6bd17a81,usdt,2124,129.70390388888893,11.435591,0.01694915254237288,1.176706820461304e-05,0.0007060240922767823,0.016944578214642778,5098976.138888889,0.0,17,0.025518341307814992,0,-1
0x1d03bfdf308e4830039c545ba5a3fc5141c3f865,usdt,16,5.3e-05,9.6e-05,0.5,0.0003286986819182855,0.01972192091509713,0.4733261019623311,182538.0,1.0,4,0.25,0,-1
0x7c21aeaf4a93b632085a8f83c7e84c52fe3501c1,usdt,172,117.37745849999999,181.828127,0.046511627906976744,3.218461092828464e-05,0.0019310766556970786,0.046345839736729885,1864245.0,0.0,3,0.014634146341463415,0,-1
0xd39b36f8763431098428833a48108f9e1a760885,usdt,307,3027.950708152866,1.0,0.511400651465798,0.00035436580934216613,0.02126194856052997,0.5102867654527192,169316.56050955414,0.22745098039215686,111,0.12941176470588237,0,-1
0x191da3130003d75f7438275f06e1ad1a64b4e7cf,usdt,1449,4950.616014528481,300.143629,0.2180814354727398,0.00015142756661219587,0.009085653996731752,0.21805569592156204,396229.0443037975,0.18392857142857144,176,0.10178571428571428,0,-1
0x8e3debffbe2081e5b2046dbed1a2e946f6d97251,usdt,572,3371.832557634989,0.0,0.8094405594405595,0.0005619705430334709,0.033718232582008255,0.809237581968198,106767.16198704104,0.13567534827377348,189,0.06117504542701393,0,-1
0x226a155abdf0d79285c003aaa7aa0a12d2111ae5,usdt,64,137.76624713043478,48.156319,0.359375,0.0002471661859463456,0.014829971156780735,0.35591930776273767,242751.65217391305,0.041666666666666664,11,0.125,0,-1
0x18606a185b8e7a9a6c1bf46a3cfe1bd43ba65909,usdt,10,0.045714285714285714,0.134,0.7,0.0004464171832351216,0.026785030994107294,0.642840743858575,134403.42857142858,0.0,3,0.7142857142857143,0,-1
0x4bc0f3bef38aea13d1bf7e8c0bb7ade78d6e11b3,usdt,6,0.0002625,0.0005,1.3333333333333333,0.0008221148905559552,0.04932689343335731,1.1838454424005755,72982.5,1.0,4,0.5,0,-1
0xd05c8bd424958089070ef6d883fe621fa4c0d012,usdt,43,13503.915011486486,1000.0,0.8604651162790697,0.0005867762828198248,0.03520657696918949,0.8449578472605477,102253.62162162163,0.0,0,0.13157894736842105,0,-1
0x50d1ecd8ef2c75727c72978a0ddc00cb828a9a4d,usdt,1,27272.72822727273,50000.001,22.0,0.04858657243816254,2.9151943462897525,69.96466431095406,1234.909090909091,0.039735099337748346,13,0.046357615894039736,0,-1
0x800048f9969bed7a1912347884290db34cdddd2d,usdt,1,160.00003999999998,200.0,5.0,0.0673854447439353,4.0431266846361185,97.03504043126685,890.4,0.16666666666666666,2,0.6666666666666666,0,-1
0x924b999e3301e28c9c50e91ab106c1d72a0579cd,usdt,701,1567.6491230333334,178.488086,0.08559201141226819,5.935986323487511e-05,0.003561591794092506,0.08547820305822015,1010784.0,0.0,28,0.07142857142857142,0,-1
0x8713ee3cc7cd34a8e9eabb0b2a30c1701534cf05,usdt,16,3300.74219172,1500.0,1.5625,0.0010273522256558617,0.0616411335393517,1.479387204944441,58402.56,0.0,23,0.08571428571428572,0,-1
0xbc57976b0816518956621fd9abbbefc1c6dadfa8,usdt,138,123450.35760562809,900000.0,18.217391304347824,0.012586563918116241,0.7551938350869745,18.124652042087387,4766.988066825776,0.33822450476889215,819,0.04181951577402788,0,-1
0x5a098f5f17e0c16470f5e210a5096265637bea91,usdt,300,122.93802528,10.0,0.08333333333333333,5.783358178640069e-05,0.0034700149071840414,0.08328035777241699,1037459.52,0.01020408163265306,14,0.030612244897959183,0,-1
0xe5ae7c49520f117cd3f71599471b4e777a40065c,usdt,6,8973.57142857143,10811.0,1.1666666666666667,0.0007982666210514312,0.04789599726308587,1.149503934314061,75162.85714285714,0.0,0,0.2857142857142857,0,-1
0xe079673cbb3fbbf341da28a2647a554054051ffb,usdt,170,7757.46513447032,0.0001,3.864705882352941,0.0026682716909775866,0.1600963014586552,3.8423112350077244,22486.465753424658,0.22187171398527866,335,0.19242902208201892,0,-1
0x78cee97c23560279909c0215e084db293f036774,usdt,773,19984.614790913995,8190.0,0.7671410090556274,0.000532734610303285,0.0319640766181971,0.7671378388367304,112626.43507588533,0.012199497667743094,353,0.024757804090419805,0,-1
0xc7bbec68d12a0d1830360f8ec58fa599ba1b0e9b,usdt,1,4279.0287904318275,35.0,5002.0,11.654240447343897,699.2544268406338,16782.106244175207,5.148340663734507,0.0001,2669,0.0346,0,-1
0xbb21becff42c438bdb127b2070e7adc3066f0007,usdt,395,9310.903186451282,300.0,0.4936708860759494,0.0003427825292709912,0.020566951756259475,0.4936068421502274,175038.0923076923,0.10424710424710425,67,0.2857142857142857,0,-1
0x75064520b3a294467a5d9fee2f4a9fa5aa0a0a23,usdt,50,44802.13559335493,28506.0,7.72,0.005353482398692973,0.3212089439215784,7.709014654117882,11207.658031088084,0.0,0,0.05798575788402848,0,-1
0xbdf4632d9e6b4ef2b75543cea553fc1bb8a6e881,usdt,178,22573.660683543036,64678.783253,3.5898876404494384,0.002492013078583819,0.14952078471502914,3.588498833160699,24076.92018779343,0.2050799623706491,398,0.09125117591721543,0,-1
0x5023d0c60dfa9e9836f67335c8e10a32532231a9,usdt,7,1919.2582702,1229.0,1.4285714285714286,0.0009444832732012317,0.05666899639207389,1.3600559134097736,63526.8,0.3,7,0.4,0,-1
0x40f72179790881ad9e999f90d70dd60a60d9c4de,usdt,8,7691.161405225806,0.0,7.75,0.005340131952937933,0.32040791717627604,7.689790012230624,11235.677419354839,0.1520912547528517,16,0.11787072243346007,0,-1
0xb6d98b0c65ac7646431fbdb45118d03c3a36c7ec,usdt,298,92526.61650148484,0.0112,0.2214765100671141,0.00015371286436935804,0.009222771862161482,0.22134652469187557,390338.1818181818,0.0,27,0.19230769230769232,0,-1
0x6e2eb4babbf9b8a31ca9df42d2f1211371cf25cb,usdt,1,44.000245,0.00088,4.0,0.11428571428571428,6.857142857142857,164.57142857142856,525.0,0.4,1,0.8,1,2
0xb88a4f7313c7b67dcc618e5f9d5b8820c720b652,usdt,107,109027.09408705412,200821.43484,34.87850467289719,0.024216405901224057,1.4529843540734435,34.871624497762646,2477.659163987138,0.28248315688161696,1823,0.018768046198267566,0,-1
0xa7e009e186387a99b31ee63a2b7bc4786e72e135,usdt,2,0.0003828000000000001,0.0007,5.0,0.0029850746268656717,0.1791044776119403,4.298507462686567,20100.0,1.0,5,0.2,0,-1
0xc2c6d26c664ffc222aa69ace75e0acf35a1e7e34,usdt,1435,79777.46880539555,0.001,0.4369337979094077,0.0003032275135136743,0.018193650810820455,0.436647619459691,197871.2264752791,0.0858294930875576,389,0.07430875576036866,0,-1
0xde260140551b9c8d157ae628aa7398d0635902d0,usdt,1,1561.5311604166666,0.000785,12.0,0.017376194613379668,1.0425716768027802,25.021720243266724,3453.0,0.38461538461538464,8,0.38461538461538464,0,-1
0x9be92048beedb451e98c5c373c437ed141863d9d,usdt,37,4789.0,11200.0,1.5405405405405406,0.0010620379203434296,0.06372227522060578,1.5293346052945385,56495.15789473684,0.0,0,0.15517241379310345,0,-1
0xd51a44d3fae010294c616388b506acda1bfaae46,usdt,6,1332.0068168137211,3111.702754,750.6666666666666,0.4700676296234449,28.204057777406696,676.8973866577606,127.64120781527531,0.0002,2375,0.0045,0,-1
0x4c2192d1c1596d6e74e27a388f1f02e78f957ff1,usdt,16,1200.0611213043478,0.0,1.4375,0.0009875822269549833,0.059254933617299006,1.422118406815176,60754.434782608696,0.25925925925925924,16,0.18518518518518517,0,-1
0xb6d939c80e0c327907e1d45d0c4518d6e246c7ec,usdt,100,0.04401819999999999,0.0,0.1,6.911155711102633e-05,0.00414669342666158,0.09952064223987792,868161.6,0.2857142857142857,2,0.19047619047619047,0,-1
0x70e0bc5daaa64ae6fb97d4a0e23e9162aa19c07b,usdt,16,0.06055259391939666,10.259828,265.1875,0.17340733354040314,10.404440012424187,249.70656029818048,346.00612773980674,0.00016038492381716118,4240,0.0006415396952686447,0,-1
0xd04b0461c1dde2abe02521bbbcf8d8a92b642c65,usdt,5,1304.8350581025643,0.000157,7.8,0.0046705468132499815,0.28023280879499896,6.7255874110799745,12846.461538461539,0.6,15,0.425,0,-1
0x7ba9d963ce1f6ed8ea7df9bc295a3f36b385ea9e,usdt,1,0.004195,0.00988,8.0,0.0054577705007504435,0.3274662300450266,7.859189521080639,10993.5,0.0,4,0.16666666666666666,0,-1
0x8a934b20a27d5c0c0fad01125952145b35b84e22,usdt,9,30130.660833571426,17303.725167,0.7777777777777778,0.0005381800289079559,0.03229080173447735,0.7749792416274564,111486.85714285714,0.0,0,0.18181818181818182,0,-1
0x8010bef62e336e4e94779926dae05e3e58998d11,usdt,49,1761.5146462852713,10000.0,13.16326530612245,0.00895873149917774,0.5375238899506645,12.900573358815947,6697.376744186046,0.47806354009077157,153,0.24962178517397882,0,-1
0xade74b293652beb1d45290f50b05d0e6b208b9f9,usdt,1074,13961.014767777779,0.0,0.0335195530726257,2.3274066354363177e-05,0.0013964439812617906,0.033514655550282976,2577976.6666666665,0.010282776349614395,23,0.030848329048843187,0,-1
0x0bb26a8931d0ce17edcaef460f73cbd2a051e6a8,usdt,1,2.562867692307692,8.28,13.0,0.024199553239017124,1.4519731943410277,34.847356664184666,2479.3846153846152,0.2,7,0.4,0,-1
0x75c822d36f081500099b28f547ab5d4c577890ab,usdt,1,0.10147121731551423,22.863351,5163.0,2.3687832629840337,142.12699577904203,3411.047898697009,25.329459616502035,0.0009,5157,0.0003,0,-1
0x6ad2c05037bf35e1ebc733f334c25d53d2c84ada,usdt,321,443286432168010.4,0.000147,0.6199376947040498,0.0004301123609105241,0.025806741654631447,0.6193617997111547,139498.43216080402,0.26609442060085836,120,0.21030042918454936,0,-1
0xf74fdc342c35696d478fcda33bbd738b299ce864,usdt,171,16134.474266195119,0.000519,0.23976608187134502,0.0001664017766839454,0.009984106601036723,0.23961855842488136,360573.0731707317,0.16279069767441862,16,0.16279069767441862,0,-1
0x7718a85447ea163aa6f6a8e7df16fdefaac5ca62,usdt,170,7034.087196680033,700.0,7.041176470588235,0.004870613396180658,0.2922368037708395,7.013683290500147,12318.77694235589,0.2028985507246377,976,0.08641975308641975,0,-1
0x99d8a2e568c69c04e17718d59c3fb5add5283502,usdt,327,7247.298646911342,4760.00024,6.174311926605505,0.0042773520669631224,0.2566411240177873,6.159386976426896,14027.369985141158,0.20106288751107174,1525,0.10186005314437556,0,-1
0xc59db4249e699c67106e934b9e8793cf8dc295a4,usdt,799,38118.49597132203,0.0,0.07384230287859825,5.125491134985282e-05,0.0030752946809911694,0.07380707234378807,1170619.5254237289,0.20833333333333334,41,0.13541666666666666,0,-1
0x856b56a9eb71047988a6bec4f92c77b84d47adf9,usdt,203,46.863094126315794,8.35,0.9359605911330049,0.0006482995444160254,0.03889797266496152,0.9335513439590767,92549.81052631579,0.02577319587628866,8,0.020618556701030927,0,-1
0xf111b46c911d2744576f0bd41d081d257255281c,usdt,74,200.00015,0.0,0.10810810810810811,7.473478493197267e-05,0.0044840870959183595,0.10761809030204064,802839.0,0.2727272727272727,4,0.2727272727272727,0,-1
0x26a09beb36ab2c3935408bb37bcaa0638f709ecd,usdt,375,39771314965249.266,0.0,10.728,0.00744399793203776,0.4466398759222657,10.719357022134375,8060.184936614467,0.1578,2309,0.0724,0,-1
0xf72130f27c2f8cfbf078094641c1dce393da1107,usdt,217,42300.93535307308,429233.204841,3.783410138248848,0.002623465863628346,0.15740795181770076,3.777790843624818,22870.509135200973,0.0007272727272727272,119,0.030545454545454546,0,-1
0x5f6e1dc6b636150247f87c7f81e87a11c75064a6,usdt,45,0.0,0.0,0.2,0.0001369658711485958,0.008217952268915748,0.19723085445397792,438065.3333333333,1.0,0,0.1111111111111111,0,-1
0xd5b71fa1e496d827f040912e02f7f6f47b5f1e7e,usdt,172,97930.4316065,4735.653857,0.06976744186046512,4.8425563855159135e-05,0.002905533831309548,0.06973281195142915,1239015.0,0.0,6,0.01818181818181818,0,-1
0x0f9f21fa2bc29522d28f5fb8fdb4696fd53d7b09,usdt,725,1583.6099796626052,0.0005,1.4717241379310344,0.0010219601713291804,0.06131761027975082,1.4716226467140199,58710.70290534208,0.2353407290015848,525,0.2202852614896989,0,-1
0xa5162c543edda0c8199ad6eccfa7c4d6eab0f4e6,usdt,1558,6618.726049754215,2500.0,0.7233632862644416,0.0005021764730857064,0.030130588385142383,0.7231341212434172,119479.91038154392,0.008426966292134831,551,0.06530898876404495,0,-1
0xc08bab36b4719228edb74298f6f1924debcd51b5,usdt,167,502.6294666218796,0.0,8.155688622754491,0.005630998439692503,0.33785990638155017,8.108637753157204,10655.30396475771,0.2585649644473174,903,0.08791208791208792,0,-1
0xdfb82c003dc36d68ce665f658cf992f7b63b8797,usdt,1,0.0067,0.01,3.0,2.142857142857143,128.57142857142856,3085.714285714286,28.0,0.25,1,0.75,0,-1
0x2750ef7c35e232793058b7f911395064b75062cb,usdt,283,658.35,1975.05,0.02120141342756184,1.4691694784938074e-05,0.0008815016870962845,0.021156040490310828,4083940.0,0.0,1,0.09523809523809523,0,-1
0xf86d74471d89169abe3e5a6f5c2ac5ffb348ae4d,usdt,93,427.6905497826087,90.77,0.24731182795698925,0.00016993634036919041,0.010196180422151424,0.24470833013163418,353073.39130434784,0.06201550387596899,12,0.09302325581395349,0,-1
0x8491033491e61491f1607bc18257ee66e982aa3b,usdt,196,70375.14484628126,95172.0,1.1428571428571428,0.0007933202435493149,0.047599214612958886,1.142381150711013,75631.5,0.0,0,0.16326530612244897,0,-1
0xa40d5050bdaae449f5916cee0f071822fac25da1,usdt,12,0.04000000000000001,0.123,0.6666666666666666,0.0004330785387930101,0.025984712327580605,0.6236330958619345,138543.0,0.0,4,0.625,0,-1
0x123ed8a910f00a6713d6f880b32ea0bc8092ebba,usdt,10,0.00013933333333333332,0.000118,0.6,0.0004164815637494447,0.024988893824966683,0.5997334517992003,144064.0,1.0,3,0.3333333333333333,0,-1
0x2ddf7668498c08a7b023486def95c9a8f3609b15,usdt,1,10.483230333333333,10.810137,6.0,0.002713458755426918,0.16280752532561507,3.907380607814761,22112.0,0.0,3,0.18181818181818182,0,-1
0x95aade34142a3a89926ed424d4beb9becb90ce26,usdt,1,3688.2008403333334,5000.0,3.0,0.1875,11.25,270.0,320.0,0.0,1,0.4,0,-1
0x7dc641d8ba3030d93d2bd855393f88af06347466,usdt,870,635.5595165000001,102.07,0.004597701149425287,3.190911263629579e-06,0.00019145467581777474,0.004594912219626593,18803406.0,0.0,2,0.015706806282722512,0,-1
0xc6b78a5b55b18f019444ea85dddc44187969d5be,usdt,5,0.0,0.0,0.6,0.0003517576155523767,0.0211054569331426,0.5065309663954225,170572.0,1.0,0,1.0,0,-1
0xd31e450fdcd8c93cb2ee2452b78bf3dff041776c,usdt,372,16301.79765478964,0.000143,3.424731182795699,0.002372024263909111,0.14232145583454664,3.41571494002912,25294.850863422293,0.39511494252873564,783,0.0668103448275862,0,-1
0x40bb9fd9cf1a4b92ec0013f86b06ca80bf8cf8a2,usdt,427,103.25303913333332,39.88,0.0702576112412178,4.867865048501785e-05,0.002920719029101071,0.0700972566984257,1232573.2,0.0,15,0.05555555555555555,0,-1
0x815f5bb257e88b67216a344c7c83a3ea4ee74748,usdt,180,2344596.73745353,1858679.268203,6.4,0.004421368720658538,0.2652821232395123,6.366770957748296,13570.458333333334,0.03900650108351392,611,0.015169194865810968,0,-1
0x4aab529a9ba54dd71f7eeb1ce2b3c0796fe9a3c7,usdt,4,0.0001126,8.6e-05,1.25,0.0007208558000057669,0.04325134800034601,1.0380323520083041,83234.4,1.0,2,0.6,1,2
0x0601c00a249033566f6ee07fe2c7bc51b0f9ce0d,usdt,1780,3054.1416262689077,0.0,0.200561797752809,0.00013925750175513538,0.008355450105308122,0.2005308025273949,430856.5014005602,0.048305084745762714,240,0.03898305084745763,0,-1
0xb4a5832c7fb8956494ae6a447fac644e651b762a,usdt,28,19.32793672611465,50.00015,5.607142857142857,0.003789597675069758,0.22737586050418546,5.457020652100451,15832.815286624204,0.08053691275167785,66,0.06935123042505593,0,-1
0x8fcb48e495275dc6c9ec5b13f8916a133f9257c8,usdt,1,2205.857902333333,1995.193707,3.0,0.007429420505200594,0.44576523031203563,10.698365527488857,8076.0,0.0,1,0.5,0,-1
0x09d6c3a2aad7f88458bf6202b6883cb93f876b2a,usdt,15,1767.7376746000002,0.0,0.6666666666666666,0.00046209439664334634,0.027725663798600777,0.6654159311664186,129843.6,0.3,8,0.2,0,-1
0xf5bc288fcc285fd9734afd87842b0f52eebd46cb,usdt,70,0.006276,0.000104,0.05714285714285714,3.957754923941845e-05,0.002374652954365107,0.05699167090476256,1516011.0,0.25,2,0.75,0,-1
0x833f5a21ff7210b80dd6ef8436c393d9d116edf0,usdt,62,2826.7848831570245,0.0,1.9516129032258065,0.001350389157602691,0.08102334945616145,1.944560386947875,44431.63636363636,0.41317365269461076,91,0.17365269461077845,0,-1
0xba779b54e18ad71d74b3aaa5c6871f3ca162c35d,usdt,44,59172.21264705883,200000.0,0.7727272727272727,0.0005338743259836634,0.0320324595590198,0.7687790294164754,112386.0,0.0,18,0.14285714285714285,0,-1
0xeC877B668c945cFE1179c71E6500606a55c93Ee8,usdt,1,0.005869333333333334,0.000691,3.0,7.5,449.99999999999994,10800.0,8.0,0.3333333333333333,0,0.6666666666666666,0,-1
0x042e4d1af644fa6b1b88e44e868dd55e023e3c05,usdt,158,0.00036822358722358724,0.0,2.5759493670886076,0.0017781529228989396,0.10668917537393638,2.5605402089744733,33742.87960687961,0.7766599597585513,284,0.0744466800804829,0,-1
0x3bfbec2cd242ba6713ff2d85f5847c1d633475e3,usdt,1,0.002176,0.00022,5.0,0.6097560975609757,36.58536585365854,878.0487804878048,98.4,0.8,4,0.4,0,-1
0x4844d9137024e41344af4d9fe6a03ffd1543632c,usdt,12,0.02666666666666667,0.041994,0.5,0.00032550670543813205,0.019530402326287923,0.4687296558309101,184328.0,0.0,4,0.5,0,-1
0x71ccaa144dc3262d5eae077f2f5d948c45eda506,usdt,614,32057.069036601053,325071.0,1.5472312703583062,0.0010736955221019658,0.06442173132611795,1.5461215518268308,55881.764210526315,0.07454427083333333,622,0.058268229166666664,0,-1
0xe7aa55bb0919cdd8e2050fa8ce015dc266853005,usdt,134,4415.15750174266,114.964596,4.32089552238806,0.002988124912910867,0.17928749477465203,4.302899874591649,20079.481865284975,0.08223534756928669,376,0.049522944116310766,0,-1
0xf86419ece47bae96fbe80a8bcfae3e2db303223b,usdt,1,2913.4955574,4855.825929,5.0,0.2631578947368421,15.789473684210527,378.94736842105266,228.0,0.005291005291005291,3,0.010582010582010581,0,-1
0x73b44771f19a7ad8232872281ad80d56e51f170a,usdt,166,1300.3121787037037,2718.597438,0.3253012048192771,0.0002252941966718206,0.013517651800309238,0.3244236432074217,266318.44444444444,0.11224489795918367,32,0.17346938775510204,0,-1
0xb9a779b6d329fd44422efe12afb1bbfaeafe726e,usdt,1,0.08017424548736464,71.336963,2493.0,2.293046357615894,137.58278145695363,3301.9867549668875,26.166064981949457,0.0002555583950932788,2491,0.0007666751852798365,0,-1
0xf909828c9ba81df253e4a76853adf1f3eaf9a361,usdt,3,0.0008375,0.00065,2.6666666666666665,0.0015284677111196026,0.09170806266717615,2.2009935040122275,39255.0,0.875,5,0.375,0,-1
0x7defa87320fa13c70e08f0b305fd1cc2be272fa5,usdt,586,0.0006674166666666667,0.0,0.040955631399317405,2.843165314899513e-05,0.001705899188939708,0.04094158053455299,2110324.0,0.030534351145038167,8,0.00916030534351145,0,-1
0x45f33ffc7115aa4ac80d7cb6858a8e8560b75888,usdt,613,1365.3458398701298,7.381884,0.12561174551386622,8.721897649323984e-05,0.005233138589594391,0.1255953261502654,687923.6883116884,0.14942528735632185,44,0.13793103448275862,0,-1
0x6afd769b6b30535cebaccfc673dcccd005750aff,usdt,428,12269.47645653581,0.0002,0.8808411214953271,0.0006112669634689351,0.03667601780813611,0.8802244273952666,98156.7851458886,0.18672199170124482,250,0.061203319502074686,0,-1
0x3bc9cec1456c53c8749b8c3d54a3790db924a7ba,usdt,400,0.0010830874233128834,0.0,1.63,0.0011300735449089841,0.06780441269453905,1.6273059046689369,53093.88957055215,0.47778709136630343,264,0.06957250628667226,0,-1
0x1fd0166decb72251d66247c232a830e13755f0d7,usdt,65,2821.1179263529416,0.000105,0.26153846153846155,0.00018101551835390876,0.010860931101234525,0.26066234642962866,331463.29411764705,0.8823529411764706,9,0.23529411764705882,0,-1
0xacc0ecb4fc5bb3eb476cb361def7cda6ffd115a1,usdt,1582,2801.098125425373,0.0,0.42351453855878635,0.00029402637583352453,0.017641582550011473,0.42339798120027533,204063.3253731343,0.15219260533104043,409,0.10318142734307825,0,-1
0x9008d19f58aabd9ed0d60971565aa8510560ab41,usdt,1,71134.74977822797,53.688845,1316.0,1.4385658067337124,86.31394840402274,2071.5347616965455,41.70820668693009,0.0,653,0.0182,0,-1
0x38b08169f0f7e57018639221b61442c644521224,usdt,217,74433.0226608721,354929.6745,11.52995391705069,0.00799125114502939,0.47947506870176343,11.507401648842322,7508.21103117506,0.23883928571428573,1523,0.17410714285714285,0,-1
0x135695fa06b9007f49030a53e7bcd850c5960254,usdt,118,195.97344588474576,0.00035,5.0,0.0034526587813401934,0.20715952688041162,4.971828645129879,17377.91186440678,0.5073891625615764,193,0.16420361247947454,0,-1
0x35587b131989e416017bd799b1b07e62d1b0e68b,usdt,460,4814.912031250001,5104.071716,0.10434782608695652,7.24282974944034e-05,0.004345697849664204,0.1042967483919409,828405.5,0.0449438202247191,26,0.14606741573033707,0,-1
0xedbea8bf27a8edb9df1c0ed24e00e10ec1e06f3e,usdt,169,424.40611060816326,102.0,1.4497041420118344,0.0010063147276008718,0.060378883656052304,1.4490932077452554,59623.49387755102,0.26545454545454544,166,0.11272727272727273,0,-1
0x5cabb4bd4d478eff0129ccf013751026eb4de090,usdt,1,7276.677141333334,10915.015712,3.0,0.2027027027027027,12.162162162162161,291.8918918918919,296.0,0.0,1,0.023076923076923078,0,-1
0x7dbe8989bd63740fd4867d85f690f936410791e7,usdt,55,136.10003084018265,208.918792,3.981818181818182,0.0027299584896722804,0.16379750938033683,3.931140225128084,21978.35616438356,0.2328767123287671,144,0.14726027397260275,0,-1
0xbed3e0c733c24163ea15f6f7dcd130034ba731a1,usdt,11,8577.4195232,0.0,6.363636363636363,0.004246645150331239,0.2547987090198743,6.115169016476983,14128.8,0.1596244131455399,68,0.007042253521126761,0,-1
0xe32c68e4f83e649b0b371a5606aaf6597c8fdac9,usdt,48,1130.4696270000002,495.506408,0.0625,4.3386081166680644e-05,0.0026031648700008386,0.06247595688002013,1382932.0,0.0,0,0.5,0,-1
0xdc4858741e738bb304fc5b290e7b9453da6a5baa,usdt,1,0.0010000000000000002,0.001,5724.0,47.1499176276771,2828.995057660626,67895.88138385503,1.2725366876310273,0.0,5724,0.0001,0,-1
0x285d77ede4df97b33c26906e9a83e2cffd195916,usdt,17,1089.7066076923077,2006.8899,0.7647058823529411,0.0005293978710061003,0.03176387226036602,0.7623329342487843,113336.30769230769,0.14285714285714285,9,0.21428571428571427,0,-1
0x6ab755657b42c24e3c7ddeacf8b8e0bc8bb52a52,usdt,14,10489.742292303838,230000.0,262.35714285714283,0.18154588321355491,10.892752992813294,261.426071827519,330.49496324530355,0.0339,487,0.3048,0,-1
0x1d35e5f51b6fd8582e3b22ddda1bbb2ca1930555,usdt,45,4403.7761663358615,0.001,20.511111111111113,0.014117078453025154,0.8470247071815092,20.328592972356223,4250.171180931744,0.20245398773006135,736,0.12883435582822086,0,-1
0xcadb2fbf7afaa0a9796ab0f6bdaeefb8e6b1dc7b,usdt,833,15230.32115106166,475.0,1.070828331332533,0.0007435898718391178,0.04461539231034707,1.0707694154483296,80689.64125560538,0.11812144212523719,604,0.07685009487666034,0,-1
0xc5052f2bd384daf1603006c6dced2c469068db29,usdt,46,7.330226166666667,10.0,0.2608695652173913,0.00017803890149997774,0.010682334089998666,0.25637601815996797,337005.0,0.05263157894736842,7,0.21052631578947367,0,-1
0x71c6ee4ddef30b1f806b59ec61046c4f31e07d6f,usdt,1250,15012.839936832403,0.001,0.2864,0.00019873008147267208,0.011923804888360324,0.28617131732064777,301917.0502793296,0.39952153110047844,177,0.1937799043062201,0,-1
0xeb8947fdfb6bffae20bb2ed2a89ab68053ff3ecf,usdt,9,291.70666666666665,237.56,0.3333333333333333,0.00021495514602619587,0.012897308761571753,0.309535410277722,279128.0,0.0,2,0.003105590062111801,0,-1
0x0bb672d05391a9727eb662c120b41703d53e2cf6,usdt,66,198427947630724.56,0.0,6.9393939393939394,0.004760865271670772,0.2856519163002464,6.855645991205912,12602.751091703056,0.08990011098779134,396,0.05438401775804662,0,-1
0x8c8d7c46219d9205f056f28fee5950ad564d7465,usdt,9,682.1273819835778,186.146949,696.8888888888889,0.45442030980568315,27.26521858834099,654.3652461201837,132.03635204081633,0.0059,5789,0.0162,0,-1
0x4003ce4d415fb5ef0910a4b4f130eedecc16808d,usdt,67,12369.797199038867,0.0,31.104477611940297,0.02143164190647001,1.2858985143882007,30.86156434531682,2799.598848368522,0.07594756340837845,1401,0.058136221145625534,0,-1
0x499bd116e4c78e71a8faa829b6e53b1b3a9e5c0a,usdt,214,696.4202955642858,1000.0,0.6542056074766355,0.0004523521341650581,0.027141128049903488,0.6513870731976837,132640.0285714286,0.004784688995215311,61,0.028708133971291867,0,-1
0x8baead6fc759609f0ae8768c3501c9239896ac21,usdt,160,98.98297643617023,22.85,1.175,0.0008155184485021789,0.04893110691013074,1.1743465658431376,73572.82978723405,0.04145077720207254,18,0.025906735751295335,0,-1
0xe581f5c7f0df764536e8e8b3cc5968f16fb81341,usdt,15,0.00015000000000000001,0.0001,0.26666666666666666,0.00018084163697849794,0.010850498218709877,0.260411957249037,331782.0,1.0,2,0.75,1,2
0x4b5fb88c2dfeb703dad21b057b8f7b36c1fb1e8d,usdt,108,760.3337613779598,0.0,10.166666666666666,0.007002336663163373,0.4201401997898023,10.083364794955257,8568.56830601093,0.5012165450121655,468,0.16707218167072183,0,-1
0xeaa09ee740bc7556bcc0f0b68a5ba25f4fc82272,usdt,1,0.00019550000000000004,0.000136,4.0,0.07692307692307693,4.615384615384615,110.76923076923077,780.0,0.6666666666666666,2,0.3333333333333333,0,-1
0x39fbb5bba9a2c2d4296f76fe780453d50023bfb4,usdt,51,0.002122533333333334,0.000323,0.5882352941176471,0.0004083165923530469,0.024498995541182813,0.5879758929883875,146944.8,0.6111111111111112,13,0.19444444444444445,0,-1
0xc8616c35b7eb5329c81548c93ef98616357cb454,usdt,4,9.45e-05,8.6e-05,1.5,0.0008593280054996992,0.051559680329981955,1.237432327919567,69822.0,1.0,3,0.3333333333333333,0,-1
0x1f380529b73a1078f482b01f80a62737c06160a8,usdt,1,762.1034143333334,0.000243,9.0,0.013966480446927375,0.8379888268156425,20.11173184357542,4296.0,0.36363636363636365,5,0.45454545454545453,0,-1
0x5a9ed84755e3f0479a13228aea8d991e9b93a3f4,usdt,1,0.00040033333333333327,0.0001,6.0,0.01038781163434903,0.6232686980609418,14.958448753462605,5776.0,1.0,3,0.3333333333333333,0,-1
0x1dfbe4797b23a92efb0250d9231ce8193314ed04,usdt,83,63824.35638959999,5091.921493,0.3614457831325301,0.00024957904334688824,0.014974742600813296,0.35939382241951906,240404.8,0.003654636820465966,22,0.002740977615349475,0,-1
0x2cbc1e5421027ed6b43a0e58b6f8b7a3b01695d8,usdt,94,5536.223704652175,0.000792,0.48936170212765956,0.0003367698500202794,0.02020619100121676,0.4849485840292023,178163.21739130435,0.006889763779527559,31,0.007874015748031496,0,-1
0x8f911d5a3daefada726023ce463fecf0f88d05e7,usdt,1309,13855.871109128208,10000.0,0.029793735676088617,2.0687933372972238e-05,0.0012412760023783344,0.029790624057080023,2900241.358974359,0.0,24,0.018741633199464525,0,-1
0x898b0bbff6bd6d56f20aa46766ddaf8424f216ef,usdt,41,0.0017896999999999995,0.000446,0.24390243902439024,0.00016876156016687143,0.010125693610012285,0.24301664664029488,355531.2,0.45454545454545453,9,0.18181818181818182,0,-1
0x0b489c2e28c0a7e2d00825031b39858c1b762aa5,usdt,47,7838.612370664687,0.000218,32.234042553191486,0.02234823117069328,1.3408938702415971,32.18145288579833,2684.7762376237624,0.20336311087756173,1156,0.1466106148187073,0,-1
0x5f5d204b94bccbfcf640336b11ce9140cce20177,usdt,237,696.7500695000001,0.000139,0.016877637130801686,1.1699731081681087e-05,0.0007019838649008653,0.016847612757620766,5128323.0,0.14285714285714285,1,0.2857142857142857,0,-1
0x9fa10cc39ab33bba9f561c8ac408ab47a1474c4a,usdt,24,24881.429715888888,0.000129,0.75,0.0005155613603945763,0.03093368162367458,0.7424083589681898,116378.0,0.13333333333333333,13,0.1111111111111111,0,-1
0xc41b7181d9086cb5aeea0fe220112a62306c0e34,usdt,1202,246.040824,181.84303,0.008319467554076539,5.775731632862962e-06,0.0003465438979717777,0.008317053551322664,10388294.3,0.0011947431302270011,6,0.005973715651135006,0,-1
0x2185b2a984182413c03d931ac505e2d1fb358446,usdt,1092,3799.1612555636193,0.000417,0.9716117216117216,0.0006744646047840835,0.04046787628704501,0.9712290308890804,88959.44957587183,0.06895723209995194,557,0.020903411821239788,0,-1
0xf4956ae93b85b9e5554beae149bca4b9dc90a80a,usdt,21,2092.3173485714287,7171.72144,0.3333333333333333,0.00022110616254461605,0.013266369752676964,0.31839287406424716,271362.85714285716,0.0,2,0.5,0,-1
0xe79e971c540b1b4750d27e132aa46cfca7451946,usdt,389,473.0920414455783,199.945684,1.5115681233933163,0.0010473752029289455,0.06284251217573673,1.5082202922176815,57286.06122448979,0.003305785123966942,228,0.01818181818181818,0,-1
0x6528611b406acc6f8a26b7513456ace9a763737c,usdt,1390,6759.314355654805,0.0,0.20215827338129497,0.00014035631840648326,0.008421379104388997,0.2021130985053359,427483.42704626336,0.1292929292929293,211,0.10505050505050505,0,-1
0x85db7e2f5f6f7b72cb4fda86f0bbeb8ceac60715,usdt,98,131.83363198198197,14.54,1.1326530612244898,0.0007864175069289759,0.047185050415738554,1.1324412099777252,76295.35135135135,0.10084033613445378,18,0.05042016806722689,0,-1
0x5c1c5f687b5b3d36fa8ae94324e9187f7bddf3be,usdt,2,0.039999999999999994,0.04,93.0,0.060476004682013265,3.628560280920796,87.08544674209911,992.1290322580645,0.0,93,0.07509881422924901,0,-1
0xeba5f95787c5f2d883633e25728a7754f31d55fa,usdt,69,154.9043514512195,200.199198,1.1884057971014492,0.0008199212875563945,0.04919527725338368,1.180686654081208,73177.75609756098,0.07692307692307693,62,0.10897435897435898,0,-1
0xa9631f46dbf98809edaa9add405e23f17e175c5f,usdt,66,10561.234743025316,6674.404041,1.196969696969697,0.0008299086470177916,0.049794518821067495,1.1950684517056198,72297.11392405063,0.13392857142857142,16,0.23214285714285715,0,-1
0x0d37116b89ac8c26c5684b6845b7a0918b17a9c2,usdt,88,5169.06360378585,812.447754,5.943181818181818,0.004092363790014006,0.2455418274008404,5.89300385762017,14661.453154875717,0.38571428571428573,295,0.28035714285714286,0,-1
0x626eb9ab3cc3841ae7f67dab89e5a1819488360c,usdt,36,944.7356662811061,0.001,6.027777777777778,0.0040947413708514796,0.2456844822510888,5.896427574026131,14652.940092165898,0.0,34,0.022935779816513763,0,-1
0xc972ccb9c91f4855e68f3ff0ad2a4b6684ee4141,usdt,12,0.024615384615384615,0.06013,1.0833333333333333,0.0007075677087869024,0.04245406252721415,1.0188975006531396,84797.53846153847,0.0,9,0.38461538461538464,0,-1
0xd6e31930e229cc208de53c855cc936b9e307b0d6,usdt,1,7.233333333333333e-05,9.9e-05,3.0,0.5172413793103449,31.03448275862069,744.8275862068965,116.0,1.0,1,0.6666666666666666,1,2
0x795874c3645d0910c37e3ce37de27bcaecabbc9f,usdt,12,0.04,0.064995,0.3333333333333333,0.00021674108110451254,0.013004464866270753,0.31210715679049805,276828.0,0.0,2,0.75,0,-1
0xc2ba17f086976cdd2083de7533c7f3b25d5baf5a,usdt,140,1074.5494804345794,0.000216,1.5285714285714285,0.0010601616994292962,0.06360970196575777,1.5266328471781865,56595.14018691589,0.22650602409638554,113,0.13734939759036144,0,-1
0xc1920dec7f1b3a7b72028cc0f93e2bb344c14a0d,usdt,358,2633.4962181783,0.0,7.723463687150838,0.005359403747434658,0.32156422484607944,7.717541396305907,11195.275226039783,0.43334447043100566,1565,0.08486468426328099,0,-1
0x4bf1527dba2bf2d0efb19d8f9b4e0c5eda01ec0a,usdt,285,197.83211456756754,100.0,0.2596491228070175,0.00017980900396017183,0.01078854023761031,0.25892496570264745,333687.4054054054,0.00904977375565611,36,0.04072398190045249,0,-1
0x051f36ded596c1b6232541cd081e19245f244dab,usdt,39,784.6584446581633,0.0,5.0256410256410255,0.003466964778468026,0.20801788670808155,4.992429280993957,17306.20408163265,0.4155844155844156,135,0.11255411255411256,0,-1
0x5f6e3ecb27abdf9cce7e240d2d6dd23ee0b064a6,usdt,15,0.01075,0.03,0.5333333333333333,0.0003677890362088306,0.022067342172529838,0.5296162121407161,163137.0,0.0,5,0.4444444444444444,0,-1
0x4d696a2292293ee07933374ce724c4ea34293b0f,usdt,37,7474.392352941177,5000.0,1.3783783783783783,0.0009553137924833663,0.05731882754900198,1.3756518611760475,62806.58823529412,0.0,5,0.14516129032258066,0,-1
0x106f9c5ac2b9a928099efe52b464ec712e232719,usdt,477,10128.88959362963,0.0,1.3584905660377358,0.000942656516622322,0.05655939099733932,1.3574253839361436,63649.90740740741,0.18505338078291814,432,0.12188612099644128,0,-1
0x5d680fbd4c2d39e243a30f7ef3b7c41fbd2f1c63,usdt,43,659.3969135106382,2203.363999,3.2790697674418605,0.0022590216673822904,0.13554130004293743,3.252991201030498,26560.17021276596,0.26174496644295303,89,0.2483221476510067,0,-1
0x7baa298d36fe21df2f6b54510da76445661a91ed,usdt,2,4649.844062730427,5823.812772,1066.5,0.71271050521251,42.7626303127506,1026.3031275060146,84.18565400843882,0.002,1124,0.0123,0,-1
0x2416ada39f014f2c09854a9317c7f06d761b3211,usdt,496,8267.710112936364,0.00034,0.4435483870967742,0.00030758639472673886,0.01845518368360433,0.44292440840650393,195067.14545454545,0.049773755656108594,165,0.015271493212669683,0,-1
0x81b62e4a14300bca664268b26e28bc27df4a2099,usdt,1,0.050234338125359414,24.315266,3478.0,5.03765932792584,302.2595596755504,7254.229432213209,11.9102932719954,0.0005051355447044957,3477,0.0003367570298029971,0,-1
0xdeddfdaa796af780a0325559bfa7ba86a42157b0,usdt,44,0.08202458781038374,54.469792,50.34090909090909,0.03467753803570143,2.080652282142086,49.93565477141005,1730.2266365688488,0.0011101859561476548,2214,0.0005550929780738274,0,-1
0xdb768e9658a544c547eb26af3b4e190845817f0e,usdt,223,0.33974816,1.6e-05,0.11210762331838565,7.751024685463418e-05,0.004650614811278051,0.11161475547067322,774091.2,0.16326530612244897,12,0.10204081632653061,0,-1
0xc8d41d9e2e4fc40a9400e52318e741eeb69d4211,usdt,19,17006.15553534375,17303.725167,1.6842105263157894,0.0011558856251173946,0.06935313750704368,1.6644753001690484,51908.25,0.1956521739130435,27,0.13043478260869565,0,-1
0x2348ed69be61cd31449f69a186b8785d740a1bec,usdt,1,0.04428571428571428,0.05,7.0,0.3888888888888889,23.333333333333336,560.0,154.28571428571428,0.0,3,0.4444444444444444,0,-1
0xc9d18cdfdfbf414e091666e7a831755fe06798b8,usdt,17,0.003966333333333333,0.000399,0.17647058823529413,0.00012182444285621468,0.00730946657137288,0.17542719771294912,492512.0,0.25,2,0.5,0,-1
0x3ff58ffa2fbbcae8f9e9b0105b9de73e09056c13,usdt,1,0.044274539342629496,27.917517,4016.0,2.6159458051068265,156.9567483064096,3766.9619593538305,22.93625498007968,0.0004969355640218651,4015,0.00033129037601457677,0,-1
0x430ecf00c4218d45d8a57a14a36c8acec3252d99,usdt,310,52463.693750136365,50000.0,0.14193548387096774,9.838017049283547e-05,0.005902810229570127,0.14166744550968305,609879.0,0.02425876010781671,34,0.029649595687331536,0,-1
0x5c2b8e66c07f5d6331f6e4412a177513d08df3f8,usdt,6,25762.982001143882,206739.0,23.166666666666668,0.014324285331519611,0.8594571198911767,20.626970877388242,4188.690647482014,0.5586206896551724,34,0.46206896551724136,0,-1
0x4d27299ec052dd4c9b37bfaa8f112135772d4d8a,usdt,861,3983.1705145,0.0,0.03484320557491289,2.419425860565584e-05,0.0014516555163393504,0.03483973239214441,2479927.2,0.3958333333333333,18,0.16666666666666666,0,-1
0x5a1ad665398e0077b317a19eebd2492a84c4fcd8,usdt,50,354992.84849811427,300000.0,1.4,0.0009571445370291874,0.05742867222175124,1.37828813332203,62686.45714285714,0.0,25,0.01507537688442211,0,-1
0x4d6973ed0659332be93351b4f387e30822293b0f,usdt,447,73301162682511.7,0.0,2.4630872483221475,0.0017081308580277964,0.10248785148166778,2.4597084355600263,35126.114441416896,0.13760217983651227,744,0.069141689373297,0,-1
0x8c03686f68ac03cd391d23da75f18a595e11c343,usdt,85,352.00003692307695,0.0,0.15294117647058825,0.00010539714454813001,0.0063238286728878,0.1517718881493072,569275.3846153846,0.23529411764705882,5,0.23529411764705882,0,-1
0x1231deb6f5749ef6ce6943a275a1d3e7486f4eae,usdt,1,11639.415871200814,519.944726,1967.0,2.744906502930505,164.6943901758303,3952.665364219927,21.85866802236909,0.0028,1130,0.0239,0,-1
0x1b7451dda804beb6a206145f77892f1c47667b78,usdt,254,1911764.7203088233,0.0005,0.2677165354330709,0.00018579326346413724,0.011147595807848234,0.26754229938835766,322939.5882352941,0.16417910447761194,24,0.06965174129353234,0,-1
0xac4dbdda13372792f08a6d4c094dafbb011698eb,usdt,156,1181.2961236448598,0.000175,1.3717948717948718,0.0009519733874504996,0.05711840324702997,1.3708416779287194,63026.97196261682,0.16930022573363432,124,0.14446952595936793,0,-1
0x4e14e3a4ace2be9e7289e1ad428a58a5f06ba55c,usdt,95,169984.9179585842,46397.93,58.68421052631579,0.04073368862364702,2.4440213174188212,58.6565116180517,1472.9822421524664,0.1615,2676,0.0454,0,-1
0x7489373204abd1b6f00aeba295f608ed2d83d859,usdt,240,16893.265519828405,0.000178,2.816666666666667,0.0019517197653778772,0.11710318592267263,2.8104764621441434,30742.118343195267,0.12562534741523068,443,0.05336297943301834,0,-1
0x48be28474d9426ebd8fdde98d90070da3e58d821,usdt,634,19153.005127201963,17350.0,0.804416403785489,0.0005580575744716891,0.033483454468301345,0.8036029072392322,107515.78823529412,0.01662277814351547,356,0.013166556945358789,0,-1
0xbf23af8a3dd05bb4f1b6bf19f006497027557bc5,usdt,448,146506.5114265644,18708.316348,0.5892857142857143,0.00040849597352946097,0.024509758411767658,0.5882342018824237,146880.27272727274,0.03677058353317346,178,0.023980815347721823,0,-1
0xaec9decdba591eba8d519995ad7ade00eac00fe5,usdt,1,0.041635351043643284,26.067893,4216.0,3.7927311982727603,227.56387189636558,5461.532925512774,15.819734345351044,0.0004528301886792453,4215,0.0003018867924528302,0,-1
0xed2621e70c8f94e5acf8f74d7bdfa2cf815c4fbc,usdt,205,3386.1480076428575,1587.571955,0.13658536585365855,9.467718124390938e-05,0.0056806308746345634,0.1363351409912295,633732.4285714285,0.05263157894736842,14,0.2631578947368421,0,-1
0x3cc078deba7f1d57b0914f8dba5d45512c700bbb,usdt,1,0.0001,0.0001,4.0,0.0030726686126901215,0.1843601167614073,4.424642802273775,19527.0,0.008849557522123894,0,0.0022123893805309734,0,-1
0x3cfa586afe61b6c5c565e5de4f9becf4f9dade9a,usdt,83,1637.5548425961003,0.000415,4.325301204819277,0.0029967311422971488,0.17980386853782895,4.315292844907894,20021.816155988858,0.3088235294117647,188,0.23949579831932774,0,-1
0x67d6a344e7cf29c68b5bc6ff8f00cef1ce1a2aca,usdt,1,0.012048152244724547,82.686539,7061.0,6.762114537444933,405.7268722466961,9737.444933920704,8.872964169381108,0.706,7061,0.0001,0,-1
0x0722d1087f48b675ef39cf72029e4a721e4184a2,usdt,98,0.0014786250000000001,0.000249,0.16326530612244897,0.00011336342187488929,0.006801805312493358,0.16324332749984058,529271.25,0.75,8,0.1875,0,-1
0x4f1ddc2508adc62a9d299214e1bb5352ea70d907,usdt,97,8572.14845185965,309.24236,0.5876288659793815,0.000407998488258233,0.024479909295493978,0.5875178230918555,147059.36842105264,0.25333333333333335,34,0.16,0,-1
0x1b23b13256a1f848653f27e17ec6a352b79a931b,usdt,1294,24586.023999687503,0.012148,0.012364760432766615,8.584061550868809e-06,0.0005150436930521286,0.012361048633251085,6989698.25,0.0078125,11,0.046875,0,-1
0x3ab8cea0a2cbaedbde9beedfece9c3b2607566e9,usdt,1,0.0038833333333333337,0.00015,3.0,0.4411764705882353,26.47058823529412,635.2941176470588,136.0,0.3333333333333333,2,0.6666666666666666,1,2
0x836099a13dd5be0a4f02e8521b0fa8dfa493d61a,usdt,65,5725.7452854896455,0.000668,10.4,0.007195301340497413,0.4317180804298448,10.361233930316274,8338.775147928995,0.24676445211389128,412,0.1182053494391717,0,-1
0xf83c0135ddb97352dbe186b88978e48a8880fa2d,usdt,28,0.0004604444444444445,0.000186,1.2857142857142858,0.0008677458854382598,0.05206475312629559,1.2495540750310943,69144.66666666667,0.9230769230769231,16,0.05128205128205128,0,-1
0x42ca41e2763a618dd5ebb04665138dd817fe17d7,usdt,731,3099.1797288333332,1572.621539,0.016415868673050615,1.1396377205650096e-05,0.0006837826323390057,0.01641078317613614,5264831.0,0.0,5,0.2,0,-1
0xf56735b07c621c3132241ddd875f1def52664c32,usdt,36,2748.312231247423,0.0,5.388888888888889,0.0036949847248569623,0.22169908349141776,5.320778003794025,16238.226804123711,0.2152230971128609,94,0.2125984251968504,0,-1
0x8057ab1b50a61eca3961bd78a4782f39d12e9da8,usdt,35,287.39185000000003,764.658277,0.17142857142857143,0.00011579658400077198,0.006947795040046318,0.16674708096111165,518150.0,0.0,2,0.008403361344537815,0,-1
0x89fc0cfed7827a5354f7554c792b40d924e968a6,usdt,121,3734.0489588888886,0.0,0.0743801652892562,5.139702833803711e-05,0.0030838217002822268,0.07401172080677344,1167382.6666666667,0.09090909090909091,7,0.2727272727272727,0,-1
0x3a1c345ccea98fa1301b45347ca5f73f7236e9f5,usdt,200,223.81132071755727,99.981215,0.655,0.0004541826757392256,0.02725096054435354,0.6540230530644849,132105.4351145038,0.014285714285714285,12,0.05,0,-1
0xf70e8a9fc7809568714e951c3a83d32ab789a69b,usdt,195,311.39251777777775,14.789873,0.23076923076923078,0.00015970177645158268,0.009582106587094961,0.22997055809027908,375700.26666666666,0.017361111111111112,28,0.024305555555555556,0,-1
0xce8f8255a78e873ae13da11eceaf4478802d4ebc,usdt,228,88928.57581088888,0.0,0.039473684210526314,2.733417117629872e-05,0.0016400502705779234,0.03936120649387016,2195054.6666666665,0.06060606060606061,5,0.12121212121212122,0,-1
0x928fea3e63969c1edbe3c126d3bcab20ea095255,usdt,136,5535.266298048951,0.0,1.0514705882352942,0.0007251205069150128,0.04350723041490077,1.0441735299576185,82744.86713286713,0.25308641975308643,73,0.11728395061728394,0,-1
0x7dbd06d1b95431d2edaeacae21d637572ff07c7f,usdt,39,0.0,0.0,0.20512820512820512,0.00014242883899131896,0.008545730339479137,0.2050975281474993,421263.0,1.0,0,0.5,0,-1
0x69f1c9b1781e48b0a03d6bfd4ccdbff44cf9bc6f,usdt,8,7.9e-05,9.1e-05,1.5,0.001038691249026227,0.06232147494157361,1.4957153985977667,57765.0,1.0,5,0.16666666666666666,0,-1
0xb6f832521e4f7ccb7cc16f711c3e00ef409385c1,usdt,149,0.00026461290322580644,0.0,0.8322147651006712,0.0005756154443194183,0.03453692665916509,0.8288862398199623,104236.25806451614,0.976,38,0.152,0,-1
0x1bc972b5c64ad16053bf53b809cd16b549c6c19e,usdt,1,0.000675,0.002,4.0,0.004654410053525715,0.2792646032115429,6.70235047707703,12891.0,0.75,2,0.5,0,-1
0xf10662ddfc2f6c61635e668ae0c6683f57fe4bd1,usdt,220,15078.216353166941,0.001,2.75,0.0019067982241877828,0.11440789345126698,2.7457894428304073,31466.36033057851,0.14566181127295758,369,0.06776440785307157,0,-1
0xc8800cd44ed984cb0129b88d610e71256da100f8,usdt,12,0.04,0.069,0.3333333333333333,0.00022783973752862235,0.01367038425171734,0.3280892220412162,263343.0,0.0,2,0.75,0,-1
0x98f06d16ecc6bd56aa6b06929bb5cf94c0d0cff2,usdt,329,39761.15696698977,5150.0,1.1884498480243162,0.0008230452674897119,0.04938271604938271,1.1851851851851851,72900.0,0.025085034013605442,286,0.02423469387755102,0,-1
0xfe450d60ad220503e810d3734a3fc50a20c64f46,usdt,6,0.0,0.0,2.5,0.0017308224868457492,0.10384934921074494,2.4923843810578785,34665.6,0.9375,0,0.375,0,-1
0x07b09a0fcb731e276a47d1bd5d22f65b82aa2d3f,usdt,10,0.027133333333333332,0.067392,0.6,0.00040929927963326783,0.024557956777996073,0.5893909626719057,146592.0,0.16666666666666666,3,0.6666666666666666,0,-1
0x81e14e07493bd2a3ad29bb7dab1f26de9c98151b,usdt,572,975.0254362564106,5.456508,0.06818181818181818,4.734309345599483e-05,0.0028405856073596904,0.06817405457663256,1267344.3076923077,0.0,22,0.005714285714285714,0,-1
0x7ccd004bd52db9563670d0c1325a93191e44e5ec,usdt,193,4637300.07149479,10000000.0,3.305699481865285,0.002294614058862965,0.1376768435317779,3.304244244762669,26148.188087774295,0.20372285418821096,292,0.12306101344364012,0,-1
0x1a8bcbfc3a2c7be39f5d0fb842177e6884a911bd,usdt,173,22339.860056179776,71204.0,1.0289017341040463,0.0007124953267511573,0.04274971960506944,1.0259932705216666,84211.0786516854,0.0,45,0.042328042328042326,0,-1
0xdccaadf5b97fade1c551505b432e009d8610d216,usdt,41,33125.0,50000.0,0.0975609756097561,6.733122586596372e-05,0.0040398735519578234,0.09695696524698777,891117.0,0.0,0,0.125,0,-1
0x158065ee505833e3bf567a2c1dab56bba0539cc1,usdt,11,0.032,0.0575,0.45454545454545453,0.0003123555355648013,0.018741332133888074,0.4497919712133138,192088.8,0.0,3,0.6,0,-1
0xa9d1e08c7793af67e9d92fe308d5697fb81d3e43,usdt,1,21659.19899434908,1685.502498,3641.0,6.148260722728807,368.8956433637285,8853.495440729483,9.758857456742653,0.0,2831,0.0676,0,-1
0xc5333851ce99a3dbb3bbd7d29555c8e32a2df7a8,usdt,12,0.04571428571428572,0.134,0.5833333333333334,0.00037642503764250375,0.022585502258550227,0.5420520542052054,159394.2857142857,0.0,3,0.7142857142857143,0,-1
0x94d7e920a8a3f0c78aacdeb561c0d9d369a2ef67,usdt,387,20489.69941595918,0.00045,0.7596899224806202,0.0005269455582791033,0.0316167334967462,0.7588016039219088,113863.75510204081,0.3491271820448878,140,0.30423940149625933,0,-1
0xe5e47e09143094c541812b9cd2fb6c71e3f17efc,usdt,10,2190.408867857143,0.0,1.4,0.0009512808316912415,0.057076849901474484,1.3698443976353878,63072.857142857145,0.45,6,0.4,0,-1
0x488a612e5b6e9b667754f68896f9a122629a0c2c,usdt,1,0.01402422005287777,0.001,4917.0,2.1090331989362614,126.54199193617568,3037.0078064682166,28.449054301403294,0.0755,4916,0.0002,0,-1
0xc57b0e086f46761024c15c8c3e02a041d4bb432f,usdt,50,1.207357236589843,46.226056,98.06,0.06782122750473767,4.069273650284259,97.66256760682224,884.6787681011625,0.0002,14,0.4887,0,-1
0x21eab0e1dcc891d0b016c07cadcdb14c0505c5ac,usdt,53,0.001432518518518519,0.00026,0.5094339622641509,0.00035209430911272235,0.02112565854676334,0.5070158051223201,170408.88888888888,0.25925925925925924,13,0.07407407407407407,0,-1
0xa8b307bbc185e6caca465ef11c3850c9ddeca844,usdt,12,0.02666666666666667,0.039,0.5,0.0003262146057152799,0.01957287634291679,0.469749032230003,183928.0,0.0,4,0.5,0,-1
0x3f128b6703f4004bf5eb169ba6e9af1cba4af8df,usdt,24,188.50300709090914,0.047856,0.4583333333333333,0.00030649547501225983,0.01838972850073559,0.4413534840176542,195761.45454545456,0.0006551648831622625,3,0.0015287180607119458,0,-1
0x26ebcd04ae58c12cb48014f74ad27eacccfc9ffa,usdt,14,20.35557474418605,98.432857,3.0714285714285716,0.0019964713529575634,0.11978828117745381,2.8749187482588914,30053.023255813954,0.24444444444444444,17,0.4222222222222222,0,-1
0x3be6571e91f6370847e04041ddc571179c65ee0f,usdt,43,22230.629944809523,92726.044208,5.8604651162790695,0.004020998547972747,0.2412599128783648,5.790237909080755,14921.666666666666,0.367816091954023,105,0.16091954022988506,0,-1
0x09ff0d7c1af0cc166e12082720f194e791f42265,usdt,43,200.14550544444444,200.17071,0.20930232558139536,0.00014449382208636235,0.008669629325181743,0.20807110380436178,415242.6666666667,0.0,6,0.034482758620689655,0,-1
0xcbe2f41f902e5cb53c48fb211f6fcfd65d808b29,usdt,36,6712.495252042553,0.000272,9.13888888888889,0.006202047241125794,0.3721228344675476,8.930948027221143,9674.224924012158,0.19602977667493796,221,0.21836228287841192,0,-1
0xaefeaa25f4d12f1439c23f4eb638eb44620fd942,usdt,38,0.0025838076923076925,0.000199,0.6842105263157895,0.000473672896072523,0.028420373764351376,0.6820889703444332,126669.69230769231,0.6538461538461539,22,0.19230769230769232,0,-1
0x42783c1fecb3ce898c10729af7f6e3e876ba47c3,usdt,61,0.014195121951219514,0.09,0.6721311475409836,0.0004616119037325263,0.02769671422395158,0.6647211413748378,129979.31707317074,0.0,27,0.32558139534883723,0,-1
0x11cd1abfa402f94b1de515f8677a1b63c7da9ce8,usdt,163,9401.121336662321,0.00015,4.705521472392638,0.0032649523751145074,0.19589714250687043,4.7015314201648915,18376.990873533246,0.31845597104945716,536,0.1712907117008444,0,-1
0x71c127627a5c31e51eab8a5467891754a562c5be,usdt,1862,875912408820776.8,4475.0,2.2073039742212677,0.0015323514055353455,0.09194108433212073,2.2065860239708974,39155.509489051095,0.13568305286868954,2862,0.07327414866834504,0,-1
0xee92fe8145a140de5489df15b38b4c5941ef1048,usdt,892,7403.469633452912,204.13453,2.309417040358744,0.001602806997450759,0.09616841984704552,2.3080420763290928,37434.326213592234,0.25810721376571805,1449,0.07279947054930509,0,-1
0xd0189d51cba088d5c912e0bd03a3c1aa83a5051a,usdt,167,7760.9338499852565,0.000144,19.089820359281436,0.013201626268089085,0.7920975760853451,19.010341826048283,4544.894604767879,0.4230659434770197,1707,0.13673993719668856,0,-1
0x4aaf2b32e2580caac3a6c3bdf09905d53cc17520,usdt,1084,5915.439172152778,23204.081633,0.3985239852398524,0.00027658907788146597,0.01659534467288796,0.39828827214931095,216928.30555555556,0.1540084388185654,238,0.12025316455696203,0,-1
0x12b457be3a8f3e0697b042e25fd17309424d35a2,usdt,15,2211.2446153846154,5097.54,0.8666666666666667,0.000565502601311966,0.033930156078717966,0.8143237458892311,106100.30769230769,0.38461538461538464,11,0.15384615384615385,0,-1
0x47cfbcc020ab280edc257f5756fdb07e5d07a3da,usdt,56,7136.7458706112075,0.0001,31.232142857142858,0.021636024909262298,1.2981614945557378,31.155875869337706,2773.1526586620926,0.22561629153269025,1387,0.13612004287245444,0,-1
0x3732bcf0bf4e92356fc0dc19b6b373846f04c44b,usdt,40,1442.2002702433392,12659.695186,70.375,0.048868303827178064,2.932098229630684,70.37035751113642,1227.7896980461812,0.037,1550,0.1231,0,-1
0x238d7ce52cec02cda9bfca8b116646a46dc72dc8,usdt,39,31413.773663244898,50000.000101,1.2564102564102564,0.0008527701105816588,0.051166206634899535,1.2279889592375888,70358.9387755102,0.19718309859154928,17,0.2112676056338028,0,-1
0x673ce561aa35d3f0b8c6fae88a29407ceec8775f,usdt,310,1960.5929835930228,0.000683,0.27741935483870966,0.00019208614035957631,0.01152516842157458,0.2766040421177899,312359.8604651163,0.3963963963963964,45,0.18018018018018017,0,-1
0xc77825a7cf8824a6c9cdb2bd67c349dce1f66b6b,usdt,60,1351.7830229655174,0.0,0.48333333333333334,0.0003342007186467867,0.020052043118807202,0.4812490348513728,179532.8275862069,0.024734982332155476,14,0.0176678445229682,0,-1
0x888888888889758f76e7103c6cbf23abbf58f946,usdt,6,39474.14317308283,1919.790808,56.333333333333336,0.03888096443196981,2.332857865918189,55.98858878203654,1543.1715976331361,0.0,169,0.0031,0,-1
0xc9dffd34f2fb2c3b0067e10b57ddcc6754eabbcb,usdt,274,825.9557225075213,1100.0,5.58029197080292,0.0038700493614798217,0.2322029616887893,5.572871080530944,15503.678221059516,0.05989180834621329,360,0.089258114374034,0,-1
0x8a4a18f29ac3bc26d34c77f82e3f34c638914b80,usdt,270,7007.1415451449275,14111.0,0.25555555555555554,0.00017706381995945494,0.010623829197567297,0.25497190074161513,338860.8695652174,0.03021978021978022,44,0.04120879120879121,0,-1
0xa23311c7bfb3d2bfdeceb18dadb5ffb09204aba1,usdt,2,5200.558470821428,3039.69,14.0,0.007389032564522088,0.4433419538713253,10.640206892911806,8120.142857142857,0.5172413793103449,11,0.5862068965517241,1,2
0x5b41860648d3c2af0f6857fe9a7c3ab2b443ef76,usdt,1,0.0003342857142857143,0.0,7.0,0.005373042677310409,0.32238256063862447,7.737181455326988,11166.857142857143,0.7777777777777778,5,0.2222222222222222,0,-1
0xebF6857F05BdE28A2d84C5d4661fA4cb182F5190,usdt,1,1e-05,9e-06,4.0,5.0,300.0,7200.0,12.0,0.8,0,0.4,0,-1
0xcf4243afdba7caffebde62b7c7514f84299cb876,usdt,35,0.0008425,0.00074,0.45714285714285713,0.00031484287372832994,0.018890572423699795,0.4533737381687951,190571.25,0.3157894736842105,8,0.47368421052631576,0,-1
0x162bc578ca20864e5b5da0bb0bccb3152db56b98,usdt,1,0.040876571625978825,20.303444,4342.0,2.7815502882767458,166.89301729660474,4005.4324151185137,21.57070474435744,0.001968802059669847,4341,0.00030289262456459186,0,-1
0xec87d743350d4a60747c4a1c9c165543e4983ee8,usdt,1,0.0032158,0.002039,5.0,0.010964912280701754,0.6578947368421053,15.789473684210527,5472.0,0.4,4,0.4,0,-1
0xc2b9ec70586606438866c6110fdeba970b137bba,usdt,63,3399.638610246154,0.0,2.0634920634920637,0.0014202031545989455,0.08521218927593674,2.0450925426224815,42247.47692307692,0.3137254901960784,77,0.28104575163398693,0,-1
0x52370bd6b5a5d35af5750ad4936cfa51bcc03ccb,usdt,220,5621.690912767743,12500.001,0.7045454545454546,0.0004885567403494284,0.029313404420965705,0.7035217061031769,122810.70967741935,0.0962566844919786,59,0.09090909090909091,0,-1
0x04aea092183c6495591877997f22ae7d6c84d1fe,usdt,209,32429.936139376812,0.0,0.33014354066985646,0.0002283472228013637,0.013700833368081825,0.3288200008339638,262757.73913043475,0.0958904109589041,38,0.08904109589041095,0,-1
0x2ceea525318335653474e697b32329332fcc5499,usdt,1152,627.7867043673469,5.0,0.042534722222222224,2.9529660012368707e-05,0.0017717796007421225,0.042522710417810944,2031855.4285714286,0.453125,29,0.234375,0,-1
0x5e236c34311e3088cad2c3d29db2b5e5fac85212,usdt,1067,2675.8031636125,0.0,0.07497656982193064,5.2037102974792054e-05,0.0031222261784875235,0.07493342828370056,1153023.45,0.25,52,0.22727272727272727,0,-1
0x093f29d51e1811f1400e443870a5a167c17f89c8,usdt,9,0.0005462,0.000159,1.1111111111111112,0.0007008690776562938,0.04205214465937763,1.0092514718250631,85608.0,0.9,7,0.2,0,-1
0x5fa176fa3b221074fbc16c6a2e3967ad7d8cd181,usdt,1,110.00005499999999,0.000165,3.0,0.39473684210526316,23.684210526315788,568.421052631579,152.0,0.2,1,0.6,0,-1
0x54e8ce5bfcbc58acfcbc6b66e241e015c46bc385,usdt,12,0.032,0.054,0.4166666666666667,0.00027221254355400695,0.01633275261324042,0.39198606271777003,220416.0,0.0,3,0.6,0,-1
0xfc883783d03a5f0ab93e7acb9e915c1fdd28ee7d,usdt,11,0.061470264214046826,12.804763,380.54545454545456,0.26057618087199025,15.634570852319413,375.2297004556659,230.25895843287148,0.0004853583562530335,4181,0.0004853583562530335,0,-1
0x4aa032a9ac778a96dfcc2ce39138400175d17520,usdt,1,0.000143,0.000136,4.0,0.009157509157509158,0.5494505494505494,13.186813186813186,6552.0,1.0,2,0.75,1,2
0xbdbebff9e92dc8bf81843e5235ac59a16355852e,usdt,1624,331.40628368571424,190.5225,0.04310344827586207,2.991714276356529e-05,0.0017950285658139174,0.04308068557953402,2005539.1142857142,0.004819277108433735,38,0.04578313253012048,0,-1
0x74077c88be2f17f2c8240a5622610f37e098afce,usdt,1,1.6723,2.50845,3.0,0.0074887668497254116,0.4493260109835247,10.783824263604592,8012.0,0.0,1,0.0014947683109118087,0,-1
0xc3279ee784726a391650776bd5cd7067e951372e,usdt,1,0.9619416,1.311438,5.0,0.020833333333333332,1.25,30.0,2880.0,0.0,2,0.8,0,-1
0xa000b020c290d000020aac04026b5306d60050f0,usdt,18,7409.655943265754,0.495045,40.55555555555556,0.026682261778573777,1.6009357067144268,38.42245696114624,2248.6849315068494,0.0017565872020075283,436,0.011543287327478042,0,-1
0x106f7c2aa929066ddd78d7f013b3076419982719,usdt,373,0.00055345,0.0,0.16085790884718498,0.00011160066603277489,0.0066960399619664926,0.16070495908719581,537631.2,0.18681318681318682,12,0.0695970695970696,0,-1
0x07bafdb8d68644d0a24ab6adb4afe05f03d4ea9e,usdt,2,0.000980634920634921,0.000988,31.5,0.015163914696962402,0.9098348818177441,21.83603716362586,3956.7619047619046,0.7936507936507936,49,0.031746031746031744,0,-1
0xb90ebe617ef90b1bfa784e604eac326cbcbda230,usdt,1,0.10777450854460092,17.197054,5325.0,2.412996193583469,144.77977161500814,3474.714518760196,24.865352112676057,0.0007,5318,0.0004,0,-1
0x7f07f4319fe4fb0abbcd517aef2cb748bd55212e,usdt,10,0.00032154545454545456,0.000378,2.2,0.0014250365975308002,0.08550219585184801,2.052052700444352,42104.181818181816,0.6111111111111112,11,0.05555555555555555,0,-1
0x2248dbc12bab0520f193460eaed5b586a754c0a4,usdt,1,212.33251420000002,402.868542,10.0,0.003927112786679233,0.235626767200754,5.655042412818096,15278.4,0.0,3,0.031746031746031744,0,-1
0x3ac150b1f397ed067c6c37c3fe2342d988a9b2f7,usdt,80,11680.966419144668,0.0,18.75,0.01289384241661552,0.7736305449969312,18.56713307992635,4653.384,0.3317365269461078,916,0.1497005988023952,0,-1
0x1919fa60c9c3c228369cf78fd0069585173ce5a8,usdt,1,0.03847138245614037,30.964562,4275.0,7.744565217391305,464.6739130434783,11152.173913043478,7.747368421052632,0.0001485001485001485,4273,0.0004455004455004455,0,-1
0xba774bffd6c50ef62cf69b0c21884d06f38e135d,usdt,214,4283.642858571429,0.0,0.06542056074766354,4.5307502016183843e-05,0.002718450120971031,0.06524280290330473,1324284.0,0.1092436974789916,1,0.09243697478991597,0,-1
0xaa9aa6dfb3d09f94f5baa3cc38d798998745f461,usdt,2,520000.032,500000.0,2.5,0.0011727729042548202,0.0703663742552892,1.688792982126941,51160.8,0.0,2,0.375,0,-1
0x9080ceba9bdeba59fb606bed1be7a2f6f1ebc7dd,usdt,1,222.84940988888889,890.0,9.0,0.25862068965517243,15.517241379310345,372.41379310344826,232.0,0.1111111111111111,4,0.5555555555555556,0,-1
0xbd55467db9cb708be6acffb4dd48152123d96046,usdt,1,0.05357173750383319,31.626864,3261.0,4.909665763324299,294.57994579945796,7069.918699186992,12.220791168353266,0.0008906305664410402,3260,0.0003562522265764161,0,-1
0x0b4ae2625842b56adb7e88201bdbe60840502aa5,usdt,15,0.00030131372549019607,0.000366,3.4,0.0022361359570661895,0.13416815742397137,3.2200357781753133,26832.0,0.5604395604395604,24,0.02197802197802198,0,-1
0x29e516594c8d3012951816abd27daa0bb9744a2f,usdt,81,16624.926376856918,738.0,7.851851851851852,0.00544861086124033,0.3269166516744198,7.845999640186075,11011.981132075472,0.3851261620185923,457,0.11952191235059761,0,-1
0xe00217fac02796bcd4128aaf41229db2a4238c8f,usdt,91,105.53725456716418,50.0,1.4725274725274726,0.0010161661416474934,0.06096996849884961,1.4632792439723907,59045.46268656717,0.05,15,0.07142857142857142,0,-1
0xa27f3bba2603f932dc98a0c7061d764f91d067b8,usdt,162,2284.255767941176,380.0,0.10493827160493827,7.26876560112264e-05,0.004361259360673584,0.104670224656166,825449.6470588235,0.03636363636363636,6,0.09090909090909091,0,-1
0xd96f3160ef580ce234341395247542098c891280,usdt,567,3526.1346498890566,0.0,3.513227513227513,0.002436790844321115,0.1462074506592669,3.508978815822406,24622.548192771083,0.34442595673876875,1033,0.10981697171381032,0,-1
0xd0f4c35c9aca552d845d5a9a19f4dbf40322166a,usdt,264,2783375320875.493,0.0,6.015151515151516,0.004163566278049668,0.2498139766829801,5.995535440391523,14410.722921914357,0.2290977798771847,1037,0.0821917808219178,0,-1
0xd05ecb86d15a8e6650d549bbb25c41e8b3ba29c0,usdt,8,875.0453133333334,973.003011,0.75,0.0004987199521228847,0.029923197127373076,0.7181567310569539,120308.0,0.2222222222222222,3,0.3333333333333333,0,-1
0x38951d7eef499aeb2947ecbbd570f1c65d6bb9e5,usdt,88,23499.865068944782,4904.0,1.8522727272727273,0.001282160196083984,0.07692961176503903,1.8463106823609368,46796.024539877304,0.20224719101123595,115,0.08239700374531835,0,-1
0xc0c96c414889e3833ba1e2c39280b9eaa3633d5f,usdt,11,0.039999999999999994,0.0677,0.36363636363636365,0.00023152703656969544,0.013891622194181726,0.3333989326603614,259149.0,0.0,2,0.75,0,-1
0x8000e55e1426d59f2aea377bc8d9742bb061dd2d,usdt,1,200.0,200.0,3.0,0.058823529411764705,3.5294117647058822,84.70588235294117,1020.0,0.0,0,0.3333333333333333,0,-1
0x558c8b16c3dcc9e3a4b793f5f97f766b2d96c546,usdt,273,7372.382940878048,0.0,0.15018315018315018,0.0001039180659276487,0.0062350839556589216,0.1496420149358141,577377.9512195121,0.02197802197802198,28,0.0989010989010989,0,-1
0xcb06931091cdb60c54b83a5f5ce6cb080bb04747,usdt,559,8259.829033333333,1602.65098,0.42397137745974955,0.0002941746712380831,0.017650480274284987,0.42361152658283974,203960.45569620252,0.14713896457765668,152,0.10626702997275204,0,-1
0x0bd9cb06c54550ba424fff8cb3fae4a2a86e710b,usdt,24,0.0047492222222222215,0.000681,0.75,0.0005069194504993157,0.03041516702995894,0.7299640087190145,118362.0,0.13636363636363635,12,0.18181818181818182,0,-1
0x438832f2cdf267af3c4eb7b381c6c9965ef732de,usdt,33,176.17499947133757,333.8155,4.757575757575758,0.0032907975048628345,0.1974478502917701,4.738748407002482,18232.662420382167,0.012658227848101266,73,0.02531645569620253,0,-1
0x12574b77528e2771eae5808e59ddfe394c5b901a,usdt,1,0.01,0.01,3.0,15.0,899.9999999999999,21600.0,4.0,0.0,0,0.0010964912280701754,0,-1
0x80a5da2e4cf30d71a0ba3717b183fd24156f2930,usdt,162,18538.88524932353,0.000858,0.41975308641975306,0.00029023908871755297,0.01741434532305318,0.41794428775327624,206726.11764705883,0.29213483146067415,47,0.16853932584269662,0,-1
0xba285d84c0c73eb7bc8478a9b74211bf50e84f34,usdt,427,4874.34785848366,0.0,0.3583138173302108,0.00024829842549586655,0.014897905529751993,0.35754973271404783,241644.70588235295,0.01597444089456869,101,0.023429179978700747,0,-1
0x99ad3164fdfbb8c8520a2fa0d81a712fc7da8a76,usdt,43,720.4140438727273,20.0,1.2790697674418605,0.0008699035514207898,0.05219421308524738,1.2526611140459374,68973.16363636364,0.3472222222222222,34,0.18055555555555555,0,-1
0x24e4de576218f64640230f530d98a767223916e9,usdt,120,35713.58625130031,0.000663,10.933333333333334,0.007548359555061025,0.45290157330366154,10.869637759287876,7948.746951219512,0.2352092352092352,406,0.09884559884559885,0,-1
0xcb2ccd1a11130118a66db509d6de3a171f6e270c,usdt,741,49472.92108954117,1e-05,3.294197031039136,0.0022847547609197425,0.13708528565518455,3.290046855724429,26261.02417042196,0.16794782203587236,1674,0.1024924295364547,0,-1
0xd7617db99c1df28aa2400cf3f33697917e7e914b,usdt,12,0.04,0.069,0.3333333333333333,0.00021667298629543362,0.013000379177726017,0.3120091002654244,276915.0,0.0,2,0.75,0,-1
0x790b0a9da3b34199dc0d22ab1392cee87b9d86cc,usdt,83,6966.224819680851,0.001,0.5662650602409639,0.00039203910381529117,0.02352234622891747,0.5645363094940193,153045.95744680852,0.39215686274509803,25,0.39215686274509803,0,-1
0x1d54da05a24cc4ed8b16aa313c627d8932d28707,usdt,242,30065.61108787981,0.0002,0.859504132231405,0.0005951032160751112,0.035706192964506674,0.8569486311481601,100822.84615384616,0.35802469135802467,134,0.2222222222222222,0,-1
0x08edff7e8c934ed9c26d9cfd3cf9fa4f20fc4d03,usdt,1,0.01592,0.0015,17.0,0.0059632383892240775,0.35779430335344464,8.587063280482672,10061.64705882353,0.0,10,0.4117647058823529,0,-1
0x39eb5c5cb3e6e70c586d4fc52165a310fc5c1cb1,usdt,860,10124.393440640553,210.0,0.25232558139534883,0.0001751788519569173,0.010510731117415038,0.2522575468179609,342507.0967741936,0.0,75,0.10037174721189591,0,-1
0xd8a5909098015ec1ee40faf722620f65fa08e985,usdt,1,10000.0,10000.0,10.0,0.5494505494505495,32.967032967032964,791.2087912087912,109.2,0.0,0,0.0136986301369863,0,-1
0xc687737465f6a1b83c41deaf622797371940a85a,usdt,76,235.24706080392153,12.47,0.6710526315789473,0.00046568878110070567,0.02794132686604234,0.6705918447850161,128841.41176470589,0.018518518518518517,25,0.05555555555555555,0,-1
0xd2b86bd28bb6f44c3cf644b03f5ce08f3da94c1c,usdt,23,1038.2169029538904,1500.0,15.08695652173913,0.010412478169804413,0.6247486901882648,14.993968564518354,5762.317002881844,0.24949290060851928,217,0.18661257606490872,0,-1
0x3bccc256916c3317ce09b6e3be41005e09caf5ec,usdt,20,32948.460835365266,0.0001,16.7,0.011182162107871037,0.6709297264722622,16.102313435334292,5365.688622754491,0.2811594202898551,123,0.11594202898550725,0,-1
0x32051eeeb1bb773c7c1ad34bffef03169f8ac19a,usdt,63,0.056902831242158114,20.065533,50.6031746031746,0.034682106078506886,2.0809263647104133,49.942232753049915,1729.9987452948558,0.0025220680958385876,3180,0.0018915510718789407,0,-1
0xa8efbde529db43c37ed5b3d163445bdfa3d50ab8,usdt,2,3025.2587872222225,10357.580904,9.0,0.006082725060827251,0.36496350364963503,8.75912408759124,9864.0,0.2,12,0.25,0,-1
0x67b79d39c3a014b4e9e92fb1eb378614c47d3305,usdt,27,5075.411764619047,0.0,0.7777777777777778,0.0005252836531727133,0.031517019190362795,0.7564084605687071,114224.0,0.4090909090909091,15,0.13636363636363635,0,-1
0x0140763ec4f7d3af4c920df3d02c74967824cf64,usdt,13,1084.4350770400001,1875.0,1.9230769230769231,0.0013171759747102212,0.07903055848261328,1.8967334035827186,45552.0,0.036231884057971016,17,0.050724637681159424,0,-1
0x3cadbeb58cb5162439908eda08df0a305b016da8,usdt,155,3581.665665507353,1738.325185,10.529032258064516,0.0073116554298748625,0.43869932579249177,10.528783819019802,8206.075980392157,0.0002621231979030144,1566,0.004456094364351245,0,-1
0x5a9f7c55a0ca0cd8d0985a6cfcd624d255fba0ab,usdt,422,2130.7367986021504,0.0,0.6611374407582938,0.000458827395054334,0.02752964370326004,0.660711448878241,130768.12903225806,0.15797101449275364,175,0.07971014492753623,0,-1
0x229fd3b4503de5ea25ce3e5d93a28d308099da6a,usdt,48,4875.083333333333,1000.0,0.25,0.00017165122759236267,0.010299073655541759,0.24717776773300223,349546.0,0.0,9,0.13333333333333333,0,-1
0xb9223a1e51587e03be7b6885ca31d7d1f7c1ae4b,usdt,5,82851.58666666666,115600.84,0.6,0.0004124505059392873,0.024747030356357235,0.5939287285525737,145472.0,0.0,0,0.16666666666666666,0,-1
0x04347882b48389060d2c71174727ed04cb59e4be,usdt,41,35.893321489583336,31.0,4.682926829268292,0.0032184632508490373,0.19310779505094225,4.634587081222614,18642.4375,0.18181818181818182,116,0.04040404040404041,0,-1
0x8a8db50bbe17509ace08a38d2cd18f1131911add,usdt,529,146.43142666666665,0.11,0.017013232514177693,1.1812424991101306e-05,0.0007087454994660784,0.017009891987185884,5079397.333333333,0.0,5,0.08333333333333333,0,-1
0x0890d96f2793c629c576b611d60d872b83ab7bdd,usdt,1922,9998.417674038463,0.000164,0.027055150884495317,1.8783364967951517e-05,0.0011270018980770909,0.02704804555385018,3194315.826923077,0.008323424494649227,27,0.020214030915576695,0,-1
0x6a1e7802b87eab77243d6118976874aed493eaab,usdt,3,9.25e-05,8.7e-05,1.3333333333333333,0.0007526153383005946,0.045156920298035676,1.083766087152856,79722.0,1.0,2,0.5,0,-1
0x58c38c97d989f58d5dcd1e2b7ef8f69d052ea424,usdt,45,2442.328401589744,2450.0,0.8666666666666667,0.0005971721601401364,0.035830329608408186,0.8599279106017964,100473.53846153847,0.0,19,0.1411764705882353,0,-1
0x064b0Fa5e10Da215e4aD80be9d70a9F8925D960E,usdt,44,0.0006149655172413793,0.000174,0.6590909090909091,0.0004492279475549607,0.02695367685329764,0.6468882444791435,133562.4827586207,0.9655172413793104,0,0.10344827586206896,0,-1
0xe6d953bddfff3df45dd522e7d381c77e8d0644f8,usdt,244,1461.2431555661017,340.47,1.209016393442623,0.0008391423794209291,0.05034854276525575,1.2083650263661379,71501.57288135593,0.28774928774928776,107,0.21937321937321938,0,-1
0x7bf5b0561e3f06498206288ad07dfd1df915d87f,usdt,68,1575.0520889607847,0.907177,0.75,0.0005153680738572977,0.030922084431437857,0.7421300263545085,116421.64705882352,0.2631578947368421,34,0.17543859649122806,0,-1
0xd80153ae863ba32e2d71ed40bbd30546d66db572,usdt,53,0.0,0.0,0.8490566037735849,0.0005826298617225128,0.03495779170335077,0.8389870008804184,102981.33333333333,0.6716417910447762,0,0.26865671641791045,0,-1
0x08fa1d231580ff854db5513ae8f877a25dda9576,usdt,141,19465.893348875,5473.3307,0.11347517730496454,7.85027946994913e-05,0.004710167681969478,0.11304402436726746,764304.0,0.00067330999192028,13,0.0005386479935362241,0,-1
0x3f720601f02e7c1e60baff4652c9874ece3ea575,usdt,304,1048.726126625,14009.239822,0.18421052631578946,0.00012763736401492446,0.0076582418408954675,0.18379780418149122,470081.78571428574,0.034482758620689655,15,0.1206896551724138,0,-1
0x0d3b6e1e6ee59a80d06a7a0385f72099379af48d,usdt,11,0.00046452272727272727,0.000312,4.0,0.0026152492808064476,0.15691495684838686,3.765958964361285,22942.363636363636,0.4931506849315068,35,0.0273972602739726,0,-1
0xac7557f2e209a313183e845d555fb0a728038361,usdt,217,1144.1689038651002,0.001,45.50230414746544,0.0315322220093249,1.8919333205594941,45.40639969342786,1902.8154749848086,0.0,1350,0.0725,0,-1
0x24d330ffc28601d521a13e153c88ebaa3b64ff79,usdt,390,8615.839358428571,0.00055,0.4846153846153846,0.0003365093405378381,0.020190560432270285,0.48457345037448685,178301.14285714287,0.07766990291262135,146,0.04854368932038835,0,-1
0x54b8308e3eae91f921cce6cd4a792799d2ff09fa,usdt,466,14694.80291087326,99.0,21.452789699570815,0.014874394907819768,0.892463694469186,21.419128667260466,4033.777533259978,0.0003,9923,0.0018,0,-1
0x2d871a1e3df2556aeadd6674de407adc0ac761f6,usdt,47,0.0005116666666666667,0.001,0.7021276595744681,0.00048189111597220804,0.028913466958332485,0.6939232069999796,124509.45454545454,0.23076923076923078,16,0.02197802197802198,0,-1
0x8a9fbbcc20fb93848c0d07ceb8a6abe896f48396,usdt,110,2308556.631451675,0.0,0.7,0.0004822120129658669,0.028932720777952014,0.6943852986708483,124426.5974025974,0.0842911877394636,54,0.03065134099616858,0,-1
0xa7d0ae3c0b1fe54efd7f0311d8ffd15c5d8e2211,usdt,1,2000.0,2000.0,3.0,0.1829268292682927,10.975609756097562,263.4146341463414,328.0,0.0,1,1.0,0,-1
0xf44a7c1a257902a423f1383da6c93118552cc2be,usdt,219,108.98884944827587,33.293847,0.1324200913242009,9.172663690928047e-05,0.005503598214556827,0.13208635714936384,654117.5172413794,0.0,1,0.5135135135135135,0,-1
0x939d0f3fab29224173c44664a5a5baf2d92eeb3e,usdt,44,42163.93661936718,17000.0,172.13636363636363,0.11706192195459715,7.023715317275831,168.5691676146199,512.5492474254027,0.2316,5103,0.1233,0,-1
0x1bb216120e8f939f520c610bdc3c88adac4b06f7,usdt,420,216.576994,27.321405,0.023809523809523808,1.650163382676519e-05,0.0009900980296059113,0.02376235271054187,3636003.6,0.0,5,0.018115942028985508,0,-1
0x30c51e5d2738083f2c71cad4ceb6b6cceb1ddf89,usdt,133,93.03422057142856,8.336017,0.05263157894736842,3.627924236503345e-05,0.0021767545419020067,0.05224210900564816,1653838.2857142857,0.0,3,0.011320754716981131,0,-1
0xf615c0f27c34ae627a43e66661b5508778edcfdf,usdt,190,5483.870199522825,0.00017,7.378947368421053,0.0051038238634708915,0.3062294318082535,7.349506363398083,11755.89158345221,0.25884634028114395,796,0.1851672321861367,0,-1
0x2d81ea24fefa40f8943f0c52539d87e1f79c9a67,usdt,154,2962.5484537423135,0.000257,4.435064935064935,0.0030762246121389717,0.1845734767283383,4.429763441480119,19504.427525622254,0.3989290495314592,386,0.27710843373493976,0,-1
0x17716dcb45ea700143361bf6d3b1d12065806c88,usdt,913,27551505074359.684,0.0006,0.48630887185104055,0.0003376957437406497,0.02026174462443898,0.4862818709865356,177674.72972972973,0.1441515650741351,268,0.06754530477759473,0,-1
0x02c40da0e41fa47ea0a1283fe9477e75d4342ccc,usdt,75,1406.188688603588,1206.76,23.04,0.015792013335477927,0.9475208001286757,22.740499203088216,3799.3888888888887,0.2931411096548711,1065,0.08344255133245959,0,-1
0xe37c08b44c7ebb5fa2d7f8718aa0255076d3a093,usdt,233,400798722060018.44,1000.0,1.3433476394849786,0.0009290110869904612,0.05574066521942767,1.3377759652662642,64584.805111821086,0.03895208548776284,227,0.019303688383316097,0,-1
0xf0bb20865277abd641a307ece5ee04e79073416c,usdt,301,7966330.467416966,128200.0,0.09966777408637874,6.898971915205195e-05,0.0041393831491231175,0.09934519557895483,869694.8,0.0,15,0.0005,0,-1
0x4a6eb1d3e3dfe82227f1aeb35a55d283f916a5ce,usdt,2,0.027474933442892344,31.004994,1217.0,0.6179860864266491,37.079165185598946,889.8999644543746,97.08956450287593,0.0,2433,0.0004658746797111577,0,-1
0x25b28d57fd64f45ef12d8c62c68de4512fd9750f,usdt,320,623.4188357575757,0.0,0.103125,7.143828208682912e-05,0.0042862969252097476,0.10287112620503393,839885.8181818182,0.18604651162790697,10,0.18604651162790697,0,-1
0xb215a19226e306afe17db663dc19591ff85c86b5,usdt,50,761.6280144186046,500.0,0.86,0.0005903349807797913,0.03542009884678748,0.8500823723228995,101637.20930232559,0.1206896551724138,10,0.10344827586206896,0,-1
0xc03873dc4c6b406d3383650cd38a54523c613823,usdt,306,301.6561726594982,0.167431,0.9117647058823529,0.000633054139062254,0.03798324834373524,0.9115979602496457,94778.62365591398,0.2724252491694352,154,0.2823920265780731,0,-1
0xbbd3da220c96d2b7d9f2c872089d9d5a136ff2bf,usdt,250,293.1167311148936,140.0,0.94,0.0006520485701268526,0.03912291420761115,0.9389499409826677,92017.68510638298,0.1152542372881356,55,0.0711864406779661,0,-1
0x0e6e34efd23fb944c37333995441d7485cfc7f5a,usdt,3,0.0016994307205067303,0.001,2105.0,1.280829141651793,76.84974849910758,1844.3939639785817,46.84465558194774,0.0,6312,0.0004,0,-1
0x8f473387b1b1b83b478eef17c68f473a19476760,usdt,1205,110294117673928.62,0.001,0.9029045643153527,0.0006269128621084417,0.0376147717265065,0.902754521436156,95707.08088235294,0.07695729537366548,636,0.09519572953736655,0,-1
0x4f964baf61ac60b0f0e4327aabe60fecb1a5ec5e,usdt,96,993.9050290704222,62.9,0.7395833333333334,0.000510257615415242,0.030615456924914512,0.7347709661979483,117587.66197183098,0.10454545454545454,33,0.10454545454545454,0,-1
0x2333f3ab8a066ba2e402fe4bf610702e66161882,usdt,646,7525.489218280286,256.5,3.4628482972136223,0.0024018577516120468,0.14411146509672282,3.4586751623213474,24980.663388466695,0.06699598641556036,1517,0.09663476381599259,0,-1
0x54ddcd0ec8d9535ed00fe4c789f987d8d326460c,usdt,86,4802.60270967742,10000.0,0.36046511627906974,0.00024762163414302944,0.014857298048581765,0.3565751531659624,242305.16129032258,0.0,2,0.10714285714285714,0,-1
0xdf8cd32497e700afbc31d2240ece0861c418c84e,usdt,74,3308.0109955104167,0.004472,1.2972972972972974,0.0009005966452774963,0.054035798716649784,1.2968591691995945,66622.5,0.23129251700680273,58,0.2108843537414966,0,-1
0xec8755a962f9a244bd11a61203c34cee4c273ee8,usdt,44,3757.2067837182667,231.16,7.340909090909091,0.005037712660099444,0.30226275960596666,7.254306230543199,11910.167182662539,0.0,0,0.1791907514450867,0,-1
0x9d743be8472b926fc1570a7d5f2896b330212a0b,usdt,53,7905.117461333332,1492.138035,0.16981132075471697,0.00011686369019176032,0.00701182141150562,0.16828371387613486,513418.6666666667,0.0,4,0.008992805755395683,0,-1
0x3100185904de2460b5fcc235d1139e5b769064f4,usdt,6,1991.984969913044,1908.16,3.8333333333333335,0.002517292706418002,0.15103756238508012,3.624901497241923,23835.130434782608,0.3225806451612903,17,0.16129032258064516,0,-1
0xf96e7f0ea204c641d9f5e7ec2dd75ecee8d9e127,usdt,49,1391.7722194936707,0.0,1.6122448979591837,0.0011098935064205232,0.0665936103852314,1.5982466492455534,54059.240506329115,0.18181818181818182,42,0.07954545454545454,0,-1
0x16b16851a4aa149793163eb6c567c549a612e072,usdt,345,1957.293067888889,1.396935,0.02608695652173913,1.8089863204454448e-05,0.001085391792267267,0.026049403014414406,3316774.6666666665,0.0,5,0.02512562814070352,0,-1
0x4279bbf5dfb292d759cf2bd35a07ed95c9df4f8e,usdt,9,0.0022781666666666666,0.002706,0.6666666666666666,0.000461716044632551,0.02770296267795306,0.6648711042708735,129950.0,0.6666666666666666,5,0.3333333333333333,0,-1
0xda65f83ce38f4dfd902f8208f303d5936722b78f,usdt,15,1.6289829999999998,1.0,0.2,0.00013731988208799458,0.008239192925279675,0.1977406302067122,436936.0,0.0,2,0.11764705882352941,0,-1
0xfbbea236d5b45c187c6e05011bd542c28a5e12ca,usdt,192,10128.1058981558,58249.0,7.588541666666667,0.005245150485779414,0.31470902914676485,7.553016699522356,11439.137954701442,0.17206835592221567,1084,0.09723040659988215,0,-1
0xc6d20f1162cc9edc24718e4a29f515fe5777f2ac,usdt,326,2.175730298245614,682.0914,1.9233128834355828,0.001334171428474155,0.08005028570844928,1.9212068570027827,44971.732057416266,0.003543307086614173,1,0.1952755905511811,0,-1
0xcbe9d3cca0cc3741a389c5955edd1a1f5e58a3cb,usdt,81,1132.198566922043,0.05,4.592592592592593,0.00316456773025633,0.1898740638153798,4.556977531569115,18959.935483870966,0.3579175704989154,207,0.2950108459869848,0,-1
0x85779137a0e0684b42ae26319968f9972dc87cc4,usdt,134,21.540618266517356,16.383,6.664179104477612,0.004594954503261234,0.2756972701956741,6.616734484696177,13057.800671892497,0.28679653679653677,483,0.08116883116883117,0,-1
0xcbe24104baa28380e306839e613f0a6498b08b29,usdt,17,0.0,0.0,1.7058823529411764,0.0011813204718764258,0.07087922831258554,1.701101479502053,50790.620689655174,0.7631578947368421,0,0.47368421052631576,0,-1
0x30fc4b3430300a04bde5476805d1a4315159d477,usdt,130,51942.590159084095,0.0005,10.884615384615385,0.007513750428788231,0.4508250257272939,10.819800617455053,7985.359717314488,0.25610519724483405,496,0.12648716343143393,0,-1
0x566b1dacbab1646781557a6bd4b9904ace9b48d5,usdt,1118,1810.5229201264706,0.00015,0.3041144901610018,0.00021106641055620098,0.012663984633372058,0.30393563120092937,284270.71764705883,0.19254658385093168,186,0.12888198757763975,0,-1
0x26333ce129c73ab68088537294d083f8ed8de32b,usdt,80,27354.022754067566,0.000488,1.85,0.0012723433814072805,0.07634060288443684,1.8321744692264839,47157.08108108108,0.08958333333333333,70,0.08541666666666667,0,-1
0x0c46bfe7c8cd47eba7ac76585ffaec02af1d1b98,usdt,16,4772.851036982143,0.005,3.5,0.0023015905634786895,0.13809543380872139,3.3142904114093135,26068.928571428572,0.3392857142857143,30,0.17857142857142858,0,-1
0xec873e9030794a9d4265256f35ccb243e4983ee8,usdt,1,0.0054695,0.004059,8.0,0.28776978417266186,17.26618705035971,414.38848920863313,208.5,0.125,4,0.375,0,-1
0x2f5871d68bdeec6aaca320ebccf3e8d83f17b198,usdt,1,2295.4666666666667,0.0,3.0,0.10067114093959731,6.0402684563758395,144.96644295302013,596.0,0.125,2,0.25,0,-1
0x9a52a0ba29bf212194d31a480142cd688a45cc37,usdt,39,4701.654251198795,1000.0,17.025641025641026,0.011779357031602027,0.7067614218961217,16.96227412550692,5093.656626506024,0.31639501438159157,333,0.1984659635666347,0,-1
0x66c36eecd0539247ae2432e290da87e16a7ba23f,usdt,3,2587.6220770909094,0.005998,7.333333333333333,0.003843331819293526,0.23059990915761153,5.534397819782677,15611.454545454546,0.025,16,0.0625,0,-1
0x3127eff706eb175191ab05f328708882373bbbd8,usdt,66,57871.103755891556,0.0005,1.2575757575757576,0.0008728095634690289,0.052368573808141736,1.2568457713954018,68743.51807228915,0.25274725274725274,28,0.18681318681318682,0,-1
0x144edc548935e1136c14a662e19db2587ea2573e,usdt,11,0.04,0.064,0.36363636363636365,0.00024948854847562496,0.014969312908537499,0.35926350980489996,240492.0,0.0,2,0.75,0,-1
0x775fae37d5ef47697a3d6deb4b20a4a4a87fdb1b,usdt,234,353866.35288266576,260000.0,29.132478632478634,0.020155198279017482,1.209311896741049,29.023485521785176,2976.8995159160922,0.2614240170031881,4135,0.032117133073562405,0,-1
0x6178469dd2fa21e9fe9611a17f93b67ee1d7e8bc,usdt,12,0.032,0.056998,0.4166666666666667,0.0002713910419244882,0.01628346251546929,0.3908031003712629,221083.2,0.0,3,0.6,0,-1
0x6abc066834fde86baf8570e586ce14c5d6c4c80d,usdt,1,0.05803139222148981,47.829105,3034.0,3.8096433952787545,228.57860371672527,5485.886489201406,15.74950560316414,0.0003969829297340214,3033,0.0003969829297340214,0,-1
0xffb8c9ec9951b1d22ae0676a8965de43412ceb7d,usdt,1781,1390.4123000384616,0.887708,0.058394160583941604,4.054733443188019e-05,0.002432840065912811,0.05838816158190747,1479752.0192307692,0.0005903187721369539,60,0.023022432113341203,0,-1
0x87707d2d159b41ff23fe1ed0ecbab4ccbe031f2a,usdt,12,0.033358,0.00679,0.4166666666666667,0.0002825082209892308,0.016950493259353844,0.40681183822449235,212383.2,0.0,2,0.8,0,-1
0xc320e410606960c9898a659947b248deada04dd9,usdt,1,25576.907015750003,0.000511,4.0,0.37037037037037035,22.22222222222222,533.3333333333334,162.0,0.009900990099009901,1,0.039603960396039604,0,-1
0xdca04d2c26f50b130335e032e4837fa2290c43aa,usdt,185,222438.89903154387,49966.604706,0.3081081081081081,0.00021382157677282468,0.012829294606369482,0.3079030705528676,280607.7894736842,0.020588235294117647,37,0.020588235294117647,0,-1
0x9e765d105688761ba0c138b6ecfaac31e5ab0f97,usdt,957,5910.015103333333,996.867965,0.009404388714733543,6.526463170497553e-06,0.0003915877902298532,0.009398106965516477,9193340.777777778,0.001326259946949602,5,0.005305039787798408,0,-1
0x4baa9a4e2835244a0265ae13233ffb084039d05c,usdt,139,1910526.4476061251,709038.725609,0.2302158273381295,0.00015903007556910403,0.009541804534146242,0.2290033088195098,377287.125,0.24324324324324326,8,0.24324324324324326,0,-1
0xe1da4fcfc833e61ac3059fbe1ebc8ac6574b6b87,usdt,679,2049.2670089999997,2427.546128,0.050073637702503684,3.473225314663998e-05,0.0020839351887983987,0.05001444453116158,1727500.9411764706,0.0,24,0.016597510373443983,0,-1
0xab0730c455d6725ef109c7b06638c10d8a73ac89,usdt,1,199836.57191507143,310840.222979,14.0,0.017382666997765087,1.042960019865905,25.031040476781726,3451.714285714286,0.045454545454545456,11,0.18181818181818182,0,-1
0x6093e2ecc416fb92958a66180ad2651942289a3f,usdt,105,219.80496685,9.98,4.0,0.0027588780037284266,0.1655326802237056,3.9727843253689343,21747.97142857143,0.12009237875288684,292,0.03002309468822171,0,-1
0x066a2df1f775c05d6163dc4a0eca1df05e3cc08c,usdt,34,13756.625971464595,2464.0,23.676470588235293,0.016344646671377173,0.9806788002826304,23.53629120678313,3670.926708074534,0.2203567681007345,551,0.18572927597061908,0,-1
0x6081252a93f4c43f25b3ba1dde9366148aed1d68,usdt,1,0.0,0.0,5.0,0.011781338360037702,0.706880301602262,16.96512723845429,5092.8,0.38461538461538464,0,0.15384615384615385,0,-1
0x981a2a4b883672cfdc96573d160c70c3ee400dcb,usdt,69,6368.028977571999,4845.0,21.73913043478261,0.014962921879582394,0.8977753127749437,21.54660750659865,4009.912,0.11822529224229543,845,0.06641870350690754,0,-1
0x90a758d5c185bedf45580076df970345d90b89dc,usdt,1273,12812.864443724422,27551.0,0.9748625294579732,0.0006767056854837742,0.04060234112902645,0.974456187096635,88664.83803384367,0.09305172941536578,797,0.061218243036424855,0,-1
0x6a000f20005980200259b80c5102003040001068,usdt,2,21823.3609136359,1196.249184,1083.5,0.7519083969465649,45.11450381679389,1082.7480916030534,79.79695431472081,0.0021,1331,0.006,0,-1
0xa061f8742ea82a41c8f1cccd26868cb9ae5e9b79,usdt,205,8233.60990193314,1052.0,13.424390243902439,0.009278032841269447,0.5566819704761667,13.360367291428,6466.888081395349,0.18824609733700642,1476,0.12373737373737374,0,-1
0x21e67f5bae48d041778ef9e9a4b6d4dbf755c5ac,usdt,91,0.00030307692307692305,0.000392,0.7142857142857143,0.0004906867651965691,0.02944120591179415,0.7065889418830595,122277.6,0.4676258992805755,32,0.02158273381294964,0,-1
0x7e27a44b260b4e287d7f581a9ba6436d752ee02d,usdt,704,38204.81787934969,0.0001,0.4630681818181818,0.00032116986220827727,0.019270191732496635,0.4624846015799193,186817.03067484664,0.19699812382739212,225,0.13883677298311445,0,-1
0xa72cf8dd868b9c0f80e73c5f490796196a809251,usdt,12,0.04000000000000001,0.0646,0.3333333333333333,0.0002173062714589943,0.013038376287539658,0.3129210309009518,276108.0,0.0,2,0.75,0,-1
0x6047b384d58dc7f8f6fef85d75754e6928f06484,usdt,13,1545.2708278695823,895.115391,197.0,0.12808714527212892,7.685228716327734,184.44548919186565,468.4310816087466,0.0031,1329,0.0029,0,-1
0xbd1fe46fbf357f407b8fa902ffd5ed2c6089aaa2,usdt,39,10879.979741956044,2300.009402,2.3333333333333335,0.0016068029565174402,0.0964081773910464,2.3137962573851136,37341.230769230766,0.24778761061946902,55,0.26548672566371684,0,-1
0xcd77d3bc7109cb2f6805ea36fae5069d0aba60ff,usdt,49,2521.6767884357137,0.001,2.857142857142857,0.0019598675129561243,0.11759205077736745,2.822209218656819,30614.314285714285,0.3076923076923077,73,0.3136094674556213,0,-1
0x1af144cfcb501245e12d2ef2db7b954662e3d70c,usdt,205,17532.149775394737,60000.0,2.4097560975609755,0.001669227951661321,0.10015367709967926,2.4036882503923023,35944.76113360324,0.3869565217391304,161,0.16666666666666666,0,-1
0x2ab341ce31b81053839df74df307ad0165ce8a5c,usdt,2,0.030502232558139535,0.0284,21.5,0.0108257804632427,0.6495468277945619,15.589123867069487,5542.325581395349,0.0,21,0.19672131147540983,0,-1
0x07f0fc5c86097aa57a141643c11cb30ec600212e,usdt,2,0.0005953333333333333,0.000378,9.0,0.005139626520472846,0.3083775912283708,7.401062189480897,11674.0,0.7,13,0.1,0,-1
0x52feafd47e0bb30f86b3a52d73b4e5e96a4828ed,usdt,1,13948.843024333333,9e-06,33.0,0.9428571428571428,56.57142857142857,1357.7142857142858,63.63636363636363,0.20454545454545456,14,0.36363636363636365,0,-1
0xa3c0e95a9ac04f574c4ea6c7a76a918d06e6abfb,usdt,749,141709966963309.06,863.0,2.826435246995995,0.001960716394089732,0.11764298364538393,2.8234316074892143,30601.05999055267,0.19040981321438527,1346,0.07917479788123781,0,-1
0xcf40d057e0dc5d2f701ecad9aadd008d7c8eb876,usdt,54,0.010108666666666667,0.001,0.2222222222222222,0.00015207043902735746,0.009124226341641449,0.21898143219939475,394554.0,0.0,6,0.26666666666666666,0,-1
0xf9b8090029167367b3a4a8775e0a3495505d1a71,usdt,772,41563.86537380672,0.0,0.616580310880829,0.00042779756691032554,0.02566785401461953,0.6160284963508688,140253.25210084033,0.12777053455019557,279,0.08083441981747067,0,-1
0x9c0b739c9c414a13019d377a6197bc30bf1e0351,usdt,1,0.04915035031530038,271.857995,6026.0,7.031505250875146,421.89031505250875,10125.367561260211,8.5330235645536,0.0,6026,0.0001,0,-1
0x3463040798819dfea6e29e1df175db855de579e2,usdt,901,528291104834144.5,300.237488,0.655937846836848,0.00045546970563863787,0.027328182338318272,0.6558763761196386,131732.1421319797,0.07671138630890953,378,0.03783969728242174,0,-1
0xf9b46c739be9483ec94439634d9d32a55095c3dd,usdt,213,1582.52264261039,400.026402,0.3615023474178404,0.000250873168951676,0.015052390137100559,0.36125736329041336,239164.67532467534,0.1328125,23,0.1640625,0,-1
0x856396dd43bbbfe70a385eb7b06c83f9c327e5e0,usdt,65,37535.40275007471,723.0,2.6769230769230767,0.0018359426932646227,0.11015656159587736,2.643757478301057,32680.758620689656,0.24107142857142858,116,0.09375,0,-1
0xf932c437a9ca02ac76ff3cb8693b991e56e0eea6,usdt,357,199.24111298245612,89.773059,0.15966386554621848,0.00011063110581807044,0.006637866349084227,0.15930879237802145,542342.947368421,0.0,26,0.022222222222222223,0,-1
0xb9e7558b24a4fb8683caa9ca3fadbadf62fae8f6,usdt,1,0.05188638162962964,30.786887,3375.0,4.899825783972126,293.9895470383275,7055.749128919861,12.245333333333333,0.0010319917440660474,3374,0.0003439972480220158,0,-1
0x1f82e8f4f58fc29866c90c3d8f2054b69230b358,usdt,75,2852.7779151767068,0.0006,3.32,0.0022917034811804206,0.13750220887082523,3.300053012899806,26181.397590361445,0.38181818181818183,150,0.24727272727272728,0,-1
0x5fa2cd56ce1430327fb8120255331a519cc50271,usdt,23,84502.8540611321,50.63262,2.3043478260869565,0.0015950211265062415,0.0957012675903745,2.296830422168988,37617.056603773584,0.01601423487544484,47,0.010676156583629894,0,-1
0x8f2dbce5ddb014b66bf8336d2e0aaefbcb73b460,usdt,7,23090.48217386364,57734.2,3.142857142857143,0.0019523277070798502,0.11713966242479101,2.8113518981949843,30732.545454545456,0.3103448275862069,12,0.3793103448275862,0,-1
0x1e9fcb0b37f2b9387f3e2dbd3fcb64ccd9e52304,usdt,691,6278.552168118217,0.000353,0.7467438494934877,0.0005184638438788812,0.031107830632732873,0.746587935185589,115726.48837209302,0.13644214162348878,414,0.1226252158894646,0,-1
0x85bd256cd2568a3467b1eeede3880e635dbf89b4,usdt,1,0.08886324624157596,53.888088,1929.0,4.076500422654269,244.59002535925612,5870.160608622146,14.71850699844479,0.0006138735420503376,1926,0.0012277470841006752,0,-1
0xa9d14a1297210ceb0a4baa4f291e305f1ffe3e43,usdt,5,0.0,0.0,779.2,0.5341815888337401,32.0508953300244,769.2214879205858,112.32135523613962,0.3896,0,0.313,0,-1
0xebf608a1eac879a13f73ecd674e2a037db655190,usdt,1,18329.8733554,9e-06,25.0,0.6906077348066297,41.436464088397784,994.475138121547,86.88,0.1891891891891892,12,0.2972972972972973,0,-1
0x511a054c67fd9a1b008285a25cbbb2eba22e2da5,usdt,85,1983.6276288479999,1930.4,2.9411764705882355,0.0020383536625138607,0.12230121975083164,2.9352292740199597,29435.52,0.02142310635042081,211,0.02448355011476664,0,-1
0x43800892fc5409d062d0b8e95dba8253763709cc,usdt,1,3015.00015075,0.0,4.0,0.011461318051575931,0.6876790830945559,16.50429799426934,5235.0,0.3333333333333333,2,0.5,0,-1
0x93fe95febe55f338bfbec075e068af3571f989c8,usdt,9,0.0006074000000000001,0.000159,1.1111111111111112,0.000701075449739901,0.042064526984394064,1.0095486476254574,85582.8,0.9,7,0.2,0,-1
0xe252ef0a2fcefbe9f2e9826f6f899caaaa653152,usdt,1,0.141075045045045,23.522816,1443.0,1.0103626943005182,60.62176165803108,1454.922279792746,59.38461538461539,0.0010526315789473684,1440,0.0014035087719298245,0,-1
0xe64eb0768dbd4a74d106c33b91c24e9e1a351d15,usdt,87,200.23048296428576,0.000695,0.3218390804597701,0.00022311681440187163,0.013387008864112298,0.3212882127386951,268917.4285714286,0.3157894736842105,17,0.2894736842105263,0,-1
0xd01e9b86134ab678c82da1cb56c38c3d5900ae57,usdt,2092,32284.066319078956,223442.707263,1.065487571701721,0.0007397268975197932,0.04438361385118759,1.0652067324285022,81111.01570210858,0.16335227272727273,1495,0.06615259740259741,0,-1
0x75734747a07fd1f8df6cbbc7bcf9ea44b21d2c0f,usdt,675,7254304.939204699,37012.998469,1.2281481481481482,0.0008528445090599041,0.05117067054359424,1.2280960930462619,70352.80096501809,0.13700873362445415,572,0.023471615720524017,0,-1
0xbb39e7824db13e1b164efccb253fa59642815e86,usdt,691,10814.148185760456,0.0005,0.38060781476121563,0.00026429568315710944,0.015857740989426567,0.3805857837462376,227018.463878327,0.11093247588424437,183,0.08842443729903537,0,-1
0x82edc8d3e03ed893d6d780d1feaa04a6f53adaa5,usdt,1,0.06383554677302394,49.535233,2758.0,3.8476562500000004,230.859375,5540.625,15.593908629441625,0.0006591957811470006,2757,0.00043946385409800046,0,-1
0x39b4711701c3d509842469dee351633763d3483e,usdt,7,0.04,0.04,44.57142857142857,0.030432492538186924,1.8259495522912155,43.822789254989175,1971.576923076923,0.0,156,0.09049773755656108,0,-1
0x320d00463a0a7e74bdb577cbf5830056d5f22d71,usdt,91,21596.973028571432,0.0,0.38461538461538464,0.0002670414402536741,0.016022486415220447,0.3845396739652907,224684.22857142857,0.03862660944206009,24,0.03862660944206009,0,-1
0xa973df175abef63db2bd89d9f136e87182b3d001,usdt,1618,5993.736681800001,812.222581,0.006180469715698393,4.289509091850443e-06,0.0002573705455110266,0.006176893092264638,13987614.6,0.0,5,0.049586776859504134,0,-1
0xd847a2f35072bc4a35795e146d73cb1af614dc46,usdt,79,34.3658034,26.081863,0.06329113924050633,4.3619283910939894e-05,0.0026171570346563934,0.06281176883175343,1375538.4,0.0,3,0.058823529411764705,0,-1
0x780fa9594cd29cd33b7990908d15db91fc7257f9,usdt,10,0.00045,0.0008,0.4,0.00025651549353580957,0.015390929612148574,0.3693823106915658,233904.0,1.0,2,0.5,0,-1
0xd018cb12b26295bce5dccf1138158fba83a5051a,usdt,1,0.006136666666666666,0.007859,3.0,0.01507537688442211,0.9045226130653266,21.708542713567837,3980.0,0.3333333333333333,2,0.6666666666666666,1,2
0x8005cd3b100647d79369211bdc0b593da0be9460,usdt,62,2152.4221636363636,2368.6883,0.1774193548387097,0.00012168296388726183,0.007300977833235711,0.17522346799765706,493084.63636363635,0.0,5,0.13636363636363635,0,-1
0x0884c90ae00b5da5d1705469fb4beaaf80afc709,usdt,15,375.60307933333337,563.404619,0.2,0.00013143828534375492,0.007886297120625295,0.18927113089500708,456488.0,0.0,1,0.06976744186046512,0,-1
0xcd0042a9331854abd993eb76ba42d8076b954947,usdt,370,5864.719899066666,0.001696,0.08108108108108109,5.6214872731401965e-05,0.0033728923638841183,0.08094941673321883,1067333.2,0.0,14,0.018803418803418803,0,-1
0x6e1c387252d22574fbc7e4f58fb5061d6d083a00,usdt,10,1140.7633477962963,0.0,5.4,0.0034196261208774507,0.20517756725264705,4.924261614063529,17545.777777777777,0.43037974683544306,22,0.34177215189873417,0,-1
0xa5b47b354396ecc0ccfa7f6fddc82998812e9431,usdt,1,2153.3867002222228,0.0,18.0,0.011212158963498193,0.6727295378098916,16.1455089074374,5351.333333333333,0.2727272727272727,14,0.13636363636363635,0,-1
0x8431cd992296a7a5fb0917a528e478fbb778448c,usdt,31,158351.77256335295,0.001,20.29032258064516,0.013785938780788232,0.8271563268472939,19.851751844335052,4352.260731319555,0.25,442,0.1483957219251337,0,-1
0xf195f6d9c14553391147685a5d556365a66dc47b,usdt,20,0.0008005,0.0008,0.2,0.00013533905817549415,0.00812034349052965,0.1948882437727116,443331.0,0.8,2,0.4,0,-1
0x7ff11dac5e424db42608936e37c8c163fe74f5a7,usdt,1790,567326.9485387274,50000.0,0.012290502793296089,8.530441572233278e-06,0.0005118264943339966,0.012283835864015921,7033633.545454546,0.0,11,0.017964071856287425,0,-1
0xe3ea26fa724ec08dbcdbf6049d784f82cb82cd18,usdt,342,1480.1704397210501,20.326174,12.473684210526315,0.008645109150075934,0.518706549004556,12.448957176109344,6940.340365682137,0.17025089605734767,2272,0.04670698924731183,0,-1
0xefde8924ca611b7fbbb80eeb73e2cd9987365c37,usdt,486,860.6785943333333,0.000582,0.037037037037037035,2.5686646882240426e-05,0.0015411988129344254,0.03698877151042621,2335844.0,0.25925925925925924,9,0.3333333333333333,0,-1
0xf04f565f5c99242813a747691ed0cdb711c484d5,usdt,51,0.00018766666666666668,0.000108,0.11764705882352941,8.137667635953301e-05,0.004882600581571981,0.11718241395772752,737312.0,0.8571428571428571,3,0.2857142857142857,0,-1
0x845b9284a6085cf906fcecc8d6c8a54f0d990703,usdt,289,0.0008255704697986576,0.0005,0.5155709342560554,0.0003570772959710657,0.021424637758263945,0.5141913061983346,168030.8456375839,0.7341772151898734,38,0.2088607594936709,0,-1
0xeb3e16ced1b22eacf66119029c3dad08fe32de9d,usdt,130,4130.327351102042,4397.951706,0.7538461538461538,0.0005233639269811194,0.03140183561886716,0.7536440548528119,114642.97959183673,0.0718232044198895,46,0.06629834254143646,0,-1
0xc512fdb58ebb1e6a609b74ac63979c5907eb33b8,usdt,1,0.0005775,0.00053,8.0,0.006338139755981619,0.3802883853588972,9.126921248613531,9466.5,1.0,4,0.625,1,2
0x01d6fa2077889ae37ebe709625774621429cab54,usdt,1618,2139.9596406086957,100.011152,0.014215080346106305,9.867127756116693e-06,0.0005920276653670015,0.014208663968808035,6080796.9130434785,0.0,14,0.022598870056497175,0,-1
0x776b99beb1579e85751c3a68633defe9f9248104,usdt,1896,13528.103678645833,0.000109,0.0759493670886076,5.273792219178805e-05,0.0031642753315072824,0.07594260795617479,1137701.25,0.007662835249042145,65,0.06130268199233716,0,-1
0xae6164e3eb02d0e71b7d441972511a3cbfe7736b,usdt,6,0.000604,0.00053,2.0,0.0013280800389570144,0.07968480233742087,1.9124352560981008,45178.0,0.631578947368421,6,0.21052631578947367,0,-1
0x366074702f0884410ea4fe58312deb24c52104c2,usdt,1650,962.8455977142859,1193.683861,0.012727272727272728,8.834263351059188e-06,0.0005300558010635513,0.012721339225525232,6791737.761904762,0.0,9,0.04564315352697095,0,-1
0x7aad92a1f8555b4d87ad46058550bf0db097dec9,usdt,411,3009.883569757465,2571.99,7.333333333333333,0.005082524412642973,0.30495146475857837,7.318835154205882,11805.157266091574,0.16716902388128912,2191,0.08903315557616508,0,-1
0x481f1e6a1ec3878eb1b6d6bf089c5c1c034da359,usdt,1,10426.833333333334,4704.0,6.0,0.013780431786862656,0.8268259072117593,19.843821773082222,4354.0,0.0,0,0.2857142857142857,0,-1
0x5e09d05f068ede6054f3f65ee13e0caf64ff12d3,usdt,39,1147.802205299401,0.0,4.282051282051282,0.002908870487331608,0.17453222923989645,4.188773501757515,20626.562874251496,0.28205128205128205,109,0.0811965811965812,0,-1
0xe378cc8017a590ec82ab538cb264251b3375dd27,usdt,1171,10240.265056914286,0.0,0.029888983774551667,2.0749286372757966e-05,0.0012449571823654778,0.029878972376771472,2891665.714285714,0.003948667324777887,19,0.013820335636722606,0,-1
0xc830208f81651d6a6de1135c91912c7d4cea5b4c,usdt,1,0.000245,0.00039,4.0,2.2222222222222223,133.33333333333334,3200.0,27.0,1.0,2,0.75,1,2
0x334b215228bb3542e1fe510ac453ab8c6ac54d9c,usdt,1,6.866666666666666e-05,9.4e-05,3.0,0.28846153846153844,17.307692307692307,415.3846153846154,208.0,1.0,1,0.6666666666666666,1,2
0xb0bf600e18db41d6cf4b57f669f1163fc6f1818c,usdt,1,250.0,250.0,3.0,0.005933544303797468,0.3560126582278481,8.544303797468356,10112.0,0.0,1,0.5,0,-1
0xc4e3f9b99814cb93483dbb6b10243987607bced3,usdt,135,7798.323915571428,469.531818,0.2074074074074074,0.0001434526176004066,0.008607157056024396,0.2065717693445855,418256.5714285714,0.009615384615384616,18,0.02564102564102564,0,-1
0x8a20107ce2fc2cd0f6c37cc6af7ede6561b77943,usdt,1,0.00010000000000000002,0.0001,13.0,0.19174041297935104,11.504424778761063,276.1061946902655,312.9230769230769,1.0,6,0.38461538461538464,0,-1
0xec7e00e21f5346ebf9c896d62bd7727db341b0af,usdt,14,0.00021666666666666666,0.00023,0.42857142857142855,0.00028533926839011586,0.017120356103406953,0.41088854648176687,210276.0,1.0,3,0.3333333333333333,0,-1
0xf88c570694de1689b7fab6f083cded98604d7203,usdt,177,6315895.375429735,0.00013,7.327683615819209,0.005080102683093246,0.30480616098559477,7.315347863654274,11810.784888203547,0.33636363636363636,739,0.1478787878787879,0,-1
0x4197839e44788e080182e18e11d2c174c4f018d8,usdt,377,1882.2210701935483,50.198436,0.08222811671087533,5.7017072750842005e-05,0.003421024365050521,0.0821045847612125,1052316.3870967743,0.0013972985561248254,16,0.0037261294829995344,0,-1
0x1c3b2f4004ebdd493f903b3d80b680364a0dbf73,usdt,36,12010.990307582417,0.0,2.5277777777777777,0.0017312953513768554,0.10387772108261133,2.4930653059826717,34656.131868131866,0.14189189189189189,56,0.06418918918918919,0,-1
0x29a9cb531e97442e05cd85da339409604affd525,usdt,921,33185840716710.63,1188.93199,0.49077090119435396,0.0003406758526543774,0.020440551159262646,0.4905732278223035,176120.49557522123,0.0367504835589942,279,0.02376347057198121,0,-1
0x1727ea205e200f227a6e6b67497ea9c77676847b,usdt,126,2490.0890906927516,0.0,12.373015873015873,0.008530994487412543,0.5118596692447526,12.28463206187406,7033.177677998717,0.3014005602240896,931,0.21288515406162464,0,-1
0x6a9668e626c8bb1256a22916766f9b57aa7d88f1,usdt,1,1298.6690907500001,0.000173,4.0,0.15625,9.375,225.0,384.0,0.008,1,0.032,0,-1
0x771a00d1288bb56b4797a651d3fb9293752bca62,usdt,7,0.00031254545454545456,0.000458,1.5714285714285714,0.00097718712245043,0.05863122734702579,1.407149456328619,61400.72727272727,1.0,5,0.18181818181818182,0,-1
0x5e4caf6556c4d229410425f8244748632d3ad840,usdt,163,2870.699199736111,0.03041,4.41717791411043,0.003050118530995135,0.18300711185970808,4.392170684632995,19671.366666666665,0.08719052744886975,499,0.10010764262648009,0,-1
0xa7006b5a96de7e12db5b452fcae05421170e3795,usdt,1233,116501.13815897946,0.0002,0.11841038118410381,8.222416131073874e-05,0.004933449678644324,0.11840279228746377,729712.5205479452,0.07017543859649122,110,0.04146730462519936,0,-1
0x7f8233997bd34846978ca36d7c9c88b635c3af5d,usdt,1207,1513877.5088382808,2784494.0,0.04722452361226181,3.2769291425587205e-05,0.0019661574855352323,0.047187779652845575,1830982.5263157894,0.0,28,0.0006297229219143577,0,-1
0x017b9ec1ff169b1a8b209ef823298579dc7536f6,usdt,2,0.039999999999999994,0.04,93.0,0.06172429813499701,3.7034578880998206,88.8829893143957,972.0645161290323,0.0,93,0.07251908396946564,0,-1
0x261040b92f811b6b1c4763fd9d86baabfccd170c,usdt,90,52.2514635,50.08,0.6222222222222222,0.0004301101696477398,0.025806610178864386,0.6193586442927453,139499.14285714287,0.04918032786885246,4,0.04918032786885246,0,-1
0xe27141ca33967be5df82b5cd33d93adf6e04d31c,usdt,144,25.899198966824642,16.115581,1.4652777777777777,0.0010107077540924083,0.06064246524554451,1.4554191658930682,59364.34123222749,0.0021987686895338612,124,0.008135444151275286,0,-1
0x82014f328341ead25466cfb9e33928823385ee56,usdt,112,0.0009700000000000002,0.0009,0.25,0.00017209186263627527,0.010325511758176515,0.24781228219623636,348651.0,0.5909090909090909,10,0.18181818181818182,0,-1
0x7b35885716d72fa913c901637e72287fdb700a77,usdt,9,0.0,0.0,0.3333333333333333,0.00022650056625141563,0.013590033975084938,0.3261608154020385,264900.0,0.75,0,0.75,0,-1
0xf8553c8552f906c19286f21711721e206ee4909e,usdt,358,39774.09515060289,0.989661,0.7737430167597765,0.0005361888778553993,0.03217133267132396,0.7721119841117751,111900.86642599278,0.0006,84,0.001,0,-1
0xb6bb289f53673e5133ece57fe8861454e4499e51,usdt,71,677192.2653593062,567844.4,5.197183098591549,0.0035605525514398524,0.21363315308639116,5.127195674073388,16851.317073170732,0.3049645390070922,244,0.09456264775413711,0,-1
0x35bdb3d2151f2f00bf581bdd09eddb17806bc7d9,usdt,12,0.04,0.068998,0.3333333333333333,0.00021508845512717106,0.012905307307630263,0.30972737538312634,278955.0,0.0,2,0.75,0,-1
0x6f5128cef7dcfec0e337fa61a46fc7a7de563233,usdt,575,16181.609966857142,0.0,0.036521739130434785,2.5345428010656663e-05,0.0015207256806394,0.036497416335345596,2367290.8571428573,0.004651162790697674,9,0.037209302325581395,0,-1
0x3e0e8a7e3221e78edab8cd9bfe9960d2b76c3e4a,usdt,4,0.0877506110509209,564.936322,1615.25,1.0893977203749916,65.36386322249949,1568.7327173399879,55.07630397771243,0.646,6461,0.0001,0,-1
0x09620fd7f1f25474b746c992e2822970c01d408e,usdt,924,148047.02618773983,0.0,0.1331168831168831,9.241215098071832e-05,0.005544729058843099,0.13307349741223437,649265.268292683,0.1111111111111111,70,0.13194444444444445,0,-1
0x0041e62cc194a736e7718e39a1a246c568001070,usdt,1694,9896.574060250001,0.0,0.009445100354191263,6.557339111569484e-06,0.0003934403466941691,0.009442568320660058,9150052.9375,0.02242152466367713,12,0.011210762331838564,0,-1
0x583c4e72fd093e397139e92714a7500962573082,usdt,46,2880.3739191971426,4510.0,15.217391304347826,0.010466601075966591,0.6279960645579954,15.071905549391891,5732.52,0.6837725381414702,134,0.1539528432732316,0,-1
0xf283f7d6040e2c7b783b1ef38943f3a271252fdd,usdt,163,105.72889416778523,0.000175,2.7423312883435584,0.0018971949526974546,0.11383169716184728,2.731960731884335,31625.637583892618,0.33874239350912777,288,0.11359026369168357,0,-1
0x1235bc80cea031d89db5f400bbab605374a35289,usdt,3,0.1316008277993642,14.014615,1887.3333333333333,1.0404645521702378,62.427873130214266,1498.2689551251424,57.66654892264218,0.0003,5654,0.0002,0,-1
0xfdb202ba874051070a7bd55d8c1b876fa25db1f7,usdt,31,1448.654193818182,0.000115,0.3548387096774194,0.00024279559259782457,0.014567735555869472,0.3496256533408673,247121.45454545456,0.125,6,0.15,0,-1
0x5c781742e3281c357f93035885926867129d2971,usdt,62,2701.4432455986716,42.952509,17.0,0.011794273846477497,0.7076564307886497,16.983754338927593,5087.214421252372,0.13184737438609748,665,0.09973554967888175,0,-1
0x0b48a4a45a12893b219c6be4cd2a307a5ab22aa5,usdt,9,0.00017026666666666667,0.000378,1.6666666666666667,0.00104675505931612,0.0628053035589672,1.5073272854152129,57320.0,0.6818181818181818,5,0.3181818181818182,0,-1
0xce747f382824b63a17d75da459abfbf467f264f0,usdt,123,127.67476155303032,187.947,1.0731707317073171,0.0007397353316648191,0.04438411989988915,1.0652188775973397,81110.09090909091,0.37142857142857144,83,0.2,0,-1
0x7bc429ba2702db46c2630e115801347f50d3ecb3,usdt,67,402.45400953846143,710.967004,0.7761194029850746,0.0005322677060899615,0.031936062365397686,0.7664654967695446,112725.23076923077,0.13793103448275862,27,0.22413793103448276,0,-1
0x69852a0e4c86c777823d46ae607ead7f97372ad7,usdt,171,99805.3579816895,2079181.188557,8.532163742690058,0.005898247747427248,0.35389486484563487,8.493476756295237,10172.512679917752,0.25977410947002605,667,0.10338835794960903,0,-1
0x694be97b2c919665b67a7db693c76deb3ede1bb1,usdt,311,21739.896725801722,195.44,1.4919614147909968,0.0010340007986764789,0.06204004792058874,1.4889611500941298,58027.03448275862,0.006379585326953748,159,0.01594896331738437,0,-1
0x65f527ab7238e19c54dcfcf57cd3351c7139de66,usdt,10,2146.8164479310344,0.0,2.9,0.0019851592234604747,0.1191095534076285,2.8586292817830836,30224.275862068964,0.3333333333333333,16,0.2777777777777778,0,-1
0x84953c538f9c9cf99bedaf701fa091a3be82aa3b,usdt,218,23586.132204956724,800.0,4.876146788990826,0.003380359443827521,0.20282156662965123,4.86771759911163,17749.5917215428,0.06374321880650995,492,0.12974683544303797,0,-1
0x2b779aea3758c73d06ca52147358f6e09948167d,usdt,481,780640125879711.0,0.00066,2.6632016632016633,0.0018463789640214105,0.11078273784128462,2.6587857081908313,32496.037470725994,0.20980392156862746,997,0.06209150326797386,0,-1
0x9ba0cf1588e1dfa905ec948f7fe5104dd40eda31,usdt,3,11581.156711916528,22.989478,802.6666666666666,0.5123622281799225,30.741733690795353,737.8016085790885,117.1046511627907,0.0005,1380,0.003,0,-1
0x9c8d7faf04026f45474e35ba69c0071dd44deb09,usdt,114,229.78124677708334,158.0,4.2105263157894735,0.002900477370233851,0.17402864221403108,4.1766874131367455,20686.25,0.5533807829181495,211,0.13167259786476868,0,-1
0x570d0fb4fefd507db9839ad17c2bf8f6c5c65fd9,usdt,71,3063.235021979592,0.000145,0.6901408450704225,0.00047277491861517473,0.028366495116910483,0.6807958828058517,126910.28571428571,0.0182370820668693,33,0.013171225937183385,0,-1
0x33f0787acef77b8898f568d33e04bab6cc853847,usdt,243,15506.157086425,3000.0,0.1646090534979424,0.00011389683793903672,0.006833810276342203,0.16401144663221287,526792.5,0.08888888888888889,16,0.3333333333333333,0,-1
0x12242357d985368f3babd817469a22667f8444d1,usdt,551,4161.062520803249,0.0,1.0054446460980035,0.000697930597982905,0.0418758358789743,1.0050200610953832,85968.43321299639,0.09452296819787986,365,0.029151943462897525,0,-1
0x5e1f62dac767b0491e3ce72469c217365d5b48cc,usdt,1,2101.502871742636,0.860383,2716.0,14.85776805251641,891.4660831509847,21395.185995623633,4.0382916053019144,0.0007,1295,0.0133,0,-1
0xeb3677379717b2324b2405fb7d549f84d6f474f3,usdt,592,5592.375533678133,10000.0,0.6875,0.0004772922635263103,0.02863753581157862,0.6873008594778868,125709.14004914006,0.1484771573604061,309,0.07741116751269035,0,-1
0x0e38c9870b44f1e37a6910b160a4905c0310dc8c,usdt,190,4146178.585953356,0.01,5.131578947368421,0.003561721900753989,0.21370331404523937,5.128879537085744,16845.784615384615,0.30827702702702703,621,0.13344594594594594,0,-1
0xcaed0430647013af6bbb84ca98b11951ec676f21,usdt,320,27.742005999999996,110.0,0.025,1.7318918797218408e-05,0.0010391351278331044,0.02493924306799451,3464419.5,0.0,1,0.2727272727272727,0,-1
0x94a079cd2e44444b6b50deb97134da3816936a99,usdt,95,47.54805238445654,99.688143,56.07368421052632,0.03877656198135348,2.3265937188812087,55.838249253149,1547.3264501595645,0.4487290333736815,3304,0.05187618882932734,0,-1
0xff3b59b8fb2886158bc8c71ada9f7c8b1ce5b348,usdt,1,0.00011333333333333334,0.0,3.0,0.3,18.0,432.0,200.0,1.0,2,0.6666666666666666,1,2
0x43409a3d9e6bc046489194cadf1dff9899897ea2,usdt,1,0.05816864739115987,30.058573,3009.0,3.387750506642648,203.26503039855888,4878.360729565413,17.71086739780658,0.0008688097306689834,3008,0.0004344048653344917,0,-1
0xc9b85d01e120d354c5ee838408d6ce2b9944bbcf,usdt,151,23197.122737653848,21527.78,0.3443708609271523,0.00023895697120200873,0.014337418272120522,0.34409803853089255,251091.23076923078,0.31746031746031744,12,0.36507936507936506,0,-1
0x4ae8b1bda3af850e0bb15cc784dd23fd3d7d9f98,usdt,57,0.00032,0.0005,0.17543859649122806,0.00012066860058210532,0.007240116034926319,0.17376278483823168,497229.6,1.0,5,0.2,0,-1
0x5b2e4e6d83fc614df47b747f37504df4398c1eb4,usdt,290,1027.2744912212086,9815.587528,3.024137931034483,0.002096816998323981,0.12580901989943885,3.0194164775865326,28614.800456100344,0.3439153439153439,364,0.21587301587301588,0,-1
0x3ba86c28b53188d950990715b282c4fb7aaacdc6,usdt,175,901.1190872903223,154.571976,0.17714285714285713,0.00012297458868967004,0.0073784753213802035,0.17708340771312486,487905.67741935485,0.0,8,0.05128205128205128,0,-1
0x1e9251ffca2d8a59d8f957ed0d3510e7f0ba4c39,usdt,198,182.68604729999998,100.0,0.10101010101010101,6.982182169322107e-05,0.004189309301593265,0.10054342323823834,859330.2,0.0,1,0.17391304347826086,0,-1
0x4ef861298b42ce7d505c799eced534c5f86779ad,usdt,593,203216.32173972725,7884.927533,0.03709949409780776,2.5724459236788035e-05,0.001543467554207282,0.03704322130097477,2332410.5454545454,0.0,11,0.005737234652897304,0,-1
0x1b7194ae82dfc3540bbf381ffc7658926f8ee76e,usdt,1,0.0449795,0.069,8.0,0.3333333333333333,20.0,480.0,180.0,0.0,4,0.625,0,-1
0x8965b0b6ff4d4a1ae8ddaf0e0394de0cbe14031d,usdt,1,0.0558,0.0,5.0,2.7777777777777777,166.66666666666669,4000.0,21.6,0.125,2,0.5,0,-1
0x9b0fcb87d06367e0a5a10e11531004705159de80,usdt,12,0.0333398,0.006699,0.4166666666666667,0.0002704573975507378,0.01622744385304427,0.38945865247306244,221846.4,0.0,2,0.8,0,-1
0x1ae9101fecec9d69ca753bca656639a1b7bf3c15,usdt,89,1967.3488840456432,2878.0,2.707865168539326,0.0018678898115523947,0.11207338869314369,2.6897613286354485,32121.809128630706,0.024018175916910096,168,0.020772476468679,0,-1
0xd14711c38a93ce33bba90cdd3cc063743935e69a,usdt,14,0.00026020000000000004,0.000257,0.35714285714285715,0.00023398818827625583,0.01403929129657535,0.3369429911178084,256423.2,1.0,3,0.4,0,-1
0xc588601427489ec223723c55a2b076ff295cec50,usdt,934,1015589831997853.2,0.0,0.34475374732334046,0.00023921170086948254,0.014352702052168952,0.34446484925205484,250823.850931677,0.053886925795053005,154,0.0353356890459364,0,-1
0xc30b67a08e962b40f1fa0a4c1052c118ac0a61c6,usdt,959,146588.0701395858,464766.296087,0.1762252346193952,0.0001222824887568849,0.007336949325413094,0.17608678380991427,490667.1479289941,0.0011580775911986102,96,0.010422698320787493,0,-1
0x355b5f013a1ede94607f7a4ce45c0132f053507c,usdt,1847,23987607905633.445,0.0,2.4466702761234433,0.0016982109422256034,0.10189265653353621,2.445423756804869,35331.299845098474,0.1437051352843733,2677,0.10698509110988404,0,-1
0x0cd6b09080000c0f34000058fc600c4d700d3001,usdt,40,14239.87438634381,16000.0,26.25,0.017950190784884915,1.077011447093095,25.848274730234273,3342.582857142857,0.0009657170449058426,597,0.020280057943022695,0,-1
0xde924ad97ff5419552608ceddfa5c990bcd4d0fa,usdt,83,454.860685983711,4011.0,17.012048192771083,0.011800100284138393,0.7080060170483036,16.992144409159284,5084.70254957507,0.15246853823814133,1091,0.1355275895450145,0,-1
0x9fd3d7bdae913a08bb69e5f5571118c73aef7793,usdt,61,18472.53664856138,0.0,50.34426229508197,0.03445807357937587,2.067484414762552,49.619625954301256,1741.2464995115597,0.1029,2396,0.0433,0,-1
0x42715ba91deda3c692b9f540cee2fbb4dae78bbb,usdt,192,1078167.1693619085,0.001,2.21875,0.0015378495087906509,0.09227097052743906,2.2145032926585375,39015.52112676056,0.03923205342237062,258,0.022120200333889815,0,-1
0x120d543215d86cbc9c8bf760f7ae2855b1cf701c,usdt,118,756.978495,680.942956,0.03389830508474576,2.3500271428134995e-05,0.0014100162856880995,0.03384039085651439,2553162.0,0.0,1,0.6666666666666666,0,-1
0x93cc71e05054c5251119cc3d30723e8adc799d8e,usdt,21,0.0002925,0.0003,0.38095238095238093,0.00025271670457417233,0.015163002274450341,0.3639120545868082,237420.0,0.8888888888888888,4,0.2222222222222222,0,-1
0x02a78632215262a94ce8651846e7d22adc98ce3c,usdt,20,712.3850256231999,540.0,312.5,0.20819453697534976,12.491672218520986,299.8001332445037,288.192,0.0063,44,0.3097,0,-1
0x8766f10112ee05b6ed81364c8fd12bdd4a9f6e49,usdt,240,290.11030274999996,0.0,0.03333333333333333,2.3113691626371795e-05,0.0013868214975823077,0.033283715941975385,2595864.0,0.16666666666666666,3,0.4166666666666667,0,-1
0x7c9c386ee3a74874ba52193e342062200732cf35,usdt,53,1786.6667100000002,1400.0,0.39622641509433965,0.0002721384640505089,0.016328307843030535,0.39187938823273283,220476.0,0.031746031746031744,11,0.05555555555555555,0,-1
0x9472fdec6a9205d5f95bf3f6b2424e893f295884,usdt,289,2887.1494197180123,0.0,2.7854671280276815,0.0019334564340626507,0.11600738604375904,2.7841772650502175,31032.506832298135,0.32061068702290074,504,0.2050163576881134,0,-1
0xc99fc600e436663c9d55abb829720f1e0cfb6f6e,usdt,30,2743.4957468125,0.0,0.5333333333333333,0.00036752713958221355,0.02205162837493281,0.5292390809983875,163253.25,0.13513513513513514,10,0.16216216216216217,0,-1
0x28b563a39d7a22faf947c155b7f84a8bf0da484a,usdt,17,0.024579560155239336,36.669864,181.88235294117646,0.11930853526778824,7.158512116067294,171.80429078561505,502.8978007761966,0.5698596705308114,3091,0.0004067520846044336,0,-1
0xb61ea4ae5ce4e6fa039c51006320e8edea3e490b,usdt,406,1547.6190291823527,0.0,1.2561576354679802,0.0008703440009065231,0.05222064005439138,1.2532953613053932,68938.25882352941,0.17586206896551723,268,0.17413793103448275,0,-1
0x0d7a438472de7ce7ef8ecc86cdbfbb91ec5de208,usdt,3,38015.081197499996,110.32479,2.6666666666666665,0.0017849970993797134,0.10709982596278281,2.5703958231067876,33613.5,0.09090909090909091,7,0.18181818181818182,0,-1
0x2393d38400cad1d0ffae85b37d76de05bb7eddc6,usdt,1,0.05719425876947215,480.0,8923.0,4.810242587601079,288.6145552560647,6926.749326145553,12.473383391236132,0.0,8923,0.0001,0,-1
0xd789d71d28d3b40a2469dff4be1c76d61e7a03c1,usdt,11,8000.512441047618,0.000117,1.9090909090909092,0.001243574863206765,0.07461449179240591,1.7907478030177415,48248.0,0.4090909090909091,12,0.36363636363636365,0,-1
0x2539744f614ed892a08dbe951b1165232ad44009,usdt,459,40506329148446.63,0.001,4.302832244008715,0.0029871876120195354,0.17923125672117213,4.301550161308131,20085.782278481012,0.09778142974527526,1073,0.04423445631333881,0,-1
0x3063c5907faa10c01b242181aa689beb23d2bd65,usdt,287,341959.8776326682,881.69367,0.7665505226480837,0.0005308800881840088,0.03185280529104053,0.7644673269849728,113019.87272727273,0.006658832745789268,113,0.0050920485703094395,0,-1
0xc6b7037fddc1b1b1daa4fba9851e44042393d5be,usdt,50,4074.8815607678575,180.0,4.48,0.003105039034776437,0.18630234208658625,4.471256210078069,19323.428571428572,0.0,0,0.05825242718446602,0,-1
0xd0a7067e66035e1c651ccec18d260a91df0a8002,usdt,24,316.3983897547169,151.394166,2.2083333333333335,0.001475377891601481,0.08852267349608885,2.1245441639061324,40667.54716981132,0.20634920634920634,23,0.2857142857142857,0,-1
0x8f96326396431af87da48cdfbbff8abca43264ba,usdt,144,18681.954451063975,150019.652574,9.118055555555555,0.006330023208478084,0.3798013925086851,9.115233420208444,9478.638233054075,0.47379454926624737,569,0.0726764500349406,0,-1
0x359183b1c1c72337a8adc733c92694c4055a38d8,usdt,2,0.07246851463984191,5.972796,2783.5,1.3433880308880308,80.60328185328186,1934.4787644787646,44.6631938207293,0.0006,5562,0.0003,0,-1
0xba1333333333a1ba1108e8412f11850a5c319ba9,usdt,1,47695.692075331295,24478.960966,1962.0,0.767785865226579,46.067151913594735,1105.6116459262737,78.14678899082568,0.0,919,0.0037,0,-1
0xdffc6fd5f01e03b7797fdb8415a4b8d4474e3b3c,usdt,95,3419.690790867895,0.000515,6.852631578947369,0.004711143917848071,0.28266863507088424,6.784047241701223,12735.760368663594,0.35518474374255066,406,0.1728247914183552,0,-1
0x4f3624cb4dc93c74fd9a2a36d9d65b0d2016a925,usdt,168,9614.515899823527,222.590099,0.10119047619047619,7.014399323976949e-05,0.00420863959438617,0.10100735026526807,855383.2941176471,0.0,14,0.15384615384615385,0,-1
0x2fca7a560f4be92fe925d507e8ea069462d6e97f,usdt,54,5085.4444585342835,0.0,20.796296296296298,0.01418764070779019,0.8512584424674113,20.430202619217873,4229.032947462155,0.29806259314456035,709,0.19970193740685543,0,-1
0xb5d85cbf7cb3ee0d56b3bb207d5fc4b82f43f511,usdt,1334,32505.598021664577,0.01,5.991754122938531,0.0041605026096747846,0.24963015658048707,5.99112375793169,14421.334542724884,0.0043,3797,0.3653,0,-1
0x5975c34f42420eeef3056947996518a27f51445b,usdt,1,3.3000000000000003,4.9,3.0,0.42857142857142855,25.714285714285715,617.1428571428571,140.0,0.0,0,0.07142857142857142,0,-1
0x0bfdd6db56efc4aad28e1817cdee7c4a1e6c4259,usdt,8,736.9842150000002,185.51,2.625,0.0017072060353798128,0.10243236212278876,2.4583766909469302,35145.142857142855,0.12903225806451613,17,0.16129032258064516,0,-1
0x4a5c9097247c283052224389a79c14bf46e02aee,usdt,148,909.2920013647059,0.0002,0.5743243243243243,0.0003972055421855651,0.023832332531133905,0.5719759807472138,151055.29411764705,0.5578947368421052,72,0.09473684210526316,0,-1
0xa1ac171af310d9e1eb8a256bdc3064aeefea28c9,usdt,79,5856.944735376238,0.0001,2.5569620253164556,0.0017742207481941594,0.10645324489164958,2.5548778773995897,33817.66336633663,0.22336769759450173,149,0.13402061855670103,0,-1
0xca5ea10237fb4e73a6110fb9b4f751054d442b96,usdt,133,4345.528296071795,141.008867,1.4661654135338347,0.0010123548828212202,0.06074129296927321,1.457791031262557,59267.75384615385,0.1601123595505618,113,0.18258426966292135,0,-1
0xaa99228388fa67573eed5c09562ba4ee330bea21,usdt,126,9703.720713333334,0.00015,0.21428571428571427,0.0001479460161425542,0.008876760968553252,0.21304226324527806,405553.3333333333,0.10526315789473684,8,0.14473684210526316,0,-1
0xa64278e13b45f777a00b9723eb65dc57355d3d9c,usdt,693,7334.433803620001,20000.0,0.1443001443001443,0.00010008593378274586,0.006005156026964752,0.14412374464715405,599484.84,0.2196969696969697,50,0.26515151515151514,0,-1
0x2347faed8d309da2fda2a4339224999209c31bfc,usdt,3,0.00044749420731707317,0.000572,2186.6666666666665,1.1695906432748537,70.17543859649122,1684.2105263157894,51.3,0.617,6560,0.0001,0,-1
0x1bba674f153e9717a2fd97a100bbedf4275cc3ca,usdt,30,22386.69607993333,0.0,0.5,0.00033988788231721965,0.020393272939033178,0.4894385505367963,176528.8,0.056451612903225805,10,0.024193548387096774,0,-1
0x9c6a52c6f736ba3cd9c21bd13eebe08760f931e5,usdt,809,19541.82306938269,0.0,1.185414091470952,0.0008225794719846071,0.04935476831907643,1.1845144396578344,72941.28050052137,0.036875,505,0.09125,0,-1
0xd32bcf7c3fd2f3fbf615398d1f0e9bc96a461fec,usdt,1069,712.9826984651162,45.810911,0.040224508886810104,2.7917218392417493e-05,0.0016750331035450495,0.04020079448508119,2149211.2558139535,0.0,13,0.015925315760571115,0,-1
0x97165c227616db915ef3e9223374b521ce5afb2a,usdt,9,458.71243614285714,130.0,0.7777777777777778,0.0005103007858632102,0.030618047151792612,0.7348331316430228,117577.71428571429,0.15384615384615385,4,0.3076923076923077,0,-1
0x541f9ca20d448dc53681077eb54492117b67e3a1,usdt,22,219883.02794628573,186282.0042,0.3181818181818182,0.0002158348801499744,0.012950092808998465,0.31080222741596314,277990.28571428574,0.0,3,0.01256281407035176,0,-1
0x140d10f05bda1158e9e4c9113f6ffd79c0ef4e01,usdt,6,0.11671399199038847,25.184551,832.3333333333334,0.5020811131441899,30.1248667886514,722.9968029276336,119.5026031237485,0.0123,4866,0.0117,0,-1
0x01f85a3929c7a5db76137e94dd74d822d1081a13,usdt,2,0.1411258047337278,38.12464,1521.0,0.7049826187717265,42.29895712630359,1015.1749710312862,85.10848126232742,0.0005149330587023687,3037,0.0005149330587023687,0,-1
0x59aab1bd0d26290274398c07b55955c15425e16b,usdt,32,0.001003208556149733,0.01,175.3125,0.11874021081149727,7.1244126486898365,170.98590356855607,505.3048128342246,0.0,5608,0.0003,0,-1
0x2324154fc66e60dcc2313584989a9cbf196b8162,usdt,65,5133.314296403209,0.0,43.15384615384615,0.0295218408999057,1.771310453994342,42.51145089586421,2032.3935828877006,0.29933333333333334,1936,0.13633333333333333,0,-1
0x20f68ad3eabd0c8d2f05e3def45501764ba00775,usdt,173,592.0,1480.0,0.028901734104046242,2.0019907796312655e-05,0.0012011944677787591,0.02882866722669022,2997016.8,0.0,1,0.2222222222222222,0,-1
0xc6b71ce97fd756de43c1b51684eb0a23f53fd5be,usdt,43,0.002383125,0.002053,0.37209302325581395,0.0002572504429531065,0.015435026577186388,0.37044063785247333,233235.75,0.0,8,0.1111111111111111,0,-1
0x8c3ee6fb95f61c2755fb95cb99045c1353c33412,usdt,15,9679.628713470589,19985.002202,1.1333333333333333,0.0007417102966841187,0.04450261780104712,1.068062827225131,80894.11764705883,0.0,8,0.09090909090909091,0,-1
0x662920f0f1b101a22abc80ae85e92e054eb83bda,usdt,12,356.87504912500003,115.81,0.6666666666666666,0.00044295316877623116,0.02657719012657387,0.6378525630377728,135454.5,0.4444444444444444,3,0.5555555555555556,1,2
0x2ee6a8a45f73f8d8303e053bb472fc467febb2fc,usdt,1162,17.284921,60.945594,0.008605851979345954,5.972951370260747e-06,0.00035837708221564483,0.008601049973175475,10045285.2,0.0,5,0.038461538461538464,0,-1
0xf25b6125b3777326023167ecebe336e1fccbd157,usdt,25,28.313202647058823,73.26811,3.4,0.002322264781898356,0.13933588691390136,3.3440612859336323,25836.84705882353,0.17777777777777778,51,0.17777777777777778,0,-1
0xbbd20f77130a4880954412b5b1b273360681f157,usdt,143,112689.72339103224,20444.502149,0.21678321678321677,0.00015035508049817003,0.009021304829890203,0.21651131591736483,399055.3548387097,0.0,15,0.030434782608695653,0,-1
0xe7f0ed788e672e3d9387802660f68d4bb571651c,usdt,3,9540.234286145833,25313.0,16.0,0.008968609865470852,0.5381165919282511,12.914798206278027,6690.0,0.21568627450980393,33,0.21568627450980393,0,-1
0xc2ab1de84daa43d65044fd17a142127d0135948a,usdt,823,605425.4275920342,0.0009,0.1421628189550425,9.862573052584374e-05,0.005917543831550624,0.14202105195721498,608360.5128205129,0.00043402777777777775,58,0.0030381944444444445,0,-1
0x2bf15c1ed16536963df5ec72553b8bd276a8c890,usdt,12,0.032,0.0544,0.4166666666666667,0.0002850204644693489,0.017101227868160936,0.4104294688358624,210511.2,0.0,3,0.3333333333333333,0,-1
0xb248757f904df78af091f5cd82afafbff5fb05fb,usdt,12,1451.5032473333333,1974.2002,0.25,0.00016057378365358883,0.00963442701921533,0.2312262484611679,373660.0,0.0,0,0.06666666666666667,0,-1
0x069f7df9e177b4cc42f080473be79f5470ff07c1,usdt,9,2823.7623955,1647.524791,0.4444444444444444,0.0002835880505448435,0.017015283032690613,0.4083667927845747,211574.5,0.0,3,0.014492753623188406,0,-1
0xefa12371ddd2d38ec76046b612e2d811a291ac66,usdt,1,0.0006305,0.000701,4.0,0.0029917726252804786,0.1795063575168287,4.308152580403889,20055.0,1.0,2,0.75,1,2
0x7a998dce2335813f5ab5ccf0a32acb201206ab84,usdt,36,0.000376,0.00012,0.2777777777777778,0.00018796356514253276,0.011277813908551966,0.2706675338052472,319210.8,0.8333333333333334,5,0.25,0,-1
0x382168dc2235928023005b5f7603c7aca8cdb8c6,usdt,94,0.0016165384615384614,0.000257,0.13829787234042554,9.526196307060084e-05,0.005715717784236051,0.13717722682166522,629842.1538461539,0.8461538461538461,6,0.23076923076923078,0,-1
0x1a62e7af4c95ae14fe60e275fbf00d30130fe34f,usdt,639,400.0319293333334,145.137397,0.009389671361502348,6.51998865521974e-06,0.00039119931931318435,0.009388783663516425,9202470.0,0.0,3,0.012779552715654952,0,-1
0xe4c36cade891245cdcab88b9fe6dbf3cf1ff3de4,usdt,83,10539.240311057143,46.943582,0.8433734939759037,0.0005823540080098634,0.03494124048059181,0.8385897715342032,103030.11428571428,0.02830188679245283,60,0.05660377358490566,0,-1
0xad11109039f5f2c954db600c03ba0ef25e5fe9bd,usdt,15,0.007425834709227665,0.001428,363.4,0.23959807653424525,14.375884592054714,345.02123020931316,250.4193725921849,0.0,5450,0.0002,0,-1
0x02a39000a41ed2024f93c871f19e118032b67915,usdt,12,0.045714285714285714,0.136067,0.5833333333333334,0.000378611685038348,0.02271670110230088,0.545200826455221,158473.7142857143,0.0,3,0.7142857142857143,0,-1
0x2dbb7eaf854059c9fc0484b96d6f2567dc5f3e15,usdt,1750,2317.8929660172416,2800.96504,0.06628571428571428,4.6009365761686244e-05,0.0027605619457011744,0.06625348669682819,1304082.3103448276,0.0020242914979757085,72,0.02327935222672065,0,-1
0x0bb7a4fdea32910038dec59c20ccae3a6e66b09f,usdt,1,2322.828994619546,17.295349,1719.0,0.7509173510396646,45.055041062379864,1081.320985497117,79.9022687609075,0.0,1032,0.0052,0,-1
0x04bda42de3bc32abb00df46004204424d4cf8287,usdt,432,1805.9512233333332,21.752324,0.013888888888888888,9.64348362488263e-06,0.0005786090174929578,0.013886616419830989,6221818.0,0.0,2,0.0005,0,-1
0x57d542571481a1b3081e9d7a3f03fa28bda452ee,usdt,29,45147.63553247059,0.0,2.3448275862068964,0.001585022470024428,0.09510134820146568,2.282432356835176,37854.35294117647,0.006180871828236825,46,0.0029277813923227064,0,-1
0x5cd97399d48c52d2804ce15b2d2e1cf476db3223,usdt,112,5516.171410348416,0.0,9.866071428571429,0.006797774513205523,0.4078664707923314,9.788795299015952,8826.41809954751,0.3982011447260834,554,0.18315617334423548,0,-1
0x8a4cfcdd0b924ad0fe66cc96ba14b3d94bdc9874,usdt,521,1378.0351428571428,4773.375633,0.013435700575815739,9.316229977259082e-06,0.0005589737986355449,0.013415371167253078,6440373.428571428,0.0,3,0.015037593984962405,0,-1
0xac756f511b4dcb7d996eb795897d1554094e8361,usdt,14,0.004321868421052632,0.005,10.857142857142858,0.007284577782037765,0.43707466692226593,10.489792006134381,8236.578947368422,0.006369426751592357,116,0.01910828025477707,0,-1
0xf319dff495a71a1b7cdbe5a97b8a35a2452b7a82,usdt,1177,19703.678785602526,6597.605778,0.5386576040781649,0.0003737991554733276,0.022427949328399657,0.5382707838815918,160514.00630914827,0.19349005424954793,403,0.12839059674502712,0,-1
0x4d6940edc6ad5b756e99a0a3608cd96822293b0f,usdt,36,10748.000609333334,7791.003656,0.16666666666666666,0.0001154356734709583,0.006926140408257499,0.16622736979817995,519770.0,0.0,4,0.1875,0,-1
0xde3c7a5600c8dcf0aab7c672c3b36f8578039e69,usdt,340,50.97757410287081,7.996352,1.2294117647058824,0.0008535691852539184,0.051214151115235106,1.2291396267656425,70293.07177033492,0.03063063063063063,9,0.036036036036036036,0,-1
0xfd0f5060ea620dcd32039b4632a347a8261e09f4,usdt,1,66.667,0.001,3.0,0.26785714285714285,16.07142857142857,385.7142857142857,224.0,0.0,1,0.23076923076923078,0,-1
0xc9926fe2968ec8c2a25f3bd6d55e6e4b2486b443,usdt,1,7.93008,1.89667,3.0,0.002403460983816696,0.14420765902900176,3.460983816696042,24964.0,0.0,2,0.14285714285714285,0,-1
0xbb73f61c4cdd4fe819fe80343a4f463fe40f014a,usdt,458,8137.875422566279,14200.0,5.995633187772926,0.0041570624797710315,0.2494237487862619,5.986169970870285,14433.268754552077,0.11803331197950032,2046,0.04356181934657271,0,-1
0xaceba1fb52bde379dc1ca93d559fc6cdcb57c04e,usdt,1,2857.89290025,0.000133,8.0,0.0034432297495050356,0.20659378497030212,4.958250839287252,17425.5,0.4444444444444444,3,0.6666666666666666,1,2
0x1288f5ddfcb848fa8667c4c6ebf1bf65ae3b3e7b,usdt,780,5368.048692818751,12019.067825,0.20512820512820512,0.0001424367509607359,0.008546205057644155,0.20510892138345965,421239.6,0.0,77,0.025612472160356347,0,-1
0x9fc5764dd9c08bc2675db64c0f4aa871b4a7cba0,usdt,158,1421.3208162078652,531.104766,1.1265822784810127,0.0007817749805654254,0.046906498833925524,1.1257559720142125,76748.42696629213,0.08241758241758242,51,0.06043956043956044,0,-1
0x78f4b2d100459e7de2d55dae9e6b4c59e82c4b10,usdt,262,4002.109471518518,18.64,0.8244274809160306,0.0005704184177543789,0.03422510506526273,0.8214025215663056,105185.94444444444,0.18106995884773663,153,0.1646090534979424,0,-1
0x6928f7baa9a68adbcc459ae822229cfc7e4377a2,usdt,157,1270.4296641989529,3017.369584,1.21656050955414,0.0008412481126972969,0.05047488676183782,1.2113972822841077,71322.59685863875,0.002849002849002849,86,0.022792022792022793,0,-1
0xa702e3bc58f14070126c2710a58a9e2171912988,usdt,12,0.045714285714285714,0.134,0.5833333333333334,0.0003793750067745537,0.022762500406473225,0.5463000097553573,158154.85714285713,0.0,3,0.7142857142857143,0,-1
0xa91ff04cd0b8977e3ae96c6b0db055ad81eecec9,usdt,180,1709.989914580488,6395.0,1.1388888888888888,0.0007876756804941532,0.047260540829649186,1.1342529799115806,76173.48292682927,0.2,71,0.10943396226415095,0,-1
0x6dc8a87e7429273e33b7d57ed06629443c0ea454,usdt,12,0.032,0.054,0.4166666666666667,0.000271123209231203,0.016267392553872183,0.39041742129293233,221301.6,0.0,3,0.6,0,-1
0x28355b3bc11c3bb634f1487e21c41c8675b0bf78,usdt,234,120.58565998165138,123.803488,1.3974358974358974,0.0009664040136206814,0.057984240817240885,1.3916217796137813,62085.83486238532,0.04748603351955307,32,0.03910614525139665,0,-1
0x90ad25e0b7e0bc9a3a601a2f1cadc31077546e6d,usdt,136,18686.806630034967,0.0003,15.139705882352942,0.010445551737188093,0.6267331042312855,15.041594501550854,5744.071879553181,0.3784445805266381,813,0.10073484384568279,0,-1
0xbc57da6dc2d86d348a09ce8d53a9eef30e3adfa8,usdt,1,0.0006466666666666667,0.00084,3.0,0.00159846547314578,0.0959079283887468,2.3017902813299234,37536.0,0.6666666666666666,2,0.6666666666666666,1,2
0x4ee5459a35de606f5172414c3cc994215a32bb80,usdt,55,867.7905626451612,0.0,0.5636363636363636,0.00038555199852744013,0.02313311991164641,0.5551948778795137,155621.03225806452,0.030120481927710843,24,0.018072289156626505,0,-1
0x03f6c4c5f41150c6faea9a32b65b135c0beb19fd,usdt,609,1626.0774514884545,0.0,0.9244663382594417,0.0006419250728636266,0.0385155043718176,0.9243721049236223,93468.85257548846,0.11403508771929824,331,0.18311403508771928,0,-1
0x4248e7178b5a1bc3df9940894505c4f85b507b0e,usdt,110,55673.09669629493,10000.0,1.9727272727272727,0.001369197473609823,0.08215184841658937,1.971644361998145,43821.290322580644,0.0,0,0.13166144200626959,0,-1
0xf1f955016ecbcd7321c7266bccfb96c68ea5e49b,usdt,1446,1443.4229999999998,2.11,0.002074688796680498,1.4399247898483768e-06,8.63954873909026e-05,0.0020734916973816626,41668843.0,0.0,0,0.0005397625044980209,0,-1
0xbd0327872779cc5ae7b340584b053045dd821150,usdt,37,460.2174544772726,602.035664,1.1891891891891893,0.0008042523012582893,0.048255138075497354,1.1581233138119367,74603.45454545454,0.060240963855421686,31,0.06626506024096386,0,-1
0xcf400770d84edad7e82f5e990334d210ec2bb876,usdt,1,0.0022857142857142863,0.001,7.0,0.3333333333333333,20.0,480.0,180.0,0.0,6,0.25,0,-1
0x6a8c7c11d85d115822b7bde87f642f82d1121cc4,usdt,39,20039.63049415909,10000.0,1.1282051282051282,0.0007728192446043165,0.046369154676258996,1.112859712230216,77637.81818181818,0.0,10,0.14285714285714285,0,-1
0xf7ca4cbe9e61264d07e31ce1c95578645ea91748,usdt,1,13699.828254846156,9e-06,26.0,0.7647058823529411,45.88235294117647,1101.1764705882354,78.46153846153847,0.22857142857142856,11,0.34285714285714286,0,-1
0x75b7769487cb3ab85da6d76f4e887fc668a65038,usdt,44,8770.045599062501,0.000467,0.36363636363636365,0.0002512689079853259,0.015076134479119555,0.3618272274988693,238788.0,0.25,5,0.4,0,-1
0x0b4886dcf9057dea08ab15ec9c9143bb63162aa5,usdt,16,0.0003539111111111111,0.0002,2.8125,0.0018791968730164032,0.1127518123809842,2.7060434971436207,31928.533333333333,0.5844155844155844,22,0.025974025974025976,0,-1
0xb936bab9e34b4eabad5a066de6a26e3e6e17e2e8,usdt,8,0.008352579855122461,0.001,362.375,0.24304565804255607,14.582739482553364,349.98574758128075,246.86719558468437,0.0,2898,0.00036088054853843375,0,-1
0xf2f6fcad50b765461acd8f9c7b51c104fdcae715,usdt,1,80525.87864933333,120788.817974,3.0,0.19230769230769232,11.538461538461538,276.9230769230769,312.0,0.0,1,0.01282051282051282,0,-1
0x5905cd89ab79ab648c2f3c309a23f88e3d3eedf1,usdt,758,374.9666588830703,1342.0,1.8390501319261214,0.0012755734636065348,0.07653440781639209,1.8368257875934102,47037.66714490674,0.2209165687426557,734,0.15276145710928318,0,-1
0xf76af70bc1ea5f49fe5583ab80493e116d602a34,usdt,1000,2279.7922865425867,93.0,0.317,0.00022002695017798584,0.01320161701067915,0.3168388082562996,272693.86750788643,0.0779816513761468,152,0.0853211009174312,0,-1
0xbdb296765b5b850a6367faf96abbec67da618e8b,usdt,453,21164.751531854705,157.003344,2.2030905077262695,0.0015286341669035692,0.09171805001421415,2.20123320034114,39250.7254509018,0.008987417615338526,962,0.019772318753744758,0,-1
0x7833341fff5bbbac5a0bd0ca28d6d9fa7d094601,usdt,15,15821.191009999995,10022.999999,5.933333333333334,0.003978293714295931,0.23869762285775586,5.728742948586141,15081.842696629214,0.0,34,0.0002,0,-1
0x96610d09b0e013d1a5acbd0ea5708c781cbe085e,usdt,65,35271.0445964,0.000113,5.461538461538462,0.003747057768020181,0.22482346608121087,5.395763185949061,16012.56338028169,0.24480369515011546,228,0.23325635103926096,0,-1
0x064ca98300f1a2d58ca891e679861b6f83df4ce6,usdt,24,671.5006077741936,0.0,1.2916666666666667,0.0008627023176080327,0.05176213905648196,1.2422913373555668,69548.90322580645,0.23255813953488372,21,0.16279069767441862,0,-1
0x1a6182dc00b4282158934c99403d2b308d15d459,usdt,1,0.00010000000000000003,0.0001,6304.0,30.220517737296262,1813.2310642377756,43517.54554170662,1.9854060913705585,0.6304,6304,0.0001,0,-1
0xeb7009dbbb065b3200931537c7ec332eca2521c2,usdt,13,0.0005235,0.000847,0.3076923076923077,0.00020049522320130723,0.012029713392078435,0.28871312140988237,299259.0,0.4444444444444444,2,0.3333333333333333,0,-1
0xbde14d63857c71450a624693626e723f078d78ca,usdt,434,10968.596372935186,0.000326,0.4976958525345622,0.0003448989446092295,0.02069393667655377,0.4966544802372904,173964.0,0.07503410641200546,176,0.030013642564802184,0,-1
0x897d0d1df1c33eca750e0880eced3529a9a88419,usdt,32,7304.163138666667,0.0,0.75,0.0005201695752815417,0.031210174516892505,0.7490441884054202,115347.0,0.52,15,0.28,0,-1
0x007e797d6267a608644c2766cc55af6f72024995,usdt,4,6440.5625,15830.0,4.0,0.0023197146750949635,0.1391828805056978,3.3403891321367474,25865.25,0.0,0,0.049586776859504134,0,-1
0xdfdbbf50737b4e48790bffb474432620f730851a,usdt,40,28988.098379512372,0.001,24.25,0.016554765553799575,0.9932859332279745,23.838862397471384,3624.3340206185567,0.3359605911330049,679,0.2187192118226601,0,-1
0x17f382e0156f269fe7da68235e703aabcde9063a,usdt,72,14.715986515384614,0.000107,1.8055555555555556,0.0012442548923145248,0.07465529353887149,1.7917270449329157,48221.63076923077,0.1317365269461078,75,0.10778443113772455,0,-1
0x0f3d6cc94a8cfcbad540482f34ae7bb473b049e6,usdt,555,780487804945480.9,0.0001,0.14774774774774774,0.00010246841411135017,0.006148104846681011,0.14755451632034425,585546.2926829269,0.02627939142461964,44,0.02351313969571231,0,-1
0x22f6c49efffb8e4e71cd6d721b75465d76383965,usdt,316,25994.28114819963,4559.20506,1.7120253164556962,0.0011880683677346106,0.07128410206407663,1.7108184495378391,50502.14417744917,0.031961722488038274,346,0.022966507177033493,0,-1
0x1b5760777b869329e56cc1f8116fd866b8607ef6,usdt,259,143.4251668141593,0.000857,0.4362934362934363,0.00030297375442931546,0.018178425265758927,0.4362822063782142,198036.95575221238,0.05084745762711865,50,0.05084745762711865,0,-1
0x7c1b1e3a8fce2b9ac3d5437d5078d91fb99e8d25,usdt,279,5615.30388658783,0.00015,11.42652329749104,0.007910603235605456,0.4746361941363274,11.391268659271857,7584.756587202008,0.29618015963511973,2053,0.11231470923603193,0,-1
0x0d05a7d3448512b78fa8a9e46c4872c88c4a0d05,usdt,17,13767.50069583342,177.082083,113.3529411764706,0.07438833257413742,4.463299954448245,107.11919890675786,806.5781006746238,0.0002,639,0.0059,0,-1
0x9ca8a94d00a83e9ce54f755e5b775e837c2073d6,usdt,391,22304.279653874903,6891.38,3.2301790281329925,0.0022427592437905936,0.1345655546274356,3.229573311058455,26752.760095011876,0.010493372606774668,815,0.03368924889543446,0,-1
0x4dc34c4eb23973f3551526c2afe8ffb7f70f0fd7,usdt,137,560.1365069519774,1494.721458,2.5839416058394162,0.0017886448337469784,0.10731869002481871,2.575648560595649,33544.94915254237,0.002031144211238998,174,0.003046716316858497,0,-1
0x6627617c2b97af5a88caac12286daab9dbb9a85d,usdt,371,0.0,0.0,0.19946091644204852,0.00013851369563524629,0.008310821738114775,0.19945972171475465,433170.1621621622,0.6788990825688074,5,0.3761467889908257,0,-1
0x98774e4a949cc16e1c08b61f938d0bb572cbcbc2,usdt,214,33933.89478007317,42003.746022,0.5747663551401869,0.00039763590904418023,0.023858154542650813,0.5725957090236196,150891.80487804877,0.1,107,0.02142857142857143,0,-1
0xa9427062bf7a36b5e703767bcf2c2ccb2251907c,usdt,1,0.00039966666666666666,0.000999,6.0,0.004173042147725692,0.2503825288635415,6.009180692724996,14378.0,1.0,3,0.5,0,-1
0x3f5b321ad4e13aaaa0c77a3b7ac66cb43c75c6ac,usdt,131,6625.936086511222,26817.0,3.0610687022900764,0.0021148272064872983,0.12688963238923792,3.0453511773417095,28371.11221945137,0.3579175704989154,208,0.19739696312364424,0,-1
0xa729e0ba1694e863494f4192ec028bc0c8fcc295,usdt,48,4554.389653451798,3000.0,14.479166666666666,0.009854270231029466,0.591256213861768,14.190149132682432,6088.730935251799,0.2715765247410817,430,0.21058688147295743,0,-1
0xd8d6be6bf9878bf62a7efec03c1ffa716a63482a,usdt,1621,80100.34882223612,3617.799613,0.04441702652683529,3.0840608105687106e-05,0.0018504364863412264,0.04441047567218944,1945486.9305555555,0.0056433408577878106,42,0.007900677200902935,0,-1
0x3f48c2d33c29402aac88d3e9757c06c1962b7f3b,usdt,2,0.00012227777777777777,8.8e-05,9.0,0.005460171085360675,0.3276102651216405,7.862646362919372,10988.666666666666,1.0,10,0.16666666666666666,0,-1
0xe41156c96dfb975a8b7cc933f852472a8bb57239,usdt,1100,776276981053.4581,0.0,5.8554545454545455,0.004065207929610619,0.24391247577663713,5.8538994186392905,14759.392640894272,0.01493274096013822,6369,0.005923731951129212,0,-1
0xfbcc5c0223e942cfa1223f8829a3a64a8a00de88,usdt,154,4247.397673930712,0.000553,14.525974025974026,0.010035998593075923,0.6021599155845554,14.451837974029331,5978.4783191774695,0.22330460846759087,1467,0.1539902585237917,0,-1
0xf9aa93f50a233a8343c680f709aee9d99df7d2a7,usdt,7,305.238989039267,0.0002,54.57142857142857,0.035550757547556114,2.133045452853367,51.19309086848081,1687.7277486910996,0.424507658643326,200,0.36980306345733044,0,-1
0x34478d4820074a8b090ef5b04dc1d6da7d01075e,usdt,339,5328.450603982677,0.000146,1.873156342182891,0.0012997608849345226,0.07798565309607136,1.871655674305713,46162.33700787402,0.0215,375,0.009,0,-1
0x13141984d97f1a37543a5de0735a6901f5bbc223,usdt,75,14407.505347444288,0.0,9.573333333333334,0.006634645416088368,0.39807872496530206,9.55388939916725,9043.437325905292,0.2759776536312849,467,0.19888268156424582,0,-1
0x481fe4b6ace4dd0409dd1dba08f593fc034da359,usdt,8,14611.230955769232,30000.0,1.625,0.0010039075169505924,0.06023445101703554,1.4456268244088528,59766.46153846154,0.0,1,0.4444444444444444,0,-1
0xffca91a29d0e0b50c5f4eb896c24714a6d53e7dd,usdt,4,281.029362,160.206393,0.75,0.00044138418079096045,0.026483050847457626,0.6355932203389831,135936.0,0.0,0,0.16666666666666666,0,-1
0x17a3edadab1d9ffa56c3c822265d8bdd00830e94,usdt,5,0.0003895,0.000661,0.8,0.0004674535468037864,0.02804721280822718,0.6731331073974524,128355.0,1.0,2,0.5,0,-1
0x7571a844aad30a7c4eb29d046fbd147fdc4222c7,usdt,578,23.53250688402062,27.7,2.013840830449827,0.0013983020000764021,0.08389812000458413,2.013554880110019,42909.18556701031,0.03462837837837838,635,0.006756756756756757,0,-1
0x68fc3176351d4635575f107d6bc0998f6064ace3,usdt,1,0.00025333333333333333,0.00038,3.0,1.3636363636363635,81.81818181818181,1963.6363636363635,44.0,1.0,1,1.0,1,2
0xbee3211ab312a8d065c4fef0247448e17a8da000,usdt,1,44625.14841621284,98136.980392,1682.0,1.142663043478261,68.55978260869564,1645.4347826086957,52.50891795481569,0.0005,841,0.0137,0,-1
0x52fe01e1a5bb48c8ae6e3a97341f5d7390d72611,usdt,518,4252.371402484849,0.000324,0.0637065637065637,4.421003894770461e-05,0.0026526023368622772,0.06366245608469463,1357157.8181818181,0.015873015873015872,17,0.02976190476190476,0,-1
0xf70131578a1023ed8a84c88bf81aef8a007acb90,usdt,1,0.0013880000000000001,0.00194,6.0,0.019280205655526992,1.1568123393316196,27.763496143958868,3112.0,0.6666666666666666,2,0.6666666666666666,1,2
0xdf8966c010931df10add5403e71b97704a5040fd,usdt,210,463.98279279999997,579.978491,0.023809523809523808,1.6478829976705528e-05,0.0009887297986023317,0.02372951516645596,3641035.2,0.0,3,0.25,0,-1
0xdbcc631d5864201bf35f080117cd0e5ba6cfcde5,usdt,489,957.7353918548388,218.0,0.12678936605316973,8.803336862240841e-05,0.005282002117344505,0.1267680508162681,681559.7419354839,0.10975609756097561,34,0.21951219512195122,0,-1
0x238f0e27105806fcac14715dd1fd13e7473f6cfa,usdt,149,1179.0489909871383,100.0,2.087248322147651,0.0014467350307117192,0.08680410184270315,2.0832984442248756,41472.69453376206,0.14395886889460155,175,0.12467866323907455,0,-1
0xdbf0ddebdee5a4234a662fc89a800ea96fa00774,usdt,76,5647.916341571428,7642.257406,0.4605263157894737,0.00031791476977520704,0.019074886186512423,0.45779726847629815,188729.82857142857,0.03571428571428571,27,0.041666666666666664,0,-1
0xbed0ac0784301bae6e1874c449b0ace07eca18b0,usdt,23,445630.78051136364,1274824.543,7.6521739130434785,0.005234325277627423,0.3140595166576454,7.537428399783489,11462.795454545454,0.011363636363636364,52,0.5625,0,-1
0xcf40A74074dC729cd9ee039f0296Ba1D48dCb876,usdt,47,0.0006876923076923078,0.001,0.5531914893617021,0.00037989146792985446,0.02279348807579127,0.5470437138189905,157939.84615384616,0.46153846153846156,13,0.11538461538461539,0,-1
0xa0c3e4daf872ea6e71dbc3a217a0e013272a6dd5,usdt,265,525.5268767222221,300.0,0.13584905660377358,9.42903524730526e-05,0.005657421148383156,0.13577810756119574,636332.3333333334,0.038461538461538464,5,0.17307692307692307,0,-1
0xe2b25f242631d1c510668f2f31b887a78f506871,usdt,328,16629213495001.256,0.000126,2.7134146341463414,0.0018800518471826261,0.11280311083095756,2.7072746599429816,31914.013483146067,0.32649071358748777,514,0.11925708699902249,0,-1
0x51236d7e54e85995acec4bb234c70db3cca8bec5,usdt,834,262.2746307428572,0.0,0.08393285371702638,5.828416092956243e-05,0.0034970496557737455,0.0839291917385699,1029439.2,0.02608695652173913,10,0.19130434782608696,0,-1
0xe472f3eda96a048c15e024e4d0fbe83ae43b3ac8,usdt,1,210.43388533333334,165.650828,3.0,0.6818181818181818,40.90909090909091,981.8181818181818,88.0,0.0,2,0.02197802197802198,0,-1
0x1b506a5557aa437a59a896e00e7c176c703b8a9e,usdt,1,0.00044266666666666673,0.0002,6.0,0.021551724137931036,1.293103448275862,31.03448275862069,2784.0,0.8571428571428571,3,0.5714285714285714,1,2
0x8565d0058084dc3f7f2fdcdcd95d6e701c7a8388,usdt,106,2995.9626044526317,10440.008422,0.8962264150943396,0.0006172727201844281,0.03703636321106569,0.8888727170655765,97201.76842105263,0.14516129032258066,33,0.1693548387096774,0,-1
0xabe3f83e1972bb8ef3a32267ca8f470a26b909d9,usdt,12,0.033292,0.00646,0.4166666666666667,0.00027316135094677724,0.016389681056806635,0.3933523453633592,219650.4,0.0,2,0.8,0,-1
0xcf4ea54ee908179527077f3e5d12f8888c0db876,usdt,20,1.0000000000000004e-05,1e-05,1.4,0.0009353974436924147,0.056123846621544876,1.346972318917077,64143.857142857145,0.9655172413793104,14,0.06896551724137931,0,-1
0xbba112a5abd37f056478df71777dff8df8ab1267,usdt,14,2939.3243328822728,40000.0,52.785714285714285,0.03530074900642005,2.1180449403852033,50.833078569244876,1699.680649526387,0.0,341,0.005383580080753701,0,-1
0x6e4141d33021b52c91c28608403db4a0ffb50ec6,usdt,100,66542.93721044775,0.004252,15.41,0.01065508367110156,0.6393050202660936,15.343320486386245,5631.114860480207,0.0009,819,0.0044,0,-1
0x7e5865c9c107ab79d5ee2b9f24804b94007dff8e,usdt,28,2468.7032380513515,0.0,13.214285714285714,0.00904048672025802,0.5424292032154813,13.018300877171548,6636.810810810811,0.46228710462287104,159,0.30656934306569344,0,-1
0xeC854b20463785ba48517dBaA88A2b6479983ee8,usdt,7,0.0004709032258064515,0.000198,4.428571428571429,0.002906431651978249,0.1743858991186949,4.185261578848678,20643.870967741936,1.0,0,0.1935483870967742,0,-1
0xdafc4ab80f48fde24591aa4412a9d924eadc0a58,usdt,1,0.0636864991958829,167.923803,6218.0,12.53123740427247,751.8742442563483,18044.981862152355,4.788034737857832,0.0085,6217,0.0002,0,-1
0x97309316dd03c13c717d2375b7efce36ca27704d,usdt,10,235.00577199999998,446.143088,0.8,0.0005408694476370766,0.03245216685822459,0.7788520045973903,110932.5,0.0,4,0.025210084033613446,0,-1
0x67528d32514588ed5354689b9d9c2d95a1fcbc47,usdt,20,9105.097208920455,0.0001,4.4,0.0029363871759963698,0.17618323055978216,4.228397533434772,20433.272727272728,0.3148148148148148,38,0.3055555555555556,0,-1
0x94d2263115f0a40f611528e86faf985b245859d1,usdt,164,10218.670696796611,20000.0,1.4390243902439024,0.0009938490848587092,0.05963094509152255,1.4311426821965414,60371.338983050846,0.15476190476190477,156,0.08928571428571429,0,-1
0xbe91bffac826fabc88fe8b78a0dc75161176416a,usdt,438,4722.796766428976,651.7,0.8036529680365296,0.0005576370131567483,0.03345822078940489,0.8029972989457175,107596.875,0.2302771855010661,241,0.1257995735607676,0,-1
0x10981f03bda67342b272036571ca008fd53af4df,usdt,1677,3433.3599912631576,1900.0,0.13595706618962433,9.441126381588589e-05,0.005664675828953154,0.1359522198948757,635517.3903508772,0.03372681281618887,143,0.05733558178752108,0,-1
0x713246b11b61d14fb5dfad984f7a7c1383d57d73,usdt,254,1522126.188366271,0.000528,0.23228346456692914,0.0001612026262366837,0.009672157574201022,0.23213178178082453,372202.3728813559,0.20670391061452514,15,0.055865921787709494,0,-1
0x1f33ab781f882bbccd75a1c2e4a9cb1d7e2030c6,usdt,184,10052957.126222465,0.0,1.5869565217391304,0.0011009669657124199,0.0660580179427452,1.5853924306258846,54497.54794520548,0.18200836820083682,165,0.17573221757322174,0,-1
0xa6cf03a31d640a202d2d34edabb5640800c010b1,usdt,1282,119.76219053333332,163.474722,0.01170046801872075,8.121249020667604e-06,0.0004872749412400562,0.011694598589761351,7388026.133333334,0.0,6,0.06818181818181818,0,-1
0x389137558502a5645034e95af17719576f0bfe59,usdt,1,0.03783386547700755,31.168999,4371.0,8.567228537828303,514.0337122696981,12336.809094472756,7.003431708991077,0.0005906674542232723,4370,0.00029533372711163615,0,-1
0xabd12ec1188b4039939c457706cb108236b5d4bb,usdt,16,225453.134208,128900.0,0.375,0.00024739615546374413,0.014843769327824646,0.35625046386779147,242526.0,0.0,1,0.0022999080036798527,0,-1
0xc15664730cc5d53c334db9f0d38f8329a9301dae,usdt,1,1549.1599514,887.0,10.0,0.004504098729844159,0.2702459237906495,6.485902170975588,13321.2,0.3,7,0.4,0,-1
0x52f76fee140808cff9131d60a9d40530d9cc38fd,usdt,1,0.025500000000000002,0.05,4.0,3.3333333333333335,200.0,4800.0,18.0,0.0,2,0.5,0,-1
0x7a171b84cab4898fb916272c01cf931a498397f5,usdt,256,809.0679553499999,1000.0,0.234375,0.00016245598796526043,0.009747359277915625,0.233936622669975,369330.8,0.021875,38,0.046875,0,-1
0x8ee0f66e506a09d387690183c0b4ef8f16918866,usdt,1,12729.149024861112,50000.0,36.0,0.0379746835443038,2.2784810126582276,54.68354430379747,1580.0,0.13725490196078433,15,0.35294117647058826,0,-1
0xebf6857f05bde28a2d84c5d4661fa4cb182f5190,usdt,1,1e-05,9e-06,4.0,5.0,300.0,7200.0,12.0,0.8,2,0.4,0,-1
0x34cab38e1fdf892a6bfa6c929bb135581430ea32,usdt,173,32292.50758679386,6600.0,13.179190751445086,0.00912211633098879,0.5473269798593274,13.135847516623857,6577.421052631579,0.18091732729331822,1510,0.11778029445073612,0,-1
0xb70b276e51b883fae3e5ad8cdd82ec6096c525e7,usdt,284,1699218351852557.5,50108.33,4.144366197183099,0.002871664648124708,0.17229987888748247,4.135197093299579,20893.80458793543,0.2924861321230459,584,0.06202723146747353,0,-1
0xcb10f83658a57bcea936f5df3fab372ab4af8fd9,usdt,21,501.06827007692306,10.091221,0.6190476190476191,0.00042986006401608335,0.025791603840965002,0.6189984921831602,139580.3076923077,0.08,8,0.24,0,-1
0x42e213a3ad048e899b89ea8cb11d21bc97b84748,usdt,4,12943.723183797685,60.539671,453.5,0.2895266064417276,17.371596386503654,416.9183132760877,207.2348401323043,0.0,883,0.0072,0,-1
0x7c9be96180ac9fa1ac941b2ade9bf0535d70f114,usdt,1,0.08826444963655246,55.203249,1926.0,2.1861520998864927,131.16912599318957,3148.059023836549,27.445482866043612,0.002609262883235486,1922,0.0016307893020221786,0,-1
0x2a0dbcd0ba18c02e7d6f554baf5ced008ab012c9,usdt,12,0.02461538461538462,0.0665,1.0833333333333333,0.0007021865007345952,0.04213119004407571,1.0111485610578168,85447.38461538461,0.0,9,0.38461538461538464,0,-1
0x51b83b2b632eb90ae896b20e3f2d85c49b0c8016,usdt,434,7065.429572666668,8279.481502,0.0069124423963133645,4.796926896752864e-06,0.00028781561380517186,0.006907574731324124,12508008.0,0.0,1,0.15,0,-1
0x8212b1c9e9fee957dcc688b0dd53610601879514,usdt,17,0.022,0.045006,0.5882352941176471,0.00040300805210088096,0.02418048312605286,0.5803315950252685,148880.4,0.18181818181818182,6,0.45454545454545453,0,-1
0x5f4f6b2e0c1649ff9690e8052bf05763a4a77500,usdt,361,9.318317142857143,11.048855,0.019390581717451522,1.3431787053215589e-05,0.0008059072231929354,0.01934177335663045,4467015.428571428,0.0,3,0.15,0,-1
0x6ab101c12076c7cfb2dd8e4a43bcff27caa52a52,usdt,4,0.000263125,0.0003,8.0,0.004958780140085539,0.29752680840513235,7.140643401723176,12099.75,0.6530612244897959,16,0.16326530612244897,0,-1
0xbe830f1ba8de7fd19af90711cac4e99d82591759,usdt,134,1071.8449814736844,716.68,0.2835820895522388,0.00019655450301193914,0.011793270180716348,0.2830384843371923,305258.84210526315,0.03980099502487562,24,0.03980099502487562,0,-1
0xe63784f10841039a9737d723f9dedc1ffc610015,usdt,12,0.04,0.064971,0.3333333333333333,0.00021841452893446472,0.013104871736067883,0.31451692166562917,274707.0,0.0,2,0.75,0,-1
0xd07da071577e792f534a53613f40c5a08008d6c8,usdt,12,0.039999999999999994,0.065005,0.3333333333333333,0.0002186365822729459,0.013118194936376754,0.3148366784730421,274428.0,0.0,2,0.75,0,-1
0x48406b682d225464d4c1a9f92168cd2d924f6f08,usdt,12,0.035555555555555556,0.108,0.75,0.0004830866013247308,0.028985196079483848,0.6956447059076123,124201.33333333333,0.0,5,0.5555555555555556,0,-1
0x6f08a66c3a9374f9d044d3b7c644a92a2d69facc,usdt,1,0.058998282345013496,33.622389,2968.0,3.4272517321016167,205.635103926097,4935.242494226328,17.506738544474395,0.0017532325224632918,2967,0.00043830813061582295,0,-1
0xe60ade1e5afd7e6d154f9991cf6fa58d216bd6ef,usdt,164,162.02690018181818,20.013028,0.4695121951219512,0.00032523594389384297,0.01951415663363058,0.4683397592071339,184481.45454545456,0.0,9,0.07317073170731707,0,-1
0xc0d48e9b026e19d5d2fca078ada6b7f9a037691c,usdt,1431,26612.79873407921,0.00012,0.21174004192872117,0.00014694816071421268,0.00881688964285276,0.21160535142846626,408307.25412541255,0.2556390977443609,173,0.08458646616541353,0,-1
0xad4ee187412b1acc3bd19604746b6130d658061d,usdt,31,66.73333333333333,0.1,0.0967741935483871,6.638725010732606e-05,0.003983235006439563,0.09559764015454952,903788.0,0.0,2,0.0125,0,-1
0xabe5d93132c5360e6f7eea76ed064afabb6cb2db,usdt,51,0.0004640608365019011,0.0,10.313725490196079,0.007119017521445024,0.4271410512867015,10.251385230880837,8428.12927756654,0.7996575342465754,302,0.07363013698630137,0,-1
0x44cc7d5eec5750921e466561fb9a7a3cc6990ea4,usdt,101,700.290398888889,27.306795,0.0891089108910891,6.157820842991989e-05,0.0036946925057951933,0.08867262013908465,974370.6666666666,0.0,6,0.0379746835443038,0,-1
0x59800e95ef87ce2e38c7fb147eb467ee9b684e0a,usdt,1339,371.6928556,125.489999,0.018670649738610903,1.2965235208468794e-05,0.0007779141125081277,0.018669938700195066,4627760.24,0.0,13,0.04054054054054054,0,-1
0x6be11a7347beb5e412c1da06d109e4f43cecf35b,usdt,702,68081.1548716947,225729.001937,0.7792022792022792,0.0005408353424328138,0.03245012054596883,0.7788028931032519,110939.49542961609,0.05399361022364217,409,0.023961661341853034,0,-1
0xe5a07524a0eef028fa92cb55ad606b8027984d88,usdt,35,10245.84145089372,14000.0,23.65714285714286,0.016144945735043503,0.9686967441026101,23.24872185846264,3716.3333333333335,0.20841121495327103,571,0.15046728971962617,0,-1
0x3bc9f0f2852afd24c6c3deb5e07680ef6bd1a7ba,usdt,223,44574.82457142888,0.001,4.130044843049327,0.002865793133920598,0.17194758803523585,4.126742112845661,20936.612377850164,0.0,60,0.05608667941363926,0,-1
0xcf4a96efde685849b62006ccbf093a8882bcb876,usdt,1,0.0015,0.002,4.0,0.002714440825190011,0.16286644951140067,3.908794788273615,22104.0,0.0,2,0.5,0,-1
0x19f999bd627575446b9289e4ae57552c0c1679aa,usdt,1709,7826.775842699999,33581.508244,0.011702750146284377,8.122344162674308e-06,0.00048734064976045855,0.011696175594251006,7387030.0,0.0,11,0.055248618784530384,0,-1
0x7afffb48f8a7519178428f6e42fbaf41cae29c2e,usdt,1068,8733.485824772166,0.000248,3.189138576779026,0.0022133172556997468,0.1327990353419848,3.1871768482076352,27108.630651790958,0.0206996481059822,2864,0.04595321879528048,0,-1
0x0bd91814a8377fbb3eb8bfa2fb9366152383710b,usdt,68,27091.44982322596,29450.0,3.0588235294117645,0.0021139801163908667,0.126838806983452,3.044131367602848,28382.48076923077,0.0,9,0.10914454277286136,0,-1
0x4c70e56c13d7c765325bc8684377314bc509bad3,usdt,425,671.483306,0.0,0.11529411764705882,7.988173590511223e-05,0.004792904154306734,0.11502969970336162,751110.3673469388,0.14285714285714285,29,0.16883116883116883,0,-1
0xc91100a92701ade45cb17455bd10a1d0e603f17f,usdt,90,941.206237,1931.24048,0.08888888888888889,6.165950388763172e-05,0.003699570233257903,0.08878968559818967,973086.0,0.0,4,0.06349206349206349,0,-1
0x4a98c5763fd1cf17be983d093b55549e77b27d68,usdt,530,2893.5873032307686,2511.0,0.07358490566037736,5.109389407004266e-05,0.0030656336442025593,0.07357520746086142,1174308.6153846155,0.0,22,0.019417475728155338,0,-1
0x3c9a65cd9b314c190951a60cb745beeff18087cf,usdt,1,953.377678,1430.066517,3.0,0.18072289156626503,10.843373493975903,260.2409638554217,332.0,0.0,1,0.5,0,-1
0x6b53aa03e789b7b57bb715ba61dde9dfa80c7156,usdt,42,48708.399188325646,100000.0,26.833333333333332,0.01855455566202062,1.113273339721237,26.718560153309692,3233.707187222715,0.26752618855761484,786,0.2119258662369057,0,-1
0x3dd8d246653732af82eb6c87c86ef71b548fdd84,usdt,616,167.51385152,59.238642,0.040584415584415584,2.8167573174284944e-05,0.0016900543904570966,0.040561305370970316,2130108.96,0.0,10,0.022222222222222223,0,-1
0xb9e57e8afc8aa16f0c028e65a55d8fb18e1fc37d,usdt,134,2688.9512064227847,168.48,2.9477611940298507,0.0020355662378407123,0.12213397427044276,2.931215382490626,29475.827848101268,0.3326133909287257,228,0.2591792656587473,0,-1
0xecfd6f19d313f3b41f93cb7c9eaa42abe722291b,usdt,40,2682.569651685672,97.25,187.225,0.12762092376485987,7.6572554258915915,183.7741302213982,470.14234210174925,0.0906,2446,0.1553,0,-1
0x2d102f8a8bde49dc498a3414240c8a816dba9818,usdt,1,100.0,100.0,4.0,240.0,14400.0,345600.0,0.0,0.0,4,0.00011198208286674133,0,-1
0x1ab9359bb4b398c7eadf27bca01c3929e9d6564a,usdt,28,85.06115378571428,6.236051,1.0,0.0006757213325224678,0.040543279951348064,0.9730387188323535,88794.0,0.05263157894736842,2,0.10526315789473684,0,-1
0x7ca94265dbaa5a1609c20b6041837e76fcf9dab0,usdt,134,27846.598690055558,0.0002,1.0746268656716418,0.0007420156029392062,0.044520936176352374,1.068502468232457,80860.83333333333,0.18404907975460122,49,0.17791411042944785,0,-1
0x45a1e9ee76e7aa8a78023893b257b9f9495651c2,usdt,914,7312.820029476059,720.0,0.799781181619256,0.0005548153800591611,0.03328892280354966,0.798934147285192,108144.08207934337,0.18181818181818182,496,0.12445887445887446,0,-1
0xecf3a0ff98410838e4e81e2afd9c92ab9d94e6cd,usdt,147,120.11956321848741,0.011207,0.8095238095238095,0.0005585155314251815,0.03351093188551089,0.8042623652522612,107427.63025210085,0.029850746268656716,55,0.1417910447761194,0,-1
0x42788054099aa57d63157780c8b5adc1de5e47c3,usdt,209,0.0009576719576719578,0.001,0.9043062200956937,0.000626085297330889,0.03756511783985334,0.9015628281564803,95833.58730158731,0.2760416666666667,70,0.052083333333333336,0,-1
0x0449971f15ac859183aab1587a0293df25cbfbcc,usdt,133,1395.5018604375,631.660284,0.7218045112781954,0.0004999755220317339,0.02999853132190403,0.7199647517256968,120005.875,0.11450381679389313,22,0.26717557251908397,0,-1
0x1a8bb7c26e021706fd57f8d8bcf96aeb60a911bd,usdt,553,16512.240445027594,14148.0,1.6383363471971066,0.0011369454567358372,0.06821672740415022,1.6372014576996055,52772.98013245033,0.20978260869565218,502,0.08097826086956522,0,-1
0x0ec4aab5aa1ba5aa65038a18ec748e3d42808af7,usdt,335,68838.53372916667,316066.511592,0.03582089552238806,2.4833830630791715e-05,0.0014900298378475029,0.035760716108340064,2416059.0,0.0,7,0.06818181818181818,0,-1
0x25340e6a1962ff48847f8c3399b1beaeaa15e223,usdt,26,235.01082506611567,0.000365,9.307692307692308,0.006455226866547521,0.3873136119928512,9.29552668782843,9294.793388429753,0.42913385826771655,153,0.29133858267716534,0,-1
0x5f6e15604a2873c724127f17d31bc98474b064a6,usdt,46,119247.30196031749,300000.0,5.478260869565218,0.003795203585563768,0.22771221513382608,5.465093163211827,15809.42857142857,0.0,47,0.01171875,0,-1
0x44d7b2d7ea345282b0ace0eeb732f976401e6d9b,usdt,47,73.2893938372093,35.0,1.8297872340425532,0.0012529174036054883,0.0751750442163293,1.804201061191903,47888.232558139534,0.08602150537634409,10,0.03225806451612903,0,-1
0xe47784d1737119f898b9c6d821441385ae626a06,usdt,62,14705882367296.76,0.0,2.193548387096774,0.0015113092605474941,0.09067855563284964,2.1762853351883913,39700.67647058824,0.14838709677419354,110,0.0967741935483871,0,-1
0xd59de8dcdc2101f7b1a69d3107d3afed1542212a,usdt,388,2319.2856569569885,0.0004,0.23969072164948454,0.00016622150284256642,0.009973290170553987,0.23935896409329568,360964.12903225806,0.02821316614420063,66,0.03761755485893417,0,-1
0xf89d7b9c864f589bbf53a82105107622b35eaa40,usdt,1,82769.30177126374,66174.8222,2256.0,1.2406511218653762,74.43906731192257,1786.5376154861417,48.361702127659576,0.0001,2250,0.0007,0,-1
0x8455132c81653d36db448abe3008196754a3f385,usdt,7,1896.8469514000003,0.0,2.857142857142857,0.001856010690621578,0.11136064143729468,2.6726553944950724,32327.4,0.391304347826087,12,0.34782608695652173,0,-1
0x6c830e4210db6d42d48d67ec03c3e1dd63ba5fda,usdt,1,11776.797565307694,9e-06,26.0,0.7784431137724551,46.706586826347305,1120.9580838323354,77.07692307692308,0.20512820512820512,11,0.3333333333333333,0,-1
0x9e62c104b2282ff431acc1e57b89a34fe7eea78a,usdt,87,29.81457043055556,50.003661,0.8275862068965517,0.0005717852565171607,0.03430711539102964,0.8233707693847113,104934.5,0.0,28,0.03977272727272727,0,-1
0x28c6c06298d514db089934071355e5743bf21d60,usdt,1,186542.3386268037,1120.5,5522.0,11.773987206823028,706.4392324093817,16954.54157782516,5.095979717493662,0.0,1440,0.3714,0,-1
0xf8c6e27a67abb2fb7ae7311893f6c238e96fc8c0,usdt,395,4305.876276038674,4725.96,0.4582278481012658,0.0003181261980263521,0.019087571881581125,0.45810172515794706,188604.39779005526,0.015873015873015872,83,0.0873015873015873,0,-1
0x4bf3fa1869ab1e0f045462a2b79eddbf2bcb0c99,usdt,649,3751.5618291557944,567.0,4.440677966101695,0.0030800022571008906,0.18480013542605345,4.435203250225283,19480.505204718946,0.2465156794425087,1731,0.08710801393728224,0,-1
0x3e1660105a7c62da2ec54b5b60a45769613e9045,usdt,412,67243035551309.71,46000.0,2.5266990291262137,0.0017531869773069228,0.10519121863841537,2.5245892473219693,34223.389048991354,0.2539356605065024,671,0.12867898699520877,0,-1
0x60cd2a93c9246622164ce6f7357da2ebe34d3c8d,usdt,485,6638.646614678929,0.00067,0.6164948453608248,0.0004279009754138689,0.02567405852483214,0.6161774045959714,140219.35785953177,0.34421364985163205,164,0.22551928783382788,0,-1
0x54a2a58adf58096d9eb08c250db87b2ab1ae0a71,usdt,520,41425.350500491026,50000.0,1.8211538461538461,0.0012639265486503613,0.07583559291902167,1.8200542300565203,47471.112988384375,0.2790073775989269,489,0.08115358819584172,0,-1
0xd4e8d5f8442418ea23e3f1f20e31382090800901,usdt,135,492.84311857238157,9.564579,33.31111111111111,0.023117209443870985,1.3870325666322592,33.288781599174214,2595.468979319546,0.09961334961334961,2387,0.10704110704110704,0,-1
0xfebc96d6579da0e4d20bddedeaa32747580accd0,usdt,91,12736.836742472728,0.0,0.6043956043956044,0.00041896334756285215,0.025137800853771125,0.603307220490507,143210.6181818182,0.3793103448275862,30,0.1896551724137931,0,-1
0x3126c64ab85173ee4972ecc32ac34069ad43bbd8,usdt,47,0.00037615384615384616,0.0005,0.2765957446808511,0.00018817616763312016,0.011290570057987209,0.27097368139169303,318850.1538461539,0.9230769230769231,6,0.3076923076923077,0,-1
0x66e9d9af667b8f49199d577987a6eb16e709bf19,usdt,178,432.77871576507044,0.0,9.97191011235955,0.006904605196619817,0.414276311797189,9.942631483132535,8689.852394366197,0.3207816968541468,983,0.1911344137273594,0,-1
0x54bdd26c32506c94a6deab58d6bc28a90fe01149,usdt,131,5148.5825394375,0.00051,0.24427480916030533,0.00016933152148605345,0.010159891289163206,0.2438373909399169,354334.5,0.3333333333333333,4,0.5641025641025641,1,2
0x3657b373a2e767cb78d3fbc613f85ca6c1f1975e,usdt,61,179.63920050000002,293.6503,0.06557377049180328,4.4813910237737796e-05,0.0026888346142642672,0.06453203074234243,1338870.0,0.0,2,0.2,0,-1
0x3f34ecb41645f17995b27e34664a56590fc04035,usdt,1,0.00436,0.0011,20.0,0.7751937984496123,46.51162790697674,1116.2790697674418,77.4,0.04,14,0.2,0,-1
0xa5f18939806f2b9f7cac26674888284fa3ea3ad4,usdt,158,6058.091839550848,0.001,6.7215189873417724,0.004638818612582643,0.2783291167549586,6.6798988021190056,12934.327683615818,0.0,50,0.11673151750972763,0,-1
0x87cb470317e436e206da8e65b3b6c0b5a3e07775,usdt,385,2607.077116645161,1705.034455,0.4831168831168831,0.0003346619051114748,0.02007971430668849,0.48191314336052377,179285.4193548387,0.140625,114,0.12053571428571429,0,-1
0x194739827ec57303912831eca0fc46ca83f48fdf,usdt,446,116146.0054625977,1462.16316,0.3901345291479821,0.00027041669347521816,0.01622500160851309,0.38940003860431416,221879.7931034483,0.0,77,0.008277289187790998,0,-1
0x120a5b1fd4782cd8639e3814781a5d30382e65db,usdt,10,2248.064718193543,211.975,604.0,0.3866490839489418,23.198945036936507,556.7746808864762,155.1794701986755,0.0138,2783,0.1732,0,-1
0x1ba05dfd63743f6e7c01a150bc2adaf67044c7f7,usdt,35,4382.707803956803,0.00646,13.228571428571428,0.009165231506225627,0.5499138903735376,13.197933368964904,6546.479481641469,0.3791748526522593,241,0.21021611001964635,0,-1
0x70d064e6be0440e917f3985b4cc37eca72cf12d2,usdt,125,751.8999627263156,1372.0659,0.76,0.0005259206933738421,0.03155524160243053,0.7573257984583327,114085.64210526316,0.03669724770642202,44,0.14678899082568808,0,-1
0x55ab119c8345fff2527f9be44fa3c8e08782697f,usdt,240,2372.4856604999995,887.794197,0.016666666666666666,1.155672560981952e-05,0.0006934035365891711,0.016641684878140106,5191782.0,0.0,1,0.021621621621621623,0,-1
0xeddf75cb0bd79fa6a34e6a6d871410f071b0e889,usdt,31,78804.91666752205,0.001,37.32258064516129,0.025880658178466937,1.552839490708016,37.268147776992386,2318.333621434745,0.15314215985356924,856,0.0701647345942648,0,-1
0xe215e5ebd0f8cbdd74b9b7afe3441967c0170488,usdt,1720,7253798019747.959,0.0,0.19011627906976744,0.00013196390137566852,0.00791783408254011,0.19002801798096267,454669.7951070336,0.06755373592630501,225,0.03991811668372569,0,-1
0xb41708b8b9306f17423fd007ee4b7233589a86eb,usdt,26,863.828167552307,699.769076,84.1923076923077,0.056912725154956524,3.414763509297392,81.9543242231374,1054.2457743261764,0.0003,1090,0.11,0,-1
0x9a5d56996cb804a042423809486e7d1522407edc,usdt,8,0.009243714285714287,0.014,0.875,0.0005770721010370809,0.03462432606222486,0.8309838254933967,103973.14285714286,0.0,4,0.36363636363636365,0,-1
0x99f6c1c0ec449bcfc8f364f71b029b29e37820f8,usdt,73,0.0005959344262295084,0.0001,0.8356164383561644,0.0005746985658915459,0.03448191395349275,0.827565934883826,104402.55737704918,0.9354838709677419,29,0.06451612903225806,0,-1
0x50e8c0cb2737200e4daf2593282a1c5be1b233f1,usdt,1,1162.5346604000001,3197.780508,10.0,0.012080212611741968,0.724812756704518,17.39550616090843,4966.8,0.2727272727272727,7,0.36363636363636365,0,-1
0x3f53fd7c891f36f0639d06e583d7242874be6ea6,usdt,9,1619.0172222222222,500.0,1.0,0.0006383431449038939,0.03830058869423363,0.9192141286616071,93993.33333333333,0.2222222222222222,7,0.3333333333333333,0,-1
0xec46a56892607cd7402778a021360a0d5acd8325,usdt,1248,1780.7284633448276,0.000543,0.046474358974358976,3.224808160054568e-05,0.001934884896032741,0.04643723750478579,1860575.7931034483,0.011627906976744186,22,0.1511627906976744,0,-1
0x800c4bbfe05104ca7e1f7f18b01fe190e1e5c9ac,usdt,723,3573.4298113333334,329.0,0.024896265560165973,1.7272078610219466e-05,0.001036324716613168,0.024871793198716033,3473814.6666666665,0.0,7,0.18518518518518517,0,-1
0xb22e7fae6e5c4b11de12e9e3a3efe4df37f59d89,usdt,830,12272.991093593853,11500.0,4.037349397590361,0.0028032302983771375,0.16819381790262827,4.036651629663078,21403.87824529991,0.08708749828837464,2587,0.06887580446391894,0,-1
0xc165afa403c099da4e888b9f4b529dbbd7b5c93f,usdt,734,1307.5492553656986,4785.223134,1.5013623978201636,0.0010425384050524705,0.06255230430314822,1.5012553032755571,57551.83666061706,0.04288939051918736,136,0.12189616252821671,0,-1
0x61e6d644445c42a21681fd289bb504cc3f8b9877,usdt,1222,4119.371881395348,0.00014,0.03518821603927987,2.443505860379439e-05,0.0014661035162276633,0.03518648438946392,2455488.2790697673,0.06707317073170732,25,0.09146341463414634,0,-1
0x0f1c6575d4643928b00982a354fe66a7619e33fe,usdt,1,46.4406796,116.100199,5.0,0.005968011458582001,0.35808068751492006,8.59393650035808,10053.6,0.0,1,0.4444444444444444,0,-1
0xfe51263bd0d075dc5441e89ecd1f6d63ff41e02e,usdt,1564,23877.82178093496,25049.768677,0.07864450127877237,5.4610951764625256e-05,0.0032766571058775156,0.07863977054106037,1098680.7235772358,0.0009120966822483183,58,0.004104435070117433,0,-1
0xdec31bdb835c6d70b9849e88ebf6c313acd61404,usdt,12,0.02,0.015112,1.3333333333333333,0.0008758197125121795,0.052549182750730755,1.2611803860175383,68507.25,0.0,12,0.3125,0,-1
0x940c6b87741c9ecae89e9a26db6cb1f7909fe3cc,usdt,436,232.33418633734942,210.83418,0.19036697247706422,0.00013209808362286157,0.007925885017371693,0.19022124041692065,454207.9518072289,0.019417475728155338,7,0.14563106796116504,0,-1
0x47223be959986600163dc5f700c181ddc4b8fbc8,usdt,1,0.22101044361833963,78.398302,807.0,4.9570024570024565,297.42014742014743,7138.083538083538,12.104089219330856,0.0007552870090634441,806,0.0015105740181268882,0,-1
0x3a2d2e4ce668422b0b92a84edb5a6ae9ac0f9a79,usdt,20,7788.068298638299,42500.022897,2.35,0.0016053009085320036,0.09631805451192021,2.311633308286085,37376.17021276596,0.29333333333333333,25,0.29333333333333333,0,-1
0xa330cab44cb3a1ce5bf7f4a150c1af3d248c3ec7,usdt,14,0.07,0.067798,0.5714285714285714,0.00037918286093468573,0.022750971656081146,0.5460233197459475,158235.0,0.0,5,0.5,0,-1
0xf1e1845f0b01a6184b1d25b83ef1aca8fac5d372,usdt,1423,4866.989304622378,469.847565,0.10049191848208011,6.977497708140038e-05,0.004186498624884022,0.10047596699721655,859907.1258741259,0.10284810126582279,107,0.023734177215189875,0,-1
0x455bf23ea7575a537b6374953fa71b5f3653272c,usdt,3,0.0019170402576489535,0.002,2070.0,1.3408472600077732,80.45083560046639,1930.820054411193,44.74782608695652,0.1881,6210,0.0001,0,-1
0xb21912b93002f0fbd7cdaf23178fa9d0fa1d6ef9,usdt,82,1657.3720927092106,0.0011,9.268292682926829,0.006422553302967051,0.38535319817802305,9.248476756272552,9342.078947368422,0.22104144527098832,328,0.17534537725823593,0,-1
0xf721a5af9868a868fcaad0a303e5bb327ada1107,usdt,574,22827.848169358273,20654.0,5.937282229965157,0.004121801159377521,0.24730806956265125,5.935393669503631,14556.742957746479,0.16855561412756984,1834,0.06958355297838692,0,-1
0xec85f3d58b99ff98006b1aba3a97306479983ee8,usdt,1,0.0024460000000000003,0.000307,8.0,0.08602150537634409,5.161290322580645,123.87096774193547,697.5,0.375,7,0.25,0,-1
0x91dfe529b85963120fab3a4ab18c0a0a59072c0e,usdt,34,4592.584851617022,0.00042,13.823529411764707,0.009555253763143557,0.5733152257886134,13.759565418926721,6279.268085106383,0.3730886850152905,262,0.14220183486238533,0,-1
0x372f04c9e325f87561a7482460c28b692f46a498,usdt,173,1776.2592773076924,4100.0,0.6763005780346821,0.0004684332070298612,0.02810599242179167,0.6745438181230001,128086.56410256411,0.36153846153846153,58,0.23846153846153847,0,-1
0x27af9d5dcb990cda2f585133aad8d2da484e20a4,usdt,1,19.800119,4.911737,3.0,0.75,45.0,1080.0,80.0,0.0,1,0.75,0,-1
0x20bc642676699f5e8199870050c3dfbf20c8199c,usdt,420,37505.899725697374,0.002,0.3619047619047619,0.00025129790407628344,0.01507787424457701,0.36186898186984817,238760.44736842104,0.05116279069767442,74,0.05581395348837209,0,-1
0xde350415ec7e78fb7f0409f755f6ad4fe43c65cc,usdt,539,11452334587664.166,110000.0,5.001855287569573,0.0034715685489281277,0.20829411293568767,4.999058710456503,17283.253709198812,0.2965718841349987,1280,0.08796173266011162,0,-1
0x5a1a51c428f506bae8b97dd030db482a84c4fcd8,usdt,93,105398.40983190914,0.0,67.80645161290323,0.04704537722842598,2.8227226337055584,67.74534320893339,1275.3644148430067,0.2235,3532,0.0438,0,-1
0x4a1aa58588ce45b5c6834604e1ebadcd7004795a,usdt,203,12783.860696568965,0.0,0.2857142857142857,0.00019821009449837127,0.011892605669902277,0.2854225360776546,302709.1034482759,0.042222222222222223,33,0.03333333333333333,0,-1
0x1ccac5990df9028a769c2d2b2e7715d59d145430,usdt,112,688.0935018577405,0.0,2.1339285714285716,0.0014697833453252895,0.08818700071951736,2.116488017268417,40822.34309623431,0.3469945355191257,112,0.16666666666666666,0,-1
0x03dc09ff01991c4c024e16c831f8a8f4a70ec7ca,usdt,157,23.63273370212766,14.687,4.789808917197452,0.0033259913842669992,0.19955948305601995,4.789427593344479,18039.73404255319,0.21568627450980393,446,0.10661764705882353,0,-1
0x6ca298d2983ab03aa1da7679389d955a4efee15c,usdt,4,1224.1268814127302,1834.827827,1249.0,0.855420861584823,51.32525169508938,1231.806040682145,70.14091273018414,0.0,2669,0.0145,0,-1
0x9edeb9ec938b0d19018706c9f1b847639a09165e,usdt,65,70.10220373170732,28.11,1.8923076923076922,0.0013122491523723972,0.07873494914234383,1.889638779416252,45723.0243902439,0.046875,9,0.03125,0,-1
0xf41baf007fffddb0a06b03aa39ca68bc3a214ded,usdt,65,55.822968424242426,14.0,0.5076923076923077,0.00034775864285608904,0.020865518571365343,0.5007724457127682,172533.45454545456,0.08571428571428572,14,0.11428571428571428,0,-1
0x77134cbc06cb00b66f4c7e623d5fdbf6777635ec,usdt,37,1705778.7330861795,1001.0,147.16216216216216,0.10008234506995656,6.004940704197393,144.11857690073742,599.5063360881543,0.0035,2667,0.0947,0,-1
0x71d7e518686a0770601b28f2aa7c6619716cd39d,usdt,98,136.9274643488372,0.000101,0.4387755102040816,0.0003018170791968016,0.018109024751808096,0.43461659404339426,198795.90697674418,0.018518518518518517,8,0.14814814814814814,0,-1
0xd94dd2c98113f364257616d0f4127d9de673612d,usdt,4,0.013576494079871562,0.000909,1245.75,0.7574559936764661,45.44735962058797,1090.7366308941114,79.21252257676099,0.0698,4982,0.0002,0,-1
0xc3cd729c2122b87de35b4dd0ca77f805b7677e90,usdt,11,35.654523230769236,8.111802,2.3636363636363638,0.0015261081893313299,0.09156649135987979,2.197595792637115,39315.692307692305,0.1724137931034483,14,0.3103448275862069,0,-1
0xcbe2e168d8cf575315b049ab371652316d9b668e,usdt,1,0.05357248358392146,26.572488,3259.0,3.5742487387585,214.45492432550998,5146.91818381224,16.786744400122735,0.0007974481658692185,3258,0.00039872408293460925,0,-1
0x838685f7f7198fe0141fa20d31ca05c5c575ec24,usdt,2,0.008642,0.0037,2.0,0.001311561413863204,0.07869368483179225,1.8886484359630142,45747.0,0.0,2,0.5,0,-1
0xaaa0f13ac6c03879884ad61dbfd9e41d421bf789,usdt,701,6887.097640939183,15000.0,1.4308131241084165,0.0009922964946310132,0.05953778967786079,1.4289069522686588,60465.79860418744,0.1356684755796744,677,0.07646768623581648,0,-1
0x30161d4b704bb94c24f703bc8f581db98e2ec1a2,usdt,17,0.024149984111852558,36.65187,185.11764705882354,0.12143546208759405,7.286127725255644,174.86706540613542,494.0896091515729,0.5734824281150159,3146,0.00039936102236421724,0,-1
0x4ee4e2fffc735a6a9663576c3f79985a78fb67ae,usdt,271,13285.070593904762,2438.0,0.07749077490774908,5.369635478460091e-05,0.0032217812870760547,0.0773227508898253,1117394.2857142857,0.030303030303030304,9,0.3939393939393939,0,-1
0x8c3e09ec45f8ae9e21b481526b49378353c33412,usdt,539,6338.007680920838,0.0002,7.26530612244898,0.005043267006730881,0.30259602040385286,7.262304489692469,11897.050051072523,0.22460117548278757,2444,0.1015952980688497,0,-1
0x91afbcc71e013682a19911baed41798655bd9c87,usdt,175,4997059.496783958,0.000135,2.2914285714285714,0.0015828955699450367,0.0949737341967022,2.279369620720853,37905.21695760598,0.3131115459882583,219,0.162426614481409,0,-1
0x3fc91a3afd70395cd496c647d5a6cc9d4b2b7fad,usdt,17,450.8386442610015,212.238713,38.76470588235294,0.02615120874934523,1.5690725249607136,37.65774059905713,2294.3490136570563,0.0005,425,0.0012,0,-1
0x2a935e1b46ce649a09db21a7b27074a979ae2891,usdt,1,6.00202,0.01,5.0,0.01467997651203758,0.8807985907222549,21.139166177334115,4087.2,0.2,1,1.0,0,-1
0xc543426ee6a3a702defdde375d59a5cdc3068007,usdt,112,164.56580424285713,10.0,0.625,0.0004337577549690049,0.026025465298140295,0.624611167155367,138326.05714285714,0.1125,10,0.1375,0,-1
0x4936f72ef4ee2b6c442e54ca94ca4bb466a2de99,usdt,862,2627.7567526409266,4000.00065,0.3004640371229698,0.0002084306076565012,0.012505836459390072,0.3001400750253617,287865.5907335907,0.10163934426229508,80,0.1901639344262295,0,-1
0x1e544ea952af068955952b71fc95f22641018bcd,usdt,843,462.8365241527778,19.93,0.08540925266903915,5.9302513487615406e-05,0.003558150809256925,0.0853956194221662,1011761.5,0.0,21,0.038461538461538464,0,-1
0x1cdecd3c2d803ce3e32edb87874a45f08d546ae2,usdt,205,221341.1206076195,240.598067,0.551219512195122,0.00038135092722271904,0.022881055633363144,0.5491453352007155,157335.3982300885,0.045816733067729085,74,0.029880478087649404,0,-1
0x6058be49fd83f1040b638e53899b81b84f61bbc0,usdt,3,0.003998333333333334,0.000495,1.0,0.0005496720290226831,0.032980321741360986,0.7915277217926637,109156.0,0.3333333333333333,2,0.6666666666666666,1,2
0x03e99dc9177ee411831c6511ed8297bb7959ed19,usdt,148,1363.8718791162792,9639.141587,0.581081081081081,0.00040186314970991083,0.024111788982594654,0.5786829355822716,149304.55813953487,0.20930232558139536,30,0.06976744186046512,0,-1
0x49d698c0a9c7636ee9cd247dd4843b25ed689eb0,usdt,349,105308.56840889687,0.000115,2.306590257879656,0.0015987111806114664,0.09592267083668798,2.3021441000805116,37530.23105590062,0.026937002172338884,620,0.009703113685734975,0,-1
0xfbdcec6b1e5ba76ce0359784e77e68b13a9de8ff,usdt,121,64.46601014778325,122.360827,1.677685950413223,0.0011633104491639065,0.06979862694983438,1.6751670467960253,51576.945812807884,0.2375,125,0.10416666666666667,0,-1
0x52497fcf4202de767f51316e278b8a941180a2ca,usdt,4,0.006195674157303371,0.005323,22.25,0.01466758957117901,0.8800553742707407,21.121328982497776,4090.6516853932585,0.0,57,0.2967032967032967,0,-1
0xfe29705177c361e3ce984d14c83c4cfad8fdaed4,usdt,23,1346.816162378378,5002.549292,1.608695652173913,0.0011126547943392934,0.06675928766035762,1.6022229038485827,53925.08108108108,0.40540540540540543,15,0.32432432432432434,0,-1
0x591217cedeff332e2e72de9195a3646320d568eb,usdt,39,71429.43648399999,400000.773778,0.1794871794871795,0.00012399475679314133,0.007439685407588479,0.1785524497821235,483891.4285714286,0.0027434842249657062,3,0.00205761316872428,0,-1
0x63efcd1d560ee79f59ff8e86ccc3da744267ea43,usdt,20,5.4840000000000003e-05,9.2e-05,1.25,0.000861100969255251,0.05166605815531506,1.2399853957275615,69678.24,0.9615384615384616,12,0.07692307692307693,0,-1
0x93fe67b96bb90960b5c6968f68358e959c9689c8,usdt,190,1391.1231900826447,1596.0,0.6368421052631579,0.0004400505658104713,0.02640303394862828,0.6336728147670787,136347.96694214875,0.0,13,0.18181818181818182,0,-1
0x6be190030aa8169a27f490507d69cf2c3f1d1af3,usdt,309,312.0653152941176,205.0,0.11003236245954692,7.632220361057898e-05,0.004579332216634739,0.10990397319923371,786140.8235294118,0.0,19,0.21621621621621623,0,-1
0xa8bd71dc7d3ea3d02818d2f5d33578af81c939a6,usdt,163,182.764474,109.578614,0.024539877300613498,1.694705570327739e-05,0.0010168233421966434,0.024403760212719443,3540438.0,0.0,2,0.03260869565217391,0,-1
0x11b815efb8f581194ae79006d24e0d814b7697f6,usdt,1,13708.24513908575,839.369011,5003.0,3.3357781037471663,200.14668622482998,4803.5204693959195,17.98680791525085,0.0002,2576,0.0347,0,-1
0xe5e8d2bc165a73e65db937985885cf042863ecf0,usdt,50,11554.138360774146,3000.0,14.08,0.00966117278952641,0.5796703673715846,13.91208881691803,6210.426136363636,0.25095541401273885,308,0.26878980891719745,0,-1
0xd49f961b8c50ef917677d5867963b7707cfdd7ea,usdt,228,3852.9580944912277,0.0,1.25,0.0008670604642332995,0.05202362785399797,1.2485670684959513,69199.32631578947,0.3904761904761905,222,0.16825396825396827,0,-1
0x273cfd26a14f6ade7634674bf6dca90c84e6a76a,usdt,18,2940.908830952381,0.000702,3.5,0.002310959818644677,0.13865758911868062,3.327782138848335,25963.238095238095,0.29333333333333333,41,0.29333333333333333,0,-1
0xeb36af6d362d2503ef5a09a4547cff2d4e512afb,usdt,13,1024.47316095,5041.153989,3.076923076923077,0.002124698558392028,0.1274819135035217,3.0595659240845205,28239.3,0.2916666666666667,21,0.375,0,-1
0xeeb0534a4eaf7d78b7ae5b369cc7609dc8acd972,usdt,33,5347.748569555555,37.155219,0.2727272727272727,0.0001890923148681186,0.011345538892087116,0.2722929334100908,317305.3333333333,0.02247191011235955,5,0.028089887640449437,0,-1
0xf224c28b918757fe7d40157e4a0f070570110486,usdt,10,0.04,0.065,0.4,0.00025838791778096457,0.015503275066857874,0.372078601604589,232209.0,0.0,2,0.75,0,-1
0x85c75d2c68ba5315c1d60d10a6d02ddbb40c6d14,usdt,25,2996.582329989899,273.215979,3.96,0.0026638109178577576,0.1598286550714655,3.8358877217151717,22524.121212121212,0.10574018126888217,55,0.12084592145015106,0,-1
0xcd2c1e27cb06317bd72034ebe670c35ad6f898c7,usdt,1538,16205.378420162162,30624.548817,0.024057217165149546,1.6706003912801973e-05,0.0010023602347681185,0.024056645634434843,3591523.1621621624,0.0,15,0.016455696202531647,0,-1
0x481f1128abc1cd45f9be3edf53750719364da359,usdt,17,10842.806451612903,30000.0,7.294117647058823,0.0048924451178132345,0.2935467070687941,7.045120969651058,12263.806451612903,0.0,0,0.0967741935483871,0,-1
0xd76cafb5feed621c34fe112bb9941f976772914b,usdt,1,17354.019459,52061.058377,3.0,2.5,150.0,3599.9999999999995,24.0,0.3333333333333333,0,0.3333333333333333,0,-1
0xaa9315ff1e4c385c4c69cef86b029ea53b9eeedf,usdt,587,92285.50699657448,0.001,0.08006814310051108,5.55630427740854e-05,0.003333782566445124,0.08001078159468297,1079854.4680851065,0.01790633608815427,29,0.01928374655647383,0,-1
0x506f95cf4987df585b61707436a7d955dd359492,usdt,12,0.04,0.067297,0.3333333333333333,0.00022788387037965454,0.01367303222277927,0.3281527733467025,263292.0,0.0,2,0.75,0,-1
0xc8d65f8520f2fca0fc7f3fb08939ebf7c0e5976a,usdt,12,0.04000000000000001,0.0656,0.3333333333333333,0.0002177273617975571,0.013063641707853426,0.3135274009884822,275574.0,0.0,2,0.75,0,-1
0x85b047db041003e92e4ad04eed400786ff369d71,usdt,2,4106.495734705883,10000.401149,8.5,0.004669303449791254,0.2801582069874753,6.723796967699407,12849.882352941177,0.2631578947368421,9,0.3684210526315789,0,-1
0x6081564ec33c98b00a6526dcd8f38e62f92c1d68,usdt,3,18400.0,40000.0,2.0,0.0013579576317218904,0.08147745790331341,1.955458989679522,44184.0,0.0,0,0.14285714285714285,0,-1
0x064b235efa2ebf849e28ba527c116f0e12e0960e,usdt,272,0.000750699716713881,0.0,1.2977941176470589,0.0009011842531199357,0.05407105518719614,1.2977053244927073,66579.05949008498,0.7552941176470588,74,0.011764705882352941,0,-1
0x007ee2db8e66ad8bba689ab6eb894fc7d2fc4995,usdt,27,0.0010153417721518987,0.000629,2.925925925925926,0.001995271963145559,0.11971631778873354,2.873191626929605,30071.08860759494,0.569620253164557,63,0.0379746835443038,0,-1
0x1fcd0af4a699fe936809c573fe43a21c5d98aaf6,usdt,1,2000.0,2000.0,3.0,1.3636363636363635,81.81818181818181,1963.6363636363635,44.0,0.0,1,1.0,0,-1
0xb808a84f6388886a2581bb0eb576b8d7822ebd41,usdt,27,1001.6786875,1002.491448,0.14814814814814814,0.00010141010754541904,0.006084606452725143,0.14603055486540342,591657.0,0.0,2,0.009523809523809525,0,-1
0x8afba914924f01bfa176b020d62afa0f8e62609c,usdt,31,380.3073160357143,0.0,0.9032258064516129,0.0006141212801796744,0.03684727681078046,0.884334643458731,97700.57142857143,0.008301051466519093,10,0.006087437742114001,0,-1
0x856baef11ebfe2761afe20caf9bd140f04a04b95,usdt,3,317.0314331428571,150.0,2.3333333333333335,0.0012877115526122149,0.0772626931567329,1.8543046357615895,46594.28571428572,0.0,5,0.42857142857142855,0,-1
0x56534741cd8b152df6d48adf7ac51f75169a83b2,usdt,2,15153.958817430794,13247.162061,2507.0,1.2245994529112934,73.47596717467762,1763.4232121922626,48.995612285600316,0.0,2500,0.0212,0,-1
0x4d615eb54b798f06cbf3d389cf30cc1b21d93b0f,usdt,37,0.0039817142857142855,0.007895,0.3783783783783784,0.00025620848050070456,0.015372508830042275,0.3689402119210146,234184.2857142857,0.10526315789473684,7,0.10526315789473684,0,-1
0x064b994c483499c7a79194c06d1642621eed960e,usdt,307,2547.2516411497527,2340.0,2.6319218241042344,0.0018264386029553043,0.10958631617731826,2.6300715882556385,32850.816831683165,0.164,415,0.061,0,-1
0x34f86b67385d78b14e61cf58c7666a8826d60fb5,usdt,193,28569.6647005331,4008.002109,4.461139896373057,0.00309781541049832,0.18586892462989918,4.460854191117581,19368.48780487805,0.15338753387533877,535,0.10948509485094851,0,-1
0xa4925e7274a6ff21b5983ca1e25cad6d90df569e,usdt,1,870.2315626666667,1305.347344,3.0,0.014506769825918761,0.8704061895551257,20.889748549323016,4136.0,0.0,1,0.01680672268907563,0,-1
0x3edd3747fcc1e65ebb05e980ef56e7eaec11bf96,usdt,1019,117370892025364.22,15000.0,0.4180569185475957,0.000290277858599795,0.0174166715159877,0.41800011638370477,206698.50704225354,0.17296511627906977,258,0.125,0,-1
0x9d0399c3f16f79a660e0fc58f5e98166c0f33e55,usdt,681,4898.759147665306,0.001,0.7195301027900147,0.0004990694900283879,0.029944169401703274,0.7186600656408786,120223.73877551021,0.17485549132947978,305,0.12283236994219653,0,-1
0xfefffc3c623cd63bae29fe0cf33fc9ea98d65453,usdt,90,941.5471080641026,0.0,1.7333333333333334,0.0012021842763544224,0.07213105658126534,1.7311453579503684,49909.153846153844,0.1836734693877551,91,0.24897959183673468,0,-1
0xd63869ac111af89ccee3c282cd4aafae6ab03efa,usdt,1384,65605095554887.234,0.0,0.3403179190751445,0.00023620087689366594,0.014172052613619956,0.34012926272687893,254021.0721868365,0.10404040404040404,343,0.08282828282828283,0,-1
0x8ca171650a310d2512880f04daddfaa41c020275,usdt,297,8369.514554105263,1556.908457,0.1919191919191919,0.00013287097342673776,0.007972258405604265,0.19133420173450236,451565.8947368421,0.06779661016949153,12,0.576271186440678,0,-1
0xf4cefc2b53d0e22a3eaa2783ee4e6c7ac2124b3d,usdt,155,58367.885623855844,0.0,20.54193548387097,0.014264951766183821,0.8558971059710293,20.541530543304702,4206.113065326633,0.40157259196854816,1700,0.12131423757371525,0,-1
0x7b3579157fea0de50ad239d8e6e852aab5b50a77,usdt,121,0.00028739013452914796,0.00024,3.6859504132231407,0.002549293971319871,0.15295763827919226,3.6709833187006145,23535.928251121077,0.8193916349809885,159,0.12167300380228137,0,-1
0x37397df454bb843593317dbc292955e560e49114,usdt,310,412803.74712546903,0.0,0.36451612903225805,0.00025306046398300154,0.01518362783898009,0.36440706813552215,237097.4867256637,0.18357487922705315,78,0.0966183574879227,0,-1
0xcd21e8d056c9d2f052e3231a096e7e8bc1c76527,usdt,577,1071.0391855231605,0.000101,0.6360485268630849,0.0004410165057937792,0.026460990347626754,0.6350637683430421,136049.32970027247,0.5219512195121951,88,0.13414634146341464,0,-1
0x67944f5cdde6b9f448c29bdc1f82022a642658e1,usdt,600,11512.366072313725,0.00117,0.085,5.8959401249939303e-05,0.003537564074996358,0.08490153779991261,1017649.4117647059,0.003381642512077295,40,0.004347826086956522,0,-1
0xce1570f673c66072ef7f021962a9a86067940253,usdt,1,0.08317644770642202,57.126971,2180.0,4.500412881915772,270.0247729149463,6480.5945499587115,13.33211009174312,0.0011086474501108647,2179,0.0005543237250554324,0,-1
0x62e0a3f074e113ee69ab711ec534aa5fc26b7167,usdt,202,2429.917544410256,408.332116,0.19306930693069307,0.00013341899517023238,0.008005139710213943,0.19212335304513461,449711.07692307694,0.2542372881355932,21,0.3220338983050847,0,-1
0x0c9f55d790dcd0ede3072b7ed9d96f9bd05c93bf,usdt,103,11088.541541941011,3809.782682,3.4563106796116503,0.002377549521150841,0.14265297126905047,3.4236713104572107,25236.067415730337,0.0625,310,0.059895833333333336,0,-1
0x9c4e74c12b456345f88cc613d9bfc21b27cd4fbb,usdt,21,746.247337475,522.600409,1.9047619047619047,0.0012989290330122814,0.07793574198073688,1.8704578075376852,46191.9,0.34146341463414637,26,0.2682926829268293,0,-1
0xbdbef416b69675e10df085684d13d2626569003b,usdt,5,48.03484942424243,319.535,26.4,0.01680715067865237,1.0084290407191423,24.202296977259415,3569.909090909091,0.36363636363636365,77,0.22377622377622378,0,-1
0x7c195d981abfdc3ddecd2ca0fed0958430488e34,usdt,532,667.3455594130617,40.0,0.10338345864661654,7.178256200577705e-05,0.004306953720346623,0.10336688928831896,835857.6,0.0047,47,0.0009,0,-1
0x3596fdb3abc67d4a188b5d2d716836a1bc86ea77,usdt,736,44136.87808216824,65002.900336,0.1453804347826087,0.0001008720625489748,0.006052323752938488,0.1452557700705237,594812.8598130841,0.008645533141210375,59,0.021133525456292025,0,-1
0xb8b1e6fccc651f2a5d323e65f1c7a7af16eac1bf,usdt,1086,6441.23250941265,0.005,0.30570902394106814,0.0002122718445310781,0.012736310671864683,0.3056714561247524,282656.421686747,0.10149942329873125,199,0.09111880046136102,0,-1
0x74aa5387681505c806ff1e972b12cdfd01406828,usdt,18,12976.99199345702,50.388,365.1666666666667,0.2421208504619193,14.527251027715158,348.6540246651638,247.81013235965312,0.0098,2231,0.3667,0,-1
0xeccd3358f0f89ea9f2e1187e06ffe75d1a239752,usdt,2173,1535.041043204962,0.0,0.4265991716520939,0.00029623856908995,0.017774314145397,0.426583539489528,202539.46062567423,0.11756756756756757,748,0.07297297297297298,0,-1
0xc430989b164eb0ae221edc13e10125e87fe23c40,usdt,2,0.06712032165898617,28.151595,2712.5,1.370988122314885,82.2592873388931,1974.2228961334342,43.76405529953917,0.0005,5421,0.0003,0,-1
0x74de5d4fcbf63e00296fd95d33236b9794016631,usdt,1,1299.03214634719,199.0,2598.0,2.7673625905411163,166.04175543246697,3985.0021303792078,21.681293302540414,0.0001,1419,0.0508,0,-1
