wallet,token,wallet_age_days,avg_tx,recent_tx,tx_frequency,tx_per_min,tx_per_hour,tx_per_day,avg_time_between_tx_sec,dust_tx_ratio,similarity_hits,new_sender_ratio,is_poisoned_pattern,label
0x78a83110c440a6be66132894a0920976d061b26f,usdc,9,5018.094114714286,7025.33176,0.7777777777777778,0.0004947835675308887,0.029687014051853318,0.7124883372444796,121265.14285714286,0.004201680672268907,5,0.008403361344537815,0,-1
0xf52605c7b778563a5a9144ef4dc53b57463ca2c7,usdc,8,1212.7335189094972,2641.902586,335.625,0.22316233917350975,13.389740350410586,321.35376840985407,268.86256983240224,0.0,552,0.2031,0,-1
0x1073c8eb9641061a6b465583e5ee3eb1bfb6af70,usdc,120,17.0,10.0,0.03333333333333333,2.3148121356341022e-05,0.0013888872813804614,0.03333329475313107,2592003.0,0.0,2,0.031746031746031744,0,-1
0xeb7c34ca40cd04fcafc06e260ba4053f9a6b21c2,usdc,115,1e-05,1e-05,0.0782608695652174,5.4310372919158403e-05,0.0032586223751495044,0.0782069370035881,1104761.3333333333,0.6923076923076923,4,0.15384615384615385,0,-1
0x01a7fd9621519e3906fa821c6d763190f53b2f99,usdc,595,11652.879650388199,5000.0,1.6235294117647059,0.0011273575602395226,0.06764145361437136,1.6233948867449126,53221.801242236026,0.08781558726673985,632,0.04006586169045005,0,-1
0x0bd9b53d4d795b76c17989fb85552620d594710b,usdc,46,31587.06623783607,20285.76633,1.326086956521739,0.0009145098227350141,0.05487058936410084,1.3168941447384204,65608.91803278688,0.0,0,0.0326975476839237,0,-1
0x7b7e21be60e1e5b341ba005cf4eacc795a173410,usdc,1,0.0006099999999999999,0.000802,12.0,0.08915304606240713,5.3491827637444285,128.38038632986627,673.0,0.09022556390977443,6,0.015037593984962405,0,-1
0x75d49031bb927192a128d813ad8dd6bdab094a10,usdc,12,0.04,0.068139,0.3333333333333333,0.00021849804444250224,0.013109882666550134,0.3146371839972032,274602.0,0.0,2,0.75,0,-1
0xd4eb36dc5157e7e2fc290ffa10ba31e87851568a,usdc,19,625.09934025,1000.247361,0.42105263157894735,0.0002793335102445565,0.01676001061467339,0.40224025475216135,214797.0,0.2727272727272727,2,0.36363636363636365,0,-1
0x0bd9f9c0de9a4955179ea9fde3061ec0703d710b,usdc,93,0.00012767567567567567,0.0,0.7956989247311828,0.0005522668314511482,0.0331360098870689,0.7952642372896536,108643.13513513513,0.16294642857142858,11,0.04241071428571429,0,-1
0xb70638f35f1d1c573c5e4cca22f3c6c0ea9f01e0,usdc,804,7681973.992661179,2998.490499,1.458955223880597,0.0010124055498121655,0.060744332988729936,1.4578639917295184,59264.787723785164,0.07039499413375049,694,0.042432538130621825,0,-1
0xcb718a1636514b47717d360c4880b54d52311781,usdc,113,702.0765952,1174.094667,0.08849557522123894,6.139826568318925e-05,0.003683895940991355,0.08841350258379252,977226.3,0.0,4,0.15,0,-1
0x1b53206edff294401c2187df8e75bd51f46503cc,usdc,91,10.061632285714287,2.693788,0.15384615384615385,0.00010679636831321238,0.006407782098792744,0.15378677037102584,561816.8571428572,0.0,7,0.028985507246376812,0,-1
0x289c204b35859bfb924b9c0759a4fe80f610671c,usdc,326,594205.7170901784,214.418358,10.331288343558283,0.00715845781993503,0.4295074691961018,10.308179260706442,8381.693586698337,0.08689232167196728,2101,0.025783734666060883,0,-1
0x53b425cb1870c28092d673a8fe5af3ec9e1e1bba,usdc,310,683.0082885742793,0.0,1.4548387096774194,0.001009781220039612,0.060586873202376726,1.4540849568570413,59418.81152993348,0.057944771389769126,199,0.030556813037573564,0,-1
0x9fbb7c458efd7696152ffe767d2a29561b2a142f,usdc,16,1277.909468489796,1.451221,3.0625,0.0020384730588744304,0.1223083835324658,2.935401204779179,29433.79591836735,0.21568627450980393,32,0.17647058823529413,0,-1
0x2bd1efbdd2d07ba8dfca969a4ad6ce65d1b3e620,usdc,66,10031.613924727271,1720.059714,0.8333333333333334,0.0005744461294864243,0.034466767769185454,0.8272024264604511,104448.43636363637,0.03225806451612903,45,0.021505376344086023,0,-1
0x5f3f8abc52069e2f89555eafda3f41c218adb1c3,usdc,614,148.01693333333333,222.0254,0.004885993485342019,3.389089121295048e-06,0.00020334534727770286,0.004880288334664869,17703872.0,0.0,1,0.75,0,-1
0xed94cca529486a7961a9cf88dd4180f5329fc3f8,usdc,896,12502.623389666665,0.00017,0.1171875,8.131014337069108e-05,0.0048786086022414655,0.11708660645379516,737915.3142857143,0.1,72,0.115,0,-1
0x9d3b180f7e50f9e3c9bf9b078aa19382edc2f2c1,usdc,9,549.9676968,400.0,1.6666666666666667,0.001048716371161698,0.06292298226970189,1.5101515744728453,57212.8,0.0,7,0.1388888888888889,0,-1
0x57e61a64d21afe3837028b5783bd7332436e2c7b,usdc,646,143.59296439393938,1.310977,0.1021671826625387,7.091642284669266e-05,0.00425498537080156,0.10211964889923744,846066.3636363636,0.005357142857142857,40,0.03571428571428571,0,-1
0x8619854ae39afef8c2ce6e05d003f5f6df8a0043,usdc,77,0.0007624999999999999,0.0006,0.1038961038961039,7.18408868039067e-05,0.0043104532082344025,0.10345087699762565,835179.0,0.13636363636363635,4,0.06818181818181818,0,-1
0x2fed537d6fbf3e3c3001700d8c1e20ccc082b4f0,usdc,578,27501.393305842656,0.00016,0.9896193771626297,0.000686504074017621,0.04119024444105727,0.9885658665853743,87399.33566433567,0.039839495557466326,399,0.03410719403840642,0,-1
0xcbeae907ac649b6a98adbbb7bc39ddaf72c6deea,usdc,1,0.07168352946311655,51.955829,2291.0,4.1563860667634245,249.3831640058055,5985.195936139333,14.435617634220865,0.0008804108584005869,2288,0.000586940572267058,0,-1
0x4d620930c94b94aa2caf110e847bd35741c1d9a0,usdc,1,0.030666666666666665,0.04,3.0,5.0,300.0,7199.999999999999,12.0,0.0,1,0.375,0,-1
0x571cfcf59f30be7cdb173878d41485e413e3f66a,usdc,530,8139.785954093252,3000.096312,1.5377358490566038,0.0010675123634959498,0.06405074180975698,1.5372178034341677,56205.438036809814,0.10797034291010195,521,0.08155699721964782,0,-1
0xea6df897fc8ea83d2b81391abec672ae1cfbae1c,usdc,177,2927443.895255758,192874.0,28.870056497175142,0.019963651308849795,1.1978190785309877,28.74765788474371,3005.4622309197653,0.1175,2478,0.0045,0,-1
0x2b464083f7a996f4fb35ba74eb336b822ed6bda4,usdc,12,0.04,0.0675,0.3333333333333333,0.00021656037161759772,0.012993622297055862,0.3118469351293407,277059.0,0.0,2,0.75,0,-1
0x15be3a15a6162631e80af9b480ef0f6e76c29c20,usdc,158,596.9671857142857,329.2703,0.08860759493670886,6.120791190957317e-05,0.0036724747145743908,0.08813939314978537,980265.4285714285,0.012658227848101266,10,0.03164556962025317,0,-1
0xb0aa9393ff65c4ce9dcbc3bc153fcb2071f65d0d,usdc,126,9370.338573531135,0.0,4.333333333333333,0.003007889926653761,0.18047339559922568,4.331361494381416,19947.53846153846,0.02972917939319894,342,0.020158827122785584,0,-1
0x8856e104e334b23e9aa87b5a54b3105124b99e36,usdc,546,2997.770998525,2392.374162,0.29304029304029305,0.00020346930423925753,0.012208158254355452,0.29299579810453086,294884.775,0.028199566160520606,80,0.03253796095444685,0,-1
0x23e30c6613497505721ca083ae7d68a364d0a876,usdc,527,12159.09090909091,5000.0,0.020872865275142316,1.447119364193636e-05,0.0008682716185161817,0.020838518844388358,4146168.0,0.0,8,0.032,0,-1
0xdea839e7a075fb1442c7a15aaa2396071886c518,usdc,33,1.3374221590909092,2.2,1.3333333333333333,0.0009093050842553825,0.05455830505532295,1.3093993213277506,65984.45454545454,0.04878048780487805,29,0.08536585365853659,0,-1
0xcaf1bb2cf2c91612f7bf17d01b04c95a0f9d1715,usdc,9,1141.3834708,2853.0,0.5555555555555556,0.0003725171730416772,0.022351030382500633,0.5364247291800152,161066.4,0.0,1,0.0053285968028419185,0,-1
0x31c7d66c254cd953e183b793fe221e5b82120c24,usdc,23,1241.5447025566039,0.0,4.608695652173913,0.003100521238570484,0.18603127431422906,4.464750583541497,19351.584905660377,0.4782608695652174,78,0.2,0,-1
0x08083101918629208bb1edf9d5e64f1a1c034eba,usdc,143,19127.39621094318,0.00012,1.8461538461538463,0.0012809116986053587,0.07685470191632153,1.8445128459917166,46841.63636363636,0.05958549222797927,234,0.046632124352331605,0,-1
0xa3c4152506e06cc431415878c97b0607796a1ab7,usdc,494,4106.414058384616,1172.0,1.7105263157894737,0.0011874184791544119,0.07124510874926472,1.7098826099823532,50529.78461538462,0.10033444816053512,567,0.056112969156447416,0,-1
0xe228860dd4fb27759ebdefaf19b2694a8839d766,usdc,83,73365.40651981356,54837.0,0.7108433734939759,0.0004921268052295563,0.029527608313773376,0.7086625995305611,121919.79661016949,0.0,0,0.06866952789699571,0,-1
0x80f16049e1063068971c397a39180c80a64d895e,usdc,12,0.04,0.069,0.3333333333333333,0.00021531538320755325,0.012918922992453195,0.3100541518188767,278661.0,0.0,2,0.75,0,-1
0x1f27b0482ace1b82cf7a4f0c55dfc2a05dfcfd75,usdc,1243,197.26770506666665,14.519962,0.036202735317779566,2.512550468763749e-05,0.0015075302812582495,0.03618072675019799,2388011.7333333334,0.0,24,0.05263157894736842,0,-1
0x97acd9ff4bb3768046980d7aae1c1c8aabb7e05e,usdc,44,0.00048599999999999994,0.000908,0.13636363636363635,9.383738606577375e-05,0.005630243163946425,0.1351258359347142,639404.0,0.46153846153846156,3,0.23076923076923078,0,-1
0x237af09f893d25ef6384f4a65b8720d16201760d,usdc,1369,221.81426695652178,0.006855,0.03360116873630387,2.333310279213292e-05,0.0013999861675279752,0.03359966802067141,2571453.9782608696,0.0026455026455026454,22,0.05026455026455026,0,-1
0xb0e4d44a8af27f7b6d445ed816a994a0093f5b17,usdc,1,0.0068154875250932044,22.588432,3487.0,1.2990835258177484,77.9450115490649,1870.6802771775574,46.186406653283626,0.3486,3487,0.0001,0,-1
0x877d7fd4f5b2ee6ec69f4ca6e05ab3c4f2320c23,usdc,1018,3530.7308039574464,808.08,0.04616895874263261,3.203216847557547e-05,0.0019219301085345284,0.046126322604828685,1873117.0212765958,0.061224489795918366,25,0.1836734693877551,0,-1
0x9be82de8dbc0b30528e06add615a600c8c9692af,usdc,54,14092.322145739126,2600.0,2.1296296296296298,0.0014607997561099538,0.08764798536659724,2.1035516487983332,41073.391304347824,0.016840019811788013,52,0.011391778107974244,0,-1
0xb14df49eceaa453fff9eec92f07536c66f0e6434,usdc,70,0.8276418548850575,0.081379,29.82857142857143,0.020609968196687006,1.2365980918012205,29.67835420322929,2911.212643678161,0.0022865853658536584,1041,0.008928571428571428,0,-1
0xece2b6c8e88a486d54d83661425066142253ac92,usdc,80,41954.59514055556,22445.6238,1.0125,0.0007017774897505831,0.042106649385034986,1.0105595852408398,85497.18518518518,0.10150375939849623,52,0.09022556390977443,0,-1
0xf24f5ef05499c4c64d11734982c798be219ed7e0,usdc,652,508.1218008421052,550.0,0.029141104294478526,2.0207537794477003e-05,0.0012124522676686203,0.02909885442404688,2969189.052631579,0.0,8,0.4,0,-1
0xe4731d1d77cae73c340e47b6a10f0b34ad9c6b96,usdc,1,0.060982916142029706,5.024818,3971.0,1.8038520941219223,108.23112564731535,2597.5470155355683,33.26215059179048,0.0005,3969,0.0002,0,-1
0xca23a6843927bdc029a371129133f33ce44c53e5,usdc,3,0.09169985322232502,50.89257,1081.0,0.7342419851476182,44.05451910885709,1057.3084586125703,81.71692876965773,0.0,3240,0.00036036036036036037,0,-1
0xc851fc98a21a269045e8661ad10d5168a1d6d899,usdc,75,0.00038500000000000003,0.00067,0.05333333333333334,3.662239019691859e-05,0.0021973434118151155,0.052736241883562775,1638342.0,1.0,2,0.5,0,-1
0xca686974913389d42f3c5f61010503daccdb487a,usdc,1016,251256302554524.1,0.0,0.7834645669291339,0.0005437789907297979,0.03262673944378787,0.783041746650909,110338.94472361809,0.01703056768558952,411,0.01593886462882096,0,-1
0xe4eac816a678981b8876ee6a4e40704a51cb1023,usdc,1583,48660.64615054545,12137.53936,0.006948831332912192,4.8225498925667406e-06,0.00028935299355400447,0.006944471845296106,12441550.909090908,0.023809523809523808,3,0.14285714285714285,0,-1
0xa264b74891d7a04f3b103ab98b62d5ae65e60530,usdc,731,24418.845827369372,7000.0,1.8850889192886457,0.001308924643365528,0.0785354786019317,1.8848514864463608,45839.155297532656,0.0763451284537082,855,0.06713523994183228,0,-1
0xec71af75f13f022e59cf9fb3fc475c0cc533ff04,usdc,642,796.9698569696969,1200.00024,0.0514018691588785,3.568339100346021e-05,0.0021410034602076123,0.0513840830449827,1681454.5454545454,0.05405405405405406,14,0.32432432432432434,0,-1
0x1c60bd71598e75f29eec7c9a9040b3e6ee2f75b3,usdc,317,506.30946968888884,10.688328,0.28391167192429023,0.00019673541622219036,0.011804124973331422,0.2832989993599541,304978.13333333336,0.19444444444444445,67,0.10185185185185185,0,-1
0xb80d7296e64b3c76eae673596c4fa238920dec4c,usdc,91,93225.79232988,195056.0,0.27472527472527475,0.0001900605913165117,0.011403635478990702,0.2736872514957769,315688.8,0.009708737864077669,10,0.11650485436893204,0,-1
0xd7a6fce73353f588f84164097b4592a5374e8d70,usdc,776,27021.653282000003,90000.0,0.20618556701030927,0.00014303391745405347,0.008582035047243208,0.205968841133837,419480.925,0.0,80,0.10365853658536585,0,-1
0x4f05049e2d08d61432dce662da8d3010b3a92b56,usdc,652,7795100237461.45,108.056189,0.6886503067484663,0.0004777473986707344,0.02866484392024406,0.6879562540858575,125589.38084632516,0.052083333333333336,216,0.05416666666666667,0,-1
0x3242eb4dcd3d6de3fe05f632ab40816c0461552b,usdc,400,7036.91298065767,0.00072,7.04,0.0048840065781463595,0.2930403946887816,7.032969472530758,12284.995738636364,0.0774,1778,0.0382,0,-1
0xb99a2c4c1c4f1fc27150681b740396f6ce1cbcf5,usdc,238,4413710.59967549,0.005,7.785714285714286,0.005400578354435323,0.3240347012661194,7.776832830386866,11109.921208850512,0.1037,1147,0.0069,0,-1
0xe5350e927b904fdb4d2af55c566e269bb3df1941,usdc,1033,53847.729045285065,10000.0,1.0629235237173282,0.000737818039556992,0.04426908237341952,1.0624579769620683,81320.86338797814,0.0079,345,0.014,0,-1
0xebe8f93c9f368e537a0d82711231b09895181ab6,usdc,25,2468.7566544,698.724357,0.6,0.00040290521520510564,0.024174312912306338,0.5801835098953521,148918.4,0.0,11,0.16666666666666666,0,-1
0x92259539742a32af979c90c93d2ca79b4cdc3c14,usdc,157,12571.231678748636,49998.9606,1.1656050955414012,0.0008053953566977206,0.04832372140186324,1.1597693136447178,74497.5737704918,0.16666666666666666,135,0.032679738562091505,0,-1
0xe06a93f503b1fbc2ea6fd639f990017a573a75b6,usdc,90,1645.0901901096775,0.0,1.7222222222222223,0.0011931961645286644,0.07159176987171986,1.7182024769212767,50285.10967741936,0.30303030303030304,98,0.13333333333333333,0,-1
0xa370909fe06a103d989fe5f718f014e1649054b1,usdc,242,3917.9153485714282,10012.471823,0.05785123966942149,4.014037663141959e-05,0.0024084225978851757,0.05780214234924422,1494754.2857142857,0.02857142857142857,6,0.2571428571428571,0,-1
0xdcbe6eb4b2f99bfa3115d244519ffb14f5809a18,usdc,90,629.7051701923076,46.870528,0.5777777777777777,0.00039863238428161846,0.02391794305689711,0.5740306333655305,150514.61538461538,0.002036659877800407,27,0.032586558044806514,0,-1
0xb76aa62dcb687d2cf49879c4773e31c720d54597,usdc,66,12455.639492108083,3593.0,15.0,0.010373878782798223,0.6224327269678934,14.93838544722944,5783.757575757576,0.05505863645398529,606,0.02464718743788511,0,-1
0x1c136598e6ace7b4448a5ee466101e81c6188f20,usdc,390,1139.641789381323,0.0,1.317948717948718,0.0009131758122823212,0.054790548736939275,1.3149731696865428,65704.7626459144,0.3006134969325153,318,0.09355828220858896,0,-1
0x9d3250b5843c985fbd92da410463edb16790d4f6,usdc,40,763.6052362121211,0.0,0.825,0.0005720387460910686,0.03432232476546411,0.8237357943711386,104888.0,0.04186046511627907,15,0.07906976744186046,0,-1
0xc83a27d63b8e14abc6551a9ffed542fd49c648ff,usdc,4,1148.8068806666668,720.0,0.75,0.00041993281075027993,0.0251959686450168,0.6047032474804032,142880.0,0.0,2,0.1,0,-1
0x70c239a84f2ae5140633eefa3567a0439ea166e5,usdc,12,0.032,0.0483,0.4166666666666667,0.00027303306976541,0.0163819841859246,0.3931676204621904,219753.6,0.0,3,0.6,0,-1
0xe7f66738dee853b9b18cde4e606f517b2f6d0a2b,usdc,396,10696.391409154952,514.0,3.1616161616161618,0.002191777752335416,0.13150666514012496,3.1561599633629998,27375.038338658145,0.05713848039215686,867,0.027879901960784315,0,-1
0x049cc3cb35ea8d08dcade3829fdf40b7703c2069,usdc,5,3220.867269514564,7455.065752,20.6,0.012207552089506246,0.7324531253703748,17.578875008888996,4914.9902912621355,0.23728813559322035,38,0.1864406779661017,0,-1
0x85c622d33b346bd9d738029b745c2f8962a52ed1,usdc,87,9101.491788231819,11557.926075,2.528735632183908,0.0017553826414997988,0.10532295848998793,2.52775100375971,34180.58181818182,0.00807899461400359,95,0.0052064631956912025,0,-1
0x23c7b0978b97d478863781f6ee578d277a5567e3,usdc,115,80.03999999999999,194.7,0.06956521739130435,4.830066196057217e-05,0.0028980397176343303,0.06955295322322393,1242219.0,0.0,3,0.022222222222222223,0,-1
0x57b3abae7e7392571396a4a91bc1ae35bbdd19d7,usdc,1847,6926.652971837302,0.00015,0.8186247969680563,0.0005684649519456938,0.03410789711674163,0.8185895308017991,105547.40410052911,0.03304692663582287,800,0.05023132848645076,0,-1
0xeb760b2d3d38a3deaf1a52bd690bd80ce30921c2,usdc,21,10766.08695652174,20000.0,1.0952380952380953,0.0007464672625422728,0.04478803575253637,1.0749128580608727,80378.60869565218,0.0,0,0.029411764705882353,0,-1
0x89f959f12c5b50ec87ad625f123977f8b8f961e8,usdc,491,205848.275881764,0.0,0.8370672097759674,0.0005801654558477149,0.03480992735086289,0.8354382564207095,103418.77372262774,0.06062203479177649,259,0.013705851344227728,0,-1
0x0d072ada94b21fe61bce1e4b0696c3a8715992fe,usdc,63,7797.413028545455,0.003067,0.5238095238095238,0.0003626022977997732,0.021756137867986393,0.5221473088316735,165470.54545454544,0.0796812749003984,10,0.0796812749003984,0,-1
0xcbf16cd174b9ef245e619690645d4a66415078df,usdc,1158,16083.336543390245,0.00609,0.03540587219343696,2.4568316698785248e-05,0.001474099001927115,0.03537837604625075,2442169.7560975607,0.007429420505200594,21,0.01634472511144131,0,-1
0xd3768f51e0e2be81d599536ecf739fdf1e58f1d0,usdc,322,108006.59717117167,1416.67,8.285714285714286,0.005747116532911936,0.34482699197471617,8.275847807393188,10440.017991004497,0.25758069775024456,1967,0.12422562764916857,0,-1
0x4a183b7ed67b9e14b3f45abfb2cf44ed22c29e54,usdc,216,10.528252375391034,0.010858,22.199074074074073,0.015360840396543538,0.9216504237926124,22.119610171022696,3906.0362877997914,0.0001,2,0.01,0,-1
0x5fdff2239c8057ce2e6cdedc14126af3c9646448,usdc,1,0.1767767286973556,72.940577,1021.0,1.4905109489051094,89.43065693430657,2146.3357664233577,40.25465230166503,0.0003178639542275906,1020,0.0006357279084551812,0,-1
0xa88562e55279b7a0a97c71e1a5fa65905363ccda,usdc,806,22684.7819245,0.0,0.01488833746898263,1.0330539381565704e-05,0.0006198323628939422,0.014875976709454612,5808022.0,0.004602991944764097,11,0.0023014959723820483,0,-1
0x0a60f927064b182a9b209f918ff95aeceff579aa,usdc,1356,22892.811778129635,10171.069116,0.07964601769911504,5.528081313708258e-05,0.0033168487882249548,0.07960437091739891,1085367.537037037,0.0,52,0.029940119760479042,0,-1
0x0d0707963952f2fba59dd06f2b425ace40b492fe,usdc,1,264478.6138019433,22000.0,247.0,0.13325420802762192,7.995252481657316,191.88605955977556,450.26720647773277,0.0001,168,0.0041,0,-1
0x3358158343fc2f06b20aab9bb02282ca73033905,usdc,1,0.03549496403712296,35.236057,3448.0,2.4322799097065464,145.9367945823928,3502.4830699774266,24.668213457076565,0.0089,3447,0.0002,0,-1
0xb660f57ecee488995f19fd4baafee22a2577bbf4,usdc,77,0.008809800000000001,0.00025,0.06493506493506493,4.451630365104916e-05,0.0026709782190629497,0.0641034772575108,1347820.8,0.16666666666666666,3,0.5,0,-1
0x301d9bc22d66f7bc49329a9d9eb16d3ecc4a12b4,usdc,11,0.004999999999999999,0.005,234.72727272727272,0.1586755325032878,9.52053195019727,228.49276680473446,378.1301316808675,0.0,2582,0.0001,0,-1
0x933716617b5f87aa5f06ca94b0a657002ba95a50,usdc,2469,2815.1710693035716,0.001497,0.1587687322802754,0.00011023439201577923,0.0066140635209467535,0.1587375245027221,544294.7423469388,0.029690048939641108,214,0.03262642740619902,0,-1
0x5ffd23b1b0350debb17a2cb668929ac5f76d0e18,usdc,1158,311.346994631579,28.580124,0.016407599309153715,1.1385257457823014e-05,0.0006831154474693809,0.016394770739265138,5269973.052631579,0.010526315789473684,9,0.10526315789473684,0,-1
0xec107c70494694f48cf4fc70792cca7c19ede2ee,usdc,2,0.0003952631578947368,0.00075,9.5,0.006011897228198962,0.3607138336919377,8.657132008606506,9980.21052631579,0.7037037037037037,9,0.2962962962962963,0,-1
0xdae3ab68ce620056040011acb9ddb4304cb9c993,usdc,725,48965.32163437409,50000.05,0.1917241379310345,0.00013297157412132097,0.007978294447279257,0.1914790667347022,451224.2589928057,0.004267425320056899,66,0.02418207681365576,0,-1
0xcb4deb022048365bc387d546ef7567de96a5f3de,usdc,268,63.28004727272727,9.997729,0.12313432835820895,8.524686717763122e-05,0.005114812030657873,0.12275548873578895,703838.1818181818,0.0,20,0.04225352112676056,0,-1
0x694b1fe2b295b9faca69fff9fcb24d4b3ede1bb1,usdc,7,23486.666666666668,3000.0,0.42857142857142855,0.00029751869409127874,0.017851121645476725,0.4284269194914414,201668.0,0.0,0,0.043478260869565216,0,-1
0xd5dca19b7e9bfc71735fe4dc22f1f304bacc251f,usdc,496,1268.5904689590643,300.0,0.34475806451612906,0.0002392683258549155,0.01435609955129493,0.3445463892310784,250764.49122807017,0.011428571428571429,84,0.08,0,-1
0x42459c4aab7162a0e8fad3658ce6b33281507b0e,usdc,29,47163.47502754546,100000.0,3.793103448275862,0.002553472025553291,0.15320832153319747,3.676999716796739,23497.418181818182,0.0,0,0.004195804195804196,0,-1
0xc85adc31f6e30a50a96d6489c7442fb6396637ef,usdc,600,26770.0153676,12444.143843,0.058333333333333334,4.050008111587675e-05,0.0024300048669526047,0.05832011680686252,1481478.5142857144,0.04411764705882353,17,0.25,0,-1
0x86e8758a89ca617faeafcdfd04bf5dd0bb0b917a,usdc,776,14441.671371059761,0.0,0.970360824742268,0.0006736806996831643,0.04042084198098986,0.9701002075437566,89062.96414342629,0.07945736434108527,460,0.017926356589147287,0,-1
0x5eab5142b1e5d2bb9083603fdcf0a5417768b524,usdc,1,3163.191948,3953.989935,5.0,0.015225334957369063,0.9135200974421437,21.924482338611448,3940.8,0.0035971223021582736,4,0.007194244604316547,0,-1
0x7a9757192192939ba09dec78a474612bcd7eab84,usdc,14,0.0004165,0.0007,0.2857142857142857,0.00019029676780939875,0.011417806068563926,0.2740273456455342,315297.0,0.2857142857142857,2,0.14285714285714285,0,-1
0xbaab1fee27badee9e85c7498a1bc4e1bf780f460,usdc,126,3620.065638637931,4497.0,0.4603174603174603,0.00031782911753101573,0.019069747051860944,0.45767392924466266,188780.6896551724,0.019067796610169493,31,0.012005649717514125,0,-1
0xec875ae0b48487c014adc6571fa18673e4983ee8,usdc,33,2945.8316948333336,120.990169,0.18181818181818182,0.00012275210212974897,0.0073651261277849385,0.17676302706683852,488790.0,0.0,5,0.045454545454545456,0,-1
0x352423e2fa5d5c99343d371c9e3bc56c87723cc7,usdc,70,122218.06187739833,218615.6326,23.885714285714286,0.016415460379047904,0.9849276227428743,23.638262945828977,3655.090909090909,0.0,836,0.0198,0,-1
0x8fca4ade3a517133ff23ca55cdaea29c78c990b8,usdc,40,4546.354064402381,4949.525058,21.0,0.014331144990241173,0.8598686994144704,20.636848785947286,4186.685714285714,0.0025,507,0.0176,0,-1
0x0492560fa7cfd6a85e50d8be3f77318994f8f429,usdc,18,2054.210993426528,666.729237,555.3888888888889,0.3832265088321884,22.993590529931307,551.8461727183513,156.56536961088327,0.0,4842,0.0047,0,-1
0x934ca25de0ca73e217f432ff2c8d9c59c5f30e1b,usdc,272,39496.39322599999,0.0,0.2757352941176471,0.00019083037164596537,0.011449822298757923,0.2747957351701901,314415.36,0.03735632183908046,52,0.04310344827586207,0,-1
0x8b32e380cb8046f1c3568cc3e759dfdd78819913,usdc,9,6033.881960213777,200000.0,187.11111111111111,0.11694931733266664,7.016959039959998,168.40701695903996,513.0427553444181,0.0083,160,0.1342,0,-1
0x6388a1158a2af6498bbe7bfa07684a808ac799ee,usdc,361,67857.28571428571,225001.0,0.038781163434903045,2.688416554014545e-05,0.0016130499324087271,0.038713198377809455,2231797.0,0.0,4,0.010914051841746248,0,-1
0x2f515a0f879a06028ec46d08cf97f30e2f7787f5,usdc,343,6131207991000.611,0.0,14.26530612244898,0.00990183162636522,0.5941098975819132,14.258637541965918,6059.484978540772,0.1661,3414,0.0381,0,-1
0xa1be60831aa27c69bee24a0a4693aec2cf402441,usdc,14,4198.4645610454545,18848.908654,1.5714285714285714,0.0010904368686618356,0.06542621211971014,1.5702290908730434,55023.818181818184,0.36,16,0.28,0,-1
0xcb6b1613daefd8b72015ba1e3f7a3bb8c7cbbe7f,usdc,658,12409.524110122762,0.000286,1.7826747720364742,0.001237560042235297,0.07425360253411784,1.782086460818828,48482.49616368287,0.20607235142118863,704,0.09043927648578812,0,-1
0x7a0a7bedaf0246775366117e54d9dd9180c3c824,usdc,5,8460.792637473685,29316.047991,15.2,0.01018275363095557,0.6109652178573343,14.663165228576021,5892.315789473684,0.02771362586605081,37,0.024634334103156273,0,-1
0x17e4921a3a7f7dbac55c9dc30fe50da1df9b4f2d,usdc,1,0.05558949152542374,48.834113,2301.0,1.3162109598444114,78.97265759066468,1895.3437821759526,45.58539765319426,0.0588527851458886,2300,0.0003315649867374005,0,-1
0x092f03b7e314ce4f390c71cac56fcd375bf034e1,usdc,3,0.0005692307692307692,0.002,4.333333333333333,0.0024277283932173004,0.145663703593038,3.4959288862329125,24714.46153846154,0.8461538461538461,9,0.15384615384615385,0,-1
0x2e8bf3364fd49f6fdf8bdb5dd1fad130ed5cef03,usdc,172,11219.667853365854,0.000861,0.47674418604651164,0.00033105657918429274,0.019863394751057563,0.4767214740253815,181237.9024390244,0.1330049261083744,50,0.04187192118226601,0,-1
0x29cd26d26dbc724396e304108e52b5def3237d40,usdc,879,3297.583573017588,0.0,0.4527872582480091,0.00031429763638701123,0.018857858183220676,0.4525885963972962,190901.84924623117,0.12181528662420382,207,0.10589171974522293,0,-1
0x0a6d1288bebc4c166c2d218c384e1e1452269bd3,usdc,41,609.6215370370371,19.223077,2.6341463414634148,0.0018123602972270887,0.10874161783362533,2.609798828007008,33106.0,0.1031390134529148,60,0.09417040358744394,0,-1
0xbc3fcf7722dd4f6f6b2265e3739de079247f401d,usdc,7,0.000177,0.0,0.42857142857142855,0.00029143756435912884,0.01748625386154773,0.4196700926771455,205876.0,0.0005628517823639775,1,0.0005628517823639775,0,-1
0xfd83249f64f4f71c2a14bba436eecf2712f4634d,usdc,193,6709.279802615385,9.9e-05,0.2694300518134715,0.0001861900011672681,0.011171400070036086,0.26811360168086606,322251.46153846156,0.109375,20,0.3125,0,-1
0xbd0f76c8f9fa0c564d397ea874e27886ad9ba4e3,usdc,49,49517.72582177551,0.000115,1.0,0.0006882737812637829,0.041296426875826985,0.9911142450198476,87174.61224489796,0.003532182103610675,23,0.00510204081632653,0,-1
0xec8abb8fdefb033bd0e83e32e893c35c63b83ee8,usdc,36,0.0029356666666666667,0.008394,0.16666666666666666,0.00011460617498070796,0.006876370498842478,0.16503289197221946,523532.0,0.047619047619047616,3,0.023809523809523808,0,-1
0x000000000000c9b3e2c3ec88b1b4c0cd853f4321,usdc,10,1551.0756143749998,50.688721,9.6,0.006512713359203278,0.39076280155219667,9.37830723725272,9212.75,0.0,40,0.0013,0,-1
0xb7804a0166c02e15886150a011e028ada3c5e177,usdc,60,131.54289294736841,59.657483,0.31666666666666665,0.00021986618249818902,0.01319197094989134,0.3166073027973922,272893.2631578947,0.07792207792207792,16,0.025974025974025976,0,-1
0x8286368739fefff7a5a3bdcc2fee9422e161d795,usdc,24,1557.4468738333333,657.87284,0.25,0.00016954133417727244,0.010172480050636345,0.2441395212152723,353896.0,0.0,3,0.19047619047619047,0,-1
0xd6ad7fde3fdb9b10e038e953a2f8ada28304d6de,usdc,1778,4993.068027546512,0.0,0.19347581552305962,0.0001343474823818801,0.008060848942912806,0.19346037462990734,446603.08430232556,0.02952755905511811,193,0.048556430446194225,0,-1
0x43141d1c1934d13ca1951bd6816c7405e5e94e67,usdc,371,12.21621325,18.8239,0.0215633423180593,1.4937222587769252e-05,0.0008962333552661552,0.021509600526387725,4016811.0,0.0,4,0.02100840336134454,0,-1
0xcc871a8c000bec0466f847dfdf09f8a69d36ca14,usdc,393,416856.8607739047,1062948.519063,0.05343511450381679,3.70659543649265e-05,0.0022239572618955898,0.05337497428549416,1618736.142857143,0.00484027105517909,16,0.00484027105517909,0,-1
0x2541d9f1ded77769fd216b29f0ef021f75a98285,usdc,7,0.00026315789473684205,0.00032,2.7142857142857144,0.001661274809827752,0.09967648858966512,2.392235726151963,36116.84210526316,0.95,9,0.1,0,-1
0xddd1945a7acc6326e527e69862cdad29e8d79f7f,usdc,12,0.022857142857142854,0.02658,0.5833333333333334,0.0003796877881559106,0.022781267289354642,0.5467504149445114,158024.57142857142,0.0,5,0.42857142857142855,0,-1
0x5dfa0eb6ad3cc9a29c53f3e9ae659a6e62b9a2b7,usdc,1,0.15532423076923083,67.596176,1170.0,1.8714011516314777,112.28406909788868,2694.817658349328,32.06153846153846,0.0007083825265643448,1169,0.0004722550177095632,0,-1
0x9626df919283566c64eebfdfb64cd324c5505876,usdc,823,14615.980948191933,2999.0,0.9939246658566221,0.0006899382210086357,0.04139629326051814,0.9935110382524354,86964.30806845966,0.018985976267529667,557,0.030204962243797196,0,-1
0x5dbfe31ef13014a1382ebda69ef0ed3ec46ccb74,usdc,246,185178.95291142853,0.001229,0.483739837398374,0.0003357086838526944,0.020142521031161667,0.48342050474787995,178726.38655462186,0.04381443298969072,74,0.023195876288659795,0,-1
0xaf9b98d2acde5f13eaeaeb0101273cdfa86dcc95,usdc,216,1198708.629090274,0.0,2.1296296296296298,0.0014767530181942392,0.08860518109165436,2.1265243461997048,40629.678260869565,0.011229946524064172,253,0.008288770053475936,0,-1
0x21a5901582c910de3630b64b4c098587f41bb899,usdc,1,0.0796431519853948,49.921157,2191.0,3.1790481717933834,190.74289030760303,4577.829367382473,18.873573710634414,0.0010355540214014498,2190,0.00034518467380048324,0,-1
0xe32fd15d6b3a15ca660f54640cecdd66bf8fdac9,usdc,94,711.0085862380953,0.0001,0.22340425531914893,0.0001537720278429885,0.00922632167057931,0.22143172009390347,390188.0,0.09230769230769231,17,0.07692307692307693,0,-1
0x88e6a0c2ddd26feeb64f039a2c41296fcb3f5640,usdc,1,15183.337262651412,356.62909,5026.0,4.695440956651718,281.72645739910314,6761.434977578476,12.778352566653401,0.002,2682,0.0369,0,-1
0x236e00f0e45939fd9c2f36fef6a9b182b1830d23,usdc,1178,153954.6103625641,67508.950743,2.171477079796265,0.001506880221873091,0.09041281331238546,2.169907519497251,39817.365129007034,0.0007055918151349444,1295,0.0019403774916210972,0,-1
0x212a43c5d993d7c05d0f8440ee38ae2ca4053373,usdc,160,1999.2506065454545,0.0,0.34375,0.00023867378956045186,0.01432042737362711,0.34369025696705063,251389.14545454545,0.004273504273504274,41,0.029914529914529916,0,-1
0xac251d73317fd42b7468b6039eae38da78ba6e01,usdc,3,0.12708942115027827,34.410264,718.6666666666666,0.4975997045790251,29.855982274741503,716.5435745937962,120.57884972170686,0.00016823687752355316,2153,0.0005047106325706595,0,-1
0x2346dcceeeca2a3466f43a877bc931abc28c2c88,usdc,1356,3911.9615766666666,7970.857065,0.0752212389380531,5.222917355730477e-05,0.0031337504134382865,0.07521000992251888,1148783.2549019607,0.018531717747683536,47,0.014255167498218105,0,-1
0x198510b7d7033cffb45d23d034ca946c8e5a072e,usdc,8,6428.57145,0.0,0.875,0.0005712233973103538,0.03427340383862123,0.8225616921269095,105037.71428571429,0.0033613445378151263,3,0.008403361344537815,0,-1
0x46a26709e9ef0db70413229894a115852f38d0f2,usdc,469,1797.9807910325444,0.000275,0.720682302771855,0.0005004486270236337,0.030026917621418014,0.7206460229140325,119892.42603550295,0.16891891891891891,180,0.18412162162162163,0,-1
0xac75c528f19f46f29557edb550648b4274438361,usdc,212,0.00017407407407407408,0.0,0.12735849056603774,8.806061179294667e-05,0.0052836367075768005,0.1268072809818432,681348.8888888889,0.003360910031023785,7,0.0019389865563598759,0,-1
0x95a9bd206ae52c4ba8eecfc93d18eacdd41c88cc,usdc,625,555.4818698181818,60.517676,0.0176,1.2220228062042912e-05,0.0007332136837225748,0.017597128409341797,4909892.0,0.0,4,0.0008,0,-1
0xe1c687b49bdcf2cb173f43955e889f3324c99de5,usdc,671,43498.422011804876,0.0001,0.06110283159463487,4.2380423634714654e-05,0.002542825418082879,0.061027810033989105,1415748.0,0.37037037037037035,16,0.3148148148148148,0,-1
0x7f01614232877865575e1ea615756603975b212e,usdc,49,14940.263157894737,6500.0,1.9387755102040816,0.0013399682921187298,0.08039809752712379,1.9295543406509708,44777.17894736842,0.0,0,0.02027027027027027,0,-1
0x6080c3be76bf24b0b3e386b9386590b268d825b5,usdc,151,107.26783732857143,107.4402,1.8543046357615893,0.0012845050159920875,0.07707030095952525,1.849687223028606,46710.6,0.043534482758620686,91,0.015517241379310345,0,-1
0x412f5299609b92dd930a4ef4458488663770a0b3,usdc,37,0.001449625,0.000104,0.21621621621621623,0.00014943941539300698,0.008966364923580418,0.21519275816593006,401500.5,0.25925925925925924,7,0.07407407407407407,0,-1
0x7ff421ce4f80bb902b3d72d020c9533986a28042,usdc,261,88050.71806812068,94000.0,0.2222222222222222,0.00015408762591350052,0.009245257554810031,0.22188618131544074,389388.8275862069,0.0,0,0.023931623931623933,0,-1
0xc5057a39cf4b1741ccc9d590a27f6697dd6c369f,usdc,1,0.10773320454545451,20.810004,1144.0,0.7847441349979422,47.084648099876524,1130.0315543970366,76.45804195804196,0.0010224948875255625,1143,0.0006816632583503749,0,-1
0xe36d87299fa64fba2c2dfb426d46272831d7ac8a,usdc,1458,18448.794654186702,0.001,1.237997256515775,0.0008591933746623065,0.05155160247973839,1.2372384595137214,69832.94072022161,0.06338939197930142,942,0.03352738249245364,0,-1
0x5c0c8d1cf51ac8e8d970051ac69dbdb1315b6036,usdc,1744,15193.53429870953,20915.389838,0.3790137614678899,0.00026313515666623365,0.015788109399974017,0.3789146255993764,228019.70196671708,0.0060882800608828,298,0.028411973617453068,0,-1
0x26cbaf817efbb4df3e644c77b14c27380a67beba,usdc,1,0.1704194930139721,69.365022,1002.0,1.1096345514950166,66.578073089701,1597.873754152824,54.07185628742515,0.0003313452617627568,1000,0.0009940357852882703,0,-1
0x92fce849b3a3522969fbbf687905b31ad32534e1,usdc,1,1e-05,1e-05,12.0,0.008209057326583663,0.49254343959501984,11.821042550280477,7309.0,1.0,6,0.16666666666666666,0,-1
0xf33e59736ddeeff54579c20558d8839ca1ec6a5f,usdc,31,3287.422888535354,0.0,3.193548387096774,0.002164776678139254,0.12988660068835525,3.117278416520526,27716.484848484848,0.16129032258064516,66,0.14746543778801843,0,-1
0x412f67f000761cbea3c2e671e32c68d63770a0b3,usdc,235,34342.19710682001,0.0,11.229787234042552,0.007778763592202961,0.4667258155321776,11.201419572772263,7713.308071239106,0.0722,1679,0.0099,0,-1
0x0f610b5e0216213114221ed58df117c375c21663,usdc,234,29374.9062694,78808.85851,0.0641025641025641,4.4341729291969006e-05,0.0026605037575181405,0.06385209018043536,1353127.2,0.004878048780487805,11,0.006097560975609756,0,-1
0x1fd70dbbb6c53c76e766c51ca61413af25896cdf,usdc,437,55738.124202415755,115500.0,12.411899313501143,0.008607127475937651,0.5164276485562591,12.394263565350219,6970.966814159292,0.24137083896327233,3709,0.019407935143102812,0,-1
0x5d153d1f417a544ed3d9fb526e6e294e9a3be22e,usdc,100,916800369292.2178,9710.018531,43.63,0.030002214236301648,1.8001328541780988,43.20318850027437,1999.8523951409582,0.033030370206162715,4021,0.02881844380403458,0,-1
0xafa045d3fa859610afc5858e09b79dab096d1543,usdc,1,0.00030000000000000003,0.0005,8.0,0.050955414012738856,3.057324840764331,73.37579617834395,1177.5,1.0,4,0.5,0,-1
0x2645c199952cff1ff4e4241e6f9108da9670390c,usdc,141,6.944538666666666,5.0,0.0425531914893617,2.9508564368998698e-05,0.0017705138621399218,0.04249233269135812,2033308.0,0.0,4,0.039473684210526314,0,-1
0x168b40c7d81fabbb0a430b1a6b5592214e742c01,usdc,33,36146.49985868877,49350.0,22.393939393939394,0.015147974598957885,0.9088784759374731,21.813083422499357,3960.9255751014884,0.04509445460085314,426,0.02681291895185862,0,-1
0x7a9a70bd3382d57faba7b9105c5335471a17c30f,usdc,1336,6717.869180324445,0.00045,0.16841317365269462,0.00011690834276812526,0.007014500566087515,0.16834801358610038,513222.56888888887,0.02736318407960199,112,0.09328358208955224,0,-1
0x4173a3c25ffa10b4c156aa8022980d3497bc1dd1,usdc,71,0.0002518666666666667,0.0002,0.4225352112676056,0.00029316056404092523,0.017589633842455512,0.4221512122189323,204666.0,0.967741935483871,14,0.06451612903225806,0,-1
0xdba3a2923607fc551e38d4a4231f61959879fae7,usdc,175,563149.0312462163,500988.538113,0.21142857142857144,0.00014612042376502572,0.008767225425901543,0.21041341022163704,410620.2162162162,0.005847953216374269,15,0.08187134502923976,0,-1
0x7a113a28b4188a0937f2bbd8d53438cf06ee8432,usdc,3,0.00034275471698113204,0.00055,70.66666666666667,0.03968996892200547,2.381398135320328,57.153555247687876,1511.7169811320755,0.29760225669957685,104,0.007052186177715092,0,-1
0x740b45e662435b817719ed252f241409b116d98c,usdc,1545,5496495424260753.0,470262.16,4.916504854368932,0.0034140008898605003,0.20484005339163003,4.916161281399121,17574.68786203265,0.21137850726405677,4899,0.026061883109681713,0,-1
0x3cdf67e6910c7a06c850082ee7d0d7c4e8fb8836,usdc,29,9142.694238403921,20.0,246.20689655172413,0.17089516515078984,10.25370990904739,246.08903781713738,351.0924369747899,0.007,111,0.36,0,-1
0x8d1179a344a99bafbcd8271dfc9ed6cc0ae35505,usdc,1208,4544.45933106356,4992.520584,0.19536423841059603,0.0001355767961117724,0.008134607766706343,0.19523058640095223,442553.6059322034,0.0021645021645021645,133,0.03571428571428571,0,-1
0xbaabe4e6e077604f4a4e6f185f6690a3210fe5a6,usdc,16,1221.7279090909092,0.001,0.6875,0.00045081597691822196,0.027048958615093318,0.6491750067622396,133092.0,0.0003138403598702793,4,0.0008369076263207448,0,-1
0x649f76610eaf8f12934827cd5f8fccb6ef739e62,usdc,174,0.0011285714285714287,0.0,0.08045977011494253,5.555740746913786e-05,0.003333444448148272,0.08000266675555852,1079964.0,0.037800687285223365,7,0.013745704467353952,0,-1
0xf5b1582c1e7579762e10f34caa8cb001e4f20b76,usdc,4,1471.9345873999998,1927.150569,1.25,0.0007915650824810816,0.04749390494886489,1.1398537187727575,75799.2,0.0,2,0.21428571428571427,0,-1
0x0079ce80043edc3325598e4a3b6293ab779bf174,usdc,2488,9936.95767957002,18000.0,0.2037781350482315,0.00014148679994434852,0.008489207996660912,0.20374099191986186,424067.82840236684,0.002156832537359421,225,0.010321984285934371,0,-1
0x4ddc5adfdc88add0b5e5313666f7f31322ef821b,usdc,95,1706.080940948052,1310.0,0.8105263157894737,0.0005572619188916133,0.033435715133496795,0.8024571632039231,107669.2987012987,0.0,35,0.1686746987951807,0,-1
0x7a7a485d51c223f440b0fe18011c95fe90a0d19d,usdc,2,0.025845000000000003,0.0051,7.0,0.0037604082728982004,0.22562449637389204,5.414987912973409,15955.714285714286,0.043478260869565216,8,0.30434782608695654,0,-1
0xf1069191c20422ff1e71711f352f628f57fe4bd1,usdc,1,0.004,0.001,3.0,7.5,449.99999999999994,10800.0,8.0,0.0,2,0.6666666666666666,0,-1
0x6a8c27a860e9a7db9220785fa6823ad2d1121cc4,usdc,18,25840.0,59000.0,0.2777777777777778,0.00018997826648631396,0.011398695989178838,0.2735687037402921,315825.6,0.0,0,0.0625,0,-1
0x541f4a935fe05d99d9e2233418a6ca2fe34e59e0,usdc,165,638.5389738461538,0.0005,0.07878787878787878,5.458666556933472e-05,0.0032751999341600834,0.078604798419842,1099169.5384615385,0.0006878761822871883,5,0.0013757523645743766,0,-1
0x8b3dbf6b67a3114fd8a70eea0e137b59ada1f096,usdc,236,13997.359764545456,863.0,0.046610169491525424,3.2236831693846226e-05,0.0019342099016307734,0.04642103763913856,1861225.0909090908,0.0045016077170418,0,0.0038585209003215433,0,-1
0x8019f650e4901860d77cb61bc24aee6c63b4c695,usdc,79,452.82288174999996,59.389152,0.05063291139240506,3.4808215435006975e-05,0.002088492926100418,0.05012383022641004,1723731.0,0.0,2,0.1,0,-1
0x92e7304e3c9cf7023bdc37ad11e92c6d79a75a3c,usdc,1,162.861601375,502.0,8.0,0.035555555555555556,2.1333333333333333,51.2,1687.5,0.125,4,0.625,0,-1
0xc2921134073151490193ac7369313c8e0b08e1e7,usdc,101,72677.82964224792,140062.303035,49.76237623762376,0.03439944698063748,2.0639668188382485,49.53520365211797,1744.2140867489056,0.0025,3124,0.0093,0,-1
0x761d38e5ddf6ccf6cf7c55759d5210750b5d60f3,usdc,301,1062.2009176666668,2051.945234,0.009966777408637873,6.913229293841281e-06,0.0004147937576304768,0.009955050183131444,8679012.0,0.0,0,0.0003,0,-1
0x77e69f1717f928dea82ab4c7fc9cc2789e68bb47,usdc,1,0.0305,0.0305,33.0,0.035241349850491245,2.1144809910294744,50.747543784707396,1702.5454545454545,0.0,33,0.0001,0,-1
0xa8ca67aca86c0e081bd17b039de3d8822f3d3414,usdc,38,239.10799616722977,185.221372,46.73684210526316,0.032202148260431246,1.9321288956258746,46.371093495021,1863.2297297297298,0.0006,1100,0.0074,0,-1
0x2d9a71e9eb5bc62fc2b52e280108a1cacb4be243,usdc,75,6881.096666666667,9500.0,0.04,2.7693057535096337e-05,0.00166158345210578,0.039878002850538725,2166608.0,0.0,0,0.6666666666666666,0,-1
0xcc8b2f5f91e7dc7bc6a4226bd630fac68b5e9c6b,usdc,1,10.634142,10.634142,3.0,0.32608695652173914,19.565217391304348,469.5652173913043,184.0,0.0,1,0.15789473684210525,0,-1
0x6f38092851e80b7f72eeffbefaa21f03eeb8fc15,usdc,275,882.856853935484,0.0001,0.5636363636363636,0.00039030787485168296,0.02341847249110098,0.5620433397864235,153724.8,0.012626262626262626,135,0.0048209366391184574,0,-1
0x1559216165194d5bec63aaa57c83d13004dfa8f3,usdc,124,507.5807860645161,600.000092,0.5,0.0003471670052478213,0.020830020314869274,0.4999204875568626,172827.48387096773,0.041666666666666664,25,0.1388888888888889,0,-1
0x5a31e36a790ab490122e6ec1ce95b65c1d2a5d45,usdc,12,2742.221018888889,2674.944017,1.5,0.0010329511414110112,0.061977068484660676,1.4874496436318563,58086.0,0.0967741935483871,12,0.12903225806451613,0,-1
0x0b68859d691b4c7a93f44cfd9997ba84fc5b723c,usdc,852,7541.2673545789485,0.0002,0.0892018779342723,6.193408746234041e-05,0.003716045247740425,0.08918508594577018,968771.8421052631,0.015122873345935728,42,0.015122873345935728,0,-1
0x7d9f4ca54131e588fc1fe577973b55fb11231e76,usdc,1,0.003621537003610109,0.002659,1108.0,0.6678722121760097,40.07233273056058,961.7359855334539,89.83754512635379,0.0,1108,0.0001,0,-1
0x3f0a1c6a19fef00b29259d25e2a923a20ed04f1f,usdc,245,3823.1451488658536,0.0005,0.3346938775510204,0.00023214678018078006,0.013928806810846803,0.3342913634603233,258457.17073170733,0.0455607476635514,39,0.03154205607476635,0,-1
0x9cdf9f3714586cf9debc17ba5ea0c443ca41be8b,usdc,1,0.03269362944664031,114.567914,4048.0,4.052052052052052,243.12312312312315,5834.954954954955,14.807312252964428,0.0,4048,0.0001,0,-1
0xa8847b8bf827a9a8d03b2749da4bc230a16c59d9,usdc,127,4761.071296816162,1500.0,3.8976377952755907,0.0026897729940270738,0.16138637964162444,3.8732731113989867,22306.715151515153,0.01695616211745244,70,0.021505376344086023,0,-1
0xeb7b6735d4e497417212547dedc0702e8615c596,usdc,95,24499.05143020304,0.0,15.91578947368421,0.011000187701615543,0.6600112620969326,15.840270290326382,5454.452380952381,0.1979609175870858,756,0.1508071367884452,0,-1
0x7ba8a597c3e1e3a0237e92a156a61111b6b5ea9e,usdc,222,24626.749289458647,10000.0,4.193693693693693,0.002901312976566366,0.17407877859398196,4.177890686255567,20680.292158968852,0.0299,575,0.0101,0,-1
0xc6313b75ef5e6d7ef8c4b4576f47fb99c2ac5a16,usdc,221,10806.68663351865,0.000108,2.5475113122171944,0.0017682460694999225,0.10609476416999535,2.546274340079888,33931.92895204263,0.045375972342264474,425,0.019662921348314606,0,-1
0x39e1f85fb0555a4e899c280748ec52e51abc4540,usdc,455,1586.4534568,3940.64364,0.01098901098901099,7.630051170175168e-06,0.00045780307021051005,0.010987273685052241,7863643.2,0.0,2,0.019230769230769232,0,-1
0xc10ee9031f2a0b84766a86b55a8d90f357910fb4,usdc,1,456.49180102793724,232.978317,2613.0,2.483368180954191,149.0020908572515,3576.0501805740355,24.16073478760046,0.0027,1522,0.0079,0,-1
0x33807fe73e3746656a4e7a85c0867fa7c7bc172a,usdc,9,2019.828268,1.02326,0.5555555555555556,0.00036913990402362494,0.0221483942414175,0.53156146179402,162540.0,0.0,3,0.004032258064516129,0,-1
0xa9031d0f960b5f8565f1153150031716a82f9389,usdc,1782,4362.0364197,0.0,0.005611672278338945,3.895930147738606e-06,0.0002337558088643164,0.005610139412743593,15400686.8,0.09090909090909091,5,0.12121212121212122,0,-1
0xd533742c73e10264b5f2ee8ffe1520f1fcbd8b9b,usdc,107,1686.9102274864865,2450.0,0.6915887850467289,0.00047736823024114835,0.0286420938144689,0.6874102515472537,125689.13513513513,0.0,37,0.06451612903225806,0,-1
0x546d4847dff6caa30c8c64b9aaae318d67ab4be1,usdc,185,1004.0181306428573,402.23589,0.15135135135135136,0.00010505155405015011,0.006303093243009007,0.15127423783221616,571148.1428571428,0.0,15,0.0410958904109589,0,-1
0xa9026365ab20882f7113ac694d63f6fcd8131db0,usdc,3,0.06713438739451476,6.066072,1264.0,0.8634666180890791,51.80799708534475,1243.3919300482742,69.4873417721519,0.0003,3788,0.0004,0,-1
0xc60009f11f48cb709a53192bec87d9a89082e578,usdc,601,1133.2373977818183,1201.74,0.45757071547420963,0.0003177010550909804,0.019062063305458822,0.4574895193310117,188856.78545454546,0.017064846416382253,134,0.05802047781569966,0,-1
0x02a333b14e59f8e734f2860e629c48d26398ce3c,usdc,23,0.00045385714285714295,0.000512,1.2173913043478262,0.0008185028413741493,0.049110170482448964,1.178644091578775,73304.57142857143,0.2545454545454545,14,0.07272727272727272,0,-1
0xba12222222228d8ba445958a75a0704d566bf2c8,usdc,1,27713.16911269123,1978.6,1140.0,0.6162828413882582,36.976970483295496,887.4472915990917,97.3578947368421,0.0004,519,0.0074,0,-1
0x17c95a1f280420694713c274238f39fe9965bcc4,usdc,785,164278.47398930028,57667.302901,0.4751592356687898,0.0003296197937304724,0.019777187623828345,0.47465250297188033,182027.9034852547,0.010353227771010963,211,0.02679658952496955,0,-1
0x6232ec3f402102448d6712d51cfc19c7892a2424,usdc,1434,1733.2721007543862,999.2,0.1192468619246862,8.276654851997318e-05,0.004965992911198391,0.11918382986876137,724930.5555555555,0.050347222222222224,99,0.06597222222222222,0,-1
0x52ddbf6d54b742f7c83b9b9db51e5e0c8c7d1daf,usdc,321,273.10998258333336,57.497673,0.037383177570093455,2.5894559941374717e-05,0.001553673596482483,0.03728816631557959,2317089.0,0.0,3,0.08333333333333333,0,-1
0xf0e9e2b0ace6c94949914b863846001cdde0a12e,usdc,228,0.5942246666666667,0.891337,0.013157894736842105,9.133671279170663e-06,0.0005480202767502398,0.013152486642005754,6569100.0,0.02702702702702703,1,0.08108108108108109,0,-1
0x061271f36fdecd1a97b973033d4bda801f4d0a1a,usdc,422,9354.621043642308,0.000113,1.2322274881516588,0.0008555640124767559,0.05133384074860534,1.2320121779665283,70129.17692307693,0.19576333089846604,345,0.061358655953250546,0,-1
0x08baf37cfeaff1e8e2a8695ed9b7dc3cf96beb9d,usdc,37,1780.7647532213741,47.734999,42.486486486486484,0.029239983631561325,1.7543990178936797,42.105576429448305,2051.9847328244273,0.0006,844,0.0119,0,-1
0x07e9390114ed6cae1f5c8b336d887b172d96bf97,usdc,1,0.03456144444444445,0.0018,18.0,0.011857707509881422,0.7114624505928854,17.07509881422925,5060.0,0.0,9,0.5,0,-1
0x4278a9b2e6acfa0794989e3e3028ab5876ba47c3,usdc,62,0.0,0.0,0.8225806451612904,0.0005632234937084623,0.033793409622507736,0.8110418309401857,106529.64705882352,0.5204081632653061,0,0.02040816326530612,0,-1
0xafbf76bcd38c0b433c3a2ebc2e77ff3197f39b00,usdc,18,4272.839787238096,1260.758597,3.5,0.0023052435142156685,0.13831461085294008,3.3195506604705622,26027.619047619046,0.3088235294117647,45,0.23529411764705882,0,-1
0x2eaf7a2f227e3bbd3cf928b3d86ac6c4706e9785,usdc,162,413.1459468000001,203.456142,0.06172839506172839,4.281236112740359e-05,0.0025687416676442158,0.061649800023461175,1401464.4,0.0,5,0.4,0,-1
0xfe15995d758e4a54102f8a6ec28fb819a1bad53e,usdc,1744,3020.513250928572,0.008779,0.1444954128440367,0.00010033455801880656,0.006020073481128393,0.14448176354708145,597999.3452380953,0.05429497568881685,163,0.04943273905996758,0,-1
0xce3e7099ae6191ab14a42a26a256a58e482d6a8c,usdc,1,6.0003174,10.0,5.0,0.1146788990825688,6.8807339449541285,165.13761467889907,523.2,0.3333333333333333,4,0.3333333333333333,0,-1
0xd1917932a7db6af687b523d5db5d7f5c2734763f,usdc,171,471.0378723404255,2975.0,0.8245614035087719,0.0005715036138483837,0.034290216830903025,0.8229652039416725,104986.21276595745,0.0,137,0.0004,0,-1
0x7ced622994053f60bdfb8e4c5f4415ca74dd6272,usdc,41,1228.8593544285716,608.000606,0.6829268292682927,0.00046753003880499325,0.028051802328299593,0.6732432558791902,128334.0,0.01086048454469507,16,0.009189640768588136,0,-1
0x63e6ede4e788338b5dfdd0685fb4aa1f170436fd,usdc,139,187.5265776909091,111.527681,0.39568345323741005,0.00027304797999104405,0.016382878799462642,0.3931890911871034,219741.6,0.01639344262295082,16,0.06557377049180328,0,-1
0xf0a5bcf29906884dbd96dc41c5f5680a666f4db7,usdc,1,0.026940899661434287,83.539678,3249.0,2.0988372093023258,125.93023255813954,3022.3255813953488,28.587257617728532,0.1823,3249,0.0001,0,-1
0x5129aa12b0554492060a273bcfbfe8652fb4c78b,usdc,205,3428.2361727272723,320.5979,0.1073170731707317,7.425222942318842e-05,0.004455133765391306,0.10692321036939134,808056.5454545454,0.0,11,0.16129032258064516,0,-1
0xaaaffc0f1f0a836da5ff65b08531d859c7c7aadd,usdc,150,4552.9775195,0.0,0.16,0.00011072255695291524,0.006643353417174914,0.15944048201219793,541895.0,0.07766990291262135,13,0.04854368932038835,0,-1
0x28effad61aecf3a9e68aeb2e6d5ab742220aec7e,usdc,59,189651.81020824364,354009.960109,40.559322033898304,0.027943724864660357,1.6766234918796212,40.23896380511091,2147.172586711241,0.0465,1921,0.0282,0,-1
0xf9f2935d71886bd7f316dcd5202e0f867b619afd,usdc,314,3197.867634017544,0.0,0.18152866242038215,0.00012598372290300092,0.007559023374180056,0.18141656098032136,476252.0,0.10126582278481013,34,0.10759493670886076,0,-1
0xf998354707126505171cd2ba468eb5b20fb87cfb,usdc,130,68544.32953141716,499500.0,2.6923076923076925,0.0018595399179464729,0.11157239507678839,2.6777374818429207,32266.045714285716,0.1705607476635514,221,0.08177570093457943,0,-1
0x049864e7cca8f854097e5176ce7586f0c88ce095,usdc,1785,2886.9088545714285,0.0,0.03137254901960784,2.17761584985992e-05,0.001306569509915952,0.03135766823798285,2755306.910714286,0.005291005291005291,29,0.05026455026455026,0,-1
0x28f67572f11c24a66afcbee1a8243db086c66ca2,usdc,14,1243.1820053636363,617.0,0.7857142857142857,0.0005437146585471944,0.032622879512831666,0.7829491083079599,110352.0,0.007886435331230283,4,0.00946372239747634,0,-1
0x412f6c40072e8de3acccd42d4fad65c06169a0b3,usdc,117,1e-05,1e-05,0.11965811965811966,8.307727729652299e-05,0.0049846366377913785,0.11963127930699309,722219.1428571428,0.15053763440860216,7,0.021505376344086023,0,-1
0x5922983d456deb270032684dace428fa14b19299,usdc,206,60981.41402446366,0.001,6.878640776699029,0.00475708325332123,0.2854249951992738,6.850199884782571,12612.770642201835,0.07709660297239915,877,0.020833333333333332,0,-1
0xc01acb0f5ddf6063b9335daea1fdd365e890a45f,usdc,8,2480.0000212,43.4,0.625,0.0004161603382551229,0.024969620295307374,0.599270887087377,144175.2,0.0004830917874396135,3,0.0014492753623188406,0,-1
0x4455980be4d7ad214d4d6626a71c1baaf430b741,usdc,889,27309635360117.344,5670.0,0.5354330708661418,0.0003716781847862124,0.022300691087172746,0.5352165860921458,161429.97478991596,0.08633824276282377,269,0.05078720162519045,0,-1
0xba77e656e191898b61ec962bdd362a1ca162c35d,usdc,460,1006572803570.9912,30944.0,2.3152173913043477,0.0016058480008323268,0.09635088004993961,2.312421121198551,37363.43661971831,0.048426150121065374,666,0.03162832929782082,0,-1
0x42de79ca60907fe55f1873c59cb6567b41cf8499,usdc,69,2500.6525257900403,1500.641496,122.52173913043478,0.08443091525748733,5.06585491544924,121.58051797078176,710.6401703335699,0.1328,5320,0.2818,0,-1
0x7f0179d7cc08ff7dc4d87857915992aee75e212e,usdc,91,21533.266154610392,30000.0,5.076923076923077,0.003522055538699157,0.21132333232194941,5.071759975726787,17035.506493506495,0.021838729383017716,285,0.013744654856444716,0,-1
0x732fea86383de09e81a3072ad6764f1db1b5c9c5,usdc,1,0.1182269856584094,59.369607,1534.0,3.0125687352710133,180.7541241162608,4338.098978790259,19.916558018252932,0.001417434443656981,1532,0.0007087172218284905,0,-1
0x174462377b4c221e623b4a0d779089f8e92e349a,usdc,189,121.09835625,215.59,0.042328042328042326,2.9384238588263643e-05,0.0017630543152958185,0.04231330356709964,2041911.0,0.0,2,0.625,0,-1
0x636858d62f2e81deb7fd563621faef1a6a14d6c5,usdc,206,12283.56934262619,1205.534465,4.077669902912621,0.00282950608950132,0.1697703653700792,4.074488768881901,21205.114285714284,0.0349,503,0.0123,0,-1
0x7c984f2608704384bddda225a138ee4af9a079e4,usdc,12,0.039999999999999994,0.068838,0.3333333333333333,0.00021680451820615943,0.013008271092369565,0.31219850621686956,276747.0,0.0,2,0.75,0,-1
0x0728bdaf0b0394f57b1b0dc34fd9db7f4acf6046,usdc,275,28.5462445,10.00096,0.08727272727272728,6.0419340432270175e-05,0.0036251604259362104,0.08700385022246904,993059.5,0.011494252873563218,15,0.040229885057471264,0,-1
0xa6a97c1e6f99c64579d2e576c0c3af4304ee314d,usdc,2016,305.16169384290026,2.125254,0.16418650793650794,0.00011401817852790716,0.00684109071167443,0.16418617708018632,526231.8761329305,0.002403204272363151,235,0.014953271028037384,0,-1
0xaa55c799ee5c13d4f3bb5d908b47bcfa52be3ab0,usdc,533,1650.8935764516127,0.0036,0.058161350844277676,4.031866834981933e-05,0.00241912010098916,0.058058882423739834,1488144.3870967743,0.02857142857142857,12,0.07142857142857142,0,-1
0xcc3c9a8b10e248b282f66e34b576e3c52365a974,usdc,1617,20468.5584766758,54901.105648,0.13543599257884972,9.404910446893644e-05,0.005642946268136187,0.1354307104352685,637964.607305936,0.0814081408140814,161,0.050605060506050605,0,-1
0x4995d9e93ff133b47c25a10ed72b346ce50e7c84,usdc,1,59118.3260942931,100.0,58.0,0.053289231900036746,3.197353914002205,76.73649393605292,1125.9310344827586,0.39344262295081966,16,0.11475409836065574,0,-1
0x54f9a25a86a9d5166ee328b0f001cd8f2e563842,usdc,766,1071.2799107542942,800.0,1.748041775456919,0.0012133588727705777,0.07280153236623466,1.7472367767896317,49449.50858849888,0.001367053998632946,1313,0.01845522898154477,0,-1
0xfc988c70f2bf2bb702320c94beb70db6fd1b980f,usdc,64,1367.0694936470588,3539.090696,0.265625,0.00018171323513692627,0.010902794108215576,0.2616670585971738,330190.5882352941,0.0,13,0.01485148514851485,0,-1
0x63fbd988d119cf0a0d753e9bf6431a03e4a9bb4f,usdc,236,24480.524575099997,30000.0,0.0847457627118644,5.8711907714274975e-05,0.003522714462856499,0.08454514710855597,1021939.2,0.0,10,0.09523809523809523,0,-1
0x1b0b8f1dce2802318d9eb810b4168bf3cc2ea940,usdc,1,0.0009716666666666667,0.00265,3.0,1.25,75.0,1799.9999999999998,48.0,0.0029239766081871343,1,0.0043859649122807015,0,-1
0xfd9ee399e2e5893a788c4c923297ba01328a3c87,usdc,1,0.0037916666666666667,0.000125,3.0,0.4545454545454546,27.272727272727273,654.5454545454545,132.0,0.3333333333333333,2,0.6666666666666666,1,2
0x2a6352705d283be8b6e729963f1e28ba7aae6fcd,usdc,630,31730.199349317045,440143.635811,1.2015873015873015,0.0008338383728233458,0.05003030236940075,1.2007272568656182,71956.39101717305,0.0035810205908683975,386,0.05222321695016413,0,-1
0xe1573e4ef81ea3d135759765eb6362b9c3920256,usdc,35,23642.816503940354,10.0,219.88571428571427,0.15098366959374093,9.059020175624456,217.41648421498692,397.3939708939709,0.0206,1405,0.213,0,-1
0x20aed21552e78f646207ffbf5b0277a57af0a3c8,usdc,358,21992.241121926825,12053.009131,0.3435754189944134,0.00023804409041030674,0.014282645424618403,0.3427834901908417,252054.1463414634,0.05313092979127135,90,0.036053130929791274,0,-1
0x6b5efbafb44ac4763008e6a1c5c1672c6259c885,usdc,12,5664.32195275,0.0,2.6666666666666665,0.0017696178731405187,0.10617707238843113,2.548249737322347,33905.625,0.4146341463414634,17,0.34146341463414637,0,-1
0x31084bfc1b19ae058e9b7a1ee2f82fc28eb58bde,usdc,1233,14905.719590261113,0.0,0.43795620437956206,0.000303901780895389,0.018234106853723342,0.4376185644893602,197432.20925925925,0.04075235109717868,327,0.05590386624869383,0,-1
0x20aeb0fe162279ffb9497fe82217f90d14c8a3c8,usdc,227,10408.636363636364,10000.0,0.09691629955947137,6.716872233488248e-05,0.004030123340092949,0.09672296016223078,893272.9090909091,0.009433962264150943,0,0.02830188679245283,0,-1
0xac4ece348709d0e680a81149f4ed4ef07d48aab0,usdc,27,4181.173236311111,1752.987713,1.6666666666666667,0.0011500774385475288,0.06900464631285173,1.6561115115084415,52170.4,0.2268041237113402,21,0.14432989690721648,0,-1
0x7ab551d0729f65728912626e1138c611a39396f9,usdc,1325,54044.41062569444,100.0,0.10867924528301887,7.547024909497283e-05,0.0045282149456983695,0.10867715869676088,795015.2638888889,0.012430080795525171,95,0.010565568676196395,0,-1
0xe3985e6b61b814f7cdb188766562ba71b446b46d,usdc,363,4107.64289478564,1446.730332,10.666666666666666,0.007387502756958027,0.4432501654174817,10.63800397001956,8121.824380165289,0.0076,1922,0.0507,0,-1
0x876eabf441b2ee5b5b0554fd502a8e0600950cfa,usdc,22,176921.97759420515,53272933.532083,30.136363636363637,0.02047852200463006,1.2287113202778037,29.489071686667288,2929.8989441930617,0.0,227,0.0264,0,-1
0x67336cec42645f55059eff241cb02ea5cc52ff86,usdc,3,2738.078484902268,530.934366,617.3333333333334,0.4061759803491534,24.370558820949203,584.893411702781,147.71922246220302,0.0,958,0.005,0,-1
0x512478743b6160a8c83b5f46800ef4dd4acda798,usdc,1,0.09000000000000001,0.09,3.0,3.0,180.0,4320.0,20.0,0.0,1,0.09090909090909091,0,-1
0xa1ed638d72bb3b67600ef86bec9f415aad4b9b67,usdc,195,321809.7363885204,0.0002,1.5076923076923077,0.0010455192034139402,0.06273115220483641,1.505547652916074,57387.755102040814,0.07906976744186046,219,0.04837209302325581,0,-1
0xf215aa48a4eb6a1bbf84f936e74284933b92ca18,usdc,312,2420.2114061595444,0.000499,1.125,0.0007806595705972024,0.04683957423583214,1.1241497816599713,76858.08547008547,0.06936416184971098,236,0.04696531791907514,0,-1
0x0af416eb473c5bd2b674f2d8e9a612804b9dc3bb,usdc,96,6035.990549307693,2927.0,0.2708333333333333,0.00018792318856501855,0.011275391313901111,0.2706093915336267,319279.3846153846,0.004317789291882556,17,0.0069084628670120895,0,-1
0x504d10f57cda34c643eb5258b357b8dee841a43e,usdc,1455,100026.43288522221,0.0,0.012371134020618556,8.58544082852175e-06,0.0005151264497113051,0.012363034793071319,6988575.333333333,0.002012072434607646,9,0.014084507042253521,0,-1
0x119eb51b7045f61136fa92b9eff475fea26bf383,usdc,35,441.50005,766.0,0.11428571428571428,7.753500705568565e-05,0.004652100423341138,0.11165041016018733,773844.0,0.0006127450980392157,1,0.0012254901960784314,0,-1
0xc603e567eeaf8dd4de2b8f734dcb7e79c7010259,usdc,462,150.53876972222224,0.0,0.07792207792207792,5.409167457006134e-05,0.0032455004742036804,0.07789201138088833,1109228.0,0.0045632333767926985,18,0.009126466753585397,0,-1
0x9739b984addfdfc0091607b21d77d6f59cada375,usdc,326,2770.797562710811,0.001168,1.1349693251533743,0.0007858836603317364,0.04715301961990418,1.1316724708777002,76347.17837837838,0.06984553391537945,234,0.05977165883143049,0,-1
0xc4102f4f8a7a77ceb8e2f0f65bf561f473f7aada,usdc,965,66869.7141968209,199724.0,0.0694300518134715,4.817306179640367e-05,0.0028903837077842204,0.06936920898682129,1245509.3731343283,0.23469387755102042,31,0.1326530612244898,0,-1
0xed81c2dd2ac36c722123e47ea463f1b0c3bb1569,usdc,27,3423.350669833333,390.0,0.2222222222222222,0.00015380119657330935,0.00922807179439856,0.22147372306556545,390114.0,0.0,0,0.07317073170731707,0,-1
0x55079c21ce51dc83559cf1cb00e5c046f674ae95,usdc,922,27568.85949090141,0.002247,0.0770065075921909,5.3425250850364445e-05,0.0032055150510218668,0.0769323612245248,1123064.4507042253,0.009404388714733543,42,0.0438871473354232,0,-1
0x34b5e540d371a564f6b265e0c87a657efd7dd62a,usdc,122,12054.026681122386,0.0003,2.7459016393442623,0.001901980444234501,0.11411882665407005,2.7388518396976815,31546.06567164179,0.16355810616929697,186,0.08608321377331421,0,-1
0x726e9e074b5ad64f30f4e54f60492a3fc4378b21,usdc,151,106779.27081389041,30009.948428,0.48344370860927155,0.0003338296572438292,0.02002977943462975,0.480714706431114,179732.38356164383,0.004405286343612335,32,0.07048458149779736,0,-1
0x81bd95590759b95e73aea2ee855cf86e96fcefd3,usdc,509,6645.580874693549,0.007,0.12180746561886051,8.444650627097032e-05,0.005066790376258219,0.12160296903019725,710508.9677419355,0.2727272727272727,35,0.18181818181818182,0,-1
0x5b129e000a17cbb8d0a60fb33eef7e5be8ec11eb,usdc,389,2047.6034902222223,400.268179,0.2544987146529563,0.0001765592770129452,0.010593556620776712,0.2542453588986411,339829.2121212121,0.039603960396039604,39,0.1188118811881188,0,-1
0x0c3c41fb7ef497a2b694b9d54918b613939cfd0e,usdc,231,80.29802600000001,123.886052,0.017316017316017316,1.2016392763007295e-05,0.0007209835657804377,0.017303605578730504,4993179.0,0.0,2,0.15384615384615385,0,-1
0x2eb2785b8479c27f1bb25f02dccb7f9a4acec1f9,usdc,1,0.004419666666666666,0.001312,3.0,0.005845674201091192,0.35074045206547155,8.417770849571317,10264.0,0.0,2,0.4,0,-1
0xdd6835c55bc2d4a6ddb168b956e4cf1a3a66e621,usdc,362,11139.592659859902,0.0,0.5718232044198895,0.00039609886627702277,0.023765931976621364,0.5703823674389128,151477.33333333334,0.019329164297896533,136,0.011938601478112564,0,-1
0x92fa8bd9fc33d0b3ac57697ca6121bf845f824e1,usdc,1,0.000675,0.0007,4.0,0.002623294858342078,0.15739769150052466,3.7775445960125915,22872.0,0.75,2,0.75,1,2
0x38a51149251d83fb7bee4d303308afece9b6617e,usdc,329,16905.266790769234,29928.512622,0.03951367781155015,2.7426218198772572e-05,0.0016455730919263541,0.03949375420623251,2187687.6923076925,0.0,6,0.03164556962025317,0,-1
0x91652e7e861c0ec5e7e942f3e50af5b00e6cb4a0,usdc,529,53244545490289.734,280612.0,2.0793950850661624,0.0014415256898224617,0.0864915413893477,2.075796993344345,41622.567272727276,0.05806451612903226,489,0.039589442815249266,0,-1
0x8efa3873c807606006f8823e6ebf64e03c0908b2,usdc,1,4066.12116275,0.0,4.0,0.04962779156327544,2.977667493796526,71.46401985111663,1209.0,0.01282051282051282,2,0.019230769230769232,0,-1
0x573c452dab249cfc6d0e0a0b41488db50ab40c06,usdc,1591,202.5370703932584,13.509385,0.05593966059082338,3.8835284439113874e-05,0.0023301170663468326,0.05592280959232398,1544986.7528089888,0.005,52,0.075,0,-1
0xe6fd5683800cd77397e749daac7155482567d565,usdc,964,64713.20193015873,1998.8,0.06535269709543569,4.537466509175766e-05,0.002722479905505459,0.06533951773213102,1322323.8095238095,0.0012033694344163659,35,0.01444043321299639,0,-1
0x9da3eb288edff6922e2581c5ad678b59b1b68ab2,usdc,2,7.6767546,0.0,2.5,0.0012794922974563693,0.07676953784738216,1.8424689083371717,46893.6,0.008403361344537815,2,0.01680672268907563,0,-1
0x064bc14745368c00586f2f7c2a3f7bf21eed960e,usdc,19,0.0074232000000000005,0.00205,0.2631578947368421,0.00018059538687143775,0.010835723212286265,0.2600573570948704,332234.4,0.0,3,0.05172413793103448,0,-1
0xf1ed2c5c34b7a8c5c36631b4d8867e09b445005d,usdc,1,3468.101942291667,0.000416,24.0,0.8219178082191781,49.31506849315068,1183.5616438356165,73.0,0.023809523809523808,1,0.07142857142857142,0,-1
0xc727eb69ccf89d5911042f21be25a193d67e2c23,usdc,9,0.053011444779722396,174.564124,368.22222222222223,0.23700207394693557,14.220124436816134,341.2829864835872,253.16234158117078,0.3313,3314,0.0001,0,-1
0xea81ce54a0afa10a027f65503bd52fba83d745b8,usdc,95,24684.586045817356,191914.22816,2.305263157894737,0.0015957222015234413,0.09574333209140647,2.2978399701937553,37600.5296803653,0.0,127,0.0091,0,-1
0xfe7099d184a8a3417877de80a54ddbaa98ca5920,usdc,1105,4001316.9355728477,0.000153,1.8660633484162896,0.0012954207692512593,0.07772524615507556,1.8654059077218135,46316.99709020369,0.07584234738281735,1498,0.04028347631480791,0,-1
0x0450ab269c0e71b2bf644622d236e1fda13488f9,usdc,4,0.0,0.0,7.0,0.0046210720887245845,0.27726432532347506,6.654343807763402,12984.0,1.0,1,0.10714285714285714,0,-1
0x801460b0cc5246958a8ac9190d9c4eb99fa5fd22,usdc,495,975.9829086490066,13.181919,0.30505050505050507,0.00021144372656265316,0.01268662359375919,0.30447896625022053,283763.44370860927,0.03431372549019608,79,0.13725490196078433,0,-1
0xccb5e32f9c266f3b12f59a4f59b19ae11a78b2d8,usdc,1228,12838.298295754863,0.000236,0.20928338762214985,0.00014530501954776554,0.008718301172865933,0.20923922814878237,412924.4824902724,0.12253829321663019,189,0.04157549234135667,0,-1
0x69ed24795649c23f9c13bfe317432fe0e679f1f6,usdc,2051,29152.97949192459,0.0,0.14870794734275963,0.00010325617792856315,0.006195370675713789,0.1486888962171309,581079.0327868853,0.013349514563106795,166,0.014866504854368932,0,-1
0x71fd2dd47ed3350e4d8d1ee16a26db2434ca8608,usdc,1909,79.04693481818182,5.0,0.005762179151388162,4.000271557828601e-06,0.0002400162934697161,0.005760391043273186,14998981.727272727,0.0,4,0.016722408026755852,0,-1
0x5eb2aa8d6ca8ba67c9e91dcb592c9e0be4276f23,usdc,71,17553.04109840093,3205.825,9.098591549295774,0.006231707622941173,0.3739024573764704,8.973658977035289,9628.179566563467,0.03918954945347907,532,0.01652892561983471,0,-1
0x0d2f79190f77888ee7e3a07e19e2768582865bb3,usdc,326,30096189915458.223,0.000494,4.911042944785276,0.0034055279738278476,0.20433167842967084,4.9039602823121,17618.41349156777,0.1549569564009997,1005,0.08469869480699806,0,-1
0x5fe121ede167f7107dca59cf79ab473ac06e0d0f,usdc,501,22775.667642463413,0.0,0.16367265469061876,0.00011351818893635119,0.006811091336181071,0.1634661920683457,528549.6585365854,0.04198473282442748,62,0.0057251908396946565,0,-1
0x0cd266b12cdd2142b6f864953d917d22026ae212,usdc,22,564.5336234545455,1210.0,1.0,0.0006755843804891231,0.040535062829347386,0.9728415079043373,88812.0,0.038461538461538464,6,0.23076923076923078,0,-1
0x5738ca7dcdef97d99dd81a5b19d88d8981398f43,usdc,552,3788.8240305,0.005481,0.07246376811594203,5.0298774721847775e-05,0.003017926483310867,0.0724302355994608,1192872.0,0.0069084628670120895,12,0.024179620034542316,0,-1
0xf6e48f44fb0e09c0eac07f0ed1538180087048cc,usdc,49,18590.322652572915,0.000838,1.9591836734693877,0.0013335518876704793,0.08001311326022877,1.92031471824549,44992.625,0.013861386138613862,64,0.011386138613861386,0,-1
0x1db919509f535dff62361480c9ab02939d0c5c43,usdc,1035,10463874772083.672,8448.0,1.1082125603864734,0.0007693928933318254,0.046163573599909524,1.1079257663978286,77983.56408020924,0.09936382914268403,790,0.06876704029082097,0,-1
0xd54b5c9c2598c3930509ba9b5e1c211101059f59,usdc,39,57670.65690434393,46044.0,50.02564102564103,0.033913566469547324,2.0348139881728393,48.83553571614814,1769.2034853921066,0.0627,1349,0.0324,0,-1
0x82a5ea2cf42e13ae8ae21bdf084648d8929356d7,usdc,59,5494.309722322581,0.0,0.5254237288135594,0.0003622240086746808,0.02173344052048085,0.5216025724915403,165643.35483870967,0.004269854824935952,17,0.005977796754910333,0,-1
0xe0578d807374825106efb8206c1eba97028a3ed4,usdc,131,20531.894685533953,0.0003,5.732824427480916,0.003963504096500506,0.23781024579003032,5.707445898960728,15138.119840213049,0.2916224814422057,493,0.061505832449628844,0,-1
0x9426f8cc4dce2dde57a6d8dc05db20207e10cb71,usdc,178,197400.87476584048,0.001,23.59550561797753,0.01632392893649603,0.9794357361897618,23.506457668554283,3675.5857142857144,0.20125909895730867,2873,0.10112138500885304,0,-1
0x43b7cfba50c05574a1279e6859c0105875e29bcd,usdc,680,30982.254499112743,0.0005,0.6,0.00041658711010050163,0.0249952266060301,0.5998854385447223,144027.5,0.08669950738916256,118,0.10246305418719212,0,-1
0x434d9180c98feefe33349020e1748e8c1e896704,usdc,1,0.6936419616858239,87.015545,261.0,1.7950481430536451,107.70288858321871,2584.869325997249,33.42528735632184,0.0,260,0.002512562814070352,0,-1
0x2d832b4e4b39208109f4a6ffafeaaf4d6c63b57f,usdc,1236,156.10546011999998,0.010123,0.020226537216828478,1.4045819711229184e-05,0.0008427491826737511,0.020225980384170023,4271733.6,0.0,12,0.04887218045112782,0,-1
0x7ccc302f005b8df9446010b80623e19ac9c6092b,usdc,100,2680.7548665057034,2615.0,2.63,0.001825808180453717,0.10954849082722301,2.6291637798533523,32862.15969581749,0.2992957746478873,187,0.19718309859154928,0,-1
0x5e77904b50cb905a0cffc74ada6575db620ac093,usdc,229,16109.96308515062,51793.010603,2.8122270742358078,0.0019496966163075773,0.11698179697845464,2.8075631274829114,30774.018633540374,0.12085308056872038,380,0.039691943127962086,0,-1
0xec87c9d43fa2110b70bc2984c368456a55c93ee8,usdc,53,0.00029494117647058826,0.0,0.32075471698113206,0.00022167166514539053,0.013300299908723431,0.31920719780936235,270670.5882352941,0.01735357917570499,2,0.006507592190889371,0,-1
0x0d1fb39e1d1728ba59cbff8169382d0da9b1b177,usdc,579,342115.8058911213,0.000342,0.05699481865284974,3.953136406445673e-05,0.0023718818438674036,0.05692516425281769,1517782.1818181819,0.044673539518900345,15,0.027491408934707903,0,-1
0x884c50f5b25aee0cddb23b6a408148ab332f2b7a,usdc,361,11.308536666666669,0.118804,0.0332409972299169,2.3083555159886323e-05,0.0013850133095931793,0.0332403194302363,2599253.0,0.03225806451612903,6,0.16129032258064516,0,-1
0x61ad86389dd38f91585309de234775466221084f,usdc,1,0.07766032667554373,47.338154,2253.0,3.1598877980364657,189.59326788218794,4550.23842917251,18.988015978695074,0.000508646998982706,2252,0.00033909799932180403,0,-1
0x6b46d6dc0b69d7f455e86ce0e55e96d3b0d0fed4,usdc,1,1473.4455808181815,0.00081,11.0,0.0048681182510178795,0.2920870950610728,7.010090281465747,12325.09090909091,0.1346153846153846,2,0.19230769230769232,0,-1
0xb33ce6be786433da5846a98185d9a4c1c5b80cf4,usdc,1,0.09000000000000001,0.09,3.0,1.0,60.0,1440.0,60.0,0.0,1,0.07317073170731707,0,-1
0x68360457a590318778fc346cde64e327dc6a5c0a,usdc,22,26125.793199909313,176520.94,74.18181818181819,0.051163723916532906,3.0698234349919744,73.67576243980739,1172.7058823529412,0.0,834,0.0162,0,-1
0x76dbca0a88cbbfd353f4a147dd701c1f1027ada7,usdc,1,0.11398372471190785,66.339115,1562.0,2.4052971974129966,144.3178318447798,3463.627964274715,24.9449423815621,0.00021668472372697725,1561,0.0004333694474539545,0,-1
0x4ffd1989d607d07815eb1971cfb5b09cbea23697,usdc,588,72372.05477740588,38588.99,8.736394557823129,0.006063285736678004,0.36379714420068027,8.731131460816327,9895.62468366751,0.028076923076923076,2361,0.013461538461538462,0,-1
0xfe359dea9cd4d7908c6e6cf0e44090140407efcf,usdc,1356,463095.0926420482,0.000599,0.8414454277286135,0.0005843051090039274,0.03505830654023565,0.8413993569656556,102686.07800175285,0.13677950594693505,757,0.06541628545288197,0,-1
0x532f14a606e50a416bae208c9e044eb187c4b0e7,usdc,314,7906.544261106611,150.0,1.4936305732484076,0.0010362286755627671,0.06217372053376603,1.4921692928103847,57902.277185501065,0.0131,324,0.0057,0,-1
0xbbe61b6a1be649457b85b4fb4ac782bd75d27cab,usdc,83,15779.172988531642,0.000119,1.9036144578313252,0.0013072003574117433,0.0784320214447046,1.8823685146729103,45899.620253164554,0.11290322580645161,106,0.08064516129032258,0,-1
0x01c57fea4f893352c80b5ef82767f86c3f6e4a34,usdc,57,642632.2728645001,1284722.322656,0.14035087719298245,9.600798786459035e-05,0.00576047927187542,0.1382515025250101,624948.0,0.0,4,0.02112676056338028,0,-1
0xd4f480965d2347d421f1bec7f545682e5ec2151d,usdc,15,25465.337315521956,500000.005996,250.46666666666667,0.16803227364617065,10.081936418770239,241.96647405048571,357.0742613787597,0.0001,1948,0.0665,0,-1
0x6d530c88f583478fdc2e553f872bbe6ddd89c7ee,usdc,2045,74689.73630662086,0.0,0.10317848410757946,7.164632062074825e-05,0.004298779237244895,0.10317070169387747,837447.0521327014,0.02049469964664311,130,0.02756183745583039,0,-1
0xf493c3bbd1a02cff63cd44a06431037eb6fa702e,usdc,468,6674.067331433963,995.598001,0.11324786324786325,7.854788961087079e-05,0.004712873376652248,0.11310896103965393,763865.2075471698,0.003875968992248062,19,0.05813953488372093,0,-1
0xb9362e670ca26cfb96731b992bc9e367d0c3831c,usdc,99,127181.53318420102,10.141713,99.18181818181819,0.0685983277629358,4.115899665776149,98.78159197862756,874.6568897036358,0.3527,3153,0.4488,0,-1
0x14840ba7fda8ee816636aa8dc73ad364dc95ab3c,usdc,476,40450.81231599001,12733.386281,2.1029411764705883,0.0014589514322209936,0.0875370859332596,2.1008900623982303,41125.42657342657,0.0656320119670905,495,0.031600598354525056,0,-1
0x87a9c748142383287f2fd0602fd1a64621f7958b,usdc,190,9222.885560363635,106.362391,0.05789473684210526,4.0032666655991294e-05,0.0024019599993594775,0.05764703998462745,1498776.0,0.02564102564102564,6,0.15384615384615385,0,-1
0xd9f76930d7df99aef4dc4cff48ee236d4583c28a,usdc,45,148.0199299364706,135.28,75.55555555555556,0.0514923700423449,3.0895422025406942,74.14901286097665,1165.2211764705883,0.0012,1746,0.0031,0,-1
0x5db201ae15f9702f0a0ff9f00b8c1c18355373d0,usdc,1201,71444.31635569231,9249.97,0.08659450457951708,6.0092035574947305e-05,0.0036055221344968385,0.08653253122792412,998468.4230769231,0.00350385423966363,53,0.0161177295024527,0,-1
0x51180f1aae893c954170c67fc5eca0dc8fbbd01a,usdc,182,18968.9172658482,43227.0,5.791208791208791,0.004008326976040549,0.24049961856243293,5.77199084549839,14968.838709677419,0.22350230414746544,557,0.10311059907834101,0,-1
0x97315ceca8a0c54e79bc97fda129beab514a2f2e,usdc,115,11442.52164,4851.3041,0.043478260869565216,2.9984252270707423e-05,0.0017990551362424454,0.04317732326981869,2001050.4,0.011494252873563218,2,0.04597701149425287,0,-1
0x9f524b11c7f7511705892396d329c184a251a50c,usdc,1,0.0077269999999999995,0.00869,4.0,0.21978021978021978,13.186813186813186,316.4835164835165,273.0,0.0,2,0.75,0,-1
0xb11d996faf74246a29bb44f84f42a0035eecc853,usdc,39,669984.9055773333,301582.712828,0.15384615384615385,0.00010453435173021774,0.006272061103813065,0.15052946649151355,573974.0,0.0,3,0.08571428571428572,0,-1
0x5cf9267a9d3c763aa54bfd43b6b222b19dcce68b,usdc,7,0.0,0.0,0.42857142857142855,0.0002936110241152521,0.01761666144691513,0.42279987472596303,204352.0,0.0410958904109589,0,0.0410958904109589,0,-1
0x9c47901308b7ee80eb1d560ef3fdde5f9ffe7be6,usdc,387,176258.72239705882,0.0,0.04392764857881137,3.049594296325849e-05,0.0018297565777955094,0.04391415786709223,1967474.8235294118,0.02710027100271003,15,0.008130081300813009,0,-1
0xe5ef585b716f52c0b0fa47d096cf14dadd2d0480,usdc,87,20676.24567910056,58519.0,2.057471264367816,0.001415928643524539,0.08495571861147234,2.038937246675336,42375.01675977654,0.0049382716049382715,8,0.037037037037037035,0,-1
0xd05cefd7d967f656b551307975b62adc010dd012,usdc,126,12226.061986441857,74258.882481,1.0238095238095237,0.0007073252577624834,0.04243951546574901,1.0185483711779761,84826.6046511628,0.0,0,0.13636363636363635,0,-1
0x0cda178e0676a958cc4982a14b3108c29f57555b,usdc,1728,20384.553742054544,0.001,0.15914351851851852,0.0001104784571561597,0.006628707429369583,0.15908897830486998,543092.3054545454,0.1918158567774936,175,0.058823529411764705,0,-1
0x7d003e85d0f9775cf28aa08d335e18d464c691a3,usdc,354,1424.6423836751271,1086.525736,0.556497175141243,0.00038584115722576685,0.023150469433546008,0.5556112664051042,155504.40609137056,0.0008,109,0.0025,0,-1
0xe228dc51eb4fb9077118c2b02657364a8839d766,usdc,93,38292.752850344186,0.0,2.3118279569892475,0.0016023085166796591,0.09613851100077954,2.307324264018709,37445.97209302326,0.08479834539813857,151,0.04653567735263702,0,-1
0x97a601280192e57dab4718f9702c7ab0c7eee05e,usdc,75,0.00071,0.00025,0.13333333333333333,9.231803192726817e-05,0.00553908191563609,0.13293796597526614,649927.2,0.25,5,0.1875,0,-1
0xd3fdc0aad86bc625d274ef0ea2c0c6581ffcd073,usdc,295,36571.42857142857,4000.0,0.023728813559322035,1.644331168297295e-05,0.0009865987009783771,0.02367836882348105,3648900.0,0.0045662100456621,6,0.0091324200913242,0,-1
0xc6b7131bcf36a877787ae5b8fee60c72d297d5be,usdc,71,5.4000000000000005e-05,0.0,0.22535211267605634,0.00015608263795266404,0.009364958277159842,0.2247589986518362,384411.75,0.11347517730496454,1,0.04964539007092199,0,-1
0xe66a9179d3ad62cc12b9389738b379bac625741e,usdc,44,1637.5070832857143,0.100245,0.7954545454545454,0.0005415642852279831,0.032493857113678984,0.7798525707282956,110790.17142857143,0.17,10,0.17,0,-1
0x88886b7a8a61b681c368bb710b0ccb84fc58f946,usdc,94,38495.774224975,5.0,1.702127659574468,0.001179638263926367,0.07077829583558203,1.6986791000539685,50863.05,0.0,0,0.0063,0,-1
0x7745524788c5e742c542f3358fd5f1d1a7dcdd16,usdc,489,3077.0290737972973,1933.864113,0.30265848670756645,0.00020991806103793135,0.01259508366227588,0.3022820078946211,285825.8108108108,0.27184466019417475,128,0.03155339805825243,0,-1
0x08e1d7fe7dd289e19c11bff9cb663ca4afe61d03,usdc,179,3822.45189375,12309.807575,0.0223463687150838,1.548879540540373e-05,0.000929327724324224,0.022303865383781374,3873768.0,0.0,0,0.0125,0,-1
0xba9ac26abcf4b240f2888ab3accb14fac0929a10,usdc,329,9464.548606632185,0.0,0.26443768996960487,0.00018354515569481546,0.011012709341688928,0.2643050242005343,326895.0344827586,0.01881894873458793,30,0.02336145360155743,0,-1
0x9acbb72cf67103a30333a32cd203459c6a9c3311,usdc,25,3127.9399637737147,335636.542778,35.0,0.023682572333342356,1.4209543400005413,34.10290416001299,2533.5085714285715,0.0,405,0.0275,0,-1
0x66e229724bb5b54517fc8423fb7c0d509da63a27,usdc,112,90359.9171519307,1000000.0,3.607142857142857,0.0024852239900394193,0.14911343940236513,3.5787225456567633,24142.69306930693,0.10147058823529412,344,0.052941176470588235,0,-1
0xdaf0cbb3417ab1d30254188c0260986a46194d79,usdc,441,3171.038794923077,2500.735216,0.08843537414965986,6.128460065697093e-05,0.0036770760394182547,0.08824982494603813,979038.7692307692,0.0851063829787234,21,0.0851063829787234,0,-1
0xa34eb615ad8c6d782eb9a929d6c48e64e53c8602,usdc,34,44934.36611860975,2000.0,3.6176470588235294,0.00245996064062975,0.14759763843778498,3.5423433225068397,24390.634146341465,0.012282497441146366,101,0.012282497441146366,0,-1
0x5cd08c041bf2e4653929a45a35b711f704ec9bfa,usdc,30,1791.47909875,5000.126313,0.26666666666666666,0.00018472508289538097,0.011083504973722857,0.2660041193693486,324807.0,0.0,2,0.2222222222222222,0,-1
0xa03400e098f4421b34a3a44a1b4e571419517687,usdc,4,47324.16677798499,23995.616461,549.5,0.30828354231535243,18.497012538921147,443.92830093410754,194.6260236578708,0.0024,698,0.0569,0,-1
0x1de3cee10deea8d452764d15f4f1f7cde47c4ab9,usdc,75,7351.531634798742,8526.711112,2.12,0.0014668492079014277,0.08801095247408566,2.1122628593780557,40904.0,0.4228571428571429,99,0.24,0,-1
0x4534bd2ed3765d0dfc0b0be9d507f00cfc17cf82,usdc,7,10335.317554,1999.454714,19.714285714285715,0.012090627135572728,0.7254376281343637,17.410503075224728,4962.521739130435,0.08561020036429873,90,0.0692167577413479,0,-1
0xaf682de1f2e6f710731121a05a44cb3c1b511f7d,usdc,1,12433.974144602871,2338.438269,1672.0,0.8144179249878227,48.86507549926936,1172.7618119824647,73.67224880382776,0.0,908,0.0047,0,-1
0x14ab9f431b7d25fcad366ec9511dce38e229745c,usdc,1529,1033.6959590196077,0.499798,0.033355134074558535,2.3151568027330473e-05,0.0013890940816398282,0.033338257959355876,2591617.117647059,0.0,26,0.023809523809523808,0,-1
0x3c6369cc3c8c9227e78d543e10e236ef0bee8d5a,usdc,1,0.09000000000000001,0.09,3.0,2.5,150.0,3599.9999999999995,24.0,0.0,1,0.07692307692307693,0,-1
0x87b974bbeb18f4c8851232607943905009023545,usdc,6,0.009777727841845139,28.643257,505.8333333333333,0.31912432705248994,19.147459623149395,459.5390309555854,188.0144975288303,0.3034,3035,0.0001,0,-1
0xddecf1a532bb460ac2365b744547bf0eabdeb3f5,usdc,17,0.05056553692614772,37.344466,88.41176470588235,0.058232340451910856,3.4939404271146515,83.85457025075164,1030.3552894211577,0.2701740506329114,1501,0.0005933544303797469,0,-1
0xe1020f4a986eaa2ca3a4444cf24c96ea3dd6f9f8,usdc,248,363387.5428510819,700000.453626,18.81048387096774,0.01303711371437291,0.7822268228623745,18.773443748696987,4602.2456591639875,0.2427007299270073,2987,0.046167883211678834,0,-1
0x403236a738917ef1fb1c7ca34049f312f0dcd664,usdc,1,0.09491033978494627,60.376462,1860.0,1.5998623774298986,95.99174264579392,2303.801823499054,37.50322580645161,0.0012282856641516056,1856,0.0008773469029654326,0,-1
0xd98c258c20291d6d5e8c77c8af57d735e78b4fd1,usdc,75,145.98835100000002,35.0,2.9066666666666667,0.0020176479407959156,0.12105887644775495,2.9054130347461187,29737.596330275228,0.0009357454772301934,12,0.009357454772301934,0,-1
0x9e6597919779e51b0a02ffa0bb8d202d8feea78a,usdc,3,0.0005272727272727274,0.0005,14.666666666666666,0.009459924320605436,0.5675954592363261,13.622291021671826,6342.545454545455,0.9772727272727273,16,0.11363636363636363,0,-1
0xc7c7c5eb70f831f757d5ad5e5e6a0b52534834b7,usdc,164,2714.3816334,2005.71,0.06097560975609756,4.2306660676043514e-05,0.002538399640562611,0.060921591373502657,1418216.4,0.0,5,0.4,0,-1
0xb7a0f4fe82302f5ee06611a54f8d4d93942ce4a3,usdc,1033,118.23371227777777,307.0,0.017424975798644726,1.2098487468381079e-05,0.0007259092481028647,0.01742182195446875,4959297.611111111,0.0,9,0.13636363636363635,0,-1
0x9dec8cf4b401bcd656179cee58b3826aa0b8bb9a,usdc,57,2071.9116666666664,4371.76,0.10526315789473684,7.307235137083731e-05,0.004384341082250239,0.10522418597400574,821104.0,0.0,0,0.5,0,-1
0x7a1057e6e9093da9c1d4c1d049609b6889fc4c67,usdc,1490,20577.630261813953,19690.866224,0.028859060402684565,2.0031406139181875e-05,0.0012018843683509126,0.028845224840421898,2995296.465116279,0.0009718172983479105,22,0.004373177842565598,0,-1
0x9c55fe7003376956de115c2d4643a24b3a0f3a11,usdc,1,0.0005764705882352941,0.0001,17.0,0.019340159271899887,1.1604095563139931,27.849829351535835,3102.3529411764707,0.9411764705882353,4,0.11764705882352941,0,-1
0x8583d299508a62d09126bf3c93052e93d8d7c4a2,usdc,117,12173.23605962963,0.0002,0.46153846153846156,0.0003188312355418891,0.019129874132513346,0.45911697918032035,188187.33333333334,0.06321839080459771,32,0.04597701149425287,0,-1
0x6d78a40f63a7b562e3537300ec5abaf07e9c5ef4,usdc,114,6965.815254041667,6000.0,0.21052631578947367,0.00014552704438211038,0.008731622662926621,0.2095589439102389,412294.5,0.0,11,0.018867924528301886,0,-1
0x2a3dd3eb832af982ec71669e178424b10dca2ede,usdc,48,10896.510211413046,255.0,1.9166666666666667,0.0013176928916197597,0.07906157349718558,1.897477763932454,45534.13043478261,0.0002,68,0.0012,0,-1
0x320ebea5b002758f1002259203374f879e46e020,usdc,374,638751.4666036364,6965.915158,0.08823529411764706,6.122710245520681e-05,0.003673626147312408,0.08816702753549781,979958.1818181818,0.00423728813559322,16,0.038135593220338986,0,-1
0xa444e7c65c5d8ddea16d7f11e4f891287df9b56e,usdc,380,1666.3484852499998,1500.0,1.305263157894737,0.0009061585163554305,0.05436951098132583,1.3048682635518198,66213.58064516129,0.1743119266055046,209,0.045871559633027525,0,-1
0x526b4a09a3827a1a153e35b1d0274972a7d9690b,usdc,214,1044.5870415217391,200.0,0.42990654205607476,0.00029847782796386864,0.01790866967783212,0.4298080722679708,201019.95652173914,0.050505050505050504,21,0.1111111111111111,0,-1
0xc8dd0a3a62f5604c96ade697a32293b9fa1244b2,usdc,1823,79876513835048.62,0.00117,1.6269884805266046,0.0011296083670134908,0.06777650202080945,1.6266360484994267,53115.75387727579,0.11066924213157596,2008,0.06908305874332463,0,-1
0x6c6af9b1f261e8788b12b4d1c01bf6858da2113d,usdc,211,111.14831083333333,150.035408,0.05687203791469194,3.939960258934188e-05,0.002363976155360513,0.05673542772865231,1522858.0,0.02112676056338028,7,0.035211267605633804,0,-1
0x729c51892b9a25a6a1e8bbb0ae1fc3ddcefc3573,usdc,624,9703.104392750553,0.0,0.7259615384615384,0.0005036589208446083,0.030219535250676492,0.7252688460162358,119128.23841059602,0.05788982259570495,326,0.022408963585434174,0,-1
0x4d6a9ef08ea25bab3ac04225bab94f9d086b0a7f,usdc,52,584.5779606315789,1154.427543,0.36538461538461536,0.0002526857838977979,0.015161147033867874,0.363867528812829,237449.05263157896,0.08,8,0.16,0,-1
0x358382afe5a41bce31f1c6dda556aec6639c371e,usdc,1,213.36222222222224,1.0,9.0,0.11194029850746268,6.716417910447761,161.19402985074626,536.0,0.2,8,0.2,0,-1
0x17cbe55c0e8e90929db03914bc9a659c8e031702,usdc,20,10943.82051857317,0.00015,20.5,0.01387826393073054,0.8326958358438323,19.984700060251974,4323.30731707317,0.20422535211267606,295,0.215962441314554,0,-1
0xd640333b71b015092d9b3afcff3e427036304370,usdc,90,12580.508555213912,16.351489,57.34444444444444,0.03962799897417155,2.3776799384502927,57.06431852280702,1514.080992055803,0.0038,3003,0.0084,0,-1
0xe0daf14bd0f2878b0d53723782738eb26022c172,usdc,21,3362.250642083333,0.001,0.5714285714285714,0.0003960971230145632,0.02376582738087379,0.570379857140971,151478.0,0.002261420171867933,7,0.002261420171867933,0,-1
0x8b52ef4d95123a3a524cc87d065ed390917fe2c5,usdc,71,17677.18273993311,5200.0,4.211267605633803,0.0028969724215976564,0.17381834529585935,4.171640287100624,20711.277591973245,0.018118796281707893,219,0.008035292264061761,0,-1
0xd1eaf3468b0a592f0e4d4770812aa9ebf8cbdea0,usdc,917,2716.1482484347825,213.056449,0.025081788440567066,1.74052656301461e-05,0.001044315937808766,0.02506358250741039,3447232.652173913,0.0021231422505307855,13,0.01910828025477707,0,-1
0xc8dd3e85c0c497e11610139dcd74d7088b1544b2,usdc,91,29932.784456395217,2999.0,1.835164835164835,0.001262800028431905,0.07576800170591429,1.818432040941943,47513.46107784431,0.02336448598130841,1,0.0514018691588785,0,-1
0x5e53ce97fcd3abe46f1ab45abb3e9a9c5e19f193,usdc,1640,954.3299661935483,41.839932,0.018902439024390243,1.3123233840265042e-05,0.0007873940304159025,0.018897456729981662,4572043.806451613,0.0049504950495049506,12,0.039603960396039604,0,-1
0x68022f4b5a7875ad1774327f1ed7931f0b6d6471,usdc,335,46687.88035682143,170000.0,2.5074626865671643,0.0017365418010419251,0.10419250806251551,2.500620193500372,34551.42857142857,0.38006230529595014,572,0.05711318795430945,0,-1
0x5c683723f59f02a38a8d2457c253c87ed3e0d037,usdc,9,64.56759154651164,88.779468,66.88888888888889,0.04540586203255344,2.7243517219532065,65.38444132687695,1321.4152823920265,0.0,301,0.009536482590374805,0,-1
0xe9f4429f198d33b3d36c2cdeda21a96b1b261c56,usdc,2,0.0010000000000000005,0.001,1856.5,0.9437751004016065,56.62650602409639,1359.0361445783133,63.57446808510638,0.0,3713,0.0001,0,-1
0x4bb001eb02b8eb874bdf85a2d3ce44de3f49b58c,usdc,1247,73863636380070.17,0.0,0.15878107457898957,0.00011025820020305329,0.006615492012183197,0.15877180829239673,544177.2121212122,0.040310077519379844,139,0.06201550387596899,0,-1
0xe9f5880c0d143a5b20b788be061af35689c2b16b,usdc,15,145388.29090986843,500000.0,2.533333333333333,0.0017444476068933224,0.10466685641359934,2.512004553926384,34394.84210526316,0.0821256038647343,24,0.057971014492753624,0,-1
0xbeaa68b899f485a324463575de210e9eb9c1a01a,usdc,1355,6946.8081080974725,0.0,0.2044280442804428,0.00014196270945414756,0.008517762567248854,0.2044263016139725,422646.202166065,0.06580166821130677,147,0.06765523632993513,0,-1
0x55acc961dde7917c0ff8f509e58da64fba8c6336,usdc,333,170.0584248,0.00142,0.015015015015015015,1.040391753272344e-05,0.0006242350519634066,0.014981641247121756,5767058.4,0.0014992503748125937,2,0.0029985007496251873,0,-1
0x54492d997d4d8d3c616a7e4b0ba8ef6d874a47e6,usdc,14,0.1030927845484222,19.81135,65.64285714285714,0.043905328836102694,2.634319730166162,63.223673523987884,1366.576713819369,0.0,2,0.2295369211514393,0,-1
0x111111125421ca6dc452d289314280a0f8842a65,usdc,1,3173.45304758377,1197.174775,2859.0,2.0524048815506104,123.14429289303662,2955.4630294328786,29.233997901364113,0.0,1190,0.008,0,-1
0x278f5a16c7d287156c5934fc25de5e051cc6908c,usdc,524,22044.560613522568,4002.001326,0.8034351145038168,0.000557188445632172,0.03343130673793032,0.8023513617103276,107683.49643705464,0.050286058416139714,240,0.0322192110809997,0,-1
0xc9244855fee34d49d6e7a0dcb289812d734e3c28,usdc,168,25483.20560827273,1996.62,0.19642857142857142,0.00013563814045863777,0.008138288427518266,0.19531892226043837,442353.45454545453,0.01937984496124031,16,0.05426356589147287,0,-1
0xe6f57c6e9e037fd03538cd5f42003c900bab5f1c,usdc,239,661.033715033557,0.0,0.6234309623430963,0.000431353930242253,0.02588123581453518,0.6211496595488444,139096.91275167785,0.171875,99,0.09895833333333333,0,-1
0x5451db0b4bcfa53e4c8ef133fac8e28730f9c7ee,usdc,108,13093.042035263416,13799.432569,47.4537037037037,0.032919204389398535,1.9751522633639123,47.40365432073389,1822.6442926829268,0.1791549295774648,3144,0.0779718309859155,0,-1
0x3f5ce5fbfe3e9af3971dd833d26ba9b5c936f0be,usdc,1645,257597.44754711905,2.037367,0.07659574468085106,5.318571193426662e-05,0.003191142716055997,0.07658742518534395,1128122.5317460317,0.0001,15,0.0011,0,-1
0x5e14eb45ae5dc88f95b53dbb7ec2e4cc6be722a3,usdc,358,0.001089276923076923,0.0,0.18156424581005587,0.00012603655370301212,0.007562193222180728,0.18149263733233745,476052.3692307692,0.7631578947368421,12,0.039473684210526314,0,-1
0xfb5adf709291a5f2fee3a70b378e8206947d1889,usdc,1,1000.0,1000.0,3.0,0.1724137931034483,10.344827586206897,248.27586206896552,348.0,0.0,1,0.5,0,-1
0x4e7b6aafbf5bc0f2ac99c76f5f30d1c16438267c,usdc,45,704.0,700.0,0.5555555555555556,0.00038545746091461346,0.023127447654876808,0.5550587437170434,155659.2,0.0,0,0.08,0,-1
0x8698423284691e8fb7ae7022650fcb00341b7a3c,usdc,398,3825.800019,255.000095,0.02512562814070352,1.7445229828691333e-05,0.00104671378972148,0.025121130953315515,3439335.6,0.0,4,0.024,0,-1
0x1fe1f5a806a6ada625745d4fac9c61bff8a31ba9,usdc,590,14359.586321076924,25572.963652,0.022033898305084745,1.5281558902386748e-05,0.000916893534143205,0.02200544481943692,3926301.0,0.009174311926605505,8,0.013761467889908258,0,-1
0x7981fec15667f85838586602a4e49290311b1c08,usdc,75,2554.612875585273,0.001,108.28,0.0751737020710952,4.510422124265712,108.25013098237709,798.151459179904,0.1821,6145,0.0971,0,-1
0x6d12a3c060e25e6ea18b472612ee501983da7bd7,usdc,16,0.000281,0.000226,0.875,0.0005733944954128441,0.034403669724770644,0.8256880733944955,104640.0,1.0,7,0.42857142857142855,0,-1
0x18e2a492eed2a2371f16c8d04c7233a68579b962,usdc,96,0.0007069611650485436,0.000499,1.0729166666666667,0.0007444197428788663,0.04466518457273198,1.0719644297455675,80599.68932038835,0.5741935483870968,51,0.01935483870967742,0,-1
0x937bc0d9333ded85f4a8a9759aded6c77f3d1c57,usdc,85,189.506496,24.0,0.07058823529411765,4.8979991673401416e-05,0.0029387995004040847,0.07053118800969804,1224990.0,0.0,3,0.08888888888888889,0,-1
0x19f85c55845bf93109ac7172e70f2c06fd6a0467,usdc,88,253.8152865,8.0,0.045454545454545456,3.150176803673106e-05,0.0018901060822038636,0.04536254597289273,1904655.0,0.0,1,0.1875,0,-1
0x5013e430d89d8c733470f52c5de3be87c854bef8,usdc,276,57.31091,0.0,0.050724637681159424,3.515905958556509e-05,0.0021095435751339055,0.050629045803213736,1706530.2857142857,0.007692307692307693,8,0.046153846153846156,0,-1
0x813478f7efe22ff94d05f909495982dd1abc2c37,usdc,167,10757.784043086956,0.0,0.1377245508982036,9.533607624896478e-05,0.005720164574937887,0.13728394979850927,629352.5217391305,0.10526315789473684,14,0.07518796992481203,0,-1
0x6ff1134774f69db4dded33392f1a75cb26a3c50d,usdc,695,1256.58451907815,0.0,0.902158273381295,0.0006257057901436668,0.03754234740862001,0.9010163378068802,95891.71291866028,0.2111925383077948,239,0.04930046635576282,0,-1
0x2fbcb6afdd9bbb796a2d6abfb011014ebee18540,usdc,904,31690.99709970993,105982.559083,0.28982300884955753,0.0002012043385184664,0.012072260311107984,0.28973424746659165,298204.30534351146,0.016296296296296295,182,0.02567901234567901,0,-1
0x3d359cdaad8845d18052f94b9204940d329d91a1,usdc,91,1976.2713342000002,0.000174,0.21978021978021978,0.0001517623401752855,0.00910574041051713,0.2185377698524111,395355.0,0.08163265306122448,11,0.061224489795918366,0,-1
0xdc71a390b2afebef4197f3a8eda42d4466f5fa22,usdc,623,4815.787427235294,1591.174599,0.05457463884430177,3.7896097816516013e-05,0.002273765868990961,0.05457038085578306,1583276.4705882352,0.0,18,0.10077519379844961,0,-1
0x92f3b22035ed58e21b461d2d1904ff8acc3834e1,usdc,5,27510.000231249996,0.0007,4.0,0.0025463434508046444,0.15278060704827867,3.666734569158688,23563.2,0.4,5,0.24,0,-1
0xf9fe994198f740529729a2477159c4d4effc34a8,usdc,162,58058.29694860001,115340.004505,0.3395061728395062,0.0002344052329476586,0.014064313976859515,0.3375435354446284,255966.9818181818,0.020989505247376312,34,0.013493253373313344,0,-1
0xe0e16b928fe68343a59aaf4b9b758d60180df2f7,usdc,621,3970.2557546666667,2772.60989,0.014492753623188406,1.0059096071744156e-05,0.0006035457643046493,0.014485098343311584,5964750.666666667,0.0,5,0.2222222222222222,0,-1
0xf63a56b39b7da217546b5028a34b5eaf08f84b49,usdc,154,390.1364337177915,115.0,1.0584415584415585,0.0007334835699680327,0.04400901419808196,1.056216340753967,81801.42331288343,0.0,67,0.03680981595092025,0,-1
0x25b508ac38f6a623c99271f9272aa80ccb0cd619,usdc,872,2526.8921784137933,2892.868067,0.033256880733944956,2.3085745873383124e-05,0.0013851447524029874,0.033243474057671696,2599006.3448275863,0.0,15,0.012269938650306749,0,-1
0x3a4380d985f94140b57bca0199683a344959606c,usdc,817,52173.79373503798,900.185438,0.0966952264381885,6.714344747096132e-05,0.004028606848257678,0.09668656435818429,893609.164556962,0.013972055888223553,50,0.041916167664670656,0,-1
0x7ccaf3edda4ca3e1f61c81d19019c92dd250fa26,usdc,3,0.12932530709195791,215.589911,982.3333333333334,0.6499779444199383,38.9986766651963,935.9682399647111,92.31082456735663,0.13,2947,0.0001,0,-1
0xbbe4fff74809d7ba64c8c0b6bc0414413a508441,usdc,1,23568.10236666667,70600.0,3.0,0.002470355731225296,0.1482213438735178,3.5573122529644268,24288.0,0.0,0,0.029411764705882353,0,-1
0xc9da61f592456105af41d79dbf593c60a0b0bbcb,usdc,9,0.0005727499999999999,0.000963,1.7777777777777777,0.001203333233055564,0.07219999398333384,1.732799855600012,49861.5,0.34782608695652173,8,0.043478260869565216,0,-1
0xd8a5c712f1e86b7bec7aed8d277a815163b1e985,usdc,6,0.015000000000000001,0.01,0.6666666666666666,0.0004601297565913587,0.02760778539548153,0.6625868494915567,130398.0,0.0,2,0.75,0,-1
0xc259a2f09f57f9e7981037e6b30116eef8af22b6,usdc,55,11.386096999999998,1.952977,0.07272727272727272,4.965169337100242e-05,0.002979101602260145,0.07149843845424349,1208418.0,0.0,2,0.2727272727272727,0,-1
0xea5f1ba23c8a985201233a35654cac237fc22fea,usdc,2,0.06485839591633466,28.881852,2008.0,1.1969480209823558,71.81688125894134,1723.6051502145922,50.12749003984064,0.0004,4010,0.0005,0,-1
0x12f49ca9859b62e0f799235e8e8e055722ae03d8,usdc,81,90493.9086827357,299900.0,7.333333333333333,0.005085947373287989,0.3051568423972793,7.323764217534702,11797.212121212122,0.14794732765298219,297,0.031758326878388844,0,-1
0xcad97616f91872c02ba3553db315db4015cbe850,usdc,11,1987.582726080749,998.798194,296.09090909090907,0.19482461597358475,11.689476958415083,280.54744700196204,307.9692968989868,0.0,3044,0.0006,0,-1
0x7b4b2f4869e53a4fe7817e0524012dcd525cfd48,usdc,32,265632.08444825,375010.001574,0.75,0.000511328046769472,0.030679682806168323,0.7363123873480397,117341.5,0.005025125628140704,17,0.005025125628140704,0,-1
0xb058aca544254432e4847968591bf9aacdeced7e,usdc,36,12883.438212615387,0.000971,0.7222222222222222,0.0005014638888138837,0.030087833328833018,0.7221079998919924,119649.69230769231,0.34615384615384615,7,0.38461538461538464,0,-1
0x80bf7db69556d9521c03461978b8fc731dbbd4e4,usdc,43,1879119.5117352156,42528.503941,37.18604651162791,0.02532940904381877,1.519764542629126,36.47434902309902,2368.7879924953095,0.0002,855,0.0048,0,-1
0xa192cec8616b62529dd97656d779d778ede49de5,usdc,1580,988.0322459473684,0.0,0.024050632911392405,1.669986521743869e-05,0.0010019919130463213,0.024047805913111713,3592843.3684210526,0.018656716417910446,21,0.05223880597014925,0,-1
0x1248881e840347d1335636cf4a129ce13a398efb,usdc,201,783.2094585833333,95.035733,0.1791044776119403,0.00012376654604012374,0.007425992762407424,0.1782238262977782,484783.6666666667,0.0,18,0.0625,0,-1
0x9e82614475d33b95b8c792b391d35494c865f8d7,usdc,1044,4255.920142666666,2500.030594,0.02586206896551724,1.7949339783395343e-05,0.0010769603870037206,0.0258470492880893,3342741.3333333335,0.00044662795891022776,9,0.0031263957123715946,0,-1
0xf89d6956664303b1622fc7fad2a986a3c65eaa40,usdc,22,0.01191235350909766,0.014764,122.4090909090909,0.08245711801196592,4.947427080717955,118.73824993723095,727.6509468993687,0.0061,1196,0.0003,0,-1
0x1ca3675407963eafb03701a33825b36cd58cea10,usdc,57,202702.4383137138,15.0,87.40350877192982,0.059855347574308576,3.5913208544585147,86.19170050700436,1002.4167001204336,0.1719,3291,0.0446,0,-1
0xed16c11d8e5aec2aec30f7ca26ea534e0b6feb3e,usdc,36,7512.247739133047,10000.013204,6.472222222222222,0.0044595179127159415,0.26757107476295655,6.421705794310956,13454.369098712446,0.04567814476458187,153,0.036542515811665496,0,-1
0x246d35823c88a192cf377e45dcd6fa248c752e8a,usdc,855,244197233948873.12,0.00025,0.09590643274853801,6.654336127721705e-05,0.003992601676633022,0.09582244023919255,901667.7073170731,0.0180623973727422,60,0.03284072249589491,0,-1
0x23d23d05eca973294c648be9db31e6e6ae90c0c7,usdc,1506,51532.97675761805,0.0007,0.7284196547144755,0.0005055571382912839,0.030333428297477042,0.728002279139449,118680.94712853237,0.06663800515907137,836,0.037833190025795355,0,-1
0xc39ae6d5fabd5e18735a174fe34a53826bc5e038,usdc,1030,9174311962550.582,0.0,1.2699029126213592,0.0008810966770530091,0.052865800623180546,1.268779214956333,68096.95412844037,0.13483554424859168,1150,0.020352534980919497,0,-1
0xfe06ad4999121067a992383ab2fcdccc6a72e954,usdc,1033,6022.798930681239,0.0,2.967086156824782,0.002058693935013783,0.12352163610082696,2.9645192664198476,29144.69168026101,0.0996340825927862,1991,0.051019341348667015,0,-1
0xfb67513aa1db718bb8a1c50f17e3767ce3c2bc66,usdc,793,13676.371614966369,7450.0,0.562421185372005,0.00039053093819366305,0.02343185629161978,0.5623645509988748,153636.99551569507,0.02115100836202656,267,0.05017215937038859,0,-1
0x1245a40a5b60bacda69f7421ae51f751848c571f,usdc,67,414.504636,863.75,0.5074626865671642,0.00035186634046587104,0.021111980427952263,0.5066875302708542,170519.29411764705,0.0,15,0.1282051282051282,0,-1
0xc28da004cb6835623ed704c0c4b2737fab7fb913,usdc,1818,9885.1711560813,7814.672653,0.06765676567656766,4.696362504967215e-05,0.0028178175029803286,0.0676276200715279,1277584.512195122,0.017834394904458598,82,0.045859872611464965,0,-1
0x7fb89873455370c5fc84800431b764041be123d1,usdc,205,0.0003554642857142857,0.0,0.13658536585365855,9.476382485749889e-05,0.005685829491449934,0.1364599077947984,633153.0,0.9,9,0.16666666666666666,0,-1
0x184167aeb37dbacdbaa90576d5275e529548878b,usdc,192,2743.33671175,0.0,0.125,8.667063425570148e-05,0.005200238055342089,0.12480571332821014,692276.0,0.0028044871794871795,12,0.002003205128205128,0,-1
0x6e2449206c27d6d3714801638392fabbd18d1beb,usdc,332,2730.785512741497,0.0,0.4427710843373494,0.00030733283602559685,0.018439970161535812,0.44255928387685944,195228.08163265305,0.009508716323296355,120,0.012150026413100899,0,-1
0xf6af488d9b0340a90ba352cd3692018691f4eabf,usdc,11,1562.6216227999998,3110.554057,0.45454545454545453,0.00030452153576300913,0.018271292145780552,0.43851101149873317,197030.4,0.0,2,0.26666666666666666,0,-1
0xb7187b41ab7e3cd75f93e8a3f462fdec3631a192,usdc,411,1888.162612043478,1000.009215,0.05596107055961071,3.8843057833597687e-05,0.0023305834700158615,0.05593400328038067,1544677.5652173914,0.0,11,0.046263345195729534,0,-1
0x60c2abb34d5d595628d6bf0974525fc04bdb08f6,usdc,1,20049.199999999997,39999.2,4.0,0.05830903790087464,3.498542274052478,83.96501457725947,1029.0,0.0,2,0.011428571428571429,0,-1
0xd152f549545093347a162dce210e7293f1452150,usdc,5,186.62807772864792,475.0,859.4,0.5819969660851664,34.91981796510998,838.0756311626394,103.0933209215732,0.0,4270,0.0006,0,-1
0x42e86ce87db502614fcdde65aa8022accaff2199,usdc,17,0.0549530007230658,37.384653,81.3529411764706,0.053365540446680765,3.2019324268008456,76.8463782432203,1124.3210412147505,0.28473648186173856,1382,0.0004563084645220169,0,-1
0x5d613013662051dcd191d52ad117e4c209021b3b,usdc,120,0.0,0.0,0.025,1.7229734386414698e-05,0.0010337840631848819,0.024810817516437166,3482352.0,1.0,0,0.3333333333333333,0,-1
0x47f7854808cd4f208982e75716448696c5ee8c90,usdc,246,70041.35920794202,0.001,0.2804878048780488,0.0001943787907385549,0.011662727444313292,0.27990545866351907,308675.652173913,0.05504587155963303,53,0.05963302752293578,0,-1
0xdc1e34c5338046bfc3afc3c54290f70e8f318395,usdc,1,5000.0025549,0.000149,10.0,0.004415011037527594,0.26490066225165565,6.357615894039735,13590.0,0.29411764705882354,3,0.4117647058823529,0,-1
0xb3080a83549cb982819f78d00beda5355c48b8e8,usdc,1,30000.0,30000.0,32.0,0.04799040191961608,2.8794241151769646,69.10617876424715,1250.25,0.0,0,0.03125,0,-1
0x9091e6f51360198ad7018860bf90ca6b9e5f56ef,usdc,1,0.12899532647333964,50.279624,1069.0,1.7016873607131486,102.10124164278892,2450.429799426934,35.25912067352666,0.0,1068,0.0006211180124223603,0,-1
0xb7473cdd8fb850f24be9b3a2148be1057fb89ac5,usdc,1355,21246.06233482895,60.0,0.16826568265682657,0.00011683448642480629,0.007010069185488378,0.16824166045172106,513547.0,0.029748283752860413,140,0.05263157894736842,0,-1
0xd8a598f53dccb067a978f0b6f2d6d4c163b1e985,usdc,1,0.002125,0.001,16.0,0.49079754601226994,29.447852760736197,706.7484662576687,122.25,0.0,14,0.1875,0,-1
0xb176326bb870d99569f0201e5a0e7e3a0896f1a8,usdc,38,76.78327375,99.504998,0.10526315789473684,7.146915569912916e-05,0.004288149341947749,0.10291558420674597,839523.0,0.0,0,0.0004,0,-1
0x8371ff8bb82d7d4b5fa542b8372e6f60c83ad888,usdc,1978,1704.3980774625852,2200.756078,0.0743174924165824,5.1596157553418315e-05,0.0030957694532050993,0.07429846687692238,1162877.2925170069,0.0005945303210463733,64,0.026159334126040427,0,-1
0xa5f10db5a25311a667d6fc788311fb7036a13ad4,usdc,83,0.0009952941176470586,0.000401,0.20481927710843373,0.000140762502194239,0.00844575013165434,0.20269800315970418,426249.8823529412,0.1595744680851064,8,0.031914893617021274,0,-1
0xa1b313ffc4af54de46c8431ed1228601060d150a,usdc,281,351.490689125,0.680833,0.05693950177935943,3.949677163262867e-05,0.002369806297957721,0.05687535115098529,1519111.5,0.0,9,0.044642857142857144,0,-1
0xc88592b88834329663ecb86f680bf58bdc409566,usdc,19,5714.446179813954,20400.0,11.31578947368421,0.007510025010129801,0.4506015006077881,10.814436014586915,7989.320930232559,0.06613333333333334,156,0.027733333333333332,0,-1
0x5c7bcd6e7de5423a257d81b442095a1a6ced35c5,usdc,2,3451.1149438723082,10.5,1648.5,1.099,65.94,1582.56,54.5950864422202,0.0,534,0.0483,0,-1
0xc50b120cbe8f17f4a786c8c5bb86ee1a3674ba66,usdc,35,150.4859982857143,2.026136,2.4,0.0016468392449634165,0.098810354697805,2.3714485127473197,36433.42857142857,0.00390625,41,0.0234375,0,-1
0xccdc362f839ea01f357929ce4e3e96a4861b3849,usdc,1,0.06140684021406726,22.047108,3924.0,1.7842851946162241,107.05711167697343,2569.3706802473625,33.62691131498471,0.0006,3922,0.0002,0,-1
0x3b743b9fcecbdeb6450c8f7c6cff59ffdce3fec5,usdc,9,52070.297431461564,65507.793097,4.333333333333333,0.0028882470562097314,0.17329482337258387,4.159075760942013,20773.846153846152,0.008237232289950576,31,0.014827018121911038,0,-1
0xeb762b66a792f6a29b9387ebdd5c24318ad521c2,usdc,44,0.0,0.0,0.11363636363636363,7.889023528223772e-05,0.004733414116934263,0.11360193880642229,760550.4,0.8333333333333334,0,0.3333333333333333,0,-1
0x6336a9fa5ea2c6c168c421c73a8bc3861e479a08,usdc,227,442.0813041912351,376.097079,1.105726872246696,0.0007677348274493036,0.046064089646958205,1.105538151526997,78151.98406374503,0.1575492341356674,145,0.1487964989059081,0,-1
0x5a1a3db5949892582ea2daecff133d7a84c4fcd8,usdc,1,0.0003212,9.9e-05,5.0,0.002427420137877464,0.14564520827264785,3.495484998543548,24717.6,0.12121212121212122,4,0.06060606060606061,0,-1
0x02bec2d0077ce46c62ff287a02658ca889435c0f,usdc,427,38.620985597809074,0.000232,1.4964871194379392,0.001038415186667724,0.062304911200063436,1.4953178688015225,57780.35680751174,0.1652892561983471,464,0.128099173553719,0,-1
0x8c309474de40ba5b7bda84d7a48f5f1915013412,usdc,30,0.00025433333333333335,0.000204,0.2,0.0001373022847100176,0.008238137082601054,0.1977152899824253,436992.0,0.11320754716981132,3,0.05660377358490566,0,-1
0x0dce82980df939ef832ec0f387ae30e5761b585b,usdc,597,332901.49199623853,350000.0,0.18257956448911222,0.00012668072784005407,0.007600843670403244,0.18242024808967788,473631.63302752294,0.00234192037470726,49,0.02459016393442623,0,-1
0x4da97d03cc7148cad5c426b0877555702f395a47,usdc,38,4553.648271509469,5000.0,84.76315789473684,0.05879410927198253,3.527646556318952,84.66351735165486,1020.5104004967401,0.32869565217391306,1779,0.03577639751552795,0,-1
0x3abe777ea9ba0718783ae3c2208986e807f2960e,usdc,372,33950.26643915039,2000.0,1.0188172043010753,0.0007069864060877686,0.04241918436526611,1.0180604247663867,84867.26121372031,0.039230574538091624,218,0.025056947608200455,0,-1
0xa195c34ea8f11d1ebffdf4cc4e085e02fd687f17,usdc,1,75.350497,100.467296,4.0,0.7692307692307692,46.15384615384615,1107.6923076923078,78.0,0.14285714285714285,2,0.42857142857142855,0,-1
0xd073b5a402f7c64fbca6263aebf9d166d962509e,usdc,342,44.850574249999994,40.010405,0.023391812865497075,1.6209596567455832e-05,0.0009725757940473498,0.023341819057136396,3701511.0,0.0,3,0.2,0,-1
0xe4f334183a2db812e9c59ca31a6faac72f559c02,usdc,142,3310.331024272728,5001.848578,0.15492957746478872,0.00010701273938020167,0.0064207643628121005,0.1540983447074904,560680.9090909091,0.04,10,0.28,0,-1
0x53a1f685d66c14962e7ebbc58e5f30b17b0c06df,usdc,81,553.0648013770835,0.045302,11.851851851851851,0.00816078098674043,0.4896468592044259,11.75152462090622,7352.2375,0.0031,477,0.0121,0,-1
0xbacad73bd87decac5447d3016a79c31f020eb8ad,usdc,1,0.0045063333333333335,0.002948,3.0,0.1744186046511628,10.465116279069766,251.1627906976744,344.0,0.3333333333333333,2,0.6666666666666666,1,2
0x74e8c867819db8d47a8a4c75dd9e07f5d1bb8856,usdc,357,524.2239453243243,56.444563,0.20728291316526612,0.00014358465693162692,0.008615079415897616,0.20676190598154276,417871.9459459459,0.008,22,0.08,0,-1
0x4279b322f6a9d5f08a75dcdf20eb87e5c9df4f8e,usdc,58,3531.113135210527,7373.009124,0.6551724137931034,0.0004515327159217565,0.027091962955305388,0.6502071109273293,132880.73684210525,0.008928571428571428,20,0.010551948051948052,0,-1
0x257b62ccf70248a73dc0f61008cb47bd278e5154,usdc,47,1802.64201375,3000.568055,0.1702127659574468,0.00011817607052747888,0.007090564231648734,0.17017354155956962,507717.0,0.0,4,0.2,0,-1
0xb5d1931b77c6fda920d64c7d92b22419f5de4fa0,usdc,171,0.009665,0.006999,0.03508771929824561,2.4305293936072217e-05,0.001458317636164333,0.03499962326794399,2468598.0,0.0,3,0.23076923076923078,0,-1
0xd2a57ae690496e0f68ffb53b740dcd0bd54fabef,usdc,10,0.04,0.069,0.4,0.00025643655759565083,0.015386193455739048,0.3692686429377372,233976.0,0.0,2,0.75,0,-1
0xcf537d4d14a369d40ec1c0d48050219ca893a69e,usdc,1,33.49635933333333,0.000502,3.0,7.5,449.99999999999994,10800.0,8.0,0.16666666666666666,1,0.5,0,-1
0x4e4ded7afd0a0556e2df0ddc1dc9e7d104034f49,usdc,848,2694.2940539983665,37836.036647,0.7216981132075472,0.0005011788348574793,0.03007073009144876,0.7216975221947702,119717.74509803922,0.0616239090187781,343,0.030679714361280086,0,-1
0x2d06dd61974785385a914d0423adf90493ceba2e,usdc,2284,5330.031780267443,0.00033,0.03765323992994746,2.6137399456300554e-05,0.0015682439673780331,0.0376378552170728,2295561.197674419,0.0398406374501992,43,0.06772908366533864,0,-1
0x98dfef433f8e123a1357a9320f432a7620fbba70,usdc,1047,5385.222720315789,0.0,0.03629417382999045,2.5190677407588496e-05,0.0015114406444553098,0.03627457546692743,2381833.5263157897,0.14285714285714285,25,0.1038961038961039,0,-1
0x52fc13985301bece49d4dd152fedbb327ddcfd8c,usdc,354,123371.27592175001,0.000919,0.6666666666666666,0.0004619396925987083,0.027716381555922497,0.6651931573421399,129887.08474576271,0.02201430930104568,183,0.012658227848101266,0,-1
0x7720deee615fa9bd8a34dc0a1440c20c4a59fb32,usdc,1,0.00035,0.0004,4.0,0.12195121951219513,7.317073170731708,175.60975609756096,492.0,1.0,2,0.75,1,2
0xdda821f4eae19053aba8cb2982ad2f0ea38b5a8e,usdc,349,10.4361275,19.029125,0.034383954154727794,2.3819694440959713e-05,0.0014291816664575826,0.03430035999498198,2518924.0,0.006802721088435374,7,0.04081632653061224,0,-1
0x024dcd278b57232c8c166045b7e97b8e942370b5,usdc,1031,233.70616860000004,84.742624,0.019398642095053348,1.3468167649057262e-05,0.0008080900589434357,0.01939416141464246,4454949.0,0.0,9,0.01647058823529412,0,-1
0x1c68319b1614c05e55184f5400c469b18ba3d3ed,usdc,1,69.41664933333334,104.124974,3.0,0.1875,11.25,270.0,320.0,0.0,1,0.25,0,-1
0xa188eec8f81263234da3622a406892f3d630f98c,usdc,1,799003.1039369022,1314827.74213,1857.0,0.7489111146959188,44.93466688175512,1078.4320051621228,80.11631663974151,0.0,928,0.007,0,-1
0x3f05b2ca316e82c900a6f652bc94dd6312d9b3c5,usdc,418,6520.126765123734,0.0002,1.3803827751196172,0.0009578874812572797,0.057473248875436776,1.3793579730104828,62637.837088388216,0.06110283159463487,353,0.04669647292598112,0,-1
0x7bc0e3064494a43b84a6173b079268c6e5fe8c9f,usdc,453,64.6553446923077,0.01,0.02869757174392936,1.9919036776670824e-05,0.0011951422066002494,0.02868341295840599,3012193.846153846,0.0,8,0.1276595744680851,0,-1
0x15022e7cd2be44043ce5560c4a6a0c8c3e2fd9d3,usdc,360,2405.1544754285715,4811.282671,0.019444444444444445,1.3474961596359451e-05,0.000808497695781567,0.01940394469875761,4452702.857142857,0.0,2,0.029239766081871343,0,-1
0x25a0d8c4d4b08c4327b71992f0f44ace236948d3,usdc,12,0.03338,0.0069,0.4166666666666667,0.00027365471342878406,0.016419282805727048,0.39406278733744915,219254.4,0.0,2,0.2857142857142857,0,-1
0xf0fd2aa8862695cf09754251e7e9736a3e4feec5,usdc,398,5290456439733.024,0.000319,5.449748743718593,0.003775993248127149,0.22655959488762897,5.437430277303095,15889.858921161825,0.11435523114355231,1450,0.0813979208139792,0,-1
0x69d2eb6171c4516e41bee6e19ba187c5f7f1e456,usdc,1,500.0005,0.001,4.0,0.007564296520423602,0.4538577912254161,10.892586989409985,7932.0,0.0,1,0.75,0,-1
0xf48a3f7c0575c85cf4529aa220caf3c055773f1c,usdc,1,4227.5998478406245,132.745307,2629.0,12.070707070707071,724.2424242424242,17381.818181818184,4.97071129707113,0.0021,1421,0.0161,0,-1
0x7c4a4734de9278982e0fbad7974615ab2b55f896,usdc,1561,229.25271955555556,176.752447,0.01729660474055093,1.2010342061066036e-05,0.0007206205236639621,0.01729489256793509,4995694.518518519,0.0,12,0.09352517985611511,0,-1
0x81fb5e2e61770602bac07e8787d9d965bcb10073,usdc,1,106.38484625000001,212.24,4.0,0.013003901170351105,0.7802340702210663,18.72561768530559,4614.0,0.0,1,0.25,0,-1
0xb706d65ce989a90c656ffad35a3d4f72650201e0,usdc,252,28653.975804133333,13001.274124,0.11904761904761904,8.248402284477497e-05,0.004949041370686498,0.11877699289647596,727413.6,0.01875,0,0.0625,0,-1
0x045076847c6b03559aa935469e02a75755a388f9,usdc,553,12441.93477258763,0.0,1.403254972875226,0.0009731029821342807,0.05838617892805684,1.4012682942733643,61658.427835051545,0.07060063224446786,497,0.045662100456621,0,-1
0x51c72848c68a965f66fa7a88855f9f7784502a7f,usdc,1,17996.674875484932,1484.84108,1460.0,4.197814836112708,251.8688901667625,6044.8533640023,14.293150684931506,0.0,1027,0.0033,0,-1
0x1a0ec2b40611912dd89703174b5d53ba9b37e1d7,usdc,71,1528.878218939394,0.001298,0.4647887323943662,0.0003189065178693952,0.019134391072163713,0.45922538573192917,188142.9090909091,0.0182370820668693,7,0.0729483282674772,0,-1
0x8a3e74407aad1682c91a175e39424c90acfc81bd,usdc,109,449.5943651797008,0.000383,48.44954128440367,0.033610182975338104,2.0166109785202866,48.398663484486875,1785.1732626396515,0.0712,4401,0.0406,0,-1
0x4b9b7d1de67a6ec8bc073cd122bb10b9b510cb4e,usdc,12,0.0333784,0.006892,0.4166666666666667,0.0002731792602305633,0.016390755613833796,0.3933781347320111,219636.0,0.0,2,0.8,0,-1
0x23480112a17980fd94b0b16c381dab3d740a1bec,usdc,1,0.0291,0.05,8.0,0.01885902876001886,1.1315417256011315,27.15700141442716,3181.5,0.0,4,0.06666666666666667,0,-1
0x95f9849099575b499b00e0cdc2fa4342d54983c1,usdc,43,17433.805703918915,0.0,11.186046511627907,0.007698808525350048,0.4619285115210029,11.086284276504069,7793.413721413722,0.2190775681341719,318,0.10272536687631027,0,-1
0xd3b01d301cd7c6465542952001b734a793fbf48d,usdc,35,52687.4249609434,70012.0,1.5142857142857142,0.001039476574512819,0.06236859447076914,1.496846267298459,57721.35849056604,0.0,30,0.08178438661710037,0,-1
0xdbcf0bb642b76ada621d68ef504d36a98b95d83c,usdc,845,12553.665626532398,7665.058606,0.6757396449704142,0.00046902273240651373,0.02814136394439082,0.6753927346653797,127925.56917688267,0.025849549811211153,378,0.029625326749927388,0,-1
0x630c0dff33bc531aaf9b115aa2c3b066af6c8afe,usdc,447,14881.68198126,172.997813,0.22371364653243847,0.00015515297152074117,0.00930917829124447,0.22342027898986727,386715.12,0.012113055181695828,74,0.016150740242261104,0,-1
0xa862afd4d5febcdd9ec297869e2a63a9167cb07f,usdc,1,231.82399999999998,340.0,5.0,1.0869565217391306,65.21739130434783,1565.2173913043478,55.2,0.0,1,0.0005181347150259067,0,-1
0x1111111254eeb25477b68fb85ed929f73a960582,usdc,11,5098.026108805427,1540.608551,355.09090909090907,0.23214625332826172,13.928775199695702,334.29060479269685,258.457757296467,0.0,1755,0.0051,0,-1
0xff11d87a1d38dfe61943f0bc91564d178bc4129a,usdc,986,9131.705810346153,0.0,2.795131845841785,0.0019403124409933105,0.11641874645959863,2.7940499150303673,30922.854862119013,0.1007562040685909,1783,0.05272126957077431,0,-1
0x0ad2ef6253ea7bfe058bca0082c61d93ed8e094f,usdc,59,95.63448142857142,15.0,0.23728813559322035,0.0001642741312831922,0.00985644787699153,0.23655474904779675,365243.14285714284,0.0,7,0.11940298507462686,0,-1
0x000000000004444c5dc75cb358380d2e3de08a90,usdc,1,7563.869656979674,104.939615,2509.0,26.862955032119913,1611.777301927195,38682.65524625268,2.233559186927063,0.0013,1328,0.0169,0,-1
0x218cc280984bab3818ab65bcad33d690af1f15eb,usdc,138,20982.30939739733,0.0005,20.079710144927535,0.01390454188272816,0.8342725129636896,20.02254031112855,4315.136773727896,0.19202709744658678,1681,0.11386138613861387,0,-1
0x73cf8c9f47d7ce69e109e2f3291a85b47fe52ebc,usdc,1,0.12852132107496467,61.968933,1414.0,2.1787365177195688,130.72419106317412,3137.3805855161786,27.53889674681754,0.000819000819000819,1411,0.000819000819000819,0,-1
0xa908d50a435623f4e0bfd4257bdec40a6090d4d9,usdc,330,121.33954637045454,110.589276,1.3333333333333333,0.0009235385631922865,0.055412313791537195,1.3298955309968927,64967.509090909094,0.007662835249042145,211,0.017241379310344827,0,-1
0x2cba210a227c796cd195b9eaf837f50398a21ba1,usdc,308,192982.4919220946,500000.0,2.1623376623376624,0.0015013573081610267,0.09008143848966159,2.1619545237518785,39963.83783783784,0.17248752672843906,343,0.0541696364932288,0,-1
0xf5fc6c84533a36633637c85cdc38549eab7dbe1a,usdc,8,1047.8733333333332,1400.0,0.375,0.0002395400830405621,0.014372404982433728,0.3449377195784094,250480.0,0.0,0,0.00022026431718061675,0,-1
0x992ab7607b577431c7740cdb2ef3f0582a8d3c07,usdc,1,0.09000000000000001,0.09,3.0,3.75,224.99999999999997,5400.0,16.0,0.0,1,0.08333333333333333,0,-1
0xc65757b4bd49943bb5807a8f8edb10c7aff07af5,usdc,25,186.84441975,230.862399,0.16,0.00011081069101546917,0.00664864146092815,0.1595673950622756,541464.0,0.0,2,0.23076923076923078,0,-1
0x560075ba1990dded3b8cb49f1955e607999c942d,usdc,692,378.4896861454545,64.996598,0.07947976878612717,5.51729561830426e-05,0.0033103773709825565,0.07944905690358134,1087489.309090909,0.0,30,0.04155124653739612,0,-1
0x853f01ea9601edc6edf3374283ce976b5c4c5c33,usdc,245,8117.374423111111,12223.113118,0.036734693877551024,2.543191875349689e-05,0.0015259151252098133,0.03662196300503552,2359240.0,0.0,2,0.15,0,-1
0x03c823e96f6964076c118395f08a2d7edf0f8a8c,usdc,1878,7903.786342403509,4999.16719,0.03035143769968051,2.1072581197168708e-05,0.0012643548718301223,0.030344516923922937,2847301.8771929825,0.008559201141226819,30,0.02710413694721826,0,-1
0x21ebbe5b7d262feae3716b6f48d649404bc2c5ac,usdc,156,0.0004428657718120806,0.0,3.8205128205128207,0.0026489289171480815,0.1589357350288849,3.8144576406932367,22650.664429530203,0.4466926070038911,295,0.053696498054474705,0,-1
0x4daf2511dc301447af0203292849ffc2132862dc,usdc,227,1286.2771435882353,132.0,0.07488986784140969,5.197273204754833e-05,0.0031183639228528994,0.07484073414846959,1154451.5294117648,0.017543859649122806,9,0.10526315789473684,0,-1
0x9128527be9aa3292f752e58e5aa716aea54acae6,usdc,1,1997.9681039999998,2996.952156,3.0,0.35714285714285715,21.428571428571427,514.2857142857142,168.0,0.0,1,0.11764705882352941,0,-1
0x48c45abbe724ac347d452bc234851b9fc5f7ddcf,usdc,14,43.122115,42.75836,0.2857142857142857,0.00018679543098375814,0.01120772585902549,0.26898542061661174,321207.0,0.0,2,0.075,0,-1
0xcd934c770c3303be9b3473a8e835d626668c383b,usdc,195,146493.15263987874,0.000278,0.16923076923076924,0.00011700957563818086,0.007020574538290851,0.16849378891898045,512778.54545454547,0.016129032258064516,23,0.014112903225806451,0,-1
0x987479178871083bdb21b2c2cfc8ec1e651029a8,usdc,208,2013.1693535359632,0.0005,2.0721153846153846,0.001437486033705879,0.08624916202235275,2.0699798885364658,41739.53596287703,0.28717948717948716,279,0.13504273504273503,0,-1
0x8ba0e22754ce07424cc7df01f2ba241f1f253e72,usdc,12,0.032,0.0545,0.4166666666666667,0.000268649659352232,0.016118979561133916,0.386855509467214,223339.2,0.0,3,0.6,0,-1
0xa5f111ec9286815e769a60e45582fe3695f13ad4,usdc,42,11503.932692307691,13257.5,2.4761904761904763,0.0016857994093218223,0.10114796455930934,2.427551149423424,35591.42307692308,0.0,0,0.0111731843575419,0,-1
0xa45761b4b7e86268dde2f705e96dcac98aacfe77,usdc,1,15712.496643,22925.0,6.0,0.005139920045688178,0.3083952027412907,7.401484865790977,11673.333333333334,0.0,3,0.017341040462427744,0,-1
0x2a6775142c0a88231454d2a11ea5a4107b022998,usdc,1001,2756.0922961777783,0.0,0.04495504495504495,3.12065405580312e-05,0.001872392433481872,0.044937418403564924,1922673.8666666667,0.009900990099009901,24,0.01782178217821782,0,-1
0x82ff2a9fe9b8751434ed2e50e79d174400e41507,usdc,25,866.4183060120481,0.0,3.32,0.002289642539903228,0.1373785523941937,3.297085257460649,26204.963855421687,0.3050847457627119,49,0.0847457627118644,0,-1
0x5819f7308048ce1bfd38b8c736740eff8e793749,usdc,3,1266.351514285714,0.0,2.3333333333333335,0.0015078407720144754,0.09047044632086851,2.1712907117008444,39792.0,0.004665629860031105,4,0.006220839813374806,0,-1
0x89092319f2c93adf73c91a1d1c777b68f597d94c,usdc,523,5783.389281393442,2006.858071,0.11663479923518165,8.085259458626932e-05,0.004851155675176159,0.11642773620422782,742091.2131147541,0.013914656771799629,17,0.023191094619666047,0,-1
0xdd770dbcff5cb2f447c588c50128c311058b11e8,usdc,114,590.8585726057693,0.0,0.9122807017543859,0.0006291111506321962,0.03774666903793177,0.9059200569103626,95372.65384615384,0.13636363636363635,57,0.10606060606060606,0,-1
0xdd564db56481bd05f288bdb72f6d53e39346cf60,usdc,143,6652.189736305556,0.002197,0.2517482517482518,0.00017479207026641224,0.010487524215984735,0.25170058118363364,343265.0,0.01805869074492099,24,0.022573363431151242,0,-1
0x194a467090fd16e2b5733c82c70fb043dc6170c6,usdc,236,79489.77203665116,400000.0,0.18220338983050846,0.00012630216058937875,0.007578129635362725,0.1818751112487054,475051.25581395347,0.008797653958944282,30,0.009775171065493646,0,-1
0x7b354073c04c3d5cf324b7d8b2d5d0d0bec20a77,usdc,104,14845.900014759998,0.00068,0.9615384615384616,0.0006653014680542195,0.039918088083253166,0.958034113998076,90184.68,0.01135626216742375,29,0.010058403634003893,0,-1
0x9a4a4b664c9dcb9e5d528cc1d2d3b5a9d9bf5bf7,usdc,8,0.21136546520681265,426.41666,256.875,0.1632299675922984,9.793798055537906,235.05115333290968,367.57956204379565,0.0,2055,0.0001,0,-1
0x1bf244b810de971a714bdbdd466195a9b720cd05,usdc,12,0.04,0.06223,0.3333333333333333,0.00021699976130026255,0.013019985678015752,0.3124796562723781,276498.0,0.0,2,0.75,0,-1
0x7cd54f910caa36ab7113069bca53814a3a798c78,usdc,274,7231.310485875,0.000289,0.029197080291970802,2.0245076776923042e-05,0.0012147046066153825,0.029152910558769184,2963683.5,0.033783783783783786,1,0.05405405405405406,0,-1
0xa8c5caa20a405e61e877936e63cfbe59a5921bb6,usdc,380,452.4259578488373,33.905083,0.22631578947368422,0.0001570359787687357,0.00942215872612414,0.22613180942697936,382078.0465116279,0.008152173913043478,44,0.033967391304347824,0,-1
0xa7ca2c8673bcfa5a26d8ceec2887f2cc2b0db22a,usdc,44,2387.018133118733,14.265647,17.227272727272727,0.01187879243769119,0.7127275462614714,17.10546111027531,5051.018469656992,0.0001,453,0.0148,0,-1
0x384b5bb44bf640299c4636e8ab352213c10e34f3,usdc,302,3578.817888375,1250.0,0.052980132450331126,3.673821587283802e-05,0.002204292952370281,0.05290303085688674,1633176.75,0.007246376811594203,7,0.028985507246376812,0,-1
0xcb34792bdea568cf5c12664dd3541d6f2c6545dc,usdc,84,9177.577137698756,1479.37,14.345238095238095,0.009890084636143376,0.5934050781686026,14.241721876046462,6066.682157676349,0.13291139240506328,800,0.07148175725986597,0,-1
0x8f700f5eef4971c2de671c44f254bf695fa00417,usdc,139,67947.58916021185,250000.0,63.87769784172662,0.04406508471077046,2.643905082646228,63.45372198350946,1361.6222547584186,0.3194,4877,0.0785,0,-1
0x31963a66956bc373a7c3ae02562a0199588ba05f,usdc,208,5753.540731284746,3915.0,1.4182692307692308,0.0009845338082234939,0.059072028493409624,1.4177286838418313,60942.54915254237,0.10421286031042129,217,0.06541019955654102,0,-1
0x6784441304347087ad3180e5f7c047c877ff3bfb,usdc,36,292483.48030303034,98392.0,1.8333333333333333,0.001241156758098548,0.07446940548591287,1.7872657316619087,48342.0,0.0,0,0.11764705882352941,0,-1
0xe2b14bb4277daf82a9e66e3135a2cc73144781be,usdc,26,65419.344134737235,114063.61,70.84615384615384,0.04888820472532897,2.933292283519738,70.39901480447372,1227.2899022801303,0.27808564231738037,1510,0.060453400503778336,0,-1
0x0ed73f6d6f0ad13f3cfd915575390f92e0d49761,usdc,56,42820.2546389697,0.000871,2.357142857142857,0.0016143589894112727,0.09686153936467636,2.3246769447522326,37166.454545454544,0.12692307692307692,78,0.18846153846153846,0,-1
0x004e243056c02ef94bf11813e94d55084c67ba90,usdc,1,0.07826472477498819,56.380523,2111.0,4.16042569964525,249.625541978715,5991.01300748916,14.421601136901943,0.00030641948827945457,2109,0.00045962923241918186,0,-1
0x3d8b01b16f9d7c667831e3f4bf05e7543e64ffa8,usdc,131,1338.8141292777777,1500.0,0.13740458015267176,9.477814542337396e-05,0.005686688725402438,0.13648052940965852,633057.3333333334,0.0009861932938856016,9,0.007889546351084813,0,-1
0xd3b09054e6a5548584f1165e403b6da6467df48d,usdc,6,0.0032264,0.002963,1.6666666666666667,0.001156149559507018,0.06936897357042107,1.6648553656901057,51896.4,0.0,5,0.08,0,-1
0x0c981b22605d6bbd00cad3dd50188e3c6d328707,usdc,77,138586956645060.89,0.00015,2.3896103896103895,0.00165544741165399,0.09932684469923939,2.3838442727817455,36243.97826086957,0.09050772626931568,132,0.03532008830022075,0,-1
0x145076114805e7ae326b0158b523117f921a49dc,usdc,1,0.12962129193433264,63.203525,1401.0,2.157376039421004,129.44256236526024,3106.621496766246,27.81156316916488,0.00021706099413935315,1400,0.0004341219882787063,0,-1
0x721bc1633350f86fd88b9e2cde1688a20929bddd,usdc,11,0.0011922926430517709,0.000107,166.8181818181818,0.10908853113927662,6.545311868356597,157.08748484055832,550.0119891008175,0.1834,1835,0.0001,0,-1
0xb36170cb3ca26c6fb72937124365eadd092dc5c7,usdc,506,57477.92363739286,0.000302,0.11067193675889328,7.678595913890032e-05,0.0046071575483340186,0.11057178116001645,781392.8571428572,0.005434782608695652,34,0.08152173913043478,0,-1
0x20961dc602b67d8090a5d7dc43c029b3ec2a442a,usdc,1171,5529.339012521739,23.937335,0.01964133219470538,1.3636966250129157e-05,0.0008182179750077493,0.019637231400185987,4399805.565217392,0.0,15,0.03827751196172249,0,-1
0xe131a909dbe049b3eeb849afabf03931ffe114ab,usdc,1,5600.0002,7000.0,10.0,0.012873326467559218,0.772399588053553,18.537590113285276,4660.8,0.0,1,0.16666666666666666,0,-1
0x538473c3a69da2b305cf11a40cf2f3904de8db5f,usdc,1130,15773.857203887708,1243.259602,0.5831858407079646,0.0004046814334246231,0.024280886005477387,0.5827412641314572,148264.77086494688,0.012030075187969926,577,0.04360902255639098,0,-1
0x98f7f1f74a4a84c07620fe9f360c95b0815f6713,usdc,1,0.0036999999999999997,0.0004,4.0,1.4285714285714286,85.71428571428571,2057.1428571428573,42.0,0.5,3,0.5,0,-1
0x845b901439462535a92cf252fd9f2eaf48960703,usdc,148,796.0600188000001,1000.0,0.13513513513513514,9.321949368764199e-05,0.005593169621258519,0.13423607091020445,643642.2,0.0,10,0.022494887525562373,0,-1
0x3167ce795042a10924c1828330158a1f7a2c1885,usdc,235,66062.7879662256,758709.44,1.8297872340425532,0.001269291009464188,0.07615746056785128,1.8277790536284306,47270.483720930235,0.13588850174216027,197,0.037630662020905925,0,-1
0x9706b69de23fe0b471addd642175126b3a8bf071,usdc,146,4665.724035423219,254.385776,6.760273972602739,0.004666278361706071,0.2799767017023642,6.719440840856742,12858.212765957447,0.0001,505,0.0022,0,-1
0x9dd763e640920b4120c7281dc6058442b49aebcb,usdc,57,12122.59388025,1980.24,0.14035087719298245,9.687669534216849e-05,0.005812601720530109,0.13950244129272263,619344.0,0.0,4,0.03225806451612903,0,-1
0x1e709f129f3cec70e2d3f0cbb7c653d34eca5920,usdc,55,0.014855624999999999,0.019839,0.14545454545454545,9.92403153857223e-05,0.005954418923143338,0.1429060541554401,604593.0,0.0,4,0.15384615384615385,0,-1
0x71ca56e99f645ea075a2b85ad851b4362b3909cb,usdc,9,3531.4286742857144,0.00012,0.7777777777777778,0.000488587980735674,0.029315278844140435,0.7035666922593704,122802.85714285714,0.00964630225080386,3,0.01607717041800643,0,-1
0xec7004cb24f17caf0552983f9beee217757d43a4,usdc,3,0.00016923076923076923,0.0003,4.333333333333333,0.002901267630780218,0.17407605784681304,4.177825388323513,20680.615384615383,1.0,6,0.46153846153846156,0,-1
0x038afa89e19e7e001f1642d55cdb30c306c1cb44,usdc,58,17950.523060900003,2295.229931,0.3448275862068966,0.00023939595612350914,0.01436375736741055,0.3447301768178532,250630.8,0.050724637681159424,5,0.057971014492753624,0,-1
0x8e2549061b1a15f3f8eff81c1ed0a161cdbd2033,usdc,392,31523.828189714288,6000.0,0.03571428571428571,2.4789343698584244e-05,0.0014873606219150547,0.03569665492596131,2420394.8571428573,0.0,7,0.11538461538461539,0,-1
0x281cedf1507bf6cac28cfd463193702a32a50097,usdc,550,944.7323969166667,236.414602,0.08727272727272728,6.0575099999394245e-05,0.003634505999963655,0.0872281439991277,990506.0,0.0,25,0.02666666666666667,0,-1
0x5b8f60d2d4a402a72c8dc1a1cae19404738654de,usdc,1081,20818.29792968068,0.001,0.11008325624421832,7.643922208253329e-05,0.004586353324951997,0.11007247979884795,784937.3445378151,0.07420494699646643,86,0.0812720848056537,0,-1
0xeb3fc22fc35aea93ea2df826f16accd7babada22,usdc,10,0.027066666666666666,0.0692,0.6,0.0004110039456378781,0.024660236738272688,0.5918456817185445,145984.0,0.16666666666666666,3,0.6666666666666666,0,-1
0x451bde7a589548f6597b4ad70b1bf2f7401103c7,usdc,33,262862.51851851854,199472.0,0.8181818181818182,0.0005572847436077376,0.033437084616464254,0.8024900307951421,107664.88888888889,0.0,0,0.0121580547112462,0,-1
0xd47b985a65a18028ad1b1a9cff35faf271712531,usdc,195,344.4274618816683,100.0,5.287179487179487,0.0036701153647902447,0.22020692188741467,5.284966125297951,16348.259941804074,0.32262669521770165,711,0.05710206995003569,0,-1
0xbcaa90c8ba95b3ba6c8aa6900a92fe70b97e5ef7,usdc,21,14.5,34.0,0.38095238095238093,0.0002575676598046349,0.015454059588278097,0.3708974301186743,232948.5,0.058823529411764705,7,0.058823529411764705,0,-1
0x3fc6abc9041bf99f9c393a726fed7690d1825e42,usdc,28,7.773950285714285,0.228826,0.25,0.00017285999328315457,0.010371599596989273,0.24891839032774254,347101.71428571426,0.0,5,0.06976744186046512,0,-1
0x662740176458fa24467b0888a042fe037de7a85d,usdc,181,6287.962964444445,0.0,0.2983425414364641,0.00020620021124066087,0.012372012674439652,0.2969283041865516,290979.3333333333,0.09856262833675565,4,0.045174537987679675,0,-1
0x5e3af779ef05544ff0d509458f3cb47341f2055b,usdc,179,72711.75270331133,0.000142,0.5921787709497207,0.0004107046684722174,0.024642280108333043,0.5914147225999931,146090.37735849057,0.02027027027027027,52,0.05405405405405406,0,-1
0x0f7ae28de1c8532170ad4ee566b5801485c13a0e,usdc,58,5254.539445491148,0.087101,60.37931034482759,0.041656258549524795,2.4993755129714876,59.98501231131571,1440.359794403198,0.0009,1767,0.0017,0,-1
0x3f618b03bb734381030db9c09a2b5a86dcba1b96,usdc,315,2193.098613914966,0.00035,0.9333333333333333,0.0006477206182691583,0.0388632370961495,0.932717690307588,92632.5306122449,0.01504424778761062,273,0.016814159292035398,0,-1
0x618ffd1cdabee36ce5992a857cc7463f21272bd7,usdc,136,378169029963.4989,99838.76145,1.0441176470588236,0.0007208875648925725,0.043253253893554354,1.0380780934453044,83230.73239436619,0.0,131,0.0002,0,-1
0x6a7a0cacb259120ba6a0056f0111ee354c70ed83,usdc,319,6637.1295455,0.000245,0.219435736677116,0.00015216187240835725,0.009129712344501434,0.21911309626803444,394316.9142857143,0.03365384615384615,63,0.03365384615384615,0,-1
0x02f3e90dfe3741b225d9ec56f724072d339e7566,usdc,280,8945.21206253,0.000501,1.7857142857142858,0.0012394571772503088,0.07436743063501854,1.7848183352404445,48408.288,0.05708661417322835,339,0.04094488188976378,0,-1
0xad433d16dc94b4943c781995a85ef85a3272cfdf,usdc,33,4470.501142608738,0.0,31.90909090909091,0.021765372181663346,1.3059223308998007,31.342135941595217,2756.672364672365,0.13998983739837398,828,0.026676829268292682,0,-1
0x407844740768db0f209a6d1b6b2941da75c204c6,usdc,322,1899.4406561710528,0.0,0.7080745341614907,0.0004905783143729118,0.02943469886237471,0.706432772696993,122304.63157894737,0.47924528301886793,122,0.14339622641509434,0,-1
0xf5f7cb8487868126d67b81b518809f93fdf005c3,usdc,1,5083.333333333333,6100.0,6.0,0.008405715886803026,0.5043429532081816,12.104230876996358,7138.0,0.0021598272138228943,5,0.004319654427645789,0,-1
0x5549d2f57877c378307080e8374ec6b3d523f94d,usdc,33,429.7496227894737,894.203602,0.5757575757575758,0.00039856683756093873,0.023914010253656328,0.5739362460877518,150539.36842105264,0.07692307692307693,9,0.1282051282051282,0,-1
0x4775f2ac70a3f50fe70d4d99c2b857279a421bfe,usdc,44,50845.12010109677,87.958697,0.7045454545454546,0.00047857822129456954,0.028714693277674175,0.6891526386641801,125371.35483870968,0.0319634703196347,24,0.0228310502283105,0,-1
0x0186991a9b84b8319e0303a113e7edd5d27dd8ff,usdc,440,20964.559494030887,0.0,0.5886363636363636,0.0004087053288231622,0.02452231972938973,0.5885356735053535,146805.03474903476,0.07876712328767123,208,0.07876712328767123,0,-1
0x92f3a762b3d9d1c8313760952f314ae2471934e1,usdc,5,0.0,0.0,2.4,0.0015037593984962407,0.09022556390977443,2.1654135338345863,39900.0,0.9230769230769231,0,0.07692307692307693,0,-1
0xf4d2571a1cbc34f580efb910276fe1da24cf9001,usdc,179,20772539316530.156,82207.454532,13.508379888268156,0.009355441787330457,0.5613265072398274,13.471836173755857,6413.379652605459,0.0568904045884359,1972,0.03813362269415595,0,-1
0xd801e21b04eb18fb5e3b14d84c76a8c361d2b572,usdc,220,32397.855989590273,57249.0,4.204545454545454,0.0029179000709128582,0.1750740042547715,4.201776102114515,20562.73297297297,0.05827893175074184,351,0.02516320474777448,0,-1
0xbb7ffe3e4c598c091a3220e1643bf59a3595c668,usdc,9,0.010427685947348908,0.00999,299.6666666666667,0.20351952187627342,12.211171312576404,293.06811150183376,294.8120133481646,0.0,2696,0.0002,0,-1
0x315353c0c565fc3ef7e9c85ecc2458602fd179be,usdc,1174,15173913063838.076,0.000606,1.1754684838160137,0.0008156883588149253,0.048941301528895524,1.1745912366934925,73557.50434782609,0.05062107653265661,871,0.03112060905569654,0,-1
0xfb4fb79ffd73dce97f296da2e0c6ea52368f92ce,usdc,29,673350.7807182708,936134.37274,1.6551724137931034,0.0011458746126705086,0.06875247676023051,1.6500594422455321,52361.75,0.07194244604316546,39,0.050359712230215826,0,-1
0xd80a1e4ce54835aeaf36c5a17ebcd13c470df239,usdc,40,167.90800000000002,40.46,0.125,8.582129260598072e-05,0.0051492775563588425,0.12358266135261223,699127.2,0.0,2,0.1,0,-1
0x6f341edc317db14d3197982c9aa4e014fc441555,usdc,1,12333.333395,0.000185,3.0,2.142857142857143,128.57142857142856,3085.714285714286,28.0,0.003676470588235294,0,0.011029411764705883,0,-1
0x2a659140d8a9c51401fd1173e86ea990c23b36eb,usdc,83,1170.7796008,1150.004676,0.12048192771084337,8.283837404839418e-05,0.004970302442903651,0.11928725862968761,724302.0,0.0,5,0.03968253968253968,0,-1
0xb028e199ed086683ec3ef738db32bc1872c24261,usdc,1,8.750536333333335,5.0,3.0,0.016968325791855202,1.0180995475113122,24.43438914027149,3536.0,0.0,1,0.75,0,-1
0xba25955c2be0b983f080663f9716ff9931c4d94d,usdc,313,28402.629795282053,5089.062016,0.24920127795527156,0.0001727087417636751,0.010362524505820507,0.24870058813969215,347405.6923076923,0.04950495049504951,62,0.03712871287128713,0,-1
0xac2a4182073576bbfbef2fd9118a24a7b181d439,usdc,1688,91897.86800657143,0.000428,0.020734597156398103,1.4392724190067437e-05,0.0008635634514040461,0.020725522833697108,4168773.0,0.023529411764705882,17,0.1,0,-1
0xa58cfe09f3bb372b513d5799cacc25e5e62c90ea,usdc,605,11152198596044.146,15000.0,0.04297520661157025,2.9831942897071764e-05,0.001789916573824306,0.04295799777178334,2011266.923076923,0.005555555555555556,14,0.03333333333333333,0,-1
0x2d4d60ea43784b5287bce6bddeb23a93722e3c41,usdc,327,17515.48537066667,6000.0,0.027522935779816515,1.9065984264490113e-05,0.0011439590558694067,0.02745501734086576,3146965.777777778,0.0,5,0.018867924528301886,0,-1
0xfe15c970727ea42d4066faf197ae4799a1bad53e,usdc,7,11005.023307666668,961.118362,0.8571428571428571,0.0005815080441946114,0.03489048265167668,0.8373715836402403,103180.0,0.0,5,0.028169014084507043,0,-1
0x1a1e7a3b925476a3d81fddaa113dceb94257e88a,usdc,1429,783.3193854545455,2467.240713,0.02309307207837649,1.6036716629678278e-05,0.0009622029977806966,0.023092871946736718,3741414.242424242,0.0,13,0.09615384615384616,0,-1
0xf93bddba765f21907f94fa5118b6c30e2926f1a1,usdc,23,213.5555454285714,99.307146,0.30434782608695654,0.00020396508117810232,0.012237904870686139,0.2937097168964673,294168.0,0.0,4,0.05454545454545454,0,-1
0x521a8aa74cef91601778648d53274e88e9946aca,usdc,1,1490.0,990.0,4.0,0.001643655489809336,0.09861932938856015,2.366863905325444,36504.0,0.0,2,0.5,0,-1
0xb7ae55a409b1174377e7e520f655c5c627eb6e4f,usdc,12,0.04,0.06899,0.3333333333333333,0.00021883274613213123,0.013129964767927873,0.31511915443026894,274182.0,0.0,2,0.75,0,-1
0x1f766f1614f015a2308e350841b7d7dfbeae5e2f,usdc,275,1721.2602816447368,0.0001,0.27636363636363637,0.0001913108620266063,0.011478651721596378,0.27548764131831305,313625.6842105263,0.016922263352723427,36,0.017451084082496033,0,-1
0xfac1417fc12c7d51ae669af4f2883456acb30051,usdc,277,667.178798181818,161.107942,0.1588447653429603,0.00010998647166398532,0.0065991882998391194,0.15838051919613885,545521.6363636364,0.022222222222222223,18,0.2222222222222222,0,-1
0xb7911c63824bd5cf0d3263466b94f0f8efdc5312,usdc,1872,725.2051464466666,10.0,0.08012820512820513,5.564404194759489e-05,0.003338642516855693,0.08012742040453663,1078282.56,0.000585480093676815,82,0.02224824355971897,0,-1
0xe540d258881964e49fbfbe966ab6cf6364cd4d26,usdc,27,10.238766521739132,8.591162,0.8518518518518519,0.0005766752415767805,0.034600514494606834,0.8304123478705641,104044.69565217392,0.0,11,0.16666666666666666,0,-1
0x8f226bd0a880dc0f1b9e913bd877d4f901faabd1,usdc,273,7906.0158811894735,5500.0,0.34798534798534797,0.00024165268048784334,0.0144991608292706,0.3479798599024944,248290.23157894737,0.03028263795423957,51,0.02086137281292059,0,-1
0x0841569fba39cc880a4c71a958ee720a42264ffe,usdc,124,1.0000000000000002e-06,0.0,0.16129032258064516,0.00011196666080707807,0.006717999648424684,0.16123199156219242,535873.8,0.06578947368421052,2,0.0625,0,-1
0xc6ab34235e4b2b7f42a3f6d78830e83760881667,usdc,930,614.6031527,10.0,0.010752688172043012,7.4645738788284685e-06,0.00044787443272970804,0.010748986385512995,8037967.2,0.0,3,0.10256410256410256,0,-1
0xd196148cef1eb7398658b1c75528c324d47658e6,usdc,367,813008130145707.4,100191.0,1.340599455040872,0.0009288767388119439,0.05573260432871664,1.3375825038891993,64594.14634146341,0.12,339,0.03288888888888889,0,-1
0x82138a24a7717473a2abb29f396e530e076c01fe,usdc,336,19769.339773305954,37171.850527,11.848214285714286,0.00821924256613796,0.49315455396827756,11.835709295238662,7299.942727957799,0.0514,1783,0.0067,0,-1
0xdb34e4df012c8f77961588551d19ab5dedc85fe5,usdc,125,3802.91776007907,12700.0,12.04,0.008332309096002594,0.49993854576015573,11.998525098243737,7200.885049833887,0.2608695652173913,738,0.06429883649724434,0,-1
0x7c8864be66ec519e5d3d26ec832a1a5755d17fe0,usdc,87,459.2157479130434,377.0,0.26436781609195403,0.00018317468812518317,0.010990481287510992,0.2637715509002638,327556.17391304346,0.041666666666666664,11,0.20833333333333334,0,-1
0xc7269626c2b742b8e4f03d829fe0b61cf79f7dc0,usdc,589,266.5083594712643,55.0,0.29541595925297115,0.00020514779483805703,0.012308867690283422,0.2954128245668021,292472.0689655172,0.07303370786516854,117,0.10674157303370786,0,-1
0x6ade2f3a93ba093cce24ec2642c4b24ba9f0bcc3,usdc,76,2456.222828088889,21245.0,0.5921052631578947,0.00040783256026405803,0.02446995361584348,0.5872788867802435,147119.2,0.0784313725490196,37,0.01715686274509804,0,-1
0x4e8818a84b28cd88fbc5951788ee0a086ccb9abb,usdc,836,20482.43997836586,0.00014,0.04904306220095694,3.405578670113223e-05,0.002043347202067934,0.049040332849630414,1761815.1219512196,0.07142857142857142,20,0.08928571428571429,0,-1
0xf3710b8b9800f64b453954b0bd2138b7dc8532dd,usdc,1802,12299.035027867532,2015.0,0.21365149833518313,0.00014830168759359698,0.008898101255615819,0.21355443013477965,404580.69610389613,0.04339250493096647,238,0.04585798816568047,0,-1
0xfb2139331532e3ee59777fbbcb14af674f3fd671,usdc,328,8480.195215485275,0.127973,4.762195121951219,0.00330466329881561,0.1982797979289366,4.758715150294479,18156.16133162612,0.0002,824,0.0141,0,-1
0x7b35fb9686a3a37045819e2089e15ba8900f0a77,usdc,29,6197.747163265307,7920.0,1.6896551724137931,0.0011353525617261067,0.0681211537035664,1.6349076888855936,52847.02040816326,0.0,0,0.011834319526627219,0,-1
0x6d0567d27ea429d1b9fd1a2c9cd4d43248c81a67,usdc,31,4218.191752727272,20000.0,1.7741935483870968,0.001219004051526193,0.07314024309157158,1.755365834197718,49220.509090909094,0.13432835820895522,14,0.16417910447761194,0,-1
0x1ae0e997216f7a354eda202b5cb3352b9dafadff,usdc,10,0.01582434222511386,47.569994,307.4,0.20588314088997242,12.352988453398345,296.47172288156025,291.42745608327914,0.3073,3074,0.0001,0,-1
0x7c4ef75b9f44d65f3de4dba00ced84ff1ced2241,usdc,1,167.333668,0.000502,6.0,0.013537906137184115,0.8122743682310469,19.494584837545126,4432.0,0.6666666666666666,3,0.6666666666666666,1,2
0x4278f64a2765997f7783746bf9bcaa4786c947c3,usdc,34,0.0,0.0,0.08823529411764706,5.991324562034174e-05,0.003594794737220505,0.08627507369329211,1001448.0,0.3333333333333333,0,0.2222222222222222,0,-1
0x4da06d6393aac4db2f09576b8f2668725ac25815,usdc,67,934.1308874375,992.0,0.23880597014925373,0.00016345043876227154,0.009807026325736294,0.23536863181767104,367083.75,0.021739130434782608,6,0.15217391304347827,0,-1
0x88592d60082c7834d261ba84b8c248aa72b22acc,usdc,402,81776935578886.02,0.0,20.569651741293534,0.014249074301280125,0.8549444580768075,20.518666993843382,4210.799854879671,0.343,5238,0.0517,0,-1
0x961753a2127a54cbae1f965cd5faf3c70059636a,usdc,1,0.1037765841760857,59.552929,1681.0,1.842393686979395,110.5436212187637,2653.0469092503286,32.566329565734684,0.00038255547054322876,1680,0.00038255547054322876,0,-1
0x1c49d7abd077e8fbd0968fd78f40e54777edc6d7,usdc,264,36096.724914793456,0.0007,1.503787878787879,0.0010436415677441675,0.06261849406465005,1.502843857551601,57491.002518891684,0.04833512352309345,333,0.05263157894736842,0,-1
0x39bf81fa99a4d0ef5ac70d5a2272ced1de8b2661,usdc,402,54086538466623.43,0.0,1.0348258706467661,0.0007171192217601553,0.04302715330560932,1.0326516793346237,83668.09615384616,0.02359046945034206,278,0.020287803727294173,0,-1
0x2eea67e9d79d574ffe2c143b328791cc5cb51036,usdc,783,97674418624065.83,315.064303,0.27458492975734355,0.0001906442445389291,0.011438654672335746,0.2745277121360579,314722.32558139536,0.05782312925170068,136,0.05952380952380952,0,-1
0xa9c8cda6ed8edc105cdff4624e629f6ec3d5e893,usdc,1,0.08177233581395352,56.874513,2150.0,2.7242777496198682,163.45666497719208,3922.9599594526103,22.024186046511627,0.0005093378607809847,2149,0.00033955857385398983,0,-1
0xcbf52581975599499e4c6f4279fde3b207f6ce9c,usdc,8,341.1293241428571,15.0,1.75,0.001190759704691593,0.07144558228149558,1.7146939747558942,50388.0,0.1111111111111111,10,0.2222222222222222,0,-1
0x63cc5057aeac41f900bd5f2a00d7df6f86a322bf,usdc,43,330.5995,0.0,0.9302325581395349,0.0006449594804206426,0.03869756882523855,0.9287416518057253,93029.1,0.00847457627118644,2,0.01694915254237288,0,-1
0x67847a163a3a0603c0e98479760ed2640b2a3bfb,usdc,104,0.0,0.0,0.18269230769230768,0.0001268440792521807,0.007610644755130842,0.18265547412314023,473021.6842105263,0.95,0,0.45,0,-1
0x9f5685d2a58f9561bb6931e67a61ce656df8a0d3,usdc,171,8819.573191313351,0.000669,2.146198830409357,0.0014823886572628562,0.08894331943577137,2.134639666458513,40475.215258855584,0.12135922330097088,233,0.1029126213592233,0,-1
0x225041d9a953a23b8a394108add7eb4875790b79,usdc,779,8819.57247164,10068.783847,0.03209242618741977,2.2266394791017416e-05,0.001335983687461045,0.03206360849906508,2694643.68,0.07692307692307693,12,0.19230769230769232,0,-1
0x6158df072a00eab54ced0c8f44326f93563a51a1,usdc,1,0.09000000000000001,0.09,3.0,3.0,180.0,4320.0,20.0,0.0,1,0.06818181818181818,0,-1
0x82011b4bf8290efe5f26718e50815f1c7676ee56,usdc,24,6759.0,30.0,0.16666666666666666,0.00011148831323756489,0.0066892987942538925,0.16054317106209343,538173.0,0.0,0,0.16666666666666666,0,-1
0x57c09911a269f76b7fd0dd18c473e215ee7ca675,usdc,104,3608.99278164214,0.001,5.75,0.003959766651878241,0.23758599911269446,5.7020639787046665,15152.408026755853,0.08415094339622642,344,0.019622641509433963,0,-1
0x4719b6950709af3eb223200718e3b6884b7607b4,usdc,79,3258.0187753953487,5000.00152,0.5443037974683544,0.00037513042325180496,0.0225078253951083,0.5401878094825991,159944.37209302327,0.0425531914893617,20,0.19148936170212766,0,-1
0xb03c5d71a370c5395cf8e8e86b9c19842a4205ab,usdc,45,0.001,0.001,0.1111111111111111,7.635336336565625e-05,0.004581201801939375,0.10994884324654501,785820.0,0.0,2,0.8,0,-1
0xbcc5c5220a247e809d8cf5648c9e2e4388314244,usdc,207,489.2618362115385,41.5,0.5024154589371981,0.0003478844943197821,0.020873069659186925,0.5009536718204862,172471.03846153847,0.0,52,0.0673076923076923,0,-1
0x268315c265956267109545c3ca3778d89eb8e1ca,usdc,1337,22105.803707254905,12.941122,0.0381451009723261,2.6486080301086835e-05,0.00158916481806521,0.038139955633565044,2265340.862745098,0.0,29,0.020356234096692113,0,-1
0xf4ebda99f4f2d76e9ac6440fa47a06df68990be7,usdc,139,10888.172536142856,18614.0,0.050359712230215826,3.486434284200177e-05,0.0020918605705201065,0.05020465369248255,1720956.0,0.0,0,0.002354326074161271,0,-1
0x938198935a290265af568bd6387f4ed5334e28e9,usdc,6,0.0002710769230769231,0.00011,2.1666666666666665,0.0013027357450646358,0.07816414470387814,1.8759394728930754,46056.92307692308,1.0,6,0.46153846153846156,0,-1
0x09770a873b6f67a4037381d135cde0d671148cda,usdc,399,31443.42877271842,0.000125,0.9523809523809523,0.0006613496475528497,0.03968097885317098,0.9523434924761036,90723.56842105264,0.08062330623306233,262,0.0535230352303523,0,-1
0x4db53314ac9a74fbf04bceb9aa15dfa3e5656d9a,usdc,1539,8240.08564288212,81729.0,0.9922027290448343,0.0006888853676853093,0.04133312206111855,0.9919949294668453,87097.21938441388,0.11618257261410789,829,0.024896265560165973,0,-1
0x77377013f95ad2dd49f5f21119d249cad0ad8717,usdc,12,510.61222666666663,790.0,0.5,0.0003251503820516989,0.019509022923101933,0.4682165501544464,184530.0,0.0,3,0.25,0,-1
0x1a9228c7d2c27fd1ed575d7ef328e291a9114656,usdc,20,366.0067903184713,0.0,7.85,0.005357484098168218,0.3214490458900931,7.714777101362234,11199.286624203822,0.13612565445026178,96,0.10471204188481675,0,-1
0x10ec8c2613c6ab1f5fe18b6322e1bc3e53bb60f3,usdc,270,4446.956550250001,13000.0,0.05925925925925926,4.113102081023998e-05,0.002467861248614399,0.05922866996674557,1458753.0,0.0,7,0.02830188679245283,0,-1
0x5ead9c10e4c0cd7d362775c179e1e3f0861706f2,usdc,1482,182.4997853,9.0,0.01349527665317139,9.368260268632053e-06,0.0005620956161179232,0.013490294786830155,6404604.3,0.0,10,0.027874564459930314,0,-1
0x2888664aba961304b847d1877de7d68d3a4cd9c8,usdc,85,59.508950125,95.011211,0.18823529411764706,0.00013053658695776326,0.007832195217465796,0.18797268521917906,459641.25,0.02702702702702703,6,0.08108108108108109,0,-1
0x3f636e9c7c07d7c8d3ecf3c7d3ee3fe3fad6900e,usdc,11,0.02666666666666666,0.04303,0.5454545454545454,0.00034792693534357785,0.02087561612061467,0.5010147868947521,172450.0,0.0,4,0.5,0,-1
0x13177cdd079c7fd04b54124dc9372543e3ad094e,usdc,156,2424.7762337500003,7720.444328,0.05128205128205128,3.541515414445841e-05,0.002124909248667505,0.050997821968020114,1694190.0,0.0,3,0.013736263736263736,0,-1
0x4d465ed5315cb01eb9b5e1bb9a4a0c2e2460418c,usdc,114,55475.23052930952,10000.0,0.3684210526315789,0.000254900151969043,0.01529400911814258,0.36705621883542194,235386.2857142857,0.0,0,0.07142857142857142,0,-1
0x0efc10999fb5cc28817d6e1ceae06b07810ac83a,usdc,77,1368.0141820000001,3623.34636,0.6363636363636364,0.00044167461380512595,0.026500476828307556,0.6360114438793814,135846.61224489796,0.27419354838709675,31,0.12903225806451613,0,-1
0xf01b6a55ecc333dcc37ccdae7a9f8b48af3a2a66,usdc,443,33284.05505239535,0.0,0.09706546275395034,6.734155256993506e-05,0.004040493154196103,0.09697183570070649,890980.3488372093,0.02631578947368421,22,0.03289473684210526,0,-1
0xdb189c386344f4055d88f315e82f7f8aad260088,usdc,1,1649.9926850000002,1999.98537,4.0,0.0013986013986013986,0.08391608391608392,2.0139860139860137,42900.0,0.0,2,0.14285714285714285,0,-1
0x6ac1dac88cfb68a84cde954d82061ac6c1e421b7,usdc,5,0.00034666666666666667,0.0002,3.0,0.002051983584131327,0.12311901504787962,2.9548563611491105,29240.0,1.0,7,0.4,0,-1
0xd98ffb62d05ff05212dffde2fc598fe9b0c62eb7,usdc,624,1191.9721601367523,300.07804,0.1875,0.00013013806202402282,0.007808283721441369,0.18739880931459285,461048.8205128205,0.015625,53,0.1015625,0,-1
0x779c89bb11f244b1f1bdc31d8a9ebf845503b357,usdc,102,0.00026090909090909094,0.0,0.10784313725490197,7.417067075908962e-05,0.004450240245545377,0.10680576589308904,808945.0909090909,0.9090909090909091,2,0.45454545454545453,0,-1
0x5980155977942139220b5372539d3e4dcacc99d7,usdc,17,0.00033903333333333335,0.0005,3.5294117647058822,0.0023169243601427222,0.13901546160856335,3.336371078605521,25896.4,0.4444444444444444,31,0.07407407407407407,0,-1
0xf4bb8c1f0b91c4e4315e23d993d77f17db0d2286,usdc,25,0.00017999999999999998,0.000268,0.4,0.00026765592295791913,0.016059355377475146,0.38542452905940355,224168.4,0.8333333333333334,5,0.16666666666666666,0,-1
0x52c58ecf9cf62e976c072f7d80af2d93d63a0500,usdc,317,14556.022240784809,12090.0,0.49842271293375395,0.0003459503013927784,0.020757018083566704,0.4981684340056009,173435.31645569621,0.002777371729279345,135,0.00263119426984359,0,-1
0xd2bd305add8e2b4fd47cff7da265c2707e09f94e,usdc,372,7905.54558125,0.000991,0.08602150537634409,5.9609320513355465e-05,0.0035765592308013277,0.08583742153923188,1006554.0,0.011286681715575621,16,0.022573363431151242,0,-1
0xa0fe72f692788ef69816bb0da069bb643654f1a6,usdc,407,7422.944688776061,0.00015,0.6363636363636364,0.00044179616923488413,0.026507770154093047,0.636186483698233,135809.23552123553,0.4409937888198758,155,0.15527950310559005,0,-1
0x6f7aecd3d789b5d764656cf565e6fa9a81bebf6e,usdc,1,0.20329187122736428,88.318408,994.0,3.153553299492386,189.21319796954316,4541.116751269035,19.026156941649898,0.0,993,0.0006007810153199159,0,-1
0x1db900596552c90bbf3eb836e7b5dfc39d0c5c43,usdc,54,12395.3818724375,5350.0,0.2962962962962963,0.00020560637174146026,0.012336382304487616,0.2960731753077028,291819.75,0.0,10,0.06741573033707865,0,-1
0x759ddecaaa738d0226ca471b53dc5523e5557039,usdc,1006,225.3368437942387,175.0,0.2415506958250497,0.00016763925026760192,0.010058355016056114,0.24140052038534673,357911.4074074074,0.0,77,0.031746031746031744,0,-1
0x8984cf313ba48f182080fe661baeef65e762a6ef,usdc,2,5694.727575757576,6865.0,16.5,0.009668346419782023,0.5801007851869214,13.922418844486112,6205.818181818182,0.0,0,0.011904761904761904,0,-1
0x4789c274d65b6d4c5c9db42813dfc67f87dacde6,usdc,36,91.552904,209.993284,0.3333333333333333,0.0002299828662764624,0.013798971976587745,0.33117532743810585,260889.0,0.0,6,0.005834305717619603,0,-1
0x9af1d905a53d181d8326a04528605eea49fab672,usdc,425,365.14285714285717,244.0,0.01647058823529412,1.1433652637139312e-05,0.0006860191582283588,0.01646445979748061,5247666.857142857,0.0,2,0.07017543859649122,0,-1
0xe4033781d96ba1ea6d2a68526990b78a9149841b,usdc,19,409.61052100000006,294.938051,0.21052631578947367,0.00014109347442680775,0.008465608465608466,0.20317460317460317,425250.0,0.0,0,0.041666666666666664,0,-1
0xee0ed73d93cf45f5f4a9788c259d0d37c05eb88a,usdc,1,0.0558,0.009,5.0,1.923076923076923,115.38461538461539,2769.2307692307695,31.2,0.009345794392523364,2,0.037383177570093455,0,-1
0x4124f7c1988163a13d2cf29b7ca62d078b0e1c6f,usdc,46,5236.36465441818,0.0,1.1956521739130435,0.0008131090926293878,0.048786545557763274,1.1708770933863184,73790.83636363636,0.375,35,0.203125,0,-1
0x99e108bea1fdf8bbaf8b40725d897b972a4197fc,usdc,304,1782.7536240884956,53.36997,0.3717105263157895,0.00025783604821762277,0.015470162893057365,0.3712839094333768,232706.01769911504,0.03374233128834356,77,0.023006134969325152,0,-1
0x4ff57e8b53eaf37890575f5bf04ac7dffd25c02e,usdc,29,179.532,438.59,0.10344827586206896,7.132803286795755e-05,0.004279681972077453,0.10271236732985886,841184.0,0.0,0,0.0003,0,-1
0x314d4645a04864419f4734fb064fc91c0ebd2fe2,usdc,194,142.3207820110193,1372.40917,1.8711340206185567,0.0012992237585433806,0.07795342551260283,1.870882212302468,46181.42148760331,0.4560669456066946,129,0.1108786610878661,0,-1
0x0ea998fa73beae3ec9502cd43191ed9b247f6131,usdc,238,6556.37563032353,1400.0,0.2857142857142857,0.00019763110062503742,0.011857866037502244,0.2845887849000539,303595.9411764706,0.014479638009049774,46,0.015384615384615385,0,-1
0x2347915a5ff6a5ddbee581fd77cb92c209c31bfc,usdc,4,0.028042253521126752,0.02,17.75,0.010660020419194043,0.6396012251516425,15.35042940363942,5628.507042253521,0.0,39,0.04205607476635514,0,-1
0xf48dc848bcbc429c7963d0c6ce49191d5f08da1e,usdc,895,43069.88989375904,6893.0,0.7418994413407821,0.000514843144972076,0.030890588698324555,0.7413741287597894,116540.34939759035,0.03689655172413793,512,0.03517241379310345,0,-1
0x1356b658583529a1de51f38c733d36a5ec58552e,usdc,60,1550.3780216666667,0.0,0.1,6.903423407667863e-05,0.004142054044600717,0.09940929707041722,869134.0,0.0005359056806002144,4,0.001607717041800643,0,-1
0x88d845fbf49c10d107c3d1fe5d179a423905e229,usdc,556,12755.42807187921,0.000199,0.6402877697841727,0.0004443123156135092,0.026658738936810554,0.6398097344834531,135040.14606741574,0.053393213572854294,248,0.03992015968063872,0,-1
0xa3ab9bb85db034c1b551d0d2d51cbabac43d6a6b,usdc,1,20223.8191008,0.0,5.0,0.10373443983402489,6.224066390041494,149.37759336099586,578.4,0.2857142857142857,4,0.2857142857142857,0,-1
0xe5dabff74fc59121c67464bd3e535ddef9245030,usdc,268,63.147459999999995,61.64432,0.014925373134328358,1.0327612524502261e-05,0.0006196567514701357,0.014871762035283256,5809668.0,0.0,2,0.1,0,-1
0x5db61e4b44585c5d4b2a875031d59e91f66ccb74,usdc,12,316645.979315,175000.0,0.5,0.0003367645903258759,0.020205875419552554,0.48494101006926127,178166.0,0.0,0,0.058823529411764705,0,-1
0xa717d1a2e808684e0bfe3421b0e9b6fd07907fec,usdc,246,45858.53385186341,0.000104,0.8333333333333334,0.0005783484399826665,0.03470090639895999,0.8328217535750397,103743.68780487805,0.09367088607594937,155,0.04810126582278481,0,-1
0xc8fda479d5c3d075d8bc31307f48dd466f584571,usdc,160,4397.10132295,8445.0,0.125,8.652532466464947e-05,0.0051915194798789685,0.12459646751709524,693438.6,0.014084507042253521,10,0.03755868544600939,0,-1
0xad7983b56cbd97313107f4c1935f6a8c75e11f54,usdc,424,1446782.7459188274,0.0,0.3278301886792453,0.0002275196657195956,0.013651179943175735,0.32762831863621766,263713.4676258993,0.019417475728155338,73,0.00849514563106796,0,-1
0x33f0398b41f4c4494d602c8d8840f34350c6cca0,usdc,5,0.00066,0.0007,0.8,0.0005039052658100278,0.03023431594860166,0.7256235827664399,119070.0,1.0,2,0.75,1,2
0xd454c3d8b740c656841f67d369326c51f3df90ef,usdc,8,0.0006263333333333333,0.000274,0.75,0.0005106556818955539,0.030639340913733236,0.7353441819295976,117496.0,1.0,3,0.5,0,-1
0xf78234a409b21747f6767ef9fa251f53c0785703,usdc,74,2292.45116305802,101.0,27.716216216216218,0.019083507792509887,1.1450104675505932,27.480251221214235,3144.076060458313,0.020884022708840228,125,0.3584752635847526,0,-1
0x92f0141307e7bb17067fb0dc15c881505aef7c7d,usdc,5,0.00039342857142857143,0.000524,1.4,0.0009184182214175129,0.055105093285050775,1.3225222388412186,65329.71428571428,1.0,3,0.7142857142857143,1,2
0x2347b09dda47e6cf1335650b83673eb209c31bfc,usdc,3,0.032474961538461536,0.015,34.666666666666664,0.020225593154414623,1.2135355892648774,29.12485414235706,2966.5384615384614,0.0,51,0.034013605442176874,0,-1
0x2c58f853b21becbf9abb59995c7ae33a6750bd0b,usdc,940,10.463333333333333,0.1,0.006382978723404255,4.4315398005452565e-06,0.0002658923880327154,0.00638141731278517,13539312.0,0.0,3,0.031007751937984496,0,-1
0x3611b82c7b13e72b26eb0e9be0613bee7a45ac7c,usdc,1,6696.37911686692,2490.893811,2104.0,0.985480093676815,59.128805620608894,1419.0913348946137,60.88403041825095,0.0028,938,0.0089,0,-1
0x3a95319aee1cbb4db6df70bb02d31b8b92bebf95,usdc,94,1284.9356671012658,0.0,2.521276595744681,0.0017468394735600736,0.10481036841360443,2.515448841926506,34347.74683544304,0.3556231003039514,136,0.11854103343465046,0,-1
0x8355f78c2c72d877ebd53cfb1f42044a572e0d05,usdc,616,1642.9269024141418,106.560739,0.16071428571428573,0.0001115816324460452,0.0066948979467627125,0.16067755072230508,537722.9090909091,0.0,48,0.09090909090909091,0,-1
0x2ff437621a289f65d1c0d606352ec92a8ff406fb,usdc,193,1972.4932059090906,11.366185,0.05699481865284974,3.940276865344978e-05,0.002364166119206987,0.05673998686096769,1522735.6363636365,0.0,2,0.09722222222222222,0,-1
0x2123f7164a5557550796d4f2e4b836c92b045808,usdc,12,0.032,0.054,0.4166666666666667,0.0002700396418194191,0.016202378509165144,0.38885708421996346,222189.6,0.0,3,0.6,0,-1
0x4131074c3608b7c71a73b8dbeac4b15172400bed,usdc,2,2120.205659333333,3180.308489,4.5,0.0024714411247803163,0.14828646748681898,3.5588752196836553,24277.333333333332,0.012295081967213115,7,0.012295081967213115,0,-1
0x8e7fb2ca4df49b9cef4758f810df4b4a89f26c61,usdc,15,205.76767074999998,99.537663,0.26666666666666666,0.00018341220057958255,0.011004732034774953,0.2641135688345989,327132.0,0.0,1,0.4,0,-1
0x9ec17103bfded6dad6cc341d8bd20947bb05fd56,usdc,705,1567.1271247586208,0.0,0.04113475177304964,2.8534887048093485e-05,0.0017120932228856089,0.04109023734925462,2102689.2413793104,0.02666666666666667,15,0.08,0,-1
0x1263b96a0df261f24c08961c9fa4a3e65c38dbc9,usdc,128,6849315110459.951,249880.0,11.40625,0.007884374034704206,0.47306244208225234,11.353498609974057,7609.989041095891,0.07260828918666251,1282,0.027422873169211593,0,-1
0x1551a92adcc898bcdb37f6f62050f5097980fc9a,usdc,31,0.0003401246422893482,0.000716,101.45161290322581,0.06890553040826253,4.134331824495751,99.22396378789804,870.7573926868045,0.3145,3145,0.0001,0,-1
0xcacfa408e50af2df21e38e5c76f27a4b4683c26e,usdc,109,3608.638847762836,0.0,3.7522935779816513,0.002604607799558554,0.15627646797351324,3.7506352313643174,23036.097799511,0.05938158819395643,224,0.044975404075895994,0,-1
0xf991acd672d5b344afcb29931af6401ed32e2691,usdc,736,548390.6937530881,3.879349,2.8057065217391304,0.001945768739778825,0.11674612438672949,2.801906985281508,30836.141404358354,0.021714671467146715,1013,0.011363636363636364,0,-1
0x7e278daa7a631e1c33e3a8c1430cb7e7832ee02d,usdc,112,27826.115716,34012.082792,0.03571428571428571,2.4600518332921274e-05,0.0014760310999752766,0.03542474639940663,2438973.0,0.0,0,0.0967741935483871,0,-1
0x0c8fcb1b024f0792b5bc4a440584e0d37dd13766,usdc,149,64484.89135599999,5015.135128,0.174496644295302,0.00012096928031653008,0.007258156818991805,0.1741957636558033,495993.6923076923,0.014084507042253521,9,0.19718309859154928,0,-1
0xb92fe925dc43a0ecde6c8b1a2709c170ec4fff4f,usdc,1,3800.6737901951883,62.408501,4447.0,4.5940082644628095,275.6404958677686,6615.371900826446,13.060490218124578,0.0,2280,0.0184,0,-1
0x5066aaca65f677fe203ce3181774ba98b13b5e1f,usdc,65,2331.638379310345,7500.0,0.8923076923076924,0.0006145265602617459,0.03687159361570476,0.8849182467769142,97636.13793103448,0.0,13,0.0018768768768768769,0,-1
0x1db95a0bc63292cd423e10a8ad75e09931865c43,usdc,90,13709.337521712328,2854.0,0.8111111111111111,0.0005587062506218477,0.03352237503731086,0.8045370008954608,107390.95890410959,0.013793103448275862,2,0.0896551724137931,0,-1
0x3ba16586cdbfea3e10ecc1c6e12fbb2a3b5b72aa,usdc,34,2678.1502299515546,0.001,89.8529411764706,0.06215135227508535,3.7290811365051204,89.49794727612289,965.3852700490999,0.0044,671,0.107,0,-1
0x5ebe5223831523823528ef0a7edf67d288b1b070,usdc,316,361.199619652968,14.829646,0.6930379746835443,0.0004807008486674709,0.028842050920048254,0.6922092220811581,124817.75342465754,0.0005,87,0.0049,0,-1
0xa59942290bb5dc565324029db09d0de08ebd2f3d,usdc,37,3178.7930211533744,66.44464,8.81081081081081,0.006032367537720801,0.36194205226324805,8.686609254317954,9946.34355828221,0.0083,158,0.0094,0,-1
0xc0f400571d41e939f67a30c366dbcbc10772e66a,usdc,270,47957.49636377778,30009.080736,0.23333333333333334,0.00016160832606095866,0.00969649956365752,0.23271598952778047,371268.0,0.2375,45,0.1625,0,-1
0x2e437df10b9ae05f1c057e9223065a5d048f71b5,usdc,1,0.0003538272490221643,0.0002,3068.0,6.357231661831745,381.4338997099047,9154.413593037712,9.4380704041721,0.3068,3068,0.0001,0,-1
0xe313d32e50921df3c339bfd6bef9d09da908d3d4,usdc,56,6367.026155358974,0.000322,17.410714285714285,0.011970563463630358,0.7182338078178215,17.237611387627716,5012.295384615385,0.25326797385620914,790,0.12009803921568628,0,-1
0x9b82ed6a59fa973bbebbc14c73fbcb81173822d8,usdc,1,279430.60071195,0.0,20.0,0.7462686567164178,44.776119402985074,1074.6268656716418,80.4,0.004638833664678595,12,0.004638833664678595,0,-1
0x58e307ba7d73ecae8941cfaada5bfc4d0eb9aa83,usdc,165,4634.7870627600005,11.591681,0.30303030303030304,0.00020951499792161123,0.012570899875296674,0.3017015970071202,286375.68,0.23880597014925373,34,0.19402985074626866,0,-1
0x09ccf6e2556d8daa5f70da32b17de0f227cee65c,usdc,69,0.0,0.0,0.057971014492753624,3.9718869839277594e-05,0.0023831321903566554,0.057195172568559736,1510617.0,0.2857142857142857,0,0.2857142857142857,0,-1
0x000001ac4e512d670c34fedf6c71ce2f49fb160a,usdc,178,114277.66975891085,20011.385649,22.93820224719101,0.015848063531987238,0.9508838119192343,22.821211486061625,3785.951506245408,0.012,1902,0.0078,0,-1
0xfbd17acd1801f267643b061a5942d5be7a2e184f,usdc,13,0.00036666666666666667,0.0005,0.46153846153846156,0.0003177057409427388,0.01906234445656433,0.4574962669575439,188854.0,1.0,3,0.6666666666666666,1,2
0x699ee12a1d97437a4a1e87c71e5d882b3881e2e3,usdc,60,595.7967850113429,0.118804,45.55,0.03162711252447543,1.8976267514685257,45.54304203524462,1897.106476399561,0.0598,1957,0.0565,0,-1
0x923bde844bb16c931b7fe18cc92f8fd4cedb0275,usdc,197,309.31173724999996,517.0,0.16243654822335024,0.0001125012832177617,0.006750076993065702,0.16200184783357685,533327.25,0.030303030303030304,16,0.24242424242424243,0,-1
0x4c4da89c35ee5aaa0bc684d31d65cf002e97a4ae,usdc,53,1263970.177933158,7716.690365,0.3584905660377358,0.00024482012163694463,0.014689207298216678,0.3525409751572003,245077.8947368421,0.02877697841726619,9,0.07194244604316546,0,-1
0x5a433022246b1cd1f107261dcd3624b64ff2aea8,usdc,156,1287.491319771795,0.0,2.5,0.0017277783340141075,0.10366670004084645,2.488000800980315,34726.67692307692,0.24507658643326038,262,0.13566739606126915,0,-1
0xb346c7026bfef357de48f89aace196744d00ff89,usdc,1413,30917.77982955556,10000.0,0.08280254777070063,5.750122810582379e-05,0.003450073686349427,0.08280176847238625,1043455.9743589744,0.006521739130434782,60,0.02826086956521739,0,-1
0x35c10116bf2221bf3c1814cb6c69d819f79dd2d2,usdc,1626,816.3053075934064,515.7,0.055965559655596554,3.8861102093737963e-05,0.0023316661256242775,0.055959987014982664,1543960.3296703296,0.0031982942430703624,38,0.022388059701492536,0,-1
0xd863054d1fae373701ea1a897125ed0174cb29d5,usdc,439,299.4132732736842,5.411815,0.2164009111617312,0.0001500732041292563,0.009004392247755379,0.2161054139461291,399804.8842105263,0.007766990291262136,25,0.02330097087378641,0,-1
0x1e7af84b891ebb13e286ecf6316585e776e30cc4,usdc,1,0.04,0.04,68.0,0.023655465108188965,1.419327906491338,34.06386975579211,2536.4117647058824,0.0,34,0.06037735849056604,0,-1
0x16c6521dff6bab339122a0fe25a9116693265353,usdc,13,23279.174237551964,2828.0,66.61538461538461,0.04316231222400543,2.5897387334403255,62.15372960256781,1390.1016166281754,0.0,433,0.0031,0,-1
0xd8a3931207823876e4b4cea6a5fe4236e7bae985,usdc,1,1e-05,1e-05,4.0,0.07380073800738007,4.428044280442805,106.2730627306273,813.0,1.0,2,0.5,0,-1
0x700bdda072d72fec18e0b98dd4ad30879f83ac78,usdc,1,50.0,50.0,4.0,0.002296738631143776,0.13780431786862654,3.3073036288470368,26124.0,0.0,2,0.25,0,-1
0xd35af6fbaab4cceac7dbe2e66e40c44479107cdb,usdc,207,983.9209523809526,200.0,0.10144927536231885,7.043505384927569e-05,0.004226103230956541,0.101426477542957,851848.5714285715,0.0,10,0.1282051282051282,0,-1
0xddb372cf515271d5121bdafdf7f06ea467c1a713,usdc,500,31239.3160068,0.0,0.15,0.00010402545211541998,0.006241527126925199,0.1497966510462048,576781.92,0.00684931506849315,52,0.008806262230919765,0,-1
0xa51d01912253a805a8154ea2e13145a6c48ffc2e,usdc,65,1279.1943418636363,2000.0,0.3384615384615385,0.00023163405189023916,0.013898043113414348,0.33355303472194436,259029.27272727274,0.012121212121212121,11,0.06060606060606061,0,-1
0x9cca224ef79db6e0563eb7088ec8c16b5f1998d6,usdc,1,39.600500000000004,0.001,6.0,0.007483162883512098,0.44898977301072585,10.775754552257421,8018.0,0.0,2,0.6666666666666666,0,-1
0xff1ae71b536043dfa89a36313350317bafc4129a,usdc,62,22452.53505042857,18809.0,1.1290322580645162,0.0007723984516721323,0.04634390710032794,1.1122537704078705,77680.11428571428,0.0,0,0.01297016861219196,0,-1
0x3bdb03ad7363152dfbc185ee23ebc93f0cf93fd1,usdc,24,10290.250102499998,0.000205,0.16666666666666666,0.00011469270955791694,0.006881562573475017,0.1651575017634004,523137.0,0.006389776357827476,1,0.012779552715654952,0,-1
0x52861324a623741b7b0a71d3f55a08b02e5eeff2,usdc,50,4000.0,2000.0,0.28,0.00019385265536597996,0.011631159321958797,0.27914782372701114,309513.4285714286,0.0,0,0.0449438202247191,0,-1
0x941ad0e9a072305d39a37992b244c18adba8c0f6,usdc,2,10.907749777777777,17.05758,4.5,0.0024980570667258797,0.14988342400355278,3.597202176085267,24018.666666666668,0.0,3,0.05263157894736842,0,-1
0x3fd588ee3177d9c42f37830bf6b7e9d3aff6b29e,usdc,949,3400.413568951516,1200.0,0.5216016859852476,0.0003620595527255258,0.02172357316353155,0.5213657559247571,165718.59393939393,0.1610062893081761,374,0.055345911949685536,0,-1
0x77ab999d1e9f152156b4411e1f3e2a42dab8cd6d,usdc,181,12265.807860152001,281393.755169,4.143646408839779,0.0028767134584354224,0.17260280750612533,4.142467380147008,20857.134666666665,0.0007,488,0.0185,0,-1
0xc351e45db65d68585e180795537563d33b3716e7,usdc,437,78540.11012561311,164758.197168,5.240274599542334,0.0036334095979132486,0.21800457587479494,5.232109820995078,16513.414847161574,0.0004,1145,0.0225,0,-1
0xd8a14939db7d16859639c2e1c1762bf03d71e985,usdc,18,0.0001,0.0001,0.2222222222222222,0.0001541188256145488,0.00924712953687293,0.2219311088849503,389310.0,1.0,2,0.75,1,2
0x53e9f0c9241103f8c8f494402522cee55397ce2e,usdc,434,108398.4699951681,231.485165,0.5345622119815668,0.0003706562916988328,0.022239377501929967,0.5337450600463193,161875.0344827586,0.042988741044012284,141,0.027635619242579325,0,-1
0x6729809dd35cfaab5ba5d2d3664dcded4ca01520,usdc,15,7905.924499999999,4811.849,0.26666666666666666,0.00017413563424551384,0.01044813805473083,0.2507553133135399,344559.0,0.0,2,0.05660377358490566,0,-1
0xdecf2ba1e034b52fc77cd345ba67b9ec57d44dfa,usdc,492,1677.1964068434784,2000.0,0.23373983739837398,0.00016206322551478328,0.009723793530886995,0.23337104474128792,370225.8782608696,0.01877133105802048,73,0.05460750853242321,0,-1
0x45f70b01d693bf1bea36188ab5f6bd3d8a5f0e0a,usdc,49,3875.6666781111107,0.0,0.5510204081632653,0.00037930617875716813,0.022758370725430088,0.5462008974103222,158183.55555555556,0.032520325203252036,17,0.024390243902439025,0,-1
0x56ddf5841fa480b868d2a4ebfdb56ab985ef7b71,usdc,363,2525.401656936508,1106.0,0.34710743801652894,0.0002404340636295392,0.014426043817772353,0.34622505162653644,249548.66666666666,0.2786885245901639,72,0.22950819672131148,0,-1
0xe3ff7ccf609082bda151f40790a1c9143b3a0663,usdc,31,82.17972216666666,120.0,0.1935483870967742,0.00013242051458611968,0.007945230875167181,0.19068554100401233,453102.0,0.0,3,0.0057692307692307696,0,-1
0x3ef3d8ba38ebe18db133cec108f4d14ce00dd9ae,usdc,13,875.1810252290749,19.522079,17.46153846153846,0.01201452328277001,0.7208713969662006,17.300913527188815,4993.955947136564,0.0002,222,0.0004,0,-1
0xa0a7d77912ae1f362176f1dbf63c309183bf1076,usdc,1,0.10523257005411908,56.635498,1663.0,1.8744364292155093,112.46618575293057,2699.1884580703336,32.00962116656645,0.0005620082427875609,1662,0.0003746721618583739,0,-1
0xf863e681e2c4208674042a803d1c4af68f39f9f5,usdc,1,134.95440314285713,0.944479,14.0,0.013320647002854425,0.7992388201712655,19.18173168411037,4504.285714285715,0.0,10,0.05,0,-1
0x80ba1517d3d5514c7b4cee34dd2f46f96e444845,usdc,5,30808.52138313115,29490.0,12.2,0.007718978564016906,0.46313871384101435,11.115329132184344,7773.049180327869,0.31343283582089554,43,0.1791044776119403,0,-1
0x7fd2ff38288be31de265a8c304329a994724515e,usdc,461,22335.26593013369,4172.0,2.8720173535791758,0.0019910690627267962,0.11946414376360777,2.8671394503265866,30134.56495468278,0.031364613633489316,982,0.024535221955229544,0,-1
0xc7f452026a1a0eefa9f583c6e53161e9d20d5dfe,usdc,7,0.05387315510948904,23.116665,156.57142857142858,0.10332019834461435,6.199211900676861,148.78108561624464,580.7189781021898,0.04118201823325998,1088,0.0028292989625903803,0,-1
0xfcec10ca7f92aefafa7e5e40e06542ab2c8d27dc,usdc,401,3266.9929304180137,0.000494,1.0798004987531171,0.0007492067578795615,0.04495240547277369,1.0788577313465686,80084.70207852194,0.05284348263714142,302,0.051333668847508805,0,-1
0x07aa9793ce6a0cc48362fb194b5a3b46d1127da1,usdc,856,7561436709589.283,30800.0,0.6179906542056075,0.000429042947117902,0.025742576827074117,0.6178218438497788,139846.13988657846,0.01530328324986088,321,0.03951029493600445,0,-1
0x93e91d5b1bffaec21df52620e2e06aa356dd084d,usdc,5,444448.95236377773,500005.071628,3.6,0.0024368450978799446,0.1462107058727967,3.5090569409471204,24622.0,0.004140786749482402,15,0.006211180124223602,0,-1
0x4cd00e387622c35bddb9b4c962c136462338bc31,usdc,1,2795.344180175601,166.388151,6156.0,2.770227702277023,166.21366213662137,3989.1278912789126,21.658869395711502,0.0,227,0.237,0,-1
0xebe871c7f3ff30ef04b615c7f7f1408895181ab6,usdc,157,5188.5791277158905,1159.384224,11.343949044585987,0.00783240672575494,0.4699444035452965,11.278665685087116,7660.480628860191,0.2288205980066445,1077,0.12915282392026578,0,-1
0xb40263800e0cd1cdbda236d2d8352d5cef92b741,usdc,773,19565.75748322857,0.0,0.09055627425614489,6.28645357265443e-05,0.003771872143592658,0.0905249314462238,954433.2,0.01038961038961039,50,0.03116883116883117,0,-1
0x51dbd97fa14f4d78f8afc2e92a692a9e087efb5c,usdc,23,1356.8574563203508,745.462611,123.91304347826087,0.08432800932638194,5.059680559582917,121.43233342999,711.5073684210527,0.053,2105,0.0457,0,-1
0x756bd9f464dfdc23541cc987161567904b7c93dd,usdc,1,0.11490614720812185,64.466935,1576.0,2.963520120345995,177.81120722075968,4267.468973298232,20.246192893401016,0.0008791208791208791,1575,0.00043956043956043956,0,-1
0xc68a78e11da72e6c7fc97ba85cedd92d2fcac9aa,usdc,63,91.26420275,30.853409,0.12698412698412698,8.802758784603094e-05,0.005281655270761856,0.12675972649828457,681604.5,0.021739130434782608,6,0.03260869565217391,0,-1
0x95ad61b0a150d79219dcf64e1e6cc01f0b64c4ce,usdc,312,54.214963833333336,231.214608,0.019230769230769232,1.3315987040881412e-05,0.0007989592224528847,0.01917502133886923,4505862.0,0.0002,0,0.0005,0,-1
0x674cdb69283b25da1ae3027e6c28adb95b76c2ea,usdc,29,4176.304967777778,0.00375,1.5517241379310345,0.0010553421419224112,0.06332052851534468,1.5196926843682723,56853.6,0.01125703564727955,24,0.0150093808630394,0,-1
0xd8a57096cd7ef3124eb29ddec296958163b1e985,usdc,1,0.0022000000000000006,0.001,15.0,0.5859375,35.15625,843.75,102.4,0.0,13,0.2,0,-1
0x75b817cd98b454d456d02a1ffb8f51102ae322cb,usdc,73,2868.2582394736005,0.0,8.561643835616438,0.005883283192071782,0.3529969915243069,8.471927796583365,10198.3872,0.369340746624305,136,0.07466243050039714,0,-1
0x3a08bf34246f6e7389d51cb121739f5d1d933d8a,usdc,33,44444.44705411111,0.000131,0.2727272727272727,0.00018534154327725036,0.01112049259663502,0.26689182231924047,323726.6666666667,0.038461538461538464,3,0.15384615384615385,0,-1
0x44d71ad9a9ca4baab553b7e9a2c9f268968696c3,usdc,1377,12638.065002513818,3100.0,0.4466230936819172,0.0003101293828688345,0.018607762972130067,0.44658631133112164,193467.6406504065,0.07423839100857735,327,0.025732031943212066,0,-1
0xf5ccbf216c3b4e40f877dfda6abaaa4d5396e65e,usdc,60,689.756932888889,0.0,0.6,0.00041641989931892213,0.02498519395913533,0.5996446550192479,144085.33333333334,0.01098901098901099,23,0.017582417582417582,0,-1
0xdc8ead92dea0d3a174fb1497c23115f1f7bf92f5,usdc,111,6732.814554728071,0.001,1.027027027027027,0.0007082601775123666,0.04249561065074199,1.019894655617808,84714.63157894737,0.013377926421404682,66,0.010033444816053512,0,-1
0x754fee5eb4d67a2661611406dfae041366a34041,usdc,20,6050.0,3100.0,0.2,0.00013330400645191392,0.007998240387114835,0.19195776929075603,450099.0,0.0,2,0.75,0,-1
0x2d4c5d6473742dc9d14da3b8f1c804cdb5d91744,usdc,88,3382.136995845205,0.659646,8.295454545454545,0.005751119892729796,0.3450671935637878,8.281612645530908,10432.750684931507,0.4557291666666667,480,0.09375,0,-1
0xceab5c856a540328071811eaa5207530808fc2c4,usdc,47,51.827200000000005,100.287,0.10638297872340426,7.372304316926516e-05,0.00442338259015591,0.10616118216374183,813856.8,0.0,0,0.0004,0,-1
0xcb70dadc39ae08a2b9a4035469197f3959368c50,usdc,1,1375.0061125,0.00275,4.0,1.25,75.0,1800.0,48.0,0.2,2,0.6,0,-1
0x2ac89ad0fb7ba65cab88135d254bb6f47af825ff,usdc,39,3355.963400333333,350.015,0.23076923076923078,0.00015852941072856593,0.009511764643713956,0.22828235144913495,378478.6666666667,0.0,7,0.036585365853658534,0,-1
0x32bd8a2e7f98e3db06307912dda63f94fadca279,usdc,79,1324.0981866676923,42.440051,4.113924050632911,0.002836867051316743,0.17021202307900454,4.085088553896109,21150.092307692306,0.006910569105691057,234,0.007723577235772358,0,-1
0x92981c1e80a1f741ef5656379c9343385812ec28,usdc,32,8574.705982980391,18269.000182,1.59375,0.0010742948623428054,0.06445769174056833,1.5469846017736397,55850.58823529412,0.1,15,0.1,0,-1
0x4c08da66bb149896cc0dc227f8e9638518537523,usdc,1,0.028342857142857142,0.09,7.0,0.3932584269662921,23.595505617977526,566.2921348314607,152.57142857142858,0.42857142857142855,5,0.42857142857142855,0,-1
0x833c3e4975498c2208476f1aa31ded7d3b79a320,usdc,674,9087.45946,160.0,0.08902077151335312,6.177735933913053e-05,0.003706641560347831,0.08895939744834795,971229.6,0.0111731843575419,28,0.18435754189944134,0,-1
0x653b2001fb6f9b68dd05de8b37885a4a7497098e,usdc,39,0.0002891428571428571,0.000613,0.1794871794871795,0.00012308341538894358,0.007385004923336615,0.17724011816007876,487474.28571428574,1.0,2,0.7142857142857143,1,2
0x0d8ac3298fed032b711e347fe67adfe09345e985,usdc,1,0.00017500000000000003,0.0004,4.0,0.006022282445046673,0.36133694670280037,8.67208672086721,9963.0,1.0,2,0.5,0,-1
0x427a3c46b36708ab4ed526c61d49505e4f1547c3,usdc,1,0.00025,0.0001,4.0,0.0027835768963117608,0.16701461377870563,4.008350730688935,21555.0,0.4444444444444444,2,0.2222222222222222,0,-1
0x547110cc9a9f1c1afbb548b81133a66952a6134b,usdc,828,264654.14195151237,279260.426716,0.7282608695652174,0.0005054542961184296,0.030327257767105775,0.7278541864105385,118705.09452736318,0.01167883211678832,248,0.031143552311435525,0,-1
0x2fa31d2ac017869998f9574bac76094a8110cf7c,usdc,4,9.076151821166608,9.578851,715.75,0.4088598194904604,24.531589169427626,588.758140066263,146.74956339504016,0.0002,1431,0.0167,0,-1
0x5ab53f86531dbdee00d316433405720b6e03ed76,usdc,18,600.0,1000.0,0.16666666666666666,0.00011004328369158536,0.006602597021495122,0.15846232851588293,545240.0,0.0,0,0.25,0,-1
0x484228529f4077f76e95d8516c0777988226ccc0,usdc,11,0.04000000000000001,0.06796,0.36363636363636365,0.00024862943026566055,0.014917765815939633,0.3580263795825512,241323.0,0.0,2,0.75,0,-1
0xfe1fdf19e8cbdc43f0bd0cb25977aae16f7ad53e,usdc,29,0.0038829999999999997,0.004124,0.20689655172413793,0.00014300968652276714,0.00858058119136603,0.2059339485927847,419552.0,0.0,3,0.08695652173913043,0,-1
0xf721836a1418d03e10f653872f4fab527ada1107,usdc,26,19520.0,17035.0,0.15384615384615385,0.00010326524711373636,0.006195914826824181,0.14870195584378032,581028.0,0.0,0,0.2222222222222222,0,-1
0xc9df67bba05e3a694d593b5b0ca38b4ed67abbcb,usdc,67,0.0004005064935064934,0.000127,1.1492537313432836,0.0007954726243778268,0.04772835746266961,1.1454805791040705,75426.85714285714,0.48427672955974843,38,0.012578616352201259,0,-1
0x5b842964c1d09a32446739d4cd67968b726ca066,usdc,17,0.034347826086956516,0.00755,2.7058823529411766,0.0018578652320716006,0.11147191392429602,2.6753259341831046,32295.130434782608,0.0738255033557047,37,0.06711409395973154,0,-1
0x93feeaa6f2e12921628f975d6f629742b75f89c8,usdc,1,7830.0,7830.0,4.0,0.6666666666666666,40.0,960.0,90.0,0.0,0,0.02040816326530612,0,-1
0x9d6f424b4d624b878abc92b577b9363f56a1cfbb,usdc,465,2630.4219028139532,0.0,0.09247311827956989,6.410099693448162e-05,0.003846059816068898,0.09230543558565354,936022.8837209302,0.03470715835140998,22,0.04772234273318872,0,-1
0x96919be8434cca745b385e0c06ea00e6b3cbc96d,usdc,5,0.0003230268817204301,0.000499,37.2,0.023141812028765522,1.388508721725931,33.32420932142235,2592.7096774193546,0.5329512893982808,0,0.22636103151862463,0,-1
0x5afe0000727040681d781fb23e8c82b468076042,usdc,1,0.0009842261629401181,0.000112,3891.0,19.39680957128614,1163.8085742771684,27931.405782652047,3.0932922127987665,0.2649,3891,0.0001,0,-1
0x5bec92b157c3320048ac47ca9d4aaf57d8f785b5,usdc,63,1358.753697097902,0.0,2.2698412698412698,0.0015522152173535492,0.09313291304121293,2.2351899129891106,38654.43356643357,0.10419026047565119,66,0.015855039637599093,0,-1
0x0d7a42bb703f9d003cdbc6046114ccea3b86f268,usdc,8,525.5765198571429,1303.835889,1.75,0.0011617871605921796,0.06970722963553078,1.6729735112527384,51644.57142857143,0.0,7,0.35,0,-1
0xbabc528aa9877b6827b6a6cd3c3e6dcce2abef2c,usdc,642,44646.746032309005,5.0,1.8146417445482865,0.0012593086147086382,0.07555851688251829,1.8134044051804388,47645.19141630901,0.04179566563467492,779,0.037925696594427245,0,-1
0x8cd2d075302f20f77d582907d5e218281b9dd0be,usdc,1,5950.69772,0.000892,3.0,0.26785714285714285,16.07142857142857,385.7142857142857,224.0,0.3333333333333333,1,1.0,1,2
0x97a64f8890f2ee2248acc6348f59b363691ce05e,usdc,317,13768.480436728745,10000.0,0.7791798107255521,0.0005408947055386742,0.03245368233232045,0.7788883759756908,110927.31983805668,0.027857142857142858,198,0.025714285714285714,0,-1
0xc10822c39ba219a63aa2b571bedb36e5a31d6a9c,usdc,1,0.13179937020169163,85.18723,1537.0,6.463414634146341,387.8048780487805,9307.317073170732,9.283018867924529,0.00022079929344226098,1536,0.00044159858688452196,0,-1
0xf52d5f9d00819a70839d44c7454255822c7767ce,usdc,91,2817.9040539207917,0.0,1.10989010989011,0.0007639662100014524,0.04583797260008714,1.1001113424020914,78537.50495049504,0.12380952380952381,51,0.10952380952380952,0,-1
0x7a0642096750519f3e8c5bef196c8f2334772e42,usdc,308,93.57547498235293,1.783814,1.103896103896104,0.0007645091469022314,0.04587054881413389,1.1008931715392134,78481.72941176471,0.011661807580174927,198,0.015160349854227406,0,-1
0x8c8a83fb9c594623c8a0c2ed5122436957cce560,usdc,89,3730.925057836443,150.0,10.235955056179776,0.007068810329308793,0.42412861975852756,10.179086874204662,8487.991218441273,0.24732949876746096,484,0.07888249794576828,0,-1
0xad3e56213c0536e224615d81b74996ddf704645a,usdc,1464,31523.925488816803,1e-05,1.349726775956284,0.0009369886956771201,0.05621932174062721,1.349263721775053,64034.92408906882,0.08319705641864268,1130,0.036999182338511856,0,-1
0xb2c43a7d9d4446926bfe260c15bcb57571003106,usdc,31,12350.493127345588,908.0,4.387096774193548,0.003038087791801631,0.18228526750809784,4.374846420194348,19749.264705882353,0.016771488469601678,110,0.050314465408805034,0,-1
0x68d75b45a7ddc1e43d2a9ad20542cf45f7ba8fd0,usdc,6,0.010236954435623058,28.643611,482.8333333333333,0.29609566639411283,17.76573998364677,426.3777596075225,202.63721090783568,0.2896,2897,0.0001,0,-1
0xe02b10dfe0626307b44c184075e4ee831ea9b189,usdc,426,1882729.6723308573,0.0035,0.2136150234741784,0.00014809178045051798,0.008885506827031079,0.21325216384874587,405154.1538461539,0.006587615283267457,39,0.007905138339920948,0,-1
0x204d7d11d3deb5efda696d2ac00824f7c8b71de0,usdc,97,2073.6231923076925,1110.0,0.26804123711340205,0.00018555603292620438,0.011133361975572261,0.26720068741373426,323352.46153846156,0.0,4,0.09722222222222222,0,-1
0x87ba9dc9defef228460b330e5a3843682c571842,usdc,357,14108.88572922956,45343.0,9.249299719887954,0.0064213410996167425,0.38528046597700455,9.246731183448109,9343.842519685038,0.2046177011878869,1635,0.08432323908315208,0,-1
0xf4fb9fa23edb32215e5284cf7dbfdb5607d51a5b,usdc,888,22211.439545373556,39491.12818,5.739864864864865,0.003982499193655255,0.23894995161931526,5.734798838863566,15065.916421424366,0.0112,2864,0.0384,0,-1
0xdd802bc2a7a6d330777daf979ff3cffe95d35782,usdc,656,5339.95737617742,0.000993,0.09451219512195122,6.56044529763153e-05,0.003936267178578918,0.09447041228589405,914572.0645161291,0.010889292196007259,34,0.024500907441016333,0,-1
0xe09ce6202271abd81749aba502813219cd33715f,usdc,822,10548847452503.219,0.001,1.108272506082725,0.0007688172451362393,0.04612903470817436,1.1070968329961846,78041.95389681669,0.04474445515911282,560,0.03915139826422372,0,-1
0x43f95bc6d544e74ee5e223fe34d62b7c6624c499,usdc,92,2620.7506,0.0,0.17391304347826086,0.00012005054127787798,0.007203032476672679,0.17287277944014431,499789.5,0.16666666666666666,9,0.2222222222222222,0,-1
0xac694a242f733b454e510eaf2bcbd0913d1b9eaf,usdc,26,1752.2369271600003,930.335961,1.9230769230769231,0.0013315011876990595,0.07989007126194356,1.9173617102866456,45061.92,0.01674179008370895,25,0.013522215067611075,0,-1
0xa2f1ede0a76c19a1eefed0ba4c720d78dac223f4,usdc,493,12824.89458409091,8268.0,0.15618661257606492,0.00010828486062332141,0.006497091637399284,0.15593019929758284,554094.077922078,0.0025,45,0.06,0,-1
0xf6de177e9f8d21df28834fe21e628382bbb26f83,usdc,188,0.0,0.0,0.015957446808510637,1.1046444407295662e-05,0.0006627866644377397,0.01590687994650575,5431612.0,0.057692307692307696,0,0.057692307692307696,0,-1
0x01a2c6eb18b14797a33d82e18309e92064044a74,usdc,296,122.53034259821428,14.1,0.7567567567567568,0.0005248640274128983,0.0314918416447739,0.7558041994745737,114315.32142857143,0.008620689655172414,93,0.021551724137931036,0,-1
0x61329adc9362b5906a6e098ac01616a70fe57080,usdc,1213,314172.53396726685,0.0,0.6735366859027205,0.00046740494144852053,0.02804429648691123,0.6730631156858695,128368.3476132191,0.03411371237458194,498,0.01906354515050167,0,-1
0x73dfd2bff092671ad7fe4bb7516ed2eabf9916cb,usdc,1232,4044.6359316666662,0.0001,0.002435064935064935,1.6907848991717333e-06,0.000101447093950304,0.002434730254807296,35486477.333333336,0.058823529411764705,0,0.11764705882352941,0,-1
0x4220d64e670b553a2c7839c43cf022fb2808b066,usdc,415,4548.00383191986,4000.0,0.691566265060241,0.0004799228377720343,0.028795370266322062,0.6910888863917294,125020.09756097561,0.236328125,188,0.091796875,0,-1
0x372070e886b1eda9e6f20b7f428871b6b79b33e8,usdc,12,0.04,0.068,0.3333333333333333,0.00021624426952685755,0.012974656171611452,0.3113917481186748,277464.0,0.0,2,0.75,0,-1
0xedc93814509beeca98a606f0380e7b9b871a9b4a,usdc,450,4017.9682942558143,6255.904134,0.19111111111111112,0.00013261257882738408,0.007956754729643044,0.19096211351143305,452445.76744186046,0.035653650254668934,54,0.025466893039049237,0,-1
0x76181f35532e555268c54152f808c3dc8987446a,usdc,413,58164.15714184252,0.001,0.6150121065375302,0.00042628965207044186,0.025577379124226512,0.6138570989814363,140749.37007874015,0.04219409282700422,194,0.028481012658227847,0,-1
0x7f86bf177dd4f3494b841a37e810a34dd56c829b,usdc,5,948.17327925,965.427383,920.0,0.5625535037299744,33.75321022379846,810.0770453711631,106.65652173913044,0.0006,2435,0.0054,0,-1
0x848515f602d90e9b1974e3ee59a170f6f3cbcb98,usdc,2,988.8480013333333,1546.396008,4.5,0.002659731662627815,0.1595838997576689,3.830013594184053,22558.666666666668,0.0,5,0.0103359173126615,0,-1
0xf10f58de80bf0b0da8ea38d9861766320a80739e,usdc,197,1298.2212327625898,26.393724,2.116751269035533,0.0014684918694148007,0.08810951216488803,2.1146282919573127,40858.24460431655,0.03110047846889952,337,0.01674641148325359,0,-1
0x42c31b4ada1963b5235737901264a61a6920ce5d,usdc,313,608.4858364754098,128.889331,0.19488817891373802,0.0001352256050791624,0.008113536304749744,0.19472487131399385,443702.95081967214,0.0,16,0.0012,0,-1
0x92f227b49acb36b46e8e5da0c0ee0dfc6ae134e1,usdc,5,0.00030125000000000003,0.000105,1.6,0.0010206424944502566,0.06123854966701539,1.4697251920083694,58786.5,1.0,4,0.25,0,-1
0xc657ded139d6de701743694bcf015c022ab5a4d5,usdc,1,15.229452666666665,22.844179,3.0,0.03480278422273782,2.088167053364269,50.11600928074246,1724.0,0.0,1,0.02654867256637168,0,-1
0x90742cf4bd843c0556d5a3a53d6479a6b7ac26c3,usdc,714,3379.281276206623,0.000187,2.11484593837535,0.0014670078674368944,0.08802047204621367,2.112491329109128,40899.5761589404,0.26254102203469293,920,0.15096108766994842,0,-1
0xc125013e58100aba8fee274d28df899749bcba7e,usdc,1084,2105475814482.0088,2750.478583,0.8763837638376384,0.0006082254618800134,0.0364935277128008,0.8758446651072191,98647.62947368421,0.16094619666048238,603,0.048701298701298704,0,-1
0xae89af4b16a86bfe883321cee4eea9975241ce68,usdc,1469,727.4071854242425,551.0,0.0224642614023145,1.5595487091367226e-05,0.0009357292254820334,0.0224575014115688,3847266.8181818184,0.0,19,0.09345794392523364,0,-1
0x865382f279a9fed7519244936249dca60ed1991c,usdc,118,7633.354330894308,10000.0,1.0423728813559323,0.0007193411536828514,0.043160469220971075,1.0358512613033057,83409.65853658537,0.11976047904191617,73,0.11377245508982035,0,-1
0x976b5980e724a50532f9e485d2033e29ed3f0e58,usdc,983,1388.0991815333334,7.654825,0.061037639877924724,4.234495043523552e-05,0.002540697026114131,0.06097672862673914,1416934.0,0.0711743772241993,30,0.042704626334519574,0,-1
0xd14e7631b5c74c4761f4af134deb9f5bcd14d0cc,usdc,1,5583.338904166668,0.0001,12.0,0.017301038062283735,1.0380622837370241,24.91349480968858,3468.0,0.08955223880597014,0,0.08955223880597014,0,-1
0xa030511cc702f91ebf147c666103a8300e608ef1,usdc,120,3246.7805694615386,0.0,0.21666666666666667,0.00014992002343365291,0.008995201406019174,0.21588483374446016,400213.3846153846,0.019021739130434784,14,0.03260869565217391,0,-1
0x33335b1e565f0765bb9adbddc8814fa7e3f6089c,usdc,60,1425.8499423846154,0.0,3.25,0.0022472635244928678,0.13483581146957205,3.2360594752697294,26699.138461538463,0.0165016501650165,143,0.016914191419141914,0,-1
0x2348c269e5e30d483ffade6d8bedd1ed740a1bec,usdc,1,0.03512415151515152,0.0295,66.0,0.04000484907261486,2.400290944356892,57.60698266456541,1499.8181818181818,0.0,33,0.036613272311212815,0,-1
0x534098a9c89c9bf4162337b335e84db9871860b1,usdc,402,14243.362738135665,84345.05,5.189054726368159,0.0035995418262963963,0.21597250957778374,5.18334022986681,16668.78811121764,0.12924345295829293,1618,0.06644034917555772,0,-1
0x53176b14ccde7e80d675bc68a8db00c61e666287,usdc,84,0.20221381249999998,0.082416,0.19047619047619047,0.00013150303032295502,0.0078901818193773,0.1893643636650552,456263.25,0.0,15,0.008,0,-1
0x60fd41b05e38e796143d93464b13a6a9dcd5c1ea,usdc,249,22988505785767.773,0.0,6.9879518072289155,0.0048338006007247365,0.2900280360434842,6.960672865043621,12412.593103448276,0.25744992672203226,961,0.08207132388861749,0,-1
0x7221a58f28ff5aea92d0fcb2b11b00cfa31e2ca9,usdc,13,0.039817707875457874,42.773071,168.0,0.11579204088773896,6.947522453264338,166.74053887834413,518.1703296703297,0.28582656536547024,2183,0.00026198585276395077,0,-1
0xd05c5e04fb0f098e49e46b1d2629d20ace0dd012,usdc,154,4057.876313265244,0.0,8.519480519480519,0.005885883838134605,0.3531530302880763,8.475672726913832,10193.881097560976,0.20458616983160158,811,0.07918308849874597,0,-1
0x4e9ef6790dd931ad962cc7be46f8f11c2111544f,usdc,198,22523.717813974024,0.001,3.5,0.002418971437986019,0.14513828627916117,3.483318870699868,24803.930735930735,0.06123244929797192,505,0.0530421216848674,0,-1
0x4d10cf9b2fe1e68a4f13290a94e92b07fc30a9a5,usdc,1,13639.456737999999,0.00034,5.0,0.9615384615384615,57.69230769230769,1384.6153846153848,62.4,0.04285714285714286,1,0.07142857142857142,0,-1
0xd41736162269775d0cd550919e97fb37d1830e2c,usdc,1,0.00014333333333333334,9.6e-05,3.0,2.5,150.0,3599.9999999999995,24.0,1.0,1,1.0,1,2
0x16466599b08d10c241609838da12964787619c09,usdc,581,10293.36976310891,1658.0,2.0860585197934594,0.0014476588895214102,0.0868595333712846,2.0846288009108305,41446.22772277228,0.14881219184222322,621,0.07485432541461229,0,-1
0xc8aa43e2156ffdc65bf4113d67be3ee319b28064,usdc,1742,2616.1623093423236,0.000133,0.2766934557979334,0.00019209756451972333,0.011525853871183399,0.27662049290840157,312341.28423236514,0.09933774834437085,309,0.09403973509933775,0,-1
0x96b9417458a75c0b5a26853bd36d6da4a5f22acb,usdc,141,16994.154000000002,207.0,0.09219858156028368,6.361298252893901e-05,0.003816778951736341,0.09160269484167217,943203.6923076923,0.020618556701030927,5,0.061855670103092786,0,-1
0x153f4f7837c937667afa2588c9498e24ecddfb0b,usdc,12,0.04,0.069,0.3333333333333333,0.0002283704625643719,0.013702227753862315,0.3288534660926956,262731.0,0.0,2,0.75,0,-1
0x62e013c1e40a50d8ec90feb445ee492d1fb2cc13,usdc,1,1140.1000537999998,0.0,5.0,0.019968051118210862,1.1980830670926519,28.75399361022364,3004.8,0.3333333333333333,2,0.6666666666666666,1,2
0x9c52d94ccc063122e05c18f213248c4d190f3a11,usdc,147,93.409021628866,400.0646,0.6598639455782312,0.00045687134502923974,0.027412280701754388,0.6578947368421053,131328.0,0.18548387096774194,50,0.04838709677419355,0,-1
0xa33c4525a19338f2b914e6d8a463da7f6290c846,usdc,1,0.00032,0.00048,3.0,1.3636363636363635,81.81818181818181,1963.6363636363635,44.0,1.0,1,1.0,1,2
0x0596398fb8e995cec8b28870babd5530696a9a28,usdc,6,4806445.161629742,0.000124,5.166666666666667,0.003117144293614882,0.1870286576168929,4.48868778280543,19248.387096774193,0.08695652173913043,19,0.07971014492753623,0,-1
0x4f013b36196644460f4825a86d8a7559c91e2b56,usdc,14,0.0004027857142857143,0.000101,2.0,0.0013723202995579167,0.082339217973475,1.9761412313634001,43721.57142857143,1.0,14,0.07142857142857142,0,-1
0x47a5c8563184fda956484044d39a14b0af3f994c,usdc,1,0.0026894999999999996,0.0031,6.0,0.019329896907216496,1.1597938144329898,27.835051546391753,3104.0,0.5,5,0.3333333333333333,0,-1
0x82b7db2bf0ae6db3c10439a32c9b618429b7e23e,usdc,1568,4277.987422149253,3040.635311,0.04272959183673469,2.9671783135107616e-05,0.0017803069881064568,0.042727367714554966,2022123.1641791044,0.0,35,0.020080321285140562,0,-1
0xaddce9eef8f2ee4f5050580c78a32574ff7168b3,usdc,409,4186.469563447369,5005.0,0.09290953545232274,6.449742587378736e-05,0.0038698455524272413,0.0928762932582538,930269.6842105263,0.07476635514018691,19,0.12149532710280374,0,-1
0x52861d1e347cd5b01af42b5b4e010363a6bdeff2,usdc,60,2623.75,2990.0,0.13333333333333333,9.253368804580417e-05,0.00555202128274825,0.133248510785958,648412.5,0.0,0,0.014625228519195612,0,-1
0xc016c6f4f99feaf234538f42b313fd70b3302ea7,usdc,293,1932.0142059481482,3159.0,1.3822525597269624,0.0009593546314799076,0.057561277888794456,1.3814706693310668,62542.044444444444,0.6384439359267735,121,0.08924485125858124,0,-1
0x8412f98582158cc5bda82e9ade35543f72c71fb5,usdc,393,1592.2056101821306,300.891672,0.7404580152671756,0.000514170612764153,0.03085023676584918,0.7404056823803803,116692.78350515464,0.016122984626921636,190,0.009373828271466067,0,-1
0x372810310c7753819dd5d9c492522a0edea39279,usdc,1,0.002,0.005,3.0,0.05952380952380953,3.5714285714285716,85.71428571428571,1008.0,0.6666666666666666,1,1.0,1,2
0x783bc9dac1c58f5866091101f0036bbab91c8235,usdc,14,0.05142857142857144,0.086999,1.0,0.0006580369816783703,0.03948221890070222,0.9475732536168532,91180.28571428571,0.0,9,0.42857142857142855,0,-1
0x2731018d041ed1c230a20f3bee72f0c6decae3aa,usdc,97,3.111831941176471,4.0,0.17525773195876287,0.00012064267060292948,0.00723856023617577,0.17372544566821846,497336.4705882353,0.0,10,0.03902439024390244,0,-1
0x7c1ea249c37bff0f88565f71697899a014dfc58e,usdc,16,0.02388025,0.00081,0.5,0.00034646733246139055,0.020788039947683433,0.49891295874440234,173176.5,0.375,5,0.5,0,-1
0xa6f2a94ecfb909e64d40f0a009d62a5054838ce5,usdc,60,2206.6103548,701.555374,3.25,0.00224973695383309,0.13498421722998544,3.23962121351965,26669.784615384615,0.004975124378109453,96,0.024875621890547265,0,-1
0x7ab0c7ef3cf7b0a2c5e0a16cb527ce9e91e99e6d,usdc,214,161.18470209090907,116.381783,0.1542056074766355,0.00010658921614290448,0.0063953529685742685,0.15348847124578247,562908.7272727273,0.0,2,0.042735042735042736,0,-1
0x04907dd5165e3d168b2190e7c840b2d0e1a6a9cc,usdc,1512,100610.61819557576,28342.370938,0.4583333333333333,0.00031815636908076215,0.019089382144845728,0.4581451714762975,188586.51226551225,0.015728288124002735,310,0.0054707089126966035,0,-1
0x931a42a2386205e8169b2f1cb4a74b077e1cda49,usdc,77,76380.11702877439,0.0,2.1298701298701297,0.0014605716891333467,0.08763430134800079,2.1032232323520192,41079.80487804878,0.04448563484708063,86,0.025023169601482854,0,-1
0x848bd114d1f739c7ae1d30215fd7cd6004444680,usdc,1309,108247.44386766931,0.0,0.385790679908327,0.00026772286015170363,0.016063371609102216,0.3855209186184532,224112.35247524752,0.06075808249721293,340,0.044593088071348944,0,-1
0x761d1767846362ce79044ebedc02770afe0f26a5,usdc,200,7446.16787,0.0,0.04,2.774294496909436e-05,0.0016645766981456616,0.03994984075549588,2162712.0,0.009174311926605505,5,0.03669724770642202,0,-1
0x6a80957a838d9db9882ff1492cdc4eeeaaa21cc4,usdc,20,0.0006542000000000001,0.000715,0.5,0.0003315122261709012,0.01989073357025407,0.4773776056860977,180988.8,0.18604651162790697,5,0.13953488372093023,0,-1
0xd71b5c55dbe7bf94b01f3c70bf721a22708ca4aa,usdc,416,11578.344327099998,2814.417696,0.14423076923076922,0.00010007081678134226,0.006004249006880536,0.14410197616513284,599575.4,0.0,23,0.10416666666666667,0,-1
0x5e08069b354f98b1514109d582c9ed031b704f25,usdc,118,412992.04397200653,444437.67,1.2881355932203389,0.0008901163124355104,0.05340697874613062,1.281767489907135,67406.92105263157,0.024103139013452915,91,0.02242152466367713,0,-1
0x41d13ca83e7c89c06a656a92bd682ffc43945b7e,usdc,61,60152.930820635884,39319.15,109.36065573770492,0.07490287664772854,4.494172598863713,107.86014237272911,801.0373257382702,0.2445385035499727,4018,0.0622610595303113,0,-1
0x2c7ef73f8bc5a8f993039abd2710d29df7efff53,usdc,2,2323.345149666666,1970.035449,3.0,0.0015162235924390983,0.0909734155463459,2.1833619731123015,39572.0,0.0,2,0.13333333333333333,0,-1
0xce35c1a7964f3b048ff5e90e9446a9750d6135fa,usdc,71,104.44649326630433,983.371161,2.591549295774648,0.0017909773674968756,0.10745864204981254,2.5790074091955004,33501.260869565216,0.0,92,0.0002,0,-1
0x6da9abf1ef46618ad1c6c0e7eda93d83b4f5c603,usdc,11,242.8428079999999,4.108774,1.0,0.0006569438969911969,0.039416633819471816,0.9459992116673237,91332.0,0.0,5,0.08695652173913043,0,-1
0xf3b75089ea79b0102a4dda7021f4c576731bdb4e,usdc,980,32632.686089931816,0.0002,0.08979591836734693,6.230629292142455e-05,0.0037383775752854727,0.08972106180685134,962984.5909090909,0.02356902356902357,53,0.030303030303030304,0,-1
0x6a8c15169e0fffa1910a1049f9607419eca11cc4,usdc,148,0.012568999999999999,0.00118,0.08108108108108109,5.6087399124475705e-05,0.003365243947468542,0.08076585473924501,1069759.0,0.0,6,0.023529411764705882,0,-1
0x4292070d5e48eb5f60a67e84bdea48e8136e5099,usdc,56,528.9286668571428,0.000102,0.25,0.0001722029928880164,0.010332179573280984,0.2479723097587436,348426.0,0.0022104332449160036,7,0.003094606542882405,0,-1
0x3e79a503880c28b8c5f2a54e8fbacde9f391e7bd,usdc,71,13354.575974421052,0.0005,0.2676056338028169,0.00018427423109152418,0.01105645386549145,0.2653548927717948,325601.6842105263,0.11538461538461539,16,0.15384615384615385,0,-1
0x4ef20ce5f0dafeff0898b64219521fc26323cb19,usdc,483,2335.7393866315792,6035.03033,0.2360248447204969,0.00016390585937567397,0.009834351562540438,0.2360244375009705,366063.7894736842,0.11918604651162791,63,0.10755813953488372,0,-1
0xebf7083ee6dc8fb205de382d0deaed09d4b3abd8,usdc,9,3219.0478898095234,0.00016,2.3333333333333335,0.0015343250431072274,0.09205950258643364,2.2094280620744073,39105.142857142855,0.2608695652173913,6,0.30434782608695654,0,-1
0xedca9644c3ba79577fb695071274c1d2e655ab83,usdc,96,60000.0,0.0,0.052083333333333336,3.6102125693160816e-05,0.0021661275415896485,0.05198706099815157,1661952.0,0.16666666666666666,4,0.3333333333333333,0,-1
0x66273988a9fe63a8bee60aa5cac460a4b8f1a85d,usdc,1592,48402710592935.9,100000.775649,1.2977386934673367,0.0009010873389516279,0.05406524033709768,1.297565768090344,66586.22023233301,0.07335864225100491,973,0.04499776686020545,0,-1
0xec8780d08955b56d67d3d1824f792783e4983ee8,usdc,3,1910.03,1910.03,1.3333333333333333,0.0009023641941887746,0.05414185165132648,1.2994044396318354,66492.0,0.0,0,0.015625,0,-1
0x1a056c238cb9ba0c3d64ce1c373c9f42e168a849,usdc,99,14098.019248636365,24234.030159,0.3333333333333333,0.00023078181886844175,0.013846909132106506,0.33232581917055615,259985.81818181818,0.15151515151515152,28,0.09090909090909091,0,-1
0x6f64341e1fea6bce63b07ad637118f643a0bc71f,usdc,128,4043.3578537626113,0.0,5.265625,0.003653964171634395,0.2192378502980637,5.26170840715353,16420.52225519288,0.13663764233087744,513,0.07568653717347622,0,-1
0xc35bb7930720308a8710542d80247639037f7d40,usdc,6,0.010610068521031208,30.283638,491.3333333333333,0.31228813559322033,18.737288135593218,449.6949152542373,192.1302578018996,0.2947,2948,0.0001,0,-1
0xae578c535ab16ddc6dc7fb356ae89142d870771f,usdc,10,44.6666908,22.0,1.5,0.0009822153539904136,0.05893292123942481,1.4143901097461955,61086.4,0.13333333333333333,3,0.2,0,-1
0x9fded92d3bb5ef62e2e1e02d1eba0094282ba4e5,usdc,736,104194.91895781067,60000.0,2.1385869565217392,0.0014850841506799967,0.0891050490407998,2.1385211769791956,40401.750952986025,0.03793532338308458,770,0.09266169154228855,0,-1
0xad6752e44b90f0dde02e80ee9d1624adb3c90008,usdc,1,1e-05,1e-05,3885.0,2.607732581554571,156.46395489327426,3755.1349174385823,23.00849420849421,0.3885,3885,0.0001,0,-1
0x46bb0f8efb630ec0b34c8b12e03b8ab24b700bf0,usdc,197,88387.14873803673,0.000309,3.0406091370558377,0.0021111902954327093,0.12667141772596255,3.0401140254231014,28419.986644407345,0.0742723318835731,417,0.0234192037470726,0,-1
0x7f0142e9167de244e58357de593378f1e9be212e,usdc,90,5.185294117647059e-05,0.0,0.7555555555555555,0.0005237215033887862,0.031423290203327174,0.7541589648798521,114564.70588235294,0.29646017699115046,6,0.07964601769911504,0,-1
0x60ac95ec1153aa8199751917ede25d0ca49a36e2,usdc,46,3645.0418515831307,53200.741478,71.65217391304348,0.04897750541635338,2.938650324981203,70.52760779954886,1225.0521844660195,0.0,1640,0.0014,0,-1
0xd8a523d9b49d74e88948a50c29d2337163b1e985,usdc,174,726.0368422544249,0.0,2.5977011494252875,0.0017976169644135474,0.10785701786481283,2.5885684287555084,33377.5221238938,0.25690276110444177,216,0.08523409363745499,0,-1
0x76600115c5cbe56d82bde2af8cafb3801aee5efe,usdc,10,744.0353591719298,319.483259,57.0,0.037107925471661266,2.2264755282996758,53.43541267919222,1616.9052631578948,0.0002,498,0.0014,0,-1
0x1ee4d75b8ec824234c44b2bd439f00c1d66bbecb,usdc,12,0.04,0.06891,0.3333333333333333,0.00021593608291945585,0.01295616497516735,0.3109479594040164,277860.0,0.0,2,0.75,0,-1
0xd801a8adda9990b1fd237affb6c61cc6db50b572,usdc,39,37072.774801479,6883.857355,3.051282051282051,0.002090675586882504,0.12544053521295023,3.0105728451108056,28698.85714285714,0.0,0,0.020338983050847456,0,-1
0xde92218f02cd207c6315e14d0cef7e600599fa28,usdc,1723,1437.8401173333332,0.0001,0.003482298316889147,2.417242935144217e-06,0.00014503457610865305,0.0034808298266076725,24821667.333333332,0.013513513513513514,2,0.06756756756756757,0,-1
0xe76b4c02ee5dd50752fc67e72a61bc0152a0d8c4,usdc,5,8425.992768684211,0.0,3.8,0.002551020408163265,0.15306122448979592,3.6734693877551017,23520.0,0.3333333333333333,10,0.2857142857142857,0,-1
0xa1dbd1973af714c1a45a83d989b3ce889c9070f1,usdc,995,7141.05352096,7222.58595,0.05025125628140704,3.488270203084301e-05,0.0020929621218505803,0.050231090924413926,1720050.24,0.0,26,0.0391566265060241,0,-1
0x10017c033aad47fa4d1757f31205db85db54f320,usdc,6,0.010047858398107469,28.713676,493.1666666666667,0.3025748000899851,18.154488005399102,435.7077121295785,198.29807367353837,0.2958,2959,0.0001,0,-1
0x96634caa59b4ddc9fdc8340abc3141d118c151ed,usdc,162,0.00018671428571428571,0.00019,0.08641975308641975,5.9674772489929884e-05,0.0035804863493957926,0.08593167238549904,1005450.0,0.7368421052631579,5,0.42105263157894735,0,-1
0x07bfe70ad41e67270e2d926ef02fbdae446da662,usdc,39,1341.7081956875,5316.817412,0.41025641025641024,0.00028186084530067504,0.016911650718040502,0.4058796172329721,212871.0,0.03125,8,0.0234375,0,-1
0x3ee7dd6e4c2b469e1e50cfaee4910b88e0a9389d,usdc,839,1132.719097882353,900.0,0.02026221692491061,1.4055157730287146e-05,0.0008433094638172288,0.02023942713161349,4268895.529411765,0.0,8,0.029411764705882353,0,-1
0x9d263620bab44445724b66f265172a887bc603e6,usdc,1,0.0,0.0,3.0,0.28846153846153844,17.307692307692307,415.3846153846154,208.0,0.0003,3,0.0001,0,-1
0x3981a467222dd2628144a9186a388d608c1cc2da,usdc,2,15074.504769230767,0.001,6.5,0.0037100456621004564,0.2226027397260274,5.342465753424658,16172.307692307691,0.016042780748663103,10,0.016042780748663103,0,-1
0x9b2726adcf67b20f98e6d34e80370ca25125a845,usdc,140,323.03264458333337,2.256819,0.08571428571428572,5.939923612582343e-05,0.003563954167549405,0.08553490002118572,1010114.0,0.0,5,0.05813953488372093,0,-1
0xfc1ab1ee5b163879a850477fbfeb35eaec52abc8,usdc,2465,14316.02202172146,2.898515,0.08884381338742393,6.16936492731157e-05,0.0037016189563869426,0.08883885495328661,972547.4292237443,0.029754204398447608,103,0.07632600258732213,0,-1
0x3b71a643ea483f912a55b7d4a9172257e7672ee7,usdc,1,672.354045,672.354045,3.0,0.46875,28.124999999999996,675.0,128.0,0.0,1,0.007228915662650603,0,-1
0xb5fcc834e941e1514940ef818a07253633532a32,usdc,694,10003501230035.994,2500.0,0.5763688760806917,0.00040019289297441366,0.02401157357846482,0.5762777658831557,149927.7,0.02386634844868735,204,0.05250596658711217,0,-1
0x33d779cc6adc2a9e3da985af0b315d789360308a,usdc,73,80.94327888888888,10.0,0.2465753424657534,0.00017040677991775032,0.01022440679506502,0.24538576308156046,352098.6666666667,0.0,7,0.08,0,-1
0xe60f36b48a986998f20ef7e54111e8de4a61e13a,usdc,157,9599.486594584585,800.0,3.388535031847134,0.0023402020315768917,0.1404121218946135,3.369890925470724,25638.812030075187,0.0350140056022409,330,0.037815126050420166,0,-1
0x4a0acad962f0339a2bcda4cad9e3cbac780afa8a,usdc,3,0.01928148091603052,0.00022,87.33333333333333,0.06010277115066985,3.6061662690401906,86.54799045696458,998.2900763358779,0.2223168654173765,261,0.0017035775127768314,0,-1
0x759295262cb127609584645eabeb54e75c106350,usdc,196,787.0753968986176,0.0,1.1071428571428572,0.0007682977001344699,0.04609786200806818,1.1063486881936364,78094.72811059908,0.14728682170542637,136,0.12403100775193798,0,-1
0xf040a369708d9643e3f5f3c8879793959e9c533d,usdc,236,72843.14144602128,0.0,0.19915254237288135,0.00013808283442340427,0.008284970065404258,0.19883928156970215,434521.78723404254,0.011441647597254004,32,0.016018306636155607,0,-1
0x851ed134db7b06fcf2a08a869d391e8b7d79a83b,usdc,56,8574.162800336597,69410.612259,87.53571428571429,0.060411269869047296,3.6246761921428376,86.9922286114281,993.1921664626683,0.0066,351,0.4523,0,-1
0x09cc5e9269eb0d5d41ef2c40c016ff81bc72e65c,usdc,1,59537.77312225,109114.75256,4.0,0.002710394362379726,0.16262366174278356,3.902967881826806,22137.0,0.0,0,0.2727272727272727,0,-1
0x1fd077612bef7171a9996d3ae59fd43533caf0d7,usdc,21,981.5585328571427,368.000204,0.3333333333333333,0.0002211089561762049,0.013266537370572293,0.318396896893735,271359.4285714286,0.002551020408163265,3,0.01020408163265306,0,-1
0x52f561f5d0ebb0ad85b028cefb855c42f4d4ffde,usdc,48,1572.9698574191725,27512.472928,81.0625,0.05528904904540778,3.317342942724467,79.6162306253872,1085.2058596761758,0.0011,2183,0.0015,0,-1
0x6fd0568dd6f4b159aa0e976d5da04a510daaa776,usdc,24,78.647177125,13.485983,0.3333333333333333,0.00022410470171664202,0.01344628210299852,0.3227107704719645,267732.0,0.0,4,0.03529411764705882,0,-1
0xfc7a30e1a5cf8f4d0f0c4f08355ad7e3c4d68fea,usdc,286,3972.926086808791,4444.0,3.1818181818181817,0.002204502223397957,0.13227013340387742,3.1744832016930573,27217.02857142857,0.0,12,0.036885245901639344,0,-1
0xcefd43027aec6fa2f0e532d00c4d1507df17ae52,usdc,230,320.24377725,820.775109,0.034782608695652174,2.4069575514983613e-05,0.0014441745308990167,0.0346601887415764,2492773.5,0.0,4,0.06382978723404255,0,-1
0x9789bacc2ff3955d63984ac2cf287894d642b3c6,usdc,12,0.024834953846153845,0.0001,48.75,0.03331852509995558,1.9991115059973346,47.97867614393603,1800.8,0.2860298177802319,584,0.0011043622308117063,0,-1
0xac75e0efecc095c96208bf647d6b056c05638361,usdc,16,0.00023333333333333333,0.0001,0.375,0.0002588415975703402,0.015530495854220413,0.37273190050128985,231802.0,0.022556390977443608,3,0.011278195488721804,0,-1
0x7c98da8f79d71f0b715b95653858bece7013dba5,usdc,1,4100.56,5609.33,12.0,0.0065302568567697,0.391815411406182,9.403569873748367,9188.0,0.17647058823529413,10,0.11764705882352941,0,-1
0xa9d1c6d3bf1e4fe1fc967032f809869e050f3e43,usdc,108,0.0008132464337700146,0.0,63.611111111111114,0.043897707478968075,2.6338624487380846,63.21269876971403,1366.8139737991266,0.5502,642,0.2919,0,-1
0xa4edc46bf4835907598dd6b4c81e4d1bc203b156,usdc,1397,47837.369481333335,6000.0,0.07730851825340014,5.367874834744216e-05,0.0032207249008465296,0.07729739762031672,1117760.787037037,0.02445302445302445,63,0.028314028314028315,0,-1
0x0e7c27534f7970133742c14e35a5329bce4fc3cb,usdc,2,0.008501288094516812,26.936576,1650.5,0.9514065021904543,57.084390131427256,1370.0253631542541,63.06452590124205,0.33,3301,0.0001,0,-1
0xfbd36070830de44d2ed1c6bc7464240b4a322be5,usdc,122,121359223383098.31,0.0,6.754098360655738,0.0046844531867357205,0.28106719120414325,6.745612588899438,12808.325242718447,0.01567681640036177,769,0.013264998492613807,0,-1
0x27e8d6ee5fcf252fea4da1556b1fb379f29dbb40,usdc,431,1614.178575945946,955.415057,0.08584686774941995,5.948855279464359e-05,0.0035693131676786155,0.08566351602428676,1008597.4054054054,0.0,23,0.01694915254237288,0,-1
0x1a0df8c10858acf6061f91996b468eeda465dc3a,usdc,1567,12654.610827994871,12910.011341,0.1244416081684748,8.64130028969036e-05,0.005184780173814216,0.12443472417154118,694339.9487179487,0.025193798449612403,114,0.025193798449612403,0,-1
0xb2a370201c99fe8006b65eee4aac153db2ccde3c,usdc,42,613.9418364525548,0.0,3.261904761904762,0.00225679344245012,0.1354076065470072,3.2497825571281727,26586.394160583943,0.22,78,0.06666666666666667,0,-1
0x8f7bcccc0efeca85b103d9783055704e37e40f2c,usdc,181,8.092803106026787,12426.141539,9.900552486187845,0.006846138388269265,0.4107683032961559,9.85843927910774,8764.064732142857,0.053,1,0.0002,0,-1
0x931612a7ee919f3a7d7d55272559c8bf05a3f259,usdc,88,5620.350365733334,1727.032147,0.17045454545454544,0.00011766828525930168,0.0070600971155581,0.16944233077339443,509908.0,0.0,10,0.13043478260869565,0,-1
0x3e46bc6ca13739dd2463b78de3a1b3bec80e02dd,usdc,5,0.0050395,7.9e-05,0.8,0.000549390176903637,0.032963410614218216,0.7911218547412372,109212.0,0.1111111111111111,2,0.16666666666666666,0,-1
0x289e1ece1d3beda69db82b986c3bafc974ae546f,usdc,327,0.0003176923076923077,0.0,0.07951070336391437,5.5065822719396e-05,0.0033039493631637604,0.07929478471593024,1089605.076923077,0.15441176470588236,9,0.07352941176470588,0,-1
0x35ea10ccd458399325c4c1b496a1dba55c2669c8,usdc,434,1057.1975636521745,1061.8516,0.052995391705069124,3.6767033207344964e-05,0.002206021992440698,0.05294452781857675,1631896.6956521738,0.0,11,0.07692307692307693,0,-1
0xe0520ec9a2941f9ebed81cc6f926e322bb2dc997,usdc,121,338.7558876,250.0,0.08264462809917356,5.7121444761278056e-05,0.0034272866856766833,0.0822548804562404,1050393.6,0.0,5,0.36363636363636365,0,-1
0x875a1b8c3fb3837bad1b1d2a21b2de8547211eb7,usdc,137,2538.8104366290327,3000.0,0.9051094890510949,0.0006284303937319136,0.037705823623914815,0.9049397669739556,95475.96774193548,0.08702290076335878,67,0.06564885496183206,0,-1
0x6bc5a7cca81964cc80b288dcc54ec4b204ba77d2,usdc,137,22458.968435260864,0.0002,0.5036496350364964,0.000349623065799061,0.02097738394794366,0.5034572147506479,171613.39130434784,0.17,44,0.2,0,-1
0xa9ddd91249dfdd450e81e1c56ab60e1a62651701,usdc,783,118047.80095651925,16550.016917,0.2656449553001277,0.00018447078789779397,0.011068247273867638,0.2656379345728233,325254.75,0.0009794319294809011,72,0.04113614103819784,0,-1
0xc91a1a5b17005bbb8880f0b7b9703e163fb676aa,usdc,6,2701.0844722272727,0.00089,7.333333333333333,0.004595300261096605,0.27571801566579635,6.617232375979112,13056.818181818182,0.04477611940298507,38,0.05223880597014925,0,-1
0x9f64880ab30c25ed3e51313c40c01296e52b8e41,usdc,235,4734.272855192,3230.0,3.723404255319149,0.002578078962875663,0.15468473777253977,3.7124337065409545,23273.14285714286,0.09833217512161223,348,0.03891591382904795,0,-1
0x68b23e40e5c4fc3da57ca29e4649c9932791ea9e,usdc,965,17584.892278484695,0.00011,0.20310880829015543,0.00014097380677899883,0.008458428406739929,0.2030022817617583,425610.97959183675,0.07142857142857142,104,0.09415584415584416,0,-1
0xbb5b761415a58d944fcb81313b204f895637d20c,usdc,68,29332.81366843601,2.688796,9.882352941176471,0.006764210882326889,0.4058526529396133,9.740463670550719,8870.214285714286,0.0007473841554559044,306,0.061285500747384154,0,-1
0xff9d1186a362418c61b414f50b80a636f32d201a,usdc,1,70.783056,102.218916,5.0,0.18115942028985507,10.869565217391305,260.8695652173913,331.2,0.0,2,0.07017543859649122,0,-1
0x0ff9c7962e4a4db08e89c89df1da8dd74cfa187e,usdc,30,12471.99562753125,69.240054,2.1333333333333333,0.0014797893149962773,0.08878735889977664,2.1308966135946394,40546.3125,0.010698198198198198,47,0.009572072072072071,0,-1
0xed7a1d9c65b7d0c1ead3124ca9a5f5096f8c4f17,usdc,1,0.04244525763045618,41.378489,3047.0,2.151532269453467,129.09193616720802,3098.2064680129924,27.887102067607483,0.006,3046,0.0002,0,-1
0x5d73c79ae274be14a5595f4ead9031fb7a636f54,usdc,62,5362.931226234324,3307.0,19.548387096774192,0.013552771944420217,0.813166316665213,19.515991599965112,4427.138613861386,0.190625,537,0.053125,0,-1
0x00e4ec0f0d570841edddf9b08fbe259be57c8aa1,usdc,40,0.903493882352941,0.206629,0.425,0.00029088669107833406,0.017453201464700044,0.41887683515280105,206265.88235294117,0.0035087719298245615,10,0.02456140350877193,0,-1
0xd234ecabbad82446c5556f4b1acf1a1c869c8558,usdc,677,28137.078358775405,1000.0,0.276218611521418,0.00019157194100075952,0.011494316460045572,0.2758635950410937,313198.26737967914,0.035283993115318414,124,0.0378657487091222,0,-1
0xfc6851307107c73be452ac86bfe19fa687d96395,usdc,1966,79.30578978947368,299.907498,0.009664292980671414,6.7093983144602465e-06,0.00040256389886761477,0.009661533572822756,8942679.684210526,0.0,9,0.21428571428571427,0,-1
0x7f59f02d43cd2460bb8ca8d8537d76d94a95ccbc,usdc,1342,924.4225645925927,0.0,0.020119225037257823,1.3967735462264532e-05,0.000838064127735872,0.020113539065660928,4295614.0,0.014492753623188406,18,0.036231884057971016,0,-1
0x3691cc7c02372acbf8b21ecf50b7e49163b0da7a,usdc,1,177.18044279999998,0.002214,5.0,0.02540650406504065,1.524390243902439,36.58536585365854,2361.6,0.0,2,0.0004,0,-1
0x2ab35a9e0eb211eb91baaf4e8626d97165ce8a5c,usdc,67,0.4026630589488637,98.0,21.01492537313433,0.01444971028741377,0.8669826172448262,20.807582813875825,4152.332386363636,0.3015836050302748,1406,0.0006986492780624127,0,-1
0x33bec8304676dbdd45a9eba6b78110e116cb15ca,usdc,1013,155.29793408333333,15.0,0.04738400789733465,3.288136526716726e-05,0.0019728819160300354,0.04734916598472085,1824741.75,0.0017331022530329288,17,0.007279029462738302,0,-1
0x21566ac29523c4fafc68f9d7b910597e67e95c28,usdc,268,20304.092950000002,10000.0,0.022388059701492536,1.549794109852506e-05,0.0009298764659115037,0.02231703518187609,3871482.0,0.0,3,0.07894736842105263,0,-1
0xf3d36531ddf47786cc6e50ddf2b9b02c7024c4a6,usdc,42,549.6145710000001,550.110022,0.07142857142857142,4.8915701940322845e-05,0.0029349421164193705,0.0704386107940649,1226600.0,0.0,0,0.002421307506053269,0,-1
0x00c32177b01915fbf466562727ece4d88aa2df3b,usdc,67,3873.930414764706,0.000241,7.611940298507463,0.005216846937710848,0.31301081626265087,7.51225959030362,11501.2,0.1679790026246719,317,0.1163604549431321,0,-1
0xe5ef6ed18ea12348e2c62dbe2146423826cf0480,usdc,350,9695290896189.773,0.0,4.1257142857142854,0.002862772107083537,0.17176632642501222,4.122391834200293,20958.706371191136,0.05813953488372093,1174,0.02441860465116279,0,-1
0xb19ef71e96edd33f61555e0537b1da4127dbe5a3,usdc,330,35812.20602940075,261903.24364,0.793939393939394,0.000550278898988537,0.03301673393931222,0.7924016145434932,109035.61832061068,0.043740573152337855,158,0.06184012066365008,0,-1
0xa6fd345494bb1d676e3b54b9d16150e660e9f798,usdc,17,1.6667446666666665,5.0,0.17647058823529413,0.0001195076285702904,0.007170457714217425,0.17209098514121818,502060.0,0.00980392156862745,0,0.00980392156862745,0,-1
0x1368eb291511cfa4b2396421c9dca60895f6bd66,usdc,198,9083.556054968421,182.168018,0.9595959595959596,0.0006646442823800701,0.039878656942804215,0.9570877666273011,90273.85263157895,0.043689320388349516,108,0.04247572815533981,0,-1
0xd2c4470ea92cab643aba9c6834895066d4a871cb,usdc,43,852173.942350435,3399998.4,1.6046511627906976,0.00111201361491452,0.0667208168948712,1.6012996054769086,53956.17391304348,0.0018353434714210803,28,0.003146303093864709,0,-1
0xd9a48dc9f40a81df83642216a55368f34cf6c580,usdc,10,0.04,0.068889,0.4,0.00025701324903298765,0.01542079494197926,0.3700990786075022,233451.0,0.0,2,0.75,0,-1
0xaea86ac3a1639d8e3734861d3ffbe75a27124f5b,usdc,75,671569.8875513145,499999.2,7.586666666666667,0.005259363330498762,0.31556179982992566,7.573483195918216,11408.224956063268,0.0017,221,0.0012,0,-1
0x11a3b367936cdba1df64c131ef43a2c78c9ea70f,usdc,993,503.81533213888883,100.0,0.03625377643504532,2.51749096780185e-05,0.00151049458068111,0.03625186993634664,2383325.3333333335,0.04597701149425287,24,0.05747126436781609,0,-1
0xb268631fad5f9fe2f490a780008ac7f70150faa8,usdc,437,212.3063963142857,317.97,0.16018306636155608,0.00011100422989546891,0.006660253793728134,0.15984609104947523,540519.9428571429,0.010810810810810811,31,0.0972972972972973,0,-1
0x93f8a285f11978d4cb9f49aaadaae759cb43e4fb,usdc,333,2692.8622596182927,100.55,2.4624624624624625,0.0017089186379668372,0.10253511827801022,2.460842838672245,35109.92195121951,0.41251325556733826,359,0.2067868504772004,0,-1
0xe0b723606bcbe63bc5e1e52698bad52e61d5d666,usdc,94,9893.561745944173,0.000346,15.24468085106383,0.010485079431976492,0.6291047659185895,15.09851438204615,5722.417306350314,0.2671335667833917,648,0.06503251625812906,0,-1
0x6ba50231d5e4144f4bd6ce4f50a27242aaa30f0c,usdc,249,4340.081815882977,16219.055916,0.37751004016064255,0.0002611457854681816,0.0156687471280909,0.3760499310741815,229756.72340425532,0.01383399209486166,59,0.016469038208168644,0,-1
0x1dd8f73679280a1e09b03d1b165083142ca19720,usdc,1671,51762.233318732564,50.0,0.05146618791143028,3.572846829397561e-05,0.002143708097638537,0.05144899434332487,1679333.1162790698,0.03205128205128205,54,0.0641025641025641,0,-1
0x913876269b0430fac0b35a54de89098b6627f88c,usdc,1,33.1,49.65,3.0,0.48387096774193544,29.032258064516128,696.7741935483871,124.0,0.01098901098901099,1,0.03296703296703297,0,-1
0xaf9bcdcc8223658ca61790077aaf34920b33338c,usdc,1086,14069.114485157892,0.0,0.017495395948434623,1.2146585505313299e-05,0.000728795130318798,0.01749108312765115,4939659.7894736845,0.0055248618784530384,10,0.013812154696132596,0,-1
0x0e2cf1276e228f01f8588078afdbd8d63d4d43ce,usdc,409,15096.06102784507,0.0,0.3471882640586797,0.00024067502905049295,0.014440501743029577,0.34657204183270984,249298.81690140846,0.1278825995807128,95,0.06289308176100629,0,-1
0xd37bbe5744d730a1d98d8dc97c42f0ca46ad7146,usdc,31,5137.132154228325,92.136013,104.54838709677419,0.07101382589452004,4.260829553671202,102.25990928810884,844.9058932428263,0.0015,2196,0.0499,0,-1
0xe7972f7e6b3d6303583b8360394116c80ff1e3ff,usdc,6,0.009827886529528864,28.577618,502.3333333333333,0.31264262893655864,18.758557736193517,450.20538566864445,191.91240875912408,0.3013,3014,0.0001,0,-1
0x1c0bccea3cb44bd4d65ad5c710ebfdeb28c81958,usdc,929,1030.2917421818183,0.1,0.011840688912809472,8.222126579788189e-06,0.0004933275947872914,0.011839862274894992,7297382.181818182,0.0,2,0.02586206896551724,0,-1
0xd171f2a340cf380162aa60700b453e5bc04b33f6,usdc,431,883.8601829473686,97.818858,0.04408352668213457,3.058228017617969e-05,0.0018349368105707812,0.04403848345369875,1961920.4210526317,0.015625,13,0.03125,0,-1
0x9588c05224d9810ecc44f7d2cdbb48d3ed9484a7,usdc,6,9.325e-05,9.2e-05,0.6666666666666666,0.000416875104218776,0.025012506253126565,0.6003001500750376,143928.0,1.0,2,0.5,0,-1
0xc372b6909bfb3484ec371c80a7b9ff3e58cac402,usdc,186,611784.3663667623,0.0,1.7419354838709677,0.001208884855956146,0.07253309135736875,1.74079419257685,49632.51851851852,0.27236580516898606,200,0.0874751491053678,0,-1
0x1c6580d9d3db27ac4088bbd487e62f9be726489c,usdc,207,215.97748566666667,499.956455,0.028985507246376812,2.0083184550407787e-05,0.0012049910730244674,0.028919785752587218,2987574.0,0.0,3,0.003703703703703704,0,-1
0xc10a3dd7ab0688083121ce7119759fbf51e81293,usdc,1110,4063.3333666666663,0.0001,0.002702702702702703,1.8763728012507152e-06,0.00011258236807504291,0.00270197683380103,31976588.0,0.07692307692307693,0,0.15384615384615385,0,-1
0x47450705a910cc2daed4dbe66377de82c1e43fa4,usdc,201,17955.244060498426,0.000301,9.462686567164178,0.006554001248775001,0.3932400749265001,9.437761798236002,9154.712933753943,0.19915469146238376,700,0.03989856297548605,0,-1
0xb1a4a52bf296bb2f0ca995f6b898b88d4c4eb4e3,usdc,1985,8518.820008512821,500.0,0.11788413098236776,8.185739179506632e-05,0.004911443507703978,0.11787464418489549,732982.0641025641,0.0136986301369863,136,0.06027397260273973,0,-1
0xeb76f2283b75e9e9b2904352446cfa13cf9521c2,usdc,175,9158.878878504675,20000.0,0.6114285714285714,0.0004234896656648036,0.025409379939888215,0.6098251185573171,141679.96261682242,0.0,20,0.020202020202020204,0,-1
0x336b163881e8a0bdfb2a6ed4038b9df5debfb4c6,usdc,91,377.12273809433964,3524.93012,0.5824175824175825,0.0004012130259486417,0.024072781556918502,0.5777467573660441,149546.49056603774,0.013513513513513514,23,0.028528528528528527,0,-1
0x0b4660cf1930b7ab1ae9118421eddbfc2eb62aa5,usdc,27,0.003919878048780487,0.003998,1.5185185185185186,0.0010267608949348131,0.061605653696088794,1.4785356887061312,58436.19512195122,0.02197802197802198,20,0.02197802197802198,0,-1
0xcbd518dcb3ddcfdc4f6f34ca14b17ae869178d9d,usdc,1,0.09160103462532303,62.974406,1935.0,1.2391137295081969,74.3468237704918,1784.323770491803,48.42170542635659,0.0,1934,0.0003031221582297666,0,-1
0x8c3e94f562ca11ab8efb50afbdae08bd94373412,usdc,10,14652.214095888889,2674.944017,0.9,0.0006035731530661516,0.036214389183969097,0.8691453404152583,99408.0,0.0,0,0.028985507246376812,0,-1
0xf44f1bb5c2627624dec872a7e8250c1e5b5c9a9b,usdc,116,7546.288885581396,4682.751261,0.7413793103448276,0.0005138107551345229,0.030828645308071372,0.7398874873937129,116774.51162790698,0.09848484848484848,34,0.09848484848484848,0,-1
0x8a86f2cc081e38f7726d92b84364ca3e776d2a0a,usdc,1,0.12608695408895265,64.995316,1394.0,1.6823557808351435,100.94134685010862,2422.5923244026067,35.664275466284074,0.0008770006577504934,1393,0.0004385003288752467,0,-1
0x21ebb634c9f18dd2843ea37e7366f373e595c5ac,usdc,153,23377.340445116384,32943.0,30.437908496732025,0.021086042099639133,1.265162525978348,30.36390062348035,2845.4842173072793,0.1829,2498,0.0665,0,-1
0xb03f8aa47a20ac333af380b846dbd8ade0b98b0f,usdc,216,4920.996144934885,23117.6,0.9953703703703703,0.0006900788487302228,0.04140473092381337,0.9937135421715209,86946.58604651163,0.055036344755970926,154,0.04257528556593977,0,-1
0xc4041bbf252d95376501e40fce073ca7c928f8a3,usdc,32,14300.463032428574,0.0,5.03125,0.0034866748383352315,0.2092004903001139,5.0208117672027335,17208.372670807454,0.19148936170212766,115,0.1829787234042553,0,-1
0xc83ab135a82dc65dc580405c67f986ad49c648ff,usdc,25,2346.4437684285717,10068.783747,0.28,0.00018898794256926407,0.011339276554155843,0.27214263729974025,317480.5714285714,0.0,7,0.014925373134328358,0,-1
0xbc326f5a8d8e497603a0f0b27aee4bbc9db18271,usdc,622,1305.9976087797272,0.0,0.8247588424437299,0.0005718339349665416,0.0343100360979925,0.8234408663518198,104925.567251462,0.2647783251231527,237,0.14655172413793102,0,-1
0xfcc92310a0587f5af26d99331b334cc5345469c2,usdc,29,1101.7562317735237,45.453788,53.13793103448276,0.03616063676511308,2.169638205906785,52.07131694176284,1659.2628163530176,0.0,778,0.0063,0,-1
0xea4509a3960a5b6272da53ec4d910840898e1cdf,usdc,439,959.6650723448276,505.687707,0.06605922551252848,4.57963672426481e-05,0.002747782034558886,0.06594676882941326,1310147.5862068965,0.0,17,0.0430622009569378,0,-1
0xee6f231249d88c9862b73150373a33185684850e,usdc,183,121763.86920149821,231.284857,6.120218579234972,0.004242224986402154,0.2545334991841292,6.108803980419101,14143.521428571428,0.017133532771280935,1002,0.007886864291542018,0,-1
0xd820fbd45bbeffbbf48a515e7a220a219a92f06a,usdc,247,180063.47491220004,169316.867611,0.04048582995951417,2.8013975799006445e-05,0.001680838547940387,0.040340125150569284,2141788.1,0.0,5,0.029197080291970802,0,-1
0x94dd279bccc6fa20cc5e8654639beeaa7954fc24,usdc,347,150266.3045954266,296470.0,4.337175792507205,0.003007095146088878,0.1804257087653327,4.330217010367984,19952.810631229237,0.044286113439508244,1224,0.013271863649063985,0,-1
0xb7451cbf0fe15c34c0aa090bf0978cd853c4ed84,usdc,104,3137.040143216602,1949990.0,22.240384615384617,0.015316481010344751,0.9189888606206851,22.055732654896442,3917.348897535668,0.07398141529664046,90,0.04860614724803431,0,-1
0x0ee98f825fd507be8b67493694569095e47df0b6,usdc,1,150.0,100.0,4.0,0.0032046146450889277,0.19227687870533566,4.614645088928056,18723.0,0.0,2,0.06060606060606061,0,-1
0xe1fa215ad6a1375ef8729749dd0f0173e9a46ce7,usdc,61,184395.20954465892,7935.0,145.59016393442624,0.10095028076477142,6.0570168458862845,145.36840430127083,594.3519873888075,0.2308,5249,0.0577,0,-1
0x26df6b137ff9e0889d06b7c55ff5e8852a893c2a,usdc,283,7233.922564637933,0.0,0.4098939929328622,0.0002845318665879135,0.01707191199527481,0.40972588788659536,210872.6896551724,0.012461059190031152,96,0.02336448598130841,0,-1
0xa7a107b8614cefe0de8e63d9fdc10a34ec0f6089,usdc,11,0.04,0.062998,0.36363636363636365,0.0002359798473210388,0.014158790839262327,0.3398109801422958,254259.0,0.0,2,0.3333333333333333,0,-1
0x7995676bcd4c8987907c214182a668d1e2c44b1d,usdc,186,1223.5791193947368,0.000116,0.20430107526881722,0.00014169196614009457,0.008501517968405675,0.20403643124173618,423453.7894736842,0.011594202898550725,25,0.01884057971014493,0,-1
0x53b007df20c8676cae5960166d91055114c6cf64,usdc,1,0.0003,0.0004,6.0,0.2097902097902098,12.587412587412587,302.0979020979021,286.0,1.0,3,0.5,0,-1
0x4e1fe266456d45883834d7f8786a3de5b62ba16e,usdc,66,2565.9194651623743,2500.0,27.060606060606062,0.01852378117461101,1.1114268704766606,26.67424489143985,3239.0795072788355,0.24387855044074436,1055,0.042605288932419196,0,-1
0xafafd754bceb1cac5d3d8ee5b220a8f49ac430fd,usdc,126,3604.8282063749994,1750.000001,0.06349206349206349,4.394585431290107e-05,0.0026367512587740644,0.06328203021057754,1365316.5,0.0,4,0.021739130434782608,0,-1
0xdc3c7659a07bdd2b17a04667014c7ec4fcf31f2d,usdc,739,6833.750199675676,12300.0,0.10013531799729364,6.947708354731963e-05,0.004168625012839177,0.10004700030814026,863594.1081081082,0.0,37,0.14864864864864866,0,-1
0x13b807d15455e4af475f4a3bab60b852446f00ff,usdc,218,4.2555509411764705,1.05,0.0779816513761468,5.397058412680674e-05,0.0032382350476084045,0.07771764114260171,1111716.705882353,0.0,13,0.04032258064516129,0,-1
0x657daefb33b1f0389b3e4190a06ff11c6f4fcbee,usdc,226,37874.819343999996,94998.351979,0.04424778761061947,3.070788114698849e-05,0.0018424728688193094,0.04421934885166343,1953895.8,0.0,5,0.00963855421686747,0,-1
0xf5db7d339e68a047b521bd53bdc7d8115346130b,usdc,569,154.42452927272726,0.0,0.03866432337434095,2.684057406619813e-05,0.0016104344439718877,0.03865042665532531,2235421.6363636362,0.0021231422505307855,4,0.025477707006369428,0,-1
0x7b0ef0b1c59ce6dabd9a9aad4cda581348ee8e63,usdc,93,35266.449843046634,16927.0,38.96774193548387,0.02685001333609934,1.6110008001659604,38.66401920398305,2234.635761589404,0.1725,2481,0.0572,0,-1
0x47a0d24b34889277010026892b7612143d16bf13,usdc,2375,4277812500264933.0,823.235081,0.2694736842105263,0.00018707009046178567,0.011224205427707142,0.2693809302649714,320735.3984375,0.04019607843137255,345,0.050490196078431374,0,-1
0x1f44951ed0e65abc4dd8a64a740f47fbcd7b79a0,usdc,189,639.001517625,280.843458,0.08465608465608465,5.849449786129492e-05,0.0035096698716776957,0.08423207692026469,1025737.5,0.01,6,0.05,0,-1
0x8aea7280d6bbfbeb3d7e5bf01192d49083a7795b,usdc,227,3730.3005371047616,0.0,0.46255506607929514,0.0003202049311559398,0.01921229586935639,0.4610951008645533,187380.0,0.008455284552845528,54,0.00943089430894309,0,-1
0x878644185abdeee520ebdb515306daf5e40a65ca,usdc,380,22150.710601217394,44500.009798,0.24210526315789474,0.00016810721147046665,0.010086432688228,0.24207438451747199,356915.0869565217,0.016722408026755852,49,0.03678929765886288,0,-1
0x3ac4d8202ddb697e7eb1da6dbb5c2256292422fb,usdc,1,216.42900428571426,0.00101,7.0,0.02364864864864865,1.4189189189189189,34.054054054054056,2537.1428571428573,0.2857142857142857,3,0.7142857142857143,0,-1
0x433d3f41fded841132d11b475a0fadbe2960f934,usdc,39,0.002305555555555556,0.0025,0.46153846153846156,0.00032026988075284775,0.019216192845170864,0.46118862828410073,187342.0,0.10256410256410256,9,0.05128205128205128,0,-1
0x2c2ebb934c58c4ea8d0b77343b6e2efb14ac11c9,usdc,3,0.08596560643851506,30.889307,1149.3333333333333,0.6535253980288097,39.21152388172858,941.076573161486,91.80974477958236,0.0001,3445,0.0002,0,-1
0x0474263f46241154d4b2042cfc455d3adc1035e0,usdc,474,29100.274217942027,30000.0,0.2911392405063291,0.00020212885626704911,0.012127731376022948,0.2910655530245507,296840.347826087,0.004912907548012505,98,0.013398838767306834,0,-1
0x98c23e9d8f34fefb1b7bd6a91b7ff122f4e16f5c,usdc,5,333242.3619660527,580.0,1999.4,1.1767821828797438,70.60693097278462,1694.566343346831,50.986495948784636,0.0029,5389,0.1697,0,-1
0xf0a8fff906e4450062d0722230189cff0d87201f,usdc,3,0.10112094087979825,24.937728,1189.6666666666667,0.6495468277945619,38.972809667673715,935.3474320241692,92.37209302325581,0.0001,3565,0.0002,0,-1
0x977875af92af8f04d7389c75bca5bb09839b0687,usdc,159,439.3526331987577,0.0,1.0125786163522013,0.0007014193067188998,0.04208515840313399,1.0100438016752158,85540.8447204969,0.22325581395348837,95,0.15813953488372093,0,-1
0x15fbc159a21fa3a53103f1529c3291b43debab14,usdc,40,13857.489327709234,20000.0,12.725,0.008714141905264094,0.5228485143158457,12.548364343580296,6885.35952848723,0.08205128205128205,385,0.063003663003663,0,-1
0xdfb8215cffaf7b3f9273499d1cf6982c8a448797,usdc,124,0.0,0.0,0.024193548387096774,1.670977789363224e-05,0.0010025866736179342,0.024062080166830424,3590712.0,0.07142857142857142,0,0.047619047619047616,0,-1
0x6e9a66b142fe334933e4dc2950604326accf2dfe,usdc,278,35191.813968107315,90000.0,1.474820143884892,0.0010235838717134844,0.061415032302809064,1.4739607752674175,58617.57073170732,0.08906098741529525,321,0.046466602129719266,0,-1
0xccdc3c0d3e5c336228b0974314fc38e704cb55e0,usdc,811,23361.4460015705,142000.0,2.090012330456227,0.0014502539784017397,0.08701523870410438,2.088365728898505,41372.06371681416,0.12573753814852492,900,0.04313326551373347,0,-1
0xcf5540fffcdc3d510b18bfca6d2b9987b0772559,usdc,14,31390.69261569409,10756.970211,216.21428571428572,0.1495686375270528,8.974118251623167,215.37883803895605,401.1536174430129,0.0,1250,0.0096,0,-1
0x7b35932cb37625ae95dbf07419afca89ff420a77,usdc,3,0.0006284999999999999,0.000792,1.3333333333333333,0.0007632422530911311,0.04579453518546787,1.0990688444512289,78612.0,0.12121212121212122,2,0.06060606060606061,0,-1
0x1782aad1257097f4e79995382594b24a28fd4310,usdc,65,5875.4430216190485,11994.807923,0.3230769230769231,0.00022236057991639242,0.013341634794983546,0.3201992350796051,269832.0,0.04918032786885246,6,0.14754098360655737,0,-1
0xb0e2ed7eea079de4a6174a1026aa8c2d41840323,usdc,287,5904.254150703703,0.0003,0.18815331010452963,0.00013024683705204133,0.007814810223122479,0.1875554453549395,460663.77777777775,0.3392857142857143,18,0.19642857142857142,0,-1
0x0a7d43daa5e0436eadfdffe43f1c492757e5c4e9,usdc,1,244.54363666666669,0.000682,6.0,0.007782101167315175,0.4669260700389105,11.206225680933853,7710.0,0.42857142857142855,2,0.7142857142857143,1,2
0x4edccc5ca56aa93b6064c8b4aa20d6d34a0cae29,usdc,1,619.9947257142857,0.00014,7.0,0.003085059497576025,0.18510356985456147,4.442485676509476,19448.571428571428,0.2857142857142857,2,0.7142857142857143,0,-1
0xf89d1e2e843b7061f96e4094ce0f7e04db17c991,usdc,58,109.30001999999999,200.0,0.1724137931034483,0.00011829475741294096,0.007097685444776458,0.170344450674635,507207.6,0.004132231404958678,3,0.028925619834710745,0,-1
0xc527b73acf5c0815ed31736e4fa45a84dd518a0e,usdc,320,5762962.984251555,0.12,0.084375,5.852260338017887e-05,0.003511356202810732,0.08427254886745758,1025244.8888888889,0.03225806451612903,9,0.020161290322580645,0,-1
0xab47bd435cd07300e912bdf8373e2d0145dce690,usdc,122,115429.75094506945,0.0001,73.04098360655738,0.050320922232123394,3.0192553339274038,72.46212801425769,1192.3469868701604,0.4228,4534,0.0883,0,-1
0xe291cc3e5b9e0c9b37c9fbdd549abf3b5c0ad342,usdc,104,393316071246.6917,30000.0,27.971153846153847,0.019320379580039106,1.1592227748023463,27.821346595256312,3105.5290477827434,0.0351,2359,0.0218,0,-1
0xdecb09b334acfcdf41c4e34ee6647a7bab6b9ab3,usdc,442,11081.535798974934,71191.119111,3.339366515837104,0.002317967324827,0.13907803948962003,3.337872947750881,25884.747967479674,0.15321832684103134,690,0.036913374142088666,0,-1
0x4248ed2a7dbbb159fbba374f25be981351507b0e,usdc,1002,1849217638733932.5,1072.022256,1.403193612774451,0.0009740828829527874,0.05844497297716725,1.402679351452014,61596.40113798009,0.03855179349648005,892,0.04425075427422058,0,-1
0xdf523369169044afbb72fa6daac80a835b81297b,usdc,205,1717.7601153797978,0.0,2.4146341463414633,0.0016755011271553037,0.10053006762931824,2.4127216231036375,35810.181818181816,0.2727272727272727,294,0.1319290465631929,0,-1
0x759d07ba8d421ee58aced32b2b5e69f640cf7039,usdc,9,0.0,0.0,0.3333333333333333,0.00023108208035494207,0.013864924821296525,0.3327581957111166,259648.0,1.0,0,1.0,0,-1
0x4e79119fdac2f5037a269de6937c901bfb45f2a1,usdc,1,0.00031428571428571427,0.0001,7.0,0.0831353919239905,4.98812351543943,119.71496437054631,721.7142857142857,1.0,3,0.2857142857142857,0,-1
0xcc51c72c43646b209462dec0f69077d7e85e182c,usdc,534,673.9861041777777,0.0,0.08426966292134831,5.847011007972724e-05,0.0035082066047836345,0.08419695851480723,1026165.3333333334,0.018018018018018018,28,0.04804804804804805,0,-1
0x6bdf991ecf7e83597cd1e2ab26028c1adbc888cc,usdc,1169,878.7331349636363,66.847625,0.04704875962360992,3.2658393207054215e-05,0.001959503592423253,0.047028086218158065,1837200.0,0.0070921985815602835,26,0.031205673758865248,0,-1
0x410a17201d3f3904c93fed365d142f93cde526ba,usdc,333,488.4084076418919,0.0,0.4444444444444444,0.0003085660435578499,0.018513962613470995,0.44433510272330384,194447.83783783784,0.2994011976047904,90,0.2634730538922156,0,-1
0xb37b4fb97453ffca641f4a5cae1d3b85b04abee1,usdc,15,8938.6384502,0.000122,0.6666666666666666,0.0004618809640379482,0.02771285784227689,0.6651085882146452,129903.6,0.03636363636363636,3,0.06363636363636363,0,-1
0x60cad9224e8026508c3302a2b4ec38717ffbd311,usdc,62,0.0004357142857142858,0.000144,0.22580645161290322,0.00015547747131440656,0.009328648278864392,0.2238875586927454,385908.0,0.875,7,0.125,0,-1
0xdd0b4c2c0fe48df96ae673193edb89ea3a3aa086,usdc,60,53.76915013114755,210.54647,1.0166666666666666,0.0006974122575349106,0.04184473545209464,1.0042736508502712,86032.32786885246,0.0,33,0.016548463356973995,0,-1
0x079ad812fe0118a5dc13f453ce36259506167699,usdc,1,0.006358999999999999,0.007823,7.0,0.004005493247882811,0.24032959487296865,5.767910276951247,14979.42857142857,0.0,4,0.42857142857142855,0,-1
0xa4fd0fa1349c2466bebd5860fd95e666ebd890a6,usdc,1012,10925.844355776855,2006.367609,3.440711462450593,0.0023876868320374086,0.1432612099222445,3.4382690381338685,25128.923607122342,0.2177607818143191,1267,0.04408328022094753,0,-1
0xc570e356b6e70d779fc367113e52928597d7bd6f,usdc,964,364.2365588,140.056022,0.02074688796680498,1.4402875505288879e-05,0.0008641725303173328,0.02074014072761599,4165834.8,0.0,7,0.45,0,-1
0x2f5d61e8ff0deb39a19695fa5a0a295e0746f705,usdc,367,11985.173104220656,0.00146,0.5803814713896458,0.00040219412947629793,0.024131647768577874,0.579159546445869,149181.69014084508,0.27325581395348836,159,0.10465116279069768,0,-1
0x214a9513d7393e0b047adf53de4c78ddd9da1fbd,usdc,265,1.7695634666666669,9.871726,0.05660377358490566,3.93057246429599e-05,0.002358343478577594,0.05660024348586226,1526495.2,0.0,11,0.04054054054054054,0,-1
0xc2590a18dce60513092ec997ab73d172b00c16ab,usdc,1,775.0465718333334,995.0,6.0,0.07159904534606205,4.295942720763723,103.10262529832936,838.0,0.0,3,0.2727272727272727,0,-1
0x7a93a20f2b74f0a09518ded0eb52486a4dc9ed1f,usdc,1,2.0,1.0,3.0,0.08407286314806166,5.044371788883699,121.06492293320878,713.6666666666666,0.0,2,0.015748031496062992,0,-1
0x8dd2760c6eb39958696442077e00b43aa098bbe4,usdc,91,99.67975453333334,47.991,0.16483516483516483,0.00011373096712265202,0.006823858027359121,0.16377259265661892,527560.8,0.01020408163265306,5,0.11224489795918367,0,-1
0xd755566305321ad11c33bf9ce5b16435882638a7,usdc,49,664.9614211428571,501.0,1.0,0.0006862610537048294,0.04117566322228976,0.9882159173349543,87430.28571428571,0.0,26,0.08411214953271028,0,-1
0x77185f39e25aa932e74f46b0809f5eefaac5ca62,usdc,28,29387.335328999998,30000.0,0.21428571428571427,0.0001455194559512607,0.00873116735707564,0.2095480165698154,412316.0,0.0,5,0.045454545454545456,0,-1
0xb534add93db666fb76585338665b8278b364f009,usdc,505,20582.046777720752,10000.000099,0.5247524752475248,0.0003639463985237785,0.02183678391142671,0.524082813874241,164859.44150943396,0.003221130616846513,117,0.0038653567402158156,0,-1
0xa40cc330dafdcb72477c9ee9de5d367a2962e371,usdc,221,969.4804535,941.010668,0.01809954751131222,1.2512974390320964e-05,0.0007507784634192578,0.01801868312206219,4795023.0,0.0,2,0.1,0,-1
0x41bc7d0687e6cea57fa26da78379dfdc5627c56d,usdc,1056,151787.65856517886,1691698.144804,1.3446969696969697,0.000933059425634901,0.055983565538094054,1.3436055729142573,64304.58591549296,0.0003,472,0.0088,0,-1
0xc66687c6f95bc70ebca805db6c538be4cdb6cf00,usdc,25,6447.730464955665,1450.0,8.12,0.005592070829224217,0.3355242497534531,8.052581994082873,10729.477832512315,0.1,183,0.02054794520547945,0,-1
0x1c5ec27f2d9215cfd7997d4ac897bb1af22c025d,usdc,11,4285.714328142857,9.9e-05,0.6363636363636364,0.0004135307253328922,0.024811843519973533,0.5954842444793649,145092.0,0.16,3,0.12,0,-1
0x7f54f05635d15cde17a49502fedb9d1803a3be8a,usdc,1,3888.967917305836,1736.393366,2776.0,13.462657613967023,807.7594568380214,19386.22696411251,4.456772334293948,0.0012,1547,0.0178,0,-1
0x8cdb11e40f7c7409dddcee72026c3f984201029f,usdc,274,51245.22358345946,1e-06,0.13503649635036497,9.35910375198881e-05,0.005615462251193286,0.13477109402863885,641087.027027027,0.011583011583011582,22,0.04633204633204633,0,-1
0x1b719dca74a2f7dafa947a8f6ca094626f8ee76e,usdc,53,29261.472142571427,1500.0,0.39622641509433965,0.00027211660066759274,0.016326996040055563,0.39184790496133354,220493.7142857143,0.003218884120171674,15,0.0037553648068669528,0,-1
0x4d7ae526b5a1cf28d01afd82863100ce88b566ef,usdc,1,9.006060000000002,0.021,7.0,0.009633911368015413,0.5780346820809249,13.872832369942195,6228.0,0.2857142857142857,3,0.7142857142857143,0,-1
0xc0482bcf2b7e55b7f7088a7e3ca33ddd8eea6109,usdc,314,1115.7581809032258,1380.0,0.19745222929936307,0.00013697177497746594,0.008218306498647956,0.19723935596755093,438046.4516129032,0.002072538860103627,51,0.002487046632124352,0,-1
0x15111cf45947753367a242009b6a775f1993aaf9,usdc,1,0.008000867106503298,13.994314,3183.0,1.4129083806818181,84.7745028409091,2034.588068181818,42.46559849198869,0.0,3183,0.0001,0,-1
0x563d710a6ed9ddf8ef4ec7b79620700193dd8d34,usdc,64,17292.47774487634,24937.5,2.90625,0.0020042628299760134,0.12025576979856081,2.8861384751654593,29936.1935483871,0.0,0,0.06989247311827956,0,-1
0x60e248ae88cdb938ce27ff07556ecd2933bc318a,usdc,278,4426409184155.564,1500.0,4.158273381294964,0.0028834473658610805,0.17300684195166485,4.152164206839956,20808.425605536333,0.1872923588039867,781,0.07807308970099668,0,-1
0x9da11224458d4f4fb9fdb1e4a0c09c1dbe154fe8,usdc,347,8296.737731916375,3100.0,12.337175792507205,0.008546459118738485,0.5127875471243092,12.30690113098342,7020.451296426068,0.16106855234727951,3283,0.10253388332351208,0,-1
0xc6b71adeafe34b51f2c567b18dd2067fb558d5be,usdc,18,0.000637,0.000409,0.2222222222222222,0.0001470134223254583,0.0088208053395275,0.21169932814866,408126.0,0.0975609756097561,2,0.04878048780487805,0,-1
0xe2281d75ab9d177e17034cff8933df839e43d766,usdc,71,3.6363636363636366e-06,0.0,0.15492957746478872,0.00010711454829794983,0.00642687289787699,0.15424494954904774,560148.0,0.07432432432432433,2,0.060810810810810814,0,-1
0x1f1b1c9d467d2874b736829f0b4ded42098ce235,usdc,1034,29069790710456.867,0.00026,0.6653771760154739,0.00046175984192779366,0.02770559051566762,0.6649341723760228,129937.67441860466,0.06989247311827956,507,0.04007820136852395,0,-1
0xe2280096ab8e2148ff4c499e37721d91f847d766,usdc,112,0.00018283582089552238,0.0,0.5982142857142857,0.0004139896366653938,0.02483937819992363,0.5961450767981671,144931.16417910447,0.3130841121495327,13,0.0794392523364486,0,-1
0x590ddea644d7e0e08d9d248b74e5b0ff32b4203b,usdc,1042,11102.79130410909,4090.0,0.052783109404990404,3.663145163116524e-05,0.0021978870978699144,0.052749290348877945,1637936.7272727273,0.004491017964071856,36,0.0029940119760479044,0,-1
0x16e0ac6b1b41ab3bdf3ecfee587204c35ce0d5f8,usdc,1,0.07934138180067407,58.015433,2077.0,4.404156064461408,264.24936386768445,6341.984732824427,13.62349542609533,0.00047709923664122136,2076,0.0003180661577608143,0,-1
0xc0f8e647a5de2222bfee89bbebf1df0f5266166a,usdc,1,0.0172655,0.005,8.0,0.005213764337851929,0.31282586027111575,7.507820646506778,11508.0,0.0,4,0.625,0,-1
0xf5e10380213880111522dd0efd3dbb45b9f62bcc,usdc,26,31523.117484341623,290.933139,137.57692307692307,0.09461761469443034,5.67705688166582,136.24936515997967,634.1313950237629,0.0,1624,0.0702,0,-1
0x40979b92d1aaf81b1df2d4b58fd8303d7c6be7f2,usdc,248,3281.540846029046,0.0,1.9435483870967742,0.0013483286878468032,0.08089972127080819,1.9415933104993963,44499.535269709544,0.3680297397769517,266,0.23605947955390336,0,-1
0xf1ccbb622d6c0bbbac334cc8b25fd8c79332a5d5,usdc,105,15440.202621531102,0.000241,1.9904761904761905,0.0013801082163322931,0.08280649297993758,1.987355831518502,43474.85167464115,0.060810810810810814,146,0.01266891891891892,0,-1
0x404cb574c29df88273428bbc75a5f74344179478,usdc,11,209920.00000050003,199900.0,1.8181818181818181,0.0011736813689819487,0.07042088213891692,1.6901011713340062,51121.2,0.0,0,0.0375,0,-1
0x5e3fef285b65cb37eb01e274ffe60d529460b231,usdc,98,54557764193033.48,0.000999,2.2448979591836733,0.0015572156418064268,0.0934329385083856,2.2423905242012547,38530.30909090909,0.08679245283018867,201,0.06792452830188679,0,-1
0x4d45a3437df8cb52ffe3685dfb0d956d3fe6418c,usdc,6,59832.02127659575,60269.0,7.833333333333333,0.004886365999209864,0.29318195995259183,7.036367038862204,12279.063829787234,0.0,0,0.041666666666666664,0,-1
0x05ff6964d21e5dae3b1010d5ae0465b3c450f381,usdc,2,41001.275900856155,100000.0,4998.5,2.8193919566811436,169.16351740086864,4059.924417620847,21.281184355306593,0.0001,6142,0.232,0,-1
0x42d9187a6fb223e20e62e47466da8a5266a2e744,usdc,42,0.013140099999999998,0.0197,0.23809523809523808,0.00016255563466596441,0.009753338079957865,0.23408011391898878,369104.4,0.0,5,0.06060606060606061,0,-1
0x09ccba63e8eb96dd72d0e05c5aeb61fe5472e65c,usdc,498,50127.044182638434,0.0,0.6164658634538153,0.00042801164749351085,0.025680698849610648,0.6163367723906555,140183.1009771987,0.10058309037900874,238,0.05830903790087463,0,-1
0x5cf9c27d34c3d40c02809ae3b84a535f5edce68b,usdc,129,0.0002344025974025974,0.0,1.193798449612403,0.0008282009968528361,0.049692059811170176,1.1926094354680843,72446.18181818182,0.9490445859872612,49,0.044585987261146494,0,-1
0x4314cf18adaf8b24fc9d9561300e86c608627ad3,usdc,1,1.043237,1.330564,6.0,0.01017984390906006,0.6107906345436036,14.658975229046488,5894.0,0.043478260869565216,4,0.13043478260869565,0,-1
0x094e636e2734afb35730e7e086fa66be2a9346fe,usdc,71,7966.8915496875,0.00352,0.4507042253521127,0.00031167333517740053,0.018700400110644035,0.4488096026554568,192509.25,0.003840782122905028,13,0.004888268156424581,0,-1
0xd564e7b8243a9d6bcfb4b4a3f625731b04ac46b9,usdc,190,10467.271551681817,0.0331,0.11578947368421053,8.01613137127587e-05,0.004809678822765522,0.11543229174637251,748490.7272727273,0.13333333333333333,17,0.2,0,-1
0xc9d12366eca9b13b35da9451d0029b8fe06798b8,usdc,138,644.0,120.0,0.036231884057971016,2.5121815684252942e-05,0.0015073089410551764,0.036175414585324236,2388362.4,0.0,2,0.03361344537815126,0,-1
0xe94e35a15e7df69b51462563d7165c6fe90847fe,usdc,23,5603.771214178273,7000.0,15.608695652173912,0.01078401922499249,0.6470411534995494,15.528987683989184,5563.788300835655,0.13070866141732285,288,0.09291338582677165,0,-1
0xaed66fbb3d8c5ccbe5daa7be4b3e1a21d2779d22,usdc,105,18584.24534897884,0.0,1.8,0.0012467511906803699,0.0748050714408222,1.7953217145797327,48125.079365079364,0.18947368421052632,114,0.14385964912280702,0,-1
0xc7ffa71949be064361aa20d7d986cc2dec96f8cf,usdc,63,14202.886441737943,0.000262,19.746031746031747,0.013596579432878364,0.8157947659727018,19.579074383344846,4412.87459807074,0.21924792861695347,938,0.12555768005098789,0,-1
0xc210b483b886f417be8034e615ab99ae07e0bae1,usdc,494,898781.213632956,0.0002,10.3582995951417,0.0071823410698249315,0.4309404641894959,10.342571140547902,8353.822161422708,0.17745604963805583,3522,0.020268872802481904,0,-1
0x6a8c6db92ba11200b73f694238468899a9121cc4,usdc,202,24629.86440630473,43227.0,2.8267326732673266,0.001954714971062687,0.11728289826376123,2.81478955833027,30695.012259194395,0.0,63,0.010071942446043165,0,-1
0x34d89be1f13633310caf739a0e15fc7caa6b7858,usdc,417,43618.092680818176,104045.64623,0.05275779376498801,3.6562062605552185e-05,0.002193723756333131,0.052649370151995147,1641045.2727272727,0.0,6,0.04524886877828054,0,-1
0xef194f9325d1a6ac294f4ff8f621208c487e0e71,usdc,1,60.0,100.0,5.0,0.016700066800267203,1.002004008016032,24.04809619238477,3592.8,0.045454545454545456,4,0.045454545454545456,0,-1
0xdb4b740a84e774eea014e53759a76550db07a1cb,usdc,322,47392.229613105264,0.001001,0.059006211180124224,4.087711092627964e-05,0.002452626655576778,0.05886303973384267,1467814.105263158,0.00023646252069047056,13,0.0014187751241428233,0,-1
0x0387faf6e94d6aecabde81d2780305bac28726b6,usdc,197,145933.0641374898,0.0005,0.24873096446700507,0.00017248067336454883,0.010348840401872929,0.2483721696449503,347865.0612244898,0.07926829268292683,33,0.07926829268292683,0,-1
0xf8191d98ae98d2f7abdfb63a9b0b812b93c873aa,usdc,27,1589819.7031305006,334534.996803,29.51851851851852,0.02048432447992433,1.22905946879546,29.497427251091043,2929.069008782936,0.0019,339,0.0053,0,-1
0x43f25eae1f41dccb73d8d8f98293c65c5577a2ee,usdc,221,2127.8620966666667,3500.0,0.05429864253393665,3.765206728675438e-05,0.0022591240372052627,0.054218976892926304,1593538.0,0.058823529411764705,4,0.17647058823529413,0,-1
0xd1c805676244085838262806ffb92b21421e5b8d,usdc,1616,744.5823021311476,0.022006,0.07549504950495049,5.242095623400861e-05,0.0031452573740405167,0.0754861769769724,1144580.4180327868,0.0015772870662460567,65,0.04889589905362776,0,-1
0xe16b1cd0c5c613711da2a5f17c182ed0f2b75e29,usdc,257,31096.12283190909,11000.0,0.12840466926070038,8.907700031851776e-05,0.005344620019111066,0.12827088045866555,673574.5454545454,0.025,0,0.035,0,-1
0x8806baef6299936df9d18cf1c7debb962555f348,usdc,177,9.56807471875,3.03,0.1807909604519774,0.00012494992241390756,0.007496995344834453,0.17992788827602685,480192.375,0.046875,20,0.09375,0,-1
0x6bb53230ecc0ba373b92cc4033b1122ab5f6ddf6,usdc,4,4472.795537333333,6709.193306,0.75,0.00041736227045075126,0.025041736227045076,0.6010016694490818,143760.0,0.0,1,0.03571428571428571,0,-1
0x79c4ee91b6042d6ce132f0d720eb0aff16bf50d7,usdc,34,1964.0923912500002,0.000775,0.23529411764705882,0.0001617435959644973,0.009704615757869836,0.23291077818887607,370957.5,0.0625,3,0.078125,0,-1
0xa7b747ef6928fc538eb0775ee84daa6d09bfe076,usdc,22,0.003742833333333333,0.001598,0.5454545454545454,0.0003653279427165786,0.021919676562994712,0.5260722375118732,164236.0,0.0,6,0.16666666666666666,0,-1
0x7edae6d28e8191ec76248f9a0fc5273499abd10e,usdc,791,9816.509190295774,0.0,0.179519595448799,0.00012461783133731256,0.007477069880238754,0.1794496771257301,481472.0281690141,0.13063063063063063,64,0.08558558558558559,0,-1
0xf8d0872307130ac509c4dbd4db83537bd2aadd0c,usdc,36,689.8660693333333,1034.799104,0.08333333333333333,5.66463117586414e-05,0.0033987787055184838,0.0815706889324436,1059204.0,0.0,1,0.007692307692307693,0,-1
0xa5757e8c5fa91c79296c4c2fdfa67162797452dd,usdc,56,1873.598721214286,0.001,0.25,0.00017148792724992163,0.010289275634995296,0.24694261523988711,349878.85714285716,0.0,4,0.2,0,-1
0xef50bedea9e99a55c474e63d305732ee65b8480f,usdc,253,7657.970436940297,0.0,0.5296442687747036,0.00036699458819920683,0.022019675291952413,0.5284722070068579,163490.14925373133,0.21084337349397592,94,0.14457831325301204,0,-1
0x56fc4feb4b3485a46958fba3dba939da93f796d5,usdc,51,0.0011158000000000001,0.0,0.19607843137254902,0.00013393837763121943,0.008036302657873166,0.19287126378895597,447967.2,0.34615384615384615,3,0.23076923076923078,0,-1
0x9c73f1c266c7340267e960720aa72796bd9d77ce,usdc,1073,3952.0316170736437,0.00046,0.24044734389561975,0.0001669370874939275,0.01001622524963565,0.2403894059912556,359416.83720930235,0.12716763005780346,145,0.05057803468208093,0,-1
0x7b73c90c89e27a602a6149c8edb0d0f6aefa4700,usdc,311,6998384762092.869,2000.0,0.5144694533762058,0.00035691739369996184,0.021415043621997712,0.5139610469279451,168106.125,0.022753128555176336,99,0.03754266211604096,0,-1
0xb11e2db3c390416d0082ea812fe2bf3738495b28,usdc,1,0.1746403056092844,74.097957,1034.0,1.5072886297376094,90.43731778425656,2170.4956268221576,39.806576402321085,0.00030248033877797946,1033,0.0006049606775559589,0,-1
0x9a00d9251e883caff991efadd60f769c7b9c5728,usdc,1,0.0004436666666666667,0.000331,6.0,0.0037598696578518614,0.22559217947111165,5.41421230730668,15958.0,0.75,3,0.25,0,-1
0x428b899dc208e6b52fabe1f7c48a907bb7bfde3f,usdc,511,1305.2860957049181,20.0,0.23874755381604695,0.00016573835076755876,0.009944301046053525,0.23866322510528462,362016.39344262297,0.045112781954887216,48,0.09774436090225563,0,-1
0x1ed006eac6f8406dddb8b6a2df13f08a0f5721d8,usdc,1,0.00040033333333333327,0.00046,6.0,0.010604453870625663,0.6362672322375398,15.270413573700953,5658.0,0.5,3,0.16666666666666666,0,-1
0x4c7640ac3f027a3d343992f8f8b324cc5e650d2c,usdc,9,498.024323,6.408646,0.4444444444444444,0.00028686173264486515,0.01721170395869191,0.41308089500860584,209160.0,0.0,3,0.017699115044247787,0,-1
0x6f64630a0c12c60813a80a215fb9a31e52528820,usdc,124,287456.3004576903,3470.811096,1.25,0.0008659488788476064,0.05195693273085639,1.2469663855405533,69288.15483870968,0.02511415525114155,77,0.0639269406392694,0,-1
0xdc82eb44e0613df727daa7231c13a740338f25a5,usdc,70,8732.301666714286,10000.00649,0.8,0.0005492888670917116,0.032957332025502696,0.7909759686120647,109232.14285714286,0.19718309859154928,25,0.29577464788732394,0,-1
0x45de7cef3972a64432935ecf4ea845ac1430d87b,usdc,301,2938.2851080174128,288.367691,1.3355481727574752,0.0009269362129536799,0.05561617277722079,1.3347881466532991,64729.37313432836,0.11781609195402298,274,0.11637931034482758,0,-1
0x798a59cb1ef7110e91640fc6a8056d029ba8a42e,usdc,1142,12217.861920976047,147.681697,0.14623467600700527,0.00010153271846253929,0.006091963107752357,0.14620711458605656,590942.5149700599,0.0004418912947414936,81,0.017675651789659744,0,-1
0xc3b9f7ffe57a3340c520d30857dfa41e1a19e1d6,usdc,1,0.08703599207528483,60.444179,2019.0,2.7261679719146636,163.57007831487982,3925.6818795571157,22.00891530460624,0.00037209302325581393,2018,0.00037209302325581393,0,-1
0x8f456e525ed0115e22937c5c8afac061cc697f21,usdc,1297,167970.65649091307,272422.144578,0.12413261372397841,8.617349947584032e-05,0.0051704099685504195,0.12408983924521007,696269.7391304348,0.003484320557491289,28,0.01132404181184669,0,-1
0x8201fb9c79d46e787bb003c7d0d24b325076ee56,usdc,26,971.1316352523365,1500.0,4.115384615384615,0.0027739466780044176,0.16643680068026506,3.9944832163263615,21629.831775700935,0.1101871101871102,52,0.060291060291060294,0,-1
0x5656da160b35c8e2b73f94dbfd261f2cabae4eac,usdc,85,1015.3841217241379,0.0,0.3411764705882353,0.00023629990205776476,0.014177994123465883,0.3402718589631812,253914.62068965516,0.057971014492753624,13,0.043478260869565216,0,-1
0xe5ae02af31d477374501c0933db999b8a693065c,usdc,3,0.001262888888888889,0.000706,3.0,0.0016552028543053666,0.099312171258322,2.383492110199728,36249.333333333336,0.03636363636363636,3,0.01818181818181818,0,-1
0x786324161c61c8d056ea996d781388c294bf2936,usdc,5,36225.110224955315,29000.0,35.8,0.02206009218407237,1.323605531044342,31.766532745064207,2719.8435754189945,0.15767634854771784,142,0.04979253112033195,0,-1
0x9a1988d3205b6fa9add88042cc122ff345cf8e6b,usdc,13,0.013867286130999735,16.048335,290.0769230769231,0.19770368040264233,11.862220824158541,284.693299779805,303.48448687350833,0.0,3771,0.0001,0,-1
0xc3f33a46d4542b7f041bf437e1779e5784bc4e2a,usdc,267,1248.41567316,92.906978,0.2808988764044944,0.00019492245205167576,0.011695347123100545,0.2806883309544131,307814.72,0.024365482233502538,47,0.016243654822335026,0,-1
0xbc83a5915dff051775e573f55c3b9aa48db05131,usdc,2,0.007295702355460386,22.753003,1634.5,0.8468034400580251,50.8082064034815,1219.3969536835561,70.85469562557357,0.3268,3269,0.0001,0,-1
0xd75dfaca02f24a21e4b31d8cda59bd851767d35a,usdc,16,37076.92613128205,56000.01058,2.4375,0.0016503326054943383,0.09901995632966028,2.3764789519118468,36356.307692307695,0.050793650793650794,31,0.025396825396825397,0,-1
0x7ed02656dbb30a484b416f8a485b1cdef6887d37,usdc,170,396.004340725,500.0,1.1764705882352942,0.0008138232766478294,0.04882939659886976,1.1719055183728742,73726.08,0.11354581673306773,120,0.10956175298804781,0,-1
0x8edb142b495f9b287b396eb4f5ac63133f8d8da3,usdc,1,0.11356228099173558,48.883495,1210.0,1.866707806232644,112.00246837395866,2688.059240975008,32.14214876033058,0.0,1209,0.0005558643690939411,0,-1
0xd7580e32f98c636fbf30209ad5945d19096c954b,usdc,15,945.1431176428571,0.0,0.9333333333333333,0.0006415367554736832,0.038492205328421,0.9238129278821039,93525.42857142857,0.01206896551724138,9,0.008620689655172414,0,-1
0x1fc75ad0511ddc3a23b9583ba1c285b8292faed5,usdc,155,1255728.6416926645,113.056512,2.1548387096774193,0.001492111910180224,0.08952671461081343,2.1486411506595227,40211.46107784431,0.0003313452617627568,245,0.004307488402915839,0,-1
0x027b4dd4afeb525e0c45744ac6441bbebf471e48,usdc,139,417.5803181818182,0.0015,0.07913669064748201,5.489164389495137e-05,0.003293498633697082,0.07904396720872997,1093062.5454545454,0.0007733952049497294,4,0.0020623872131992783,0,-1
0xaaf0ca5a469de1f753194539fc55ec0e2a720f49,usdc,177,70677.44263419909,0.000312,1.2485875706214689,0.0008626066646317996,0.051756399877907984,1.2421535970697914,69556.61538461539,0.4198473282442748,99,0.16030534351145037,0,-1
0x06eb645caf5799969574cebfc26884d89147a4a2,usdc,9,0.0005000000000000002,0.0005,425.8888888888889,0.2693870092630336,16.163220555782015,387.9172933387684,222.72788938168537,0.3833,3833,0.0001,0,-1
0x8a9db24cdd1cc0c4e8432c4d75000e20617c5676,usdc,436,866351465575505.1,0.0,8.685779816513762,0.0060255360531354584,0.36153216318812753,8.67677191651506,9957.620279904939,0.1853,2008,0.0514,0,-1
0x8356d2f21e80ce29884e233887f1a6dd53d562e7,usdc,32,4471.245382074074,3090.0,3.375,0.002319717166336608,0.1391830299801965,3.3403927195247154,25865.222222222223,0.030983733539891558,62,0.030209140201394268,0,-1
0x8c41b07b32784749fe1ec01a48d8b4b4410eba19,usdc,573,20726.724889956913,190500.0,0.9720767888307156,0.0006739309241371568,0.0404358554482294,0.9704605307575055,89029.89587073609,0.18505154639175259,452,0.031958762886597936,0,-1
0x0ff62ec723b88baa5688b68fa1e6b19919abd48c,usdc,1,73.48834566666666,100.0,3.0,0.17857142857142858,10.714285714285714,257.1428571428571,336.0,0.0,2,0.03225806451612903,0,-1
0x83b00547878561f9190328864815133799090094,usdc,29,834.6859909253731,0.0,4.620689655172414,0.0031346495742490877,0.18807897445494526,4.513895386918686,19140.89552238806,0.35344827586206895,42,0.22844827586206898,0,-1
0xf3dcb7ba6b07b13efff3e753df7f221f98bf5335,usdc,12,0.04,0.069,0.3333333333333333,0.0002169715116405216,0.013018290698431296,0.3124389767623511,276534.0,0.0,2,0.75,0,-1
0x98f585d40a96435e04e33c7519bd8e90fbc76113,usdc,1126,2313.081552470588,18.929968,0.015097690941385435,1.0479108541003582e-05,0.0006287465124602149,0.015089916299045155,5725677.882352941,0.0,7,0.04310344827586207,0,-1
0xa39d17f30dc79ebb3e03e3b6e721f393de4d7c01,usdc,1043,5698.493372866667,334.72,0.028763183125599234,1.9962412108826556e-05,0.0011977447265295931,0.028745873436710236,3005648.8,0.024691358024691357,21,0.06172839506172839,0,-1
0x9f5869fb2b520bdce29de918cef8ea27c24b3342,usdc,1,0.003715666666666667,0.000104,3.0,0.25862068965517243,15.517241379310345,372.41379310344826,232.0,0.3333333333333333,2,0.6666666666666666,1,2
0xf32e991bb42f44b07ba05b18211fe0a545e81dd1,usdc,1423,44934.843202648,0.0,0.35137034434293746,0.00024389683732873617,0.014633810239724168,0.35121144575338004,246005.65,0.031160458452722063,296,0.01504297994269341,0,-1
0x02dbbdd509295db70815e11492ed52a20c968850,usdc,525,2264.7671523157896,0.0,0.03619047619047619,2.5119017872842242e-05,0.0015071410723705347,0.03617138573689283,2388628.4210526315,0.07079646017699115,10,0.07964601769911504,0,-1
0xf15050214046608f6201fbdf5e3f8f7433d40144,usdc,1,0.00016800000000000002,0.00018,4.0,2.0,120.0,2880.0,30.0,0.36363636363636365,2,0.2727272727272727,0,-1
0x85cd428dac601ae155707bfe0f50cdd3889431b8,usdc,188,0.013800200000000002,0.004002,0.05319148936170213,3.685567979195706e-05,0.0022113407875174237,0.05307217890041817,1627971.6,0.0,5,0.05714285714285714,0,-1
0xcc2c505ad9cdd23619d52d51f0e97f904ef74bf5,usdc,40,8.270364,11.540728,0.1,6.927174613290478e-05,0.004156304767974286,0.09975131443138288,866154.0,0.0,2,0.10344827586206896,0,-1
0x4d26b404b1e652e1abc6755ddb190b16fc14f588,usdc,292,3090.4285714285716,5450.5,0.023972602739726026,1.6640713097346627e-05,0.0009984427858407976,0.023962626860179144,3605614.714285714,0.0,5,0.03225806451612903,0,-1
0x72d37e0bd3fbf0be2f1900860635f69a243e21b2,usdc,12,0.04,0.065,0.3333333333333333,0.0002286341396497325,0.01371804837898395,0.3292331610956148,262428.0,0.0,2,0.75,0,-1
0xeb65210735d7b0bb56012e05a928e2876063caca,usdc,43,17125.048819721185,120.625564,14.930232558139535,0.010240573727345522,0.6144344236407314,14.746426167377553,5859.046728971963,0.244140625,398,0.0556640625,0,-1
0xc6fb216d8dcd1f9febf51e0e4c80ba77207b88da,usdc,61,13442.699488636366,0.011214,0.18032786885245902,0.0001242339845452923,0.007454039072717539,0.17889693774522095,482959.63636363635,0.058823529411764705,5,0.29411764705882354,0,-1
0x62ce9e6eb60602075e6fe083742691b2c47dd666,usdc,1202,402.28901269230767,900.0,0.021630615640599003,1.5011328934475087e-05,0.0009006797360685052,0.021616313665644125,3996981.230769231,0.03571428571428571,10,0.2857142857142857,0,-1
0xc42e044bb438ad4eec6973719a5eac26b7fa55d7,usdc,720,49067.553361071434,100000.0,0.03888888888888889,2.699549753666085e-05,0.001619729852199651,0.03887351645279163,2222592.8571428573,0.0,12,0.05142857142857143,0,-1
0xe4e5fc73273921ef46c7b1b01af7c6c388ac650e,usdc,165,547.5569956666666,10.031617,0.05454545454545454,3.7698829912094705e-05,0.0022619297947256826,0.05428631507341638,1591561.3333333333,0.0,3,0.039735099337748346,0,-1
0x1160a1524a0169d72f1a8f5839c187b6f68d1d55,usdc,1110,15893028.45373248,0.000249,0.5747747747747748,0.0003988125138615478,0.023928750831692866,0.5742900199606289,150446.63322884013,0.10814094775212636,440,0.057715674362089915,0,-1
0x11a159b1b6926dcd3a069d63203dd64a28d0cbd2,usdc,10,0.04000000000000001,0.0651,0.4,0.00025620004099200655,0.015372002459520395,0.36892805902848946,234192.0,0.0,2,0.6,0,-1
0x531868c7bcd2119820c94505dfd0764f7214e01e,usdc,257,423680.47512614273,585605.941961,0.054474708171206226,3.776993362203951e-05,0.002266196017322371,0.05438870441573689,1588565.142857143,0.009259259259259259,10,0.023148148148148147,0,-1
0x2a6a078f7a880ef8b669bca6c31059bd47c87a3f,usdc,1615,71979.97915788,36183.0,0.030959752321981424,2.1499054389174925e-05,0.0012899432633504955,0.030958638320411888,2790820.42,0.04580152671755725,30,0.05725190839694656,0,-1
0xd1af410be5764937b5d3676e250785a39d0f01ae,usdc,40,19726.75222367459,50000.0,13.675,0.009432107791576282,0.565926467494577,13.582235219869847,6361.250457038391,0.1412478336221837,408,0.08578856152512998,0,-1
0x064b05c98c3dde8483daac2f5a54b3121eed960e,usdc,1,0.0044859999999999995,0.001002,3.0,0.0016450976091248082,0.09870585654748848,2.368940557139724,36472.0,0.0,2,0.025,0,-1
0x12f47de308f2a7fc4bd70b632b514ba722ae03d8,usdc,1,0.0004133333333333334,0.00012,3.0,0.0334075723830735,2.0044543429844097,48.10690423162583,1796.0,0.25,2,0.25,0,-1
0x11591b62a127e6f85b2058f6928f2d37a7716544,usdc,189,523410.71469185315,0.0001,4.0,0.002763792273957619,0.16582753643745715,3.9798608744989714,21709.301587301587,0.08677685950413223,495,0.03902662993572085,0,-1
0xda7d0fc51e0870f7ffc7ace2a18b72898e6bf9b6,usdc,665,157609.99153417442,18506.513394,0.2586466165413534,0.00017947439046531866,0.01076846342791912,0.2584431222700589,334309.5348837209,0.03772418058132344,101,0.02350030921459493,0,-1
0x4fd8b325f0c2256190d2d9230d9478317d24750e,usdc,252,1718.3619626626505,0.0,0.9880952380952381,0.0006854926627508242,0.04112955976504946,0.9871094343611869,87528.2891566265,0.24413145539906103,178,0.1267605633802817,0,-1
0x6081b98a203eefe279aa74d384762ce6ed5a1d68,usdc,26,10388.941559937499,6586.0,0.6153846153846154,0.0004273435788956374,0.025640614733738243,0.6153747536097178,140402.25,0.0,0,0.043478260869565216,0,-1
0xbaba55d142cb2458f922fca25d007596f882fa77,usdc,389,306.10696981196577,0.00093,0.30077120822622105,0.00020873318226046264,0.012523990935627758,0.30057578245506616,287448.3076923077,0.01815736381977135,75,0.02151983860121049,0,-1
0x838604d7a279ed48c7b6828268f6e5a5c575ec24,usdc,47,1192.6353466428573,5069.717989,0.2978723404255319,0.0002032650169290721,0.012195901015744326,0.29270162437786384,295181.14285714284,0.0035555555555555557,6,0.0071111111111111115,0,-1
0x1011afe1e12216587df30223f898c7924d76dd72,usdc,1,547.87092325,0.000109,4.0,0.0015290519877675841,0.09174311926605504,2.2018348623853212,39240.0,0.0001,1,0.0004,0,-1
0x36944724fc616b4ef5ebb138662dc3c8eeb601f1,usdc,133,5.4488140000000005,3.929331,0.15789473684210525,0.00010933798453648504,0.006560279072189102,0.15744669773253844,548757.1428571428,0.024390243902439025,11,0.17073170731707318,0,-1
0xcbe2129cceb08602d610ba9649e67868727b8b29,usdc,29,5645.000780444445,3460.55,0.3103448275862069,0.00021443888491779842,0.012866333095067906,0.30879199428162973,279800.0,0.0,0,0.1,0,-1
0x05887a10ed7708b61f6e3f450d961253bb82ee92,usdc,1,0.1249271701546861,52.957474,1099.0,1.6954643628509718,101.72786177105831,2441.4686825053996,35.388535031847134,0.0,1098,0.0006015037593984962,0,-1
0x16e8ecee13056487a335cf2988453cd3a42d2eff,usdc,67,558.6245948099548,500.0,3.298507462686567,0.002287903100574564,0.13727418603447383,3.294580464827372,26224.886877828056,0.01670904467853251,121,0.027243007628042135,0,-1
0xa9f848152e7efa8549d2d3f7ba9b7485ed67abe4,usdc,845,86248.40547402359,123.0,1.7053254437869823,0.0011829087175365025,0.07097452305219015,1.7033885532525639,50722.42609299098,0.08196474310682537,812,0.027271357541057705,0,-1
0x073ff9a8ff8908720e802b948904994285b572d0,usdc,103,6556.436696111112,0.000401,1.9223300970873787,0.0013319484657029997,0.07991690794217998,1.9180057906123196,45046.78787878788,0.035214446952595936,147,0.019864559819413093,0,-1
0x0af0b95d8c50f0c38f286ef0cbba42767e3b389b,usdc,123,293238.20753958315,0.0001,18.235772357723576,0.012648420159878737,0.7589052095927242,18.213725030225383,4743.675434685689,0.30339805825242716,1312,0.0703883495145631,0,-1
0xf304136ce629260e3565fc5be837578770287f6c,usdc,301,32556.319138547966,64923.75555,3.8438538205980066,0.0026666261026049506,0.159997566156297,3.8399415877511283,22500.342264477094,0.08191420564776891,929,0.03039448156930373,0,-1
0x54c680a17fd4ff5e10e06bb16fe0c0b571066598,usdc,1213,4909.806201146067,1260.0,0.07337180544105523,5.095014579756328e-05,0.0030570087478537966,0.07336820994849112,1177621.7528089888,0.030364372469635626,38,0.030364372469635626,0,-1
0x0a39bf8fd4c7824c1d9768cff55309a95c0080a3,usdc,166,7410.676377067364,0.0,5.186746987951807,0.0036016605286451234,0.21609963171870739,5.186391161248977,16658.982578397212,0.21180555555555555,460,0.10821759259259259,0,-1
0xe08d97e151473a848c3d9ca3f323cb720472d015,usdc,3,1771.5396777849794,0.637292,324.0,0.2143518722709831,12.861112336258985,308.66669607021566,279.91358024691357,0.0014,505,0.0096,0,-1
0x6826be6819eee574b89b886289c454c4e9b73b6d,usdc,506,185773.3947940537,794878.387515,1.1778656126482214,0.0008168062546527806,0.049008375279166835,1.1762010067000042,73456.8322147651,0.030056036678553236,329,0.028018339276617423,0,-1
0x55048e0d46f66fa00cae12905f125194cd961581,usdc,689,170705.63003405152,36.169261,0.4223512336719884,0.00029329142726291975,0.017597485635775182,0.4223396552586044,204574.68041237115,0.018269747447608814,124,0.02525523911875336,0,-1
0x3ed87a80cf46e9ed3790c0a5277bedac4eb3b65c,usdc,638,17649.54851672441,50000.0,0.19905956112852666,0.0001380510710697784,0.008283064264186703,0.1987935423404809,434621.76377952757,0.06956521739130435,86,0.0782608695652174,0,-1
0xe706cdfebf25f183c2c7050440b35c204b1b2a22,usdc,92,1537.9764151447368,0.0,0.8260869565217391,0.0005721555962087164,0.03432933577252298,0.8239040585405515,104866.57894736843,0.38144329896907214,47,0.25773195876288657,0,-1
0x4616040ea1afa09b71ec91316694b35d45e1f505,usdc,133,61982.0,38904.0,0.06766917293233082,4.677273336735617e-05,0.00280636400204137,0.06735273604899289,1282798.6666666667,0.0,3,0.023255813953488372,0,-1
0x1688d83d9ad92d1a46386101ecec87ee3a78de86,usdc,391,48.050086875,2.54288,0.04092071611253197,2.8413399332924418e-05,0.001704803959975465,0.04091529503941116,2111679.75,0.0,9,0.04861111111111111,0,-1
0x481a4f5fd01065b5bd52c5b3c509cdd10f405179,usdc,1,0.0040093333333333335,0.000184,3.0,1.6666666666666665,100.0,2400.0,36.0,0.3333333333333333,2,0.6666666666666666,1,2
0x10e088b75c837d6e2318ff7c886a7b9e87dbf887,usdc,1,0.0867828891098956,52.703548,2011.0,3.0222422602945596,181.3345356176736,4352.028854824166,19.85280954748881,0.00018910741301059002,2010,0.00037821482602118004,0,-1
0xcd202845f14433c786ac5994107a4e5644eefe53,usdc,19,166.6540112881356,973.467014,3.1052631578947367,0.0021150592216582064,0.12690355329949238,3.0456852791878175,28368.0,0.0,52,0.05454545454545454,0,-1
0x56fc81dfa0536c4bf0c80631bd8bb8fe634096d5,usdc,100,634.1424972272728,0.073891,0.44,0.0003031409536538819,0.018188457219232915,0.43652297326158995,197927.72727272726,0.008264462809917356,34,0.0743801652892562,0,-1
0xa0d91c64d4c54f8480205eff4804471d3b7b2609,usdc,608,7019.270738275992,0.0,0.8700657894736842,0.000604054220089496,0.03624325320536976,0.8698380769288742,99328.83175803402,0.22578295702840495,204,0.06846321922796796,0,-1
0x0bd94f5549f23cbac3e0b8a0e15cd6492ffb710b,usdc,51,0.00029900000000000006,0.00012,0.11764705882352941,8.161000212186006e-05,0.004896600127311604,0.11751840305547848,735204.0,0.1935483870967742,3,0.0967741935483871,0,-1
0x9445b57073badfc1880b0ddff738398f0cfc7f59,usdc,64,8458.461676166668,45724.84,0.375,0.0002601293276307204,0.015607759657843223,0.3745862317882374,230654.5,0.0,12,0.027210884353741496,0,-1
0x66a452ce46b625d6f8b8088a144d34853a0dff7a,usdc,307,5663.131915108109,0.00013,0.12052117263843648,8.35007108844305e-05,0.00501004265306583,0.12024102367357993,718556.7567567568,0.06735751295336788,18,0.07253886010362694,0,-1
0xe7460b804960b5c31694abf43dc3fe53c722af87,usdc,430,58004651342.91347,150000.0,2.0046511627906978,0.0013900373987788314,0.08340224392672987,2.0016538542415168,43164.30626450116,0.07738292925938227,385,0.044171371637329794,0,-1
0xc8db53c4cf260ec68f4a8cce6162cdd1c590885b,usdc,431,2123.8963755,50.0,0.1345707656612529,9.344454308035103e-05,0.005606672584821061,0.1345601420357055,642092.0689655172,0.008389261744966443,17,0.03691275167785235,0,-1
0x7a97c81acf150e9337f44e93650c764602deab84,usdc,7,0.0004905,0.000848,0.5714285714285714,0.00036753220500946394,0.022051932300567838,0.5292463752136282,163251.0,0.4444444444444444,2,0.2222222222222222,0,-1
0x7b09fc3bdd9a1eb0059f0c9d391f5d684e0f9918,usdc,10,1744.77536220598,204.307564,391.3,0.26617599042228995,15.970559425337397,383.2934262080975,225.4147712752364,0.002,1135,0.06,0,-1
0x783d080f60dc4114a8ef2c6a0eca87820b097c4d,usdc,57,2037.6313003141242,0.01,15.526315789473685,0.010734194656432997,0.6440516793859798,15.457240305263516,5589.613559322034,0.0385,469,0.0162,0,-1
0x36639f51418181ea1e100a6e61e47fe1d4e7ec6f,usdc,197,0.00027100000000000003,0.0,0.2639593908629442,0.00018241005780995678,0.010944603468597408,0.26267048324633774,328929.23076923075,0.12846347607052896,10,0.012594458438287154,0,-1
0x6ad98f512d6e8c50f1d5e3bbe135be3e2b0e53e4,usdc,9,200.08318979999999,0.0,2.2222222222222223,0.001502968362515969,0.09017810175095814,2.1642744420229953,39921.0,0.015957446808510637,16,0.006648936170212766,0,-1
0xcf87ac8e8323f56cac61c0ef4858ada87121f3b2,usdc,83,3437.133425473684,67.805403,0.2289156626506024,0.0001582460342710938,0.009494762056265628,0.22787428935037501,379156.4210526316,0.0,12,0.08571428571428572,0,-1
0x6eab2d891d1eb89b06aa75d6a2a4420a6668259f,usdc,96,11055.758072780729,0.000308,6.270833333333333,0.004324979847892901,0.2594987908735741,6.227970980965778,13872.897009966777,0.08858780614903596,417,0.06305367378843148,0,-1
0x762a83284b72135c0452d02e51c9b13c040bcc5d,usdc,60,100.478278,99.822792,0.1,6.90846286701209e-05,0.004145077720207254,0.09948186528497409,868500.0,0.0,3,0.0004592422502870264,0,-1
0xf87d3528f2d57f8595248724e9a6e5ba615323a7,usdc,315,610.7723836943144,0.001395,4.746031746031746,0.003288596686502367,0.19731580119014205,4.735579228563409,18244.864214046822,0.11912141220859722,492,0.021964694785069398,0,-1
0x692fd44eda677da6a0a321deb94a6e6f886e67c3,usdc,241,44148.10848403226,0.0,1.157676348547718,0.0008008896477406013,0.04805337886443608,1.1532810927464658,74916.68817204301,0.13504823151125403,205,0.0819935691318328,0,-1
0xf28fbc28fb7c5a4e7f04c83ef2d13a8ff5cada57,usdc,187,31354.26309437733,0.000917,3.443850267379679,0.0023862121401877403,0.1431727284112644,3.4361454818703456,25144.45341614907,0.08746876115672975,450,0.043198857550874686,0,-1
0x9689c242c5de39e7628caf65ba35ce71908af45b,usdc,3,0.1040752942664418,43.771383,1186.0,0.6927570093457944,41.56542056074767,997.5700934579438,86.61045531197301,0.0002,3554,0.0002,0,-1
0xac754bffbcd00bc261beb099bf983115b9818361,usdc,1,666.6686666666667,0.006,3.0,0.15463917525773196,9.278350515463918,222.68041237113403,388.0,0.001834862385321101,0,0.003669724770642202,0,-1
0xf22eeef3a8dd6c94a1fe6625963c8dc8dc82df5e,usdc,1216,96.58928057142857,99.098189,0.005756578947368421,3.99694724589208e-06,0.00023981683475352483,0.0057556040340845955,15011456.57142857,0.0,3,0.15151515151515152,0,-1
0x528611871bd3d02a568ae3c84b63219512bdeff2,usdc,50,3600.0000800000003,2000.0,0.5,0.00034619613534330194,0.020771768120598118,0.4985224348943548,173312.16,0.0,1,0.027559055118110236,0,-1
0x50e8e0c7e1847a9d64079ca5cb56d75e47da3343,usdc,1,0.17456632749742537,70.943146,971.0,1.0767354180527833,64.604125083167,1550.499001996008,55.72399588053553,0.0009422110552763819,970,0.000628140703517588,0,-1
0x8adcb3f646c4e8a03b30f706cad0945f28a9a107,usdc,236,24625.710298055754,0.000785,3.5720338983050848,0.0024728311247010897,0.14836986748206538,3.560876819569569,24263.686832740215,0.06084466714387974,772,0.03435934144595562,0,-1
0x02758fbc0bb97a57d93351981e4e2eec47a4a921,usdc,1491,15428.446884571431,1359.104637,0.009389671361502348,6.520469208306752e-06,0.0003912281524984051,0.009389475659961724,9201791.785714285,0.0,6,0.014705882352941176,0,-1
0xd53adf794e2915b4f414be1ab2282ca8da56dcfd,usdc,1583,1326.5415572282611,0.390185,0.05811749842072015,4.035238008316172e-05,0.002421142804989703,0.05810742731975288,1486901.141304348,0.027139874739039668,40,0.07306889352818371,0,-1
0x6825837d47f3ad80e47e20b1e7efd8dc5eba2814,usdc,460,163.65283670303032,0.264322,0.358695652173913,0.0002485961848772161,0.014915771092632965,0.35797850622319116,241355.27272727274,0.023310023310023312,101,0.055944055944055944,0,-1
0x6c643da1f42adbb99286e6e8de9c6b67c3afc474,usdc,53,1921.7584028484848,0.009,0.6226415094339622,0.00042511310585058694,0.025506786351035215,0.6121628724248451,141138.9090909091,0.002927400468384075,18,0.00468384074941452,0,-1
0x851e14d8f4a2f7bf4fa6f9b0f42d3025aac3a83b,usdc,96,23110.863743722468,10500.0,2.3645833333333335,0.0016319898773491308,0.09791939264094786,2.3500654233827483,36764.93392070485,0.02926829268292683,16,0.44390243902439025,0,-1
0xec8701b5d5ba50d1deb180f4506ea743e4983ee8,usdc,7,2733.8054545454547,883.32,1.5714285714285714,0.0009835303374403175,0.05901182024641905,1.4162836859140573,61004.72727272727,0.0,1,0.022857142857142857,0,-1
0x078e5043d6a32b5242a3f41baa1bd61afb68f395,usdc,1504,350.94342071428576,5.0,0.009308510638297872,6.463160118128717e-06,0.00038778960708772296,0.009306950570105351,9283384.42857143,0.0,7,0.14,0,-1
0x94ca62e532bc112063918af9dcc2bd57dc75f461,usdc,188,1270.1819045405405,450.0,0.19680851063829788,0.0001359587332173642,0.008157523993041853,0.19578057583300446,441310.3783783784,0.006711409395973154,25,0.06040268456375839,0,-1
0x94fe3ad91dacba8ec4b82f56ff7c122181f1535d,usdc,546,2426.4953260434563,32.144746,3.6666666666666665,0.0025418614123916845,0.15251168474350107,3.660280433844026,23604.74875124875,0.0001,1508,0.001,0,-1
0x63242a4ea82847b20e506b63b0e2e2eff0cc6cb0,usdc,1,48382.85100581306,32689.169693,2236.0,5.972222222222222,358.3333333333333,8600.0,10.046511627906977,0.0007,1137,0.019,0,-1
0x8c3e2696c07b93d79c434579b148b49867423412,usdc,251,0.0,0.0,0.02390438247011952,1.655622743179248e-05,0.0009933736459075489,0.023840967501781173,3624014.0,0.03409090909090909,0,0.017045454545454544,0,-1
0xd2760a2be81d75764f64eddee3d121dfa821d868,usdc,9,24799.24004632,10.0,2.7777777777777777,0.0019081056327278278,0.11448633796366967,2.7476721111280717,31444.8,0.41935483870967744,9,0.3225806451612903,0,-1
0x86f9d049311cb799e3c15b94efa6ca0af240ead5,usdc,1,0.00038518186889818686,0.000242,3585.0,1.492133522017814,89.52801132106883,2148.6722717056523,40.21087866108787,0.3585,3585,0.0001,0,-1
0x1151c997acb214b31a148b24a0b10fb80da9f7a8,usdc,486,147.8879486666667,1.317073,0.08024691358024691,5.562896677324606e-05,0.003337738006394764,0.08010571215347433,1078574.7692307692,0.013333333333333334,24,0.04888888888888889,0,-1
0x4b1b68136e0fc09da61f03ab86d965a948066e96,usdc,359,13207.186783102565,0.009,1.3036211699164346,0.0009037393955451054,0.054224363732706324,1.3013847295849519,66390.82051282052,0.0421377183967112,263,0.050359712230215826,0,-1
0x7fe7b566fc7416b0c8529800079605cec5a5a95d,usdc,132,208751.859291791,500000.0,0.5075757575757576,0.0003503458488723047,0.02102075093233828,0.5044980223761187,171259.3432835821,0.10569105691056911,27,0.08130081300813008,0,-1
0x16be6ba639bd784c19a315be557089ec78ffb34a,usdc,1,0.00035194266708900854,0.000101,3157.0,6.6547217537942664,399.283305227656,9582.799325463744,9.016154577130187,0.3157,3157,0.0001,0,-1
0x50705f22631b4e644e01d58c1f0df40ccae1ef8a,usdc,223,307.4861352631579,74.3566,0.7668161434977578,0.0005304243332628168,0.031825459995769016,0.7638110398984563,113116.98245614035,0.014285714285714285,68,0.023809523809523808,0,-1
0xe3fe6d5002f37ff115d898b2bc4efb24e5eb9deb,usdc,6,0.08451353511132859,40.917033,681.1666666666666,0.41215384925677173,24.729230955406305,593.5015429297513,145.57670663078054,0.0044,4041,0.0044,0,-1
0xf4ebb15742cc72bf0b1b105bd1adde780e990be7,usdc,141,7859.298369434781,15000.015526,0.3262411347517731,0.0002262129686911416,0.013572778121468496,0.3257466749152439,265236.7826086957,0.0022727272727272726,27,0.0024242424242424242,0,-1
0x3cc3fcba89ffe2be3175cb8a8b8327c367d98d7e,usdc,1,0.02100716666666667,0.012,6.0,0.0026362038664323375,0.15817223198594027,3.796133567662566,22760.0,0.0,4,0.42857142857142855,0,-1
0x3350b55fa68c09135457b1b72c03f8a6b595ca84,usdc,7,0.0005233333333333332,0.00041,0.8571428571428571,0.0005251825009190694,0.03151095005514416,0.7562628013234599,114246.0,1.0,3,0.3333333333333333,0,-1
0xfd2ef01a7cf31c7a1c025462e8aad7c6399f66be,usdc,538,415.2364393703704,50.0,0.10037174721189591,6.958466972409678e-05,0.0041750801834458074,0.10020192440269936,862258.8888888889,0.0,25,0.018656716417910446,0,-1
0x262e2b0812e857d73e29e687f82b0b39700d8841,usdc,131,107.90034863157895,75.0,0.1450381679389313,0.0001001034753819211,0.006006208522915266,0.14414900454996638,599379.7894736842,0.1,6,0.45,0,-1
0xd0bd2b84e523043b5f8eab39526609417337d083,usdc,1,387.47036499999996,387.470365,3.0,0.23076923076923078,13.846153846153845,332.3076923076923,260.0,0.0,2,0.15384615384615385,0,-1
0xac888d0e450ab7932def2bddbdc3b96b3be3b90e,usdc,12,0.04,0.068884,0.3333333333333333,0.00021712461867488846,0.013027477120493307,0.3126594508918394,276339.0,0.0,2,0.75,0,-1
0x38b8ac926719d4eb94de36c630ef6407a2bcc1e2,usdc,1,0.1638635187265918,67.673525,1068.0,2.8283898305084745,169.70338983050848,4072.881355932203,21.213483146067414,0.00032797638570022957,1067,0.0006559527714004591,0,-1
0x063adacc01db782093d0310bf3d5755d2adec424,usdc,743,223935.31932775752,800344.140926,0.6716016150740243,0.00046595424534741413,0.02795725472084485,0.6709741133002765,128768.00801603206,0.020808561236623068,293,0.01605231866825208,0,-1
0x1922d09bcafd6590c6f5ffe176ab869987de7996,usdc,1,0.0003333333333333333,0.0005,3.0,2.5,150.0,3599.9999999999995,24.0,1.0,1,1.0,1,2
0x6a1a2c20f264df1a3a937d13b00e7fc3468dcbba,usdc,146,11346.168537169857,12610.582166,2.863013698630137,0.001986450317832051,0.11918701906992306,2.8604884576781533,30204.63157894737,0.12215568862275449,270,0.09700598802395209,0,-1
0x7def42c68eed6b51b5b504c78a24aade5fd12fa5,usdc,46,0.0,0.0,0.3695652173913043,0.0002534559463746854,0.015207356782481123,0.364976562779547,236727.5294117647,0.6296296296296297,0,0.4444444444444444,0,-1
0xdd00270d347ea0fc0fdd82e9385fbef0682c24f8,usdc,1964,38818.628321019416,0.0,0.05244399185336049,3.6415276203653485e-05,0.0021849165722192085,0.052437997733261014,1647660.1650485436,0.025551684088269456,57,0.03368176538908246,0,-1
0x97454bd3c8aa49dc08d230fbc5d1ea14ba28030d,usdc,1003,13160.2598817603,64364.075242,0.2662013958125623,0.00018476559888758653,0.011085935933255192,0.26606246239812464,324735.7752808989,0.002136752136752137,150,0.019230769230769232,0,-1
0xe4c55fdc2a2739f7237706f7957a9b276fc82b1f,usdc,273,119117.09637391345,10.001522,5.205128205128205,0.0036084948183436475,0.21650968910061888,5.196232538414852,16627.431386347642,0.027929493545183714,1059,0.017005958291956304,0,-1
0x30a51685ca6e7874edd07b0ce950ff4cccff1d2b,usdc,29,3489.5736183639456,0.001,10.137931034482758,0.006875102308070061,0.41250613848420364,9.900147323620887,8727.142857142857,0.058421379738968306,157,0.06587942821628341,0,-1
0x865a85b0bb8aa9b43ac1d75ac1f79021d97c991c,usdc,1,0.0032500000000000003,0.001,4.0,6.666666666666667,400.0,9600.0,9.0,0.0,3,0.5,0,-1
0x513bf5738c29a5cd32b4cc1b9bfca83b53b04cb6,usdc,497,1805.287956057143,705.081061,0.07042253521126761,4.8854801575525475e-05,0.0029312880945315286,0.07035091426875668,1228129.0285714285,0.0,15,0.25,0,-1
0xec89639d883a9ff2086c6deb0d766064b5bbea03,usdc,2059,44651.81921301276,11638.18,0.3045167557066537,0.0002113786272519058,0.012682717635114348,0.30438522324274436,283850.83572567784,0.013431542461005199,284,0.022530329289428077,0,-1
0x12fb75a81952f3b372f29c368146ced8d069be94,usdc,98,62.37970989711935,20.004761,2.479591836734694,0.0017099887267409866,0.10259932360445921,2.462383766507021,35087.950617283954,0.01818181818181818,97,0.05757575757575758,0,-1
0xe8757541cb061021f91e31dfedd30e4a6f4308ea,usdc,553,145.57446066666668,218.361691,0.0054249547920434,3.7663714752098685e-06,0.0002259822885125921,0.005423574924302211,15930452.0,0.0,1,0.07894736842105263,0,-1
0xff6722fe464fb066c02d6e280794b71702a7fa15,usdc,129,125.98044977419356,6.8,0.24031007751937986,0.00016622500860616576,0.009973500516369947,0.2393640123928787,360956.51612903224,0.005324813631522897,17,0.009584664536741214,0,-1
0x425c35591b4ded9f9a6a8e281c7ae360255bb350,usdc,692,1716.8691853571424,80.0,0.04046242774566474,2.8075134675418354e-05,0.0016845080805251015,0.04042819393260243,2137122.4285714286,0.0,14,0.0205761316872428,0,-1
0xaf9b292107098f1c5d291d4469455b550b08d484,usdc,2,0.08182382835455435,17.047856,2042.0,1.3732347007397445,82.39408204438466,1977.457969065232,43.692458374142994,0.0002,4080,0.0002,0,-1
0xc8d947b3f61fdc8522e9bcbcc1144320911244b2,usdc,268,42378.38214241176,6215.0,0.8880597014925373,0.0006167074868288901,0.037002449209733404,0.8880587810336017,97290.85714285714,0.0,0,0.04173913043478261,0,-1
0x694beb20b7ed1408d24c932a36f30d3b3ede1bb1,usdc,42,0.004643466666666666,0.004434,0.35714285714285715,0.00024654751299305397,0.014792850779583236,0.35502841870999763,243360.8,0.058823529411764705,10,0.17647058823529413,0,-1
0xf8f9aa13f6987dc1180bd328f0b8b7c3610fe717,usdc,1864,3130.6902074799996,5.0,0.013412017167381975,9.310371358934107e-06,0.0005586222815360464,0.013406934756865115,6444426.08,0.014388489208633094,13,0.05755395683453238,0,-1
0xf4fa7182e69faf3e1051662130cc44f211660a09,usdc,99,4667.552847850694,0.000172,5.818181818181818,0.004040007294457615,0.24240043766745692,5.817610504018965,14851.458333333334,0.11752786220871327,405,0.09827760891590678,0,-1
0xa72937d0b7745db4a00670a666e1e4e8b0b62e92,usdc,94,1668.8292982693295,3500.0,99.61702127659575,0.06863683607934429,4.118210164760658,98.83704395425579,874.1661683041435,0.3828,6178,0.1878,0,-1
0xcaa2c48617c2a4507911e85d07ff88cba7a869b9,usdc,231,1256.5844317329843,1084.192986,0.8268398268398268,0.000573991052952027,0.03443946317712162,0.8265471162509188,104531.24607329843,0.015501205649328281,161,0.008956252152945229,0,-1
0x7cbb2df3ef0946bc806975a4d7ae4b3dd6dd01d2,usdc,337,42833.77028163265,52373.041499,0.8724035608308606,0.0006057671505248952,0.03634602903149371,0.872304696755849,99047.95918367348,0.015678254942058625,142,0.07021131561008861,0,-1
0x9663cdbb1d7faea48cdee07fd63f059753e651ed,usdc,306,5759.751436517629,0.0,4.356209150326797,0.0030233599349694103,0.1814015960981646,4.3536383063559505,19845.470367591897,0.1623958011732016,780,0.10774930534115468,0,-1
0xe118f13e95d4684d42af83ccc867f6868401a367,usdc,78,56612.54154870834,63564.734608,0.3076923076923077,0.000211455980151332,0.012687358809079919,0.30449661141791806,283747.0,0.006024096385542169,10,0.010843373493975903,0,-1
0x2c39f8b158a232749cffea52d55ab895cfffce7c,usdc,3,0.09023237230165404,42.845597,1189.0,0.7515802781289507,45.094816687737044,1082.275600505689,79.8317914213625,0.0003,3564,0.0002,0,-1
0x02b190a9df406021a41a9ec23332ce7df1300a5d,usdc,968,263772.15159006976,0.0001,0.17768595041322313,0.0001232994178690391,0.007397965072142346,0.1775511617314163,486620.3023255814,0.32038834951456313,86,0.13592233009708737,0,-1
0x74c58d78f633eed63fc93dc7c8b735e896c28e83,usdc,21,308.57013128125,0.000546,1.5238095238095237,0.0010358132428723102,0.06214879457233861,1.4915710697361264,57925.5,0.047058823529411764,14,0.01411764705882353,0,-1
0x52aa899454998be5b000ad077a46bbe360f4e497,usdc,1,65902.68282261856,90061.10638,4171.0,1.8287443002455277,109.72465801473167,2633.39179235356,32.80939822584512,0.0,2130,0.0103,0,-1
0x67fc37029532b80ad4a486fa6735a8ed84abca98,usdc,86,652.2507976363636,3000.0,0.2558139534883721,0.0001760045057153463,0.010560270342920777,0.2534464882300987,340900.36363636365,0.0,11,0.07272727272727272,0,-1
0xc8b5f9c044c67a66344c43bb64d4f3f0d1068d72,usdc,34,56575.0,37700.0,0.11764705882352941,8.1373917218314e-05,0.004882435033098841,0.11717844079437219,737337.0,0.0,2,0.037037037037037035,0,-1
0x61aa68aeccf4162aebf220b380ceb7f14935b7f8,usdc,99,7269.385870275,6730.0,0.40404040404040403,0.00027821674197066483,0.01669300451823989,0.4006321084377574,215659.2,0.0025252525252525255,31,0.007575757575757576,0,-1
0xc85f5d432b7fa25287c7e0cb88139a1a4c37f565,usdc,369,612.695267542081,33.347239,11.173441734417343,0.007750396260861457,0.46502377565168745,11.160570615640498,7741.539655590589,0.0001,39,0.004,0,-1
0xd7b51d25f7d9a7da6335e6226588faa281b402dd,usdc,96,24361.859875622642,0.000113,3.3125,0.0022986245840067774,0.13791747504040666,3.3100194009697597,26102.56603773585,0.05966162065894924,86,0.1549421193232413,0,-1
0x29719c1f780d1978714fa2d22e1e6f4a1d777317,usdc,1,0.008535250000000001,0.000141,4.0,0.0031446540880503146,0.18867924528301888,4.528301886792453,19080.0,0.25,2,0.75,0,-1
0x04501b9452d13df0353a3a38968da7e755a388f9,usdc,28,0.004131142857142857,0.006618,0.25,0.00016923419110891912,0.010154051466535148,0.24369723519684355,354538.28571428574,0.05555555555555555,5,0.16666666666666666,0,-1
0x017bac94eda69db9e0bdfdaf609a0e99dc7536f6,usdc,16,0.2087929902534113,22.745402,32.0625,0.021843358001141133,1.310601480068468,31.45443552164323,2746.8304093567253,0.000501002004008016,510,0.002004008016032064,0,-1
0xbef1dfe2edc82d753270fc5b473aa453cb94c4c0,usdc,194,40442.30093138889,0.000145,0.09278350515463918,6.437238710692612e-05,0.0038623432264155667,0.0926962374339736,932076.6666666666,0.03870967741935484,10,0.03870967741935484,0,-1
0xca009b1f98963fb85361f64c01d5af554346607b,usdc,1110,32955.27296915789,100.0,0.10270270270270271,7.127137250282928e-05,0.004276282350169757,0.10263077640407417,841852.7368421053,0.044715447154471545,82,0.06097560975609756,0,-1
0x0dffa0d8f5e3b7ed53b9d11c3789da2be46758ea,usdc,642,1102.2008540000002,313.578831,0.024922118380062305,1.7299118847757592e-05,0.0010379471308654554,0.02491073114077093,3468384.75,0.0,8,0.11764705882352941,0,-1
0x53726cb1d361df784ef5470703a9450f7c20a39c,usdc,1,0.061035721174923285,38.260435,2281.0,1.4506486899007884,87.03892139404732,2088.9341134571355,41.36080666374397,0.0,2280,0.00026497085320614734,0,-1
0xe0375d29273da7ffa8869529cacec3384de8c34c,usdc,562,14427.941879142858,25.0,0.012455516014234875,8.636211437156881e-06,0.0005181726862294128,0.012436144469505908,6947490.857142857,0.008264462809917356,3,0.03305785123966942,0,-1
0xc4b804059dc2d079405a174c34e3d640ee7a873e,usdc,659,305.4460108,400.0,0.015174506828528073,1.0537487744901753e-05,0.0006322492646941052,0.015173982352658523,5693956.8,0.0,5,0.5,0,-1
0xa834d2e738477a5bd2e4d8042845c294cb055bad,usdc,16,0.000115,0.00013,0.25,0.00017325017325017325,0.010395010395010394,0.24948024948024947,346320.0,0.8,2,0.4,0,-1
0x69cb43659c841e1ef30e8f96aa230765b6605af5,usdc,1,484.473312,0.0,3.0,0.2631578947368421,15.789473684210526,378.9473684210526,228.0,0.25,2,0.5,0,-1
0xc543414c3d23a808922b834d10626e3018fd8c1e,usdc,1351,12224.855970210527,0.0001,0.014063656550703183,9.764928700088237e-06,0.0005858957220052942,0.014061497328127061,6144438.105263158,0.10810810810810811,14,0.16216216216216217,0,-1
0xd8a00434dadb1fb8998aad9667402786eef7e4f1,usdc,8,0.003774,0.001142,0.375,0.00025277632665442104,0.015166579599265264,0.36399791038236634,237364.0,0.3333333333333333,2,0.6666666666666666,1,2
0x35a1a591a9c35dad5f320058be9bef89f19a9eb8,usdc,216,7393.768718545456,51.72009,0.2037037037037037,0.00014088132797301228,0.008452879678380735,0.20286911228113766,425890.36363636365,0.007079646017699115,30,0.021238938053097345,0,-1
0xf626b09f0f7066a003596a058a4080e8ba5d3c4d,usdc,82,0.0021489473684210524,0.0005,0.4634146341463415,0.00031895624088246796,0.019137374452948077,0.45929698687075393,188113.57894736843,0.336734693877551,18,0.04081632653061224,0,-1
0x3bcb7368b6c35debd6c17d981709c9fe72792bbf,usdc,1692,12184.911253266666,0.0001,0.008865248226950355,6.155941194263672e-06,0.00036935647165582035,0.00886455531973969,9746681.8,0.11290322580645161,9,0.0967741935483871,0,-1
0x82e1ff7e9abffe3a4b4b690a20ab70752ef3f751,usdc,2039,527148128655329.8,201332.327021,0.9303580186365865,0.0006460528616548804,0.03876317169929283,0.9303161207830279,92871.6573537164,0.06214589235127479,1041,0.044971671388101986,0,-1
0xe2fd96aad673c0e5e801b59ccfb95750e22c4696,usdc,35,8432.028080766233,2843.49,4.4,0.002989258081672742,0.17935548490036454,4.304531637608749,20071.87012987013,0.13636363636363635,72,0.16161616161616163,0,-1
0x96639f191df6c1be60fc35fc32fb769186e651ed,usdc,182,11457.647324723492,14000.0,2.642857142857143,0.0018351998193034025,0.11011198915820415,2.6426877397968997,32693.987525987526,0.0,71,0.03547459252157239,0,-1
0xd801d7132b1db43f42a32db0db9ef49bf426b572,usdc,216,0.0003792779922779922,0.0,1.1990740740740742,0.0008314366519105387,0.049886199114632324,1.1972687787511758,72164.2471042471,0.2215302491103203,91,0.042704626334519574,0,-1
0xa840a65c2fbe6d36cb4d17fb880d1ebf5e126acd,usdc,438,99.40802599999999,151.092912,0.02054794520547945,1.426766003400142e-05,0.0008560596020400852,0.02054543044896204,4205314.666666667,0.0,4,0.09090909090909091,0,-1
0x9a5d0f82ec91becc5086c2d13f77c38522407edc,usdc,291,12844.39999334161,0.0005,2.9072164948453607,0.002012764639294019,0.12076587835764116,2.8983810805833876,29809.744680851065,0.02555066079295154,641,0.012334801762114538,0,-1
0x96a18a51d8e8320cba1e4ae45c69fbec0146a14f,usdc,705,3.9163320909090906,15.630523,0.04680851063829787,3.246626754801761e-05,0.0019479760528810567,0.04675142526914536,1848072.0,0.009950248756218905,29,0.024875621890547265,0,-1
0x9b114fb8ad8e643ca3c859d57fe7b7fee8166180,usdc,12,0.0255630582010582,0.00011,47.25,0.031778592326058445,1.9067155395635067,45.76117294952416,1888.063492063492,0.31227217496962334,566,0.001215066828675577,0,-1
0x4278c19ee5c43047a6e6c745103fb6f876ba47c3,usdc,43,21620.2805854375,3000.0,0.37209302325581395,0.0002582419533421351,0.015494517200528107,0.3718684128126745,232340.25,0.0,0,0.017094017094017096,0,-1
0x5ff01715d1719b08d7a7e9cbf3bb15453629a8a8,usdc,172,272.8404285479452,21.2,1.2732558139534884,0.0008797463116937166,0.05278477870162299,1.2668346888389517,68201.47945205479,0.0023094688221709007,114,0.046189376443418015,0,-1
0xd5f52b25e428985d0b0f336388538747dbb2bda3,usdc,244,14679.190697752834,0.0,3.6147540983606556,0.0025014875626151833,0.150089253756911,3.602142090165864,23985.72789115646,0.10270270270270271,633,0.17683397683397684,0,-1
0x4b68378bf2cc5549b6ec79fb3fa31fb4eac2326c,usdc,369,2855.216153989189,2460.0,0.5013550135501355,0.0003475260466075635,0.02085156279645381,0.5004375071148913,172648.92972972972,0.01664145234493192,112,0.01664145234493192,0,-1
0x9d4fd34e58fb6169b8aa5d71d30b9927b1efcd9a,usdc,104,28142.864285714284,50000.0,0.0673076923076923,4.6358045703735e-05,0.0027814827422241,0.06675558581337841,1294273.7142857143,0.0,3,0.04,0,-1
0x9559d08a64dd68ced94fc5a3802fc33e0a5eb559,usdc,554,1215.8074462242992,999.244028,0.3862815884476534,0.0002681695075229901,0.016090170451379407,0.38616409083310577,223739.08411214955,0.0,107,0.04116222760290557,0,-1
0x8e187f0d803e87d9ad4b590c86da97b885c6dad3,usdc,1127,48611.11058360869,26036.728271,0.02040816326530612,1.4169082495232102e-05,0.0008501449497139263,0.02040347879313423,4234572.0,0.010752688172043012,13,0.053763440860215055,0,-1
0xec000790057401d97285f569e1d8680b04fce278,usdc,1,0.00010966666666666667,9.4e-05,6.0,0.1195219123505976,7.171314741035856,172.11155378486055,502.0,0.8571428571428571,3,0.42857142857142855,0,-1
0xd533764a6347955bf7225eae2f4d79e780ec9a2a,usdc,681,344837.8469764223,0.001,0.19823788546255505,0.00013759122808018858,0.008255473684811315,0.19813136843547155,436074.31111111114,0.045816733067729085,92,0.07171314741035857,0,-1
0xe85eda3e5726dbbd2fb83c452d35a5c9cbc8ba01,usdc,254,38.265067996415766,39.384548,2.1968503937007875,0.0015202155981748693,0.09121293589049217,2.189110461371812,39468.086021505376,0.03908794788273615,274,0.009771986970684038,0,-1
0x0d9a1a773be5a83eebda23bf98efb8585c3ae4f4,usdc,1594,6897.667209004055,66.434596,2.1662484316185697,0.0015037926670139659,0.09022756002083795,2.165461440500111,39899.11728931364,0.010077742585660812,2305,0.2726749208177368,0,-1
0xd6f8f4887509de5aefd0d718c130187f07d79782,usdc,17,5359.49764975,4282.494881,0.47058823529411764,0.0003091859134897814,0.018551154809386884,0.4452277154252852,194058.0,0.0,4,0.07142857142857142,0,-1
0x7ab56245ca9841e126aa9253a01e4f610aadae26,usdc,8,0.03472466666666667,0.000348,0.75,0.0004767807761991037,0.028606846571946218,0.6865643177267093,125844.0,0.09090909090909091,3,0.36363636363636365,0,-1
0x98fc706bbc09cec421a6216eb8c8a2fb23f81ea0,usdc,3,93197.6530995,166395.306199,1.3333333333333333,0.0009015506671474937,0.05409304002884962,1.298232960692391,66552.0,0.0,2,0.006864988558352402,0,-1
0x0b65d17f5154ede317d9622bf8ad56a366ac7311,usdc,303,6525.372214043478,9047.0,0.07590759075907591,5.262482924100925e-05,0.003157489754460555,0.07577975410705332,1140146.2173913044,0.0,13,0.0759493670886076,0,-1
0x20ae7e50596a8bb45f8ee663b426c4edabf0a3c8,usdc,167,23499.745864406777,10000.0,0.3532934131736527,0.0002453197972244768,0.014719187833468605,0.35326050800324654,244578.71186440677,0.0,3,0.023529411764705882,0,-1
0x0dc074ce7f7cd0539ba9ec791d28e6be8de169af,usdc,61,1758.255280195623,43.66848,36.704918032786885,0.02530572571712742,1.518343543027645,36.44024503266349,2371.004912907548,0.0549,1363,0.0448,0,-1
0x83ed5c85f64110ebc2e0979fd95f6b1df9bc7ecb,usdc,144,2192.1324824999997,730.0,0.25,0.00017264597216946927,0.010358758330168156,0.24861019992403577,347532.0,0.0,17,0.14634146341463414,0,-1
0x2c45655cbd0c2de9dacd550d76401159eb32d18e,usdc,1,6666.666666666667,10000.0,6.0,0.0035642152786028274,0.21385291671616966,5.1324700011880715,16834.0,0.011494252873563218,5,0.011494252873563218,0,-1
0x3ec99ae862a11b10dc9b60585b818d98978d57c9,usdc,21,0.017120999999999997,0.013293,0.19047619047619047,0.00013045293258192445,0.007827175954915467,0.1878522229179712,459936.0,0.0,2,0.5,0,-1
0xb6af7c04f67b5eb61f0dc7ac4a760888ec3e3887,usdc,1225,4227.720575006211,42.20896,0.13142857142857142,9.120007631350485e-05,0.00547200457881029,0.131328109891447,657894.1863354037,0.0012,67,0.0024,0,-1
0x24e3f894c148113468a1498083fd4760b8e910f9,usdc,51,2607.78994973845,463900.0,51.35294117647059,0.03539916307133357,2.1239497842800144,50.97479482272035,1694.955326460481,0.0508,996,0.1528,0,-1
0x002aea16059a7d4bef638a03b61a9e80ef07e745,usdc,1161,3875.3489373508773,8995.0,0.04909560723514212,3.409218143069454e-05,0.0020455308858416724,0.04909274126020014,1759934.3157894737,0.004830917874396135,24,0.036231884057971016,0,-1
0xb024f49c5e6e4d904d7ec53cd97567dcc068d450,usdc,59,63.7710085,75.046528,0.13559322033898305,9.299038479421228e-05,0.005579423087652737,0.1339061541036657,645228.0,0.0,4,0.2857142857142857,0,-1
0x3a00edb5592cd978a68e32f2b02ad99b6f59bb7a,usdc,192,42.809436,90.0,0.057291666666666664,3.9742526237293236e-05,0.002384551574237594,0.057229237781702254,1509717.8181818181,0.043478260869565216,5,0.30434782608695654,0,-1
0x7882570840a97a490a37bd8db9e1ae39165bfbd6,usdc,176,63100.50364062777,624.097284,11.829545454545455,0.008186922943831889,0.4912153766299134,11.789169039117919,7328.760806916426,0.0002,1108,0.0205,0,-1
0xfca63f50733006d8a62d5d8d74ed0d2920008013,usdc,714,2346.2668306261685,1000.240193,0.29971988795518206,0.00020800536848248225,0.012480322108948937,0.29952773061477445,288454.09345794393,0.004608294930875576,106,0.09216589861751152,0,-1
0x6a652e8e929fe9ba26f6393f5b6b75123fdb2cb8,usdc,475,12535.853693957983,18.69,0.2505263157894737,0.00017370457260500806,0.010422274356300484,0.2501345845512116,345414.0504201681,0.010395010395010396,104,0.02494802494802495,0,-1
0xdecee1439daf5860ecc36d67e7ffa190e0bcefae,usdc,135,598.8048986783217,2654.0,3.1777777777777776,0.0022039897866394037,0.1322393871983642,3.1737452927607412,27223.356643356645,0.28820960698689957,300,0.18340611353711792,0,-1
0xd8a596ec045bb7412b7cf3477ea407d0da9fe985,usdc,21,0.0006749999999999999,0.0001,0.5714285714285714,0.0003951059542467305,0.02370635725480383,0.5689525741152919,151858.0,0.6666666666666666,10,0.16666666666666666,0,-1
0xd69345dcc7368666d19bb55f742d49f43c538b9b,usdc,1,4.833627818181818,26.545323,11.0,0.25943396226415094,15.566037735849056,373.5849056603774,231.27272727272728,0.0,10,0.046511627906976744,0,-1
0xa94c69741a986ac012bab26f66a389501a31338c,usdc,26,988.0546814285714,885.956869,0.2692307692307692,0.00018371063999538098,0.01102263839972286,0.2645433215933486,326600.5714285714,0.0,5,0.07142857142857142,0,-1
0xebb870a0aaaa7bc55ead925d03a4af4a8db79a03,usdc,683,255566.67022608253,198177.094907,0.14202049780380674,9.858627284736873e-05,0.005915176370842124,0.14196423290021098,608604.0,0.017152658662092625,55,0.013150371640937679,0,-1
0x92f3acc784ec3159470fc3f8fb487893f15334e1,usdc,5,0.0006659615384615384,0.000105,5.2,0.003316072749534474,0.19896436497206846,4.775144759329644,18093.69230769231,0.8461538461538461,20,0.07692307692307693,0,-1
0xc9db418a0bb4cf9a6b69a60a59f570ecd3dadb86,usdc,140,261.54735522727276,0.007332,0.4714285714285714,0.000326852735014545,0.0196111641008727,0.47066793842094473,183568.9090909091,0.23333333333333334,38,0.26666666666666666,0,-1
0x492fffd4efc4ad8d7b82d0b4a85c9e7dec54da35,usdc,321,5446078438816.359,0.000473,2.542056074766355,0.0017652770013828003,0.10591662008296802,2.5419988819912325,33989.0,0.18048268625393493,594,0.05876180482686254,0,-1
0x15bcc93338ed1da5033bfb88842a327e081f8d1a,usdc,53,187499.3817185,0.0005,0.3018867924528302,0.00020956726978380515,0.01257403618702831,0.30177686848867946,286304.25,0.16666666666666666,5,0.3055555555555556,0,-1
0xcd77a7f1563d09dfb9e13c10b38ca714956d5a8a,usdc,1942,5268.821135957641,0.0,0.3403707518022657,0.0002362716913318982,0.01417630147991389,0.34023123551793344,253944.93797276853,0.1185044359949303,494,0.07731305449936629,0,-1
0xbc3517d371ff37d184dd1fb507251f8819711766,usdc,74,8861.67605538095,0.0,3.689189189189189,0.0025406551353806235,0.1524393081228374,3.658543394948098,23615.956043956045,0.25121951219512195,175,0.12439024390243902,0,-1
0x5a4fa169fda33aacbf78a69da2a7cf5f2962d889,usdc,310,1710.4091676666667,0.0,0.03870967741935484,2.6810010858054397e-05,0.001608600651483264,0.038606415635598336,2237970.0,0.002477291494632535,8,0.004128819157720892,0,-1
0x77530de7b1d2f26ec07a09568caa07cd2da406f7,usdc,74,16718.754469580646,0.0,0.8378378378378378,0.0005741878483329104,0.03445127089997462,0.8268305015993911,104495.41935483871,0.03663003663003663,50,0.018315018315018316,0,-1
0xf2a4945eefd4570120a11436736446da55c4511f,usdc,177,12049.785905157894,11.288132,0.21468926553672316,0.00014884776164302861,0.008930865698581716,0.21434077676596117,403096.4210526316,0.09523809523809523,18,0.1746031746031746,0,-1
0xbb193873cc0fc0bbc4b037a3efe0029628d4634a,usdc,136,4390.419298587392,1955.0,5.132352941176471,0.003538634999432196,0.21231809996593176,5.095634399182363,16955.690544412606,0.13420724094881398,427,0.09800249687890138,0,-1
0x92f3f90716081818922aded663cc2a64223834e1,usdc,5,12883.77803874092,105000.0,82.6,0.05080700718433225,3.0484204310599354,73.16209034543844,1180.9394673123486,0.0,165,0.0071090047393364926,0,-1
0x7a8a0dfe9181a044094558cd0d78e2063bc73b81,usdc,13,0.03162235443959244,42.578595,211.3846153846154,0.14571755822339116,8.74305349340347,209.83328384168328,411.75545851528386,0.2865490973599082,2747,0.0002087029114056141,0,-1
0x9302498fbc3972783ea06dd9e8126b82b7e13610,usdc,798,1054.4662974545456,34.881742,0.013784461152882205,9.561010546663815e-06,0.000573660632799829,0.013767855187195895,6275487.2727272725,0.0,6,0.07692307692307693,0,-1
0x0062a25713be2a90d24b43898bde33db89c57025,usdc,513,36239.43046980822,32575.46372,0.5692007797270955,0.00039479081630031793,0.023687448978019075,0.5684987754724579,151979.2191780822,0.16822429906542055,224,0.10981308411214953,0,-1
0x4b913ec6c32d31e79656d8e053767e99832649bc,usdc,821,6120.987623895651,0.0,0.9805115712545676,0.000680507311860862,0.04083043871165172,0.9799305290796414,88169.51552795031,0.04100652376514446,487,0.037977632805219014,0,-1
0x50e6b5d10493bed3aedfe2c52fdb1d2867e5d39c,usdc,55,25149.936272941173,0.006358,2.1636363636363636,0.0014815884620364744,0.08889530772218847,2.1334873853325234,40497.075630252104,0.011304347826086957,64,0.01217391304347826,0,-1
0xaca3365e5370bb10595d7fd83d1e7aa057972ba3,usdc,200,88.0639611943128,0.0,1.055,0.0007308695754583002,0.04385217452749802,1.0524521886599525,82093.99052132701,0.3547008547008547,23,0.08547008547008547,0,-1
0xfa855b21f27a1acf01f92352c8d2ebf2d9924a83,usdc,210,5812.5000140625,16500.0,0.1523809523809524,0.00010579722507103291,0.006347833504261975,0.1523480041022874,567122.625,0.0625,13,0.09375,0,-1
0x404ce14333992ba08eab809537ba3f5846d69478,usdc,354,78684.69476098684,0.0003,0.21468926553672316,0.00014868748082714063,0.008921248849628438,0.2141099723910825,403530.94736842107,0.010244735344336939,19,0.01821286283437678,0,-1
0xc1eb3f9ca7424257df82ea935cc1fdd7ea0e7ff7,usdc,196,336.1509974683544,0.005869,0.4030612244897959,0.0002798435426633879,0.016790612559803273,0.4029747014352786,214405.51898734178,0.022222222222222223,40,0.1111111111111111,0,-1
0xd8a5652e31a7cf97eb2adf77cbc7d3df83b1e985,usdc,169,6500.000578571428,10000.0,1.6568047337278107,0.0011439824480407258,0.06863894688244354,1.6473347251786452,52448.357142857145,0.0,81,0.013157894736842105,0,-1
0x66288902b721210de52d61a5b9085b29ec21a85d,usdc,27,0.001460888888888889,0.000819,0.6666666666666666,0.00046277014207043364,0.027766208524226017,0.6663890045814244,129654.0,0.3076923076923077,9,0.07692307692307693,0,-1
0xee0d732ce4ed993d15bd11dfb7bfc9aafcdd45aa,usdc,1,59454.481637499994,71345.377965,6.0,360.0,21600.0,518400.0,0.0,0.0,4,0.375,0,-1
0xcfc0f98f30742b6d880f90155d4ebb885e55ab33,usdc,32,173812.75014403954,2810.816109,187.3125,0.129928121179541,7.795687270772459,187.09649449853902,461.7937937937938,0.0081,2913,0.1287,0,-1
0x315426e0b52306ac51ad73f0da75c3bfca54b27d,usdc,1240,3600.379843789474,0.000927,0.01532258064516129,1.0633614556992984e-05,0.000638016873419579,0.015312404962069898,5642484.0,0.01060070671378092,11,0.028268551236749116,0,-1
0xace05ba627b4ac811e15757230cb48dea5fbcd44,usdc,12,0.04,0.065,0.3333333333333333,0.0002186772214872238,0.013120633289233427,0.3148951989416023,274377.0,0.0,2,0.75,0,-1
0xc72f3759dcbc4cf342a3040456dde92661cc267b,usdc,12,0.04,0.064999,0.3333333333333333,0.00021896451680005255,0.013137871008003154,0.3153089041920757,274017.0,0.0,2,0.75,0,-1
0xf9c4581a49f8cdb61fbafeb2b0f4c93b9cc92cd3,usdc,1667,449166.2219472697,0.0,0.05338932213557288,3.7071164466158674e-05,0.0022242698679695205,0.05338247683126849,1618508.6404494382,0.1926605504587156,56,0.10091743119266056,0,-1
0x5f28761517f3943094beea3b405e24cb236f3a24,usdc,569,470.0758538214285,0.0,0.0492091388400703,3.414509225272246e-05,0.0020487055351633477,0.04916893284392034,1757207.142857143,0.004424778761061947,13,0.048672566371681415,0,-1
0x07fab68ae9eb2f866a2cd401b6efe5b72857c2e9,usdc,1609,18601581.768627286,1000.974869,0.0435052827843381,3.0211745926870397e-05,0.0018127047556122239,0.04350491413469337,1985982.5428571429,0.075,56,0.055,0,-1
0x02de0a6808cc62927d14b325ca407b83de9d5ce1,usdc,1155,14152.946926921739,745.0,0.09956709956709957,6.912560121741204e-05,0.0041475360730447225,0.09954086575307335,867985.2173913043,0.0,58,0.04262877442273535,0,-1
0x02f73f558e2f038a98072dc39848f9f693f8664d,usdc,622,556417.8096821599,588234.41,0.12057877813504823,8.362949324541308e-05,0.005017769594724786,0.12042647027339486,717450.24,0.0,39,0.01012292118582791,0,-1
0x0191e427515594a62fd6af4ba4c02dc27d32f452,usdc,107,45188.37638114617,0.000193,10.869158878504672,0.007512949016598255,0.4507769409958954,10.818646583901488,7986.211521926053,0.35543130990415334,737,0.07747603833865814,0,-1
0x2bc07383cfe081257b61a8e145429140e9ddd8ba,usdc,15,0.0003857142857142857,0.000151,0.9333333333333333,0.0006415779150550841,0.03849467490330504,0.923872197679321,93519.42857142857,0.7,7,0.4,0,-1
0xcb769355036aade53bfda0dd8c4d64a09796ceb3,usdc,173,0.0,0.0,0.057803468208092484,3.9912416193904095e-05,0.0023947449716342456,0.0574738793192219,1503291.6,0.05813953488372093,0,0.05232558139534884,0,-1
0xa0314ebda3bdf504067e0376d1419e73dc8aca68,usdc,655,14.56010953030303,11.87122,0.10076335877862595,6.986801931152054e-05,0.004192081158691232,0.10060994780858958,858762.0,0.00558659217877095,14,0.17318435754189945,0,-1
0x4b4c6794e630e269655a547091a865556fbdcb62,usdc,129,2546.8226973187498,11704.4,1.2403100775193798,0.0008547017678437691,0.051282106070626145,1.2307705456950275,70199.925,0.017857142857142856,69,0.05952380952380952,0,-1
0xe5bec8fc570d864a928c7aa2552c28403053953d,usdc,1570,88.9013884,17.200556,0.06369426751592357,4.420955449670889e-05,0.0026525732698025333,0.0636617584752608,1357172.69,0.0,62,0.004228329809725159,0,-1
0x990636ecb3ff04d33d92e970d3d588bf5cd8d086,usdc,1,11622.083370108954,279.0,2111.0,2.689857288481142,161.3914373088685,3873.3944954128438,22.30601610611085,0.001,1197,0.0201,0,-1
0x8f4ea9ad88db773e4a086884ebbf0cf813915d38,usdc,830,22375.095132283583,1917.33977,0.1614457831325301,0.00011199870549555918,0.006719922329733551,0.1612781359136052,535720.4776119404,0.012035010940919038,68,0.024070021881838075,0,-1
0x3d2ae9729529f8e4027d19f3301186e8cc0cfaff,usdc,243,3595.8522139230777,2172.0,0.48148148148148145,0.00033427501748515474,0.020056501049109283,0.48135602517862286,179492.92307692306,0.15384615384615385,70,0.05555555555555555,0,-1
0x666adb2883f226df1080a8bba6797e6b20181908,usdc,1,7823.625051999999,10431.500104,4.0,0.11904761904761904,7.142857142857142,171.42857142857142,504.0,0.022222222222222223,1,0.08888888888888889,0,-1
0x2ee019310a2961b4c9752541b1ace19e9e08a601,usdc,12,0.04,0.068802,0.3333333333333333,0.00022997757718622435,0.013798654631173461,0.33116771114816307,260895.0,0.0,2,0.375,0,-1
0xa4b6f26221f31a63ecb2ece97e8e13aeb65a203a,usdc,1,0.10275040861466823,65.540449,1718.0,1.478994490358127,88.7396694214876,2129.7520661157027,40.56810244470314,0.00018218254691200583,1716,0.0005465476407360175,0,-1
0xaf320e1289a1d706bdcbf355ccfc94af700cdbcf,usdc,470,41927667888089.62,248938.870123,0.6659574468085107,0.0004624219385968671,0.027745316315812025,0.6658875915794885,129751.62939297124,0.0688622754491018,168,0.0658682634730539,0,-1
0xb260942621fea2435d5836774d3ae1e3871f8125,usdc,499,10138.52746437903,13410.006509,0.24849699398797595,0.00017237812866303522,0.010342687719782114,0.24822450527477075,348072.0,0.012077294685990338,114,0.024154589371980676,0,-1
0x8ed0178d78d03d0d7337b582329989b0489d1c21,usdc,239,4205.857115186566,0.0,1.1213389121338913,0.0007764002146109251,0.0465840128766555,1.118016309039732,77279.73134328358,0.16367265469061876,170,0.09580838323353294,0,-1
0xe51df5ebbc02cf32aecad38b88c74f968b56e1be,usdc,616,7466.570686665159,0.0,0.3587662337662338,0.000248954111111036,0.01493724666666216,0.3584939199998919,241008.27149321267,0.02112676056338028,151,0.013343217197924388,0,-1
0xbdbfc7960bf0ff7b317df422f8c419b0f33f31d0,usdc,801,8236.199086088236,3936.0,0.04244694132334582,2.9454443072791458e-05,0.0017672665843674875,0.0424143980248197,2037044.1176470588,0.013215859030837005,24,0.02643171806167401,0,-1
0xd05c6626f2adfa80555c81d0a1e5d8cca48cd012,usdc,154,7.31923076923077e-05,0.0,0.5064935064935064,0.00034982064964385567,0.02098923897863134,0.5037417354871522,171516.46153846153,0.4723926380368098,12,0.1901840490797546,0,-1
0x4c5a5ec995cad48aca730a3e6f1834ccdf1f5293,usdc,134,639.5435957826087,1000.0,0.6865671641791045,0.000474109987333018,0.028446599239981076,0.6827183817595459,126552.91304347826,0.03481012658227848,31,0.0379746835443038,0,-1
0x500b6406d18a79f493a003395fb50592527b087f,usdc,253,315566835905997.4,0.0,9.34387351778656,0.00648226398828147,0.38893583929688824,9.334460143125318,9256.02538071066,0.11818181818181818,1615,0.06031468531468531,0,-1
0x2ca81efc4525b1c77b55b5f30fef3c1295c14118,usdc,1,33.49649266666666,0.000502,3.0,7.5,449.99999999999994,10800.0,8.0,0.16666666666666666,1,0.5,0,-1
0x451b5d253df4c5c1eb31d075a74dcd0826a503c7,usdc,213,132320.19925066485,0.0,8.572769953051644,0.005930246530675872,0.35581479184055237,8.539555004173257,10117.62322015334,0.13203258192839554,1063,0.05550293616215192,0,-1
0x2d93167590b6951fd5a1b4aeaf984ff155c8e25d,usdc,135,1499.0840202492943,0.00275,2.6148148148148147,0.0018046149064258605,0.10827689438555163,2.598645465253239,33248.09065155807,0.07287870900572618,217,0.052056220718375845,0,-1
0xf9c4b8195e6423c04df7bf2056ad8f74bf5abb1b,usdc,118,9247.021362599999,4565.358407,0.0847457627118644,5.884145875037217e-05,0.0035304875250223304,0.08473170060053593,1019689.2,0.0,5,0.0851063829787234,0,-1
0xd6443cd1597f2b5dd40e807db73293c935e19d1a,usdc,12,0.000304,0.0005,0.8333333333333334,0.0005646591152920982,0.033879546917525885,0.8131091260206214,106258.8,0.9090909090909091,5,0.18181818181818182,0,-1
0xec6c8947542924a75a6d39e756348e81a93cad4e,usdc,1,500.000025,0.0,4.0,0.008435259384226065,0.5061155630535639,12.146773513285533,7113.0,0.2857142857142857,2,0.42857142857142855,0,-1
0xbdb3ba9ffe392549e1f8658dd2630c141fdf47b6,usdc,1,4239.023534853948,342.99235,1431.0,4.271641791044776,256.2985074626866,6151.164179104478,14.046121593291405,0.0,781,0.0053,0,-1
0x231af95ed0da524f32eefca5c45f2a3ffd099f53,usdc,120,28374.432822571423,50000.0,0.35,0.00024191513847337723,0.014514908308402633,0.3483577994016632,248020.85714285713,0.0,0,0.010650887573964497,0,-1
0x526b4743948b684c2ccff7107b1ce1d7f00153b0,usdc,400,4389.176852682027,930.923373,0.5425,0.0003762642130772101,0.022575852784632606,0.5418204668311826,159462.41474654377,0.042666666666666665,141,0.034666666666666665,0,-1
0x7ac0db5dfa7d1dc7d1901b9ad50e8bb1813b140e,usdc,463,338422.2555859088,82005.67,0.6393088552915767,0.0004431326122248311,0.026587956733489865,0.6381109616037568,135399.64864864864,0.030721966205837174,186,0.01728110599078341,0,-1
0xdc19d1514eabbf4908c136143bb439bc122df876,usdc,12,0.022857142857142857,0.035536,0.5833333333333334,0.000379984583482613,0.022799075008956782,0.5471778002149627,157901.14285714287,0.0,5,0.42857142857142855,0,-1
0x45287d2803b1d9a073bf539f5c0de3af81356404,usdc,35,460.4084975263157,911.830953,2.1714285714285713,0.0014760950294442114,0.08856570176665268,2.1255768423996644,40647.78947368421,0.025,36,0.06,0,-1
0x7f20b188a05b08a9e4fc7360d3d72d110fd6d86d,usdc,5,0.00033791666666666665,0.000584,4.8,0.003002176578019064,0.1801305946811438,4.323134272347453,19985.5,0.8571428571428571,12,0.32142857142857145,0,-1
0xac78466bc0605625c06fec94c0cd1373c5a7b88a,usdc,2,0.0009285714285714289,0.001,7.0,0.004017677782241864,0.24106066693451184,5.7854560064282845,14934.0,0.0001307702366941284,1,0.00039231071008238524,0,-1
0xf6c4a8ca22caa2deb5a7fcf3f3cbfe7def598b4d,usdc,53,134.401679,94.0,0.11320754716981132,7.841948149038838e-05,0.004705168889423303,0.11292405334615926,765116.0,0.0,2,0.6666666666666666,0,-1
0xcdd8b523485512c9bd9da9be2ef2e0a6dcb3c078,usdc,11,0.04,0.069,0.36363636363636365,0.00024953524061435575,0.014972114436861344,0.3593307464846723,240447.0,0.0,2,0.75,0,-1
0x8db98764ada29b55a23f7a8cb07be6f74f0d0e75,usdc,2418,46534.800346824035,0.0,0.09636062861869313,6.689823184958494e-05,0.004013893910975097,0.09633345386340232,896884.6909871245,0.015942028985507246,107,0.029710144927536233,0,-1
0x48d34466739f9e6f48657e94092229ee2d9df8bf,usdc,1,7500.0000495,10000.000099,4.0,0.2040816326530612,12.244897959183673,293.8775510204082,294.0,0.030303030303030304,1,0.12121212121212122,0,-1
0xd34a74b4aa2a3cdd9762d09654f468d858c44918,usdc,6,0.025304054054054056,0.04,49.333333333333336,0.032403555633401936,1.944213338004116,46.661120112098786,1851.6486486486488,0.0,148,0.045829514207149404,0,-1
0xe55b257bced511c2d8c836c10edb0692c37c3476,usdc,30,70.2785277777778,175.0,1.2,0.0008314510206061278,0.049887061236367665,1.197289469672824,72163.0,0.0,13,0.1111111111111111,0,-1
0xc863a62fec96ab6879947b41ca5fff4de1f72228,usdc,1747,150946.49041815064,0.001,1.6491127647395536,0.0011449918341336453,0.0686995100480187,1.6487882411524493,52402.12044429018,0.13860103626943004,2050,0.05715673575129534,0,-1
0x9a97fa54a384fad8e2ac390836f04499c63112f3,usdc,1,0.12284872505091653,65.298469,1473.0,1.880265509318356,112.81593055910135,2707.5823334184324,31.910386965376784,0.0013711151736745886,1471,0.0006855575868372943,0,-1
0x4e70a932271c53cc4386ee01f0ed0f5c08b9267c,usdc,45,704.1666666666666,700.0,0.5333333333333333,0.00037011677184151597,0.02220700631049096,0.532968151451783,162111.0,0.0,0,0.08333333333333333,0,-1
0x9642b23ed1e01df1092b92641051881a322f5d4e,usdc,1,18085.336913196297,14.2,1136.0,0.6403607666290868,38.42164599774521,922.119503945885,93.69718309859155,0.0,645,0.0385,0,-1
0xf968f7d64172d415432c9b775d2691d1cc52f2bf,usdc,1375,13290.60290395283,0.00015,0.07709090909090908,5.3529894657628134e-05,0.0032117936794576886,0.07708304830698452,1120869.0094339622,0.033391915641476276,68,0.04569420035149385,0,-1
0xa7e7454ace8de887fc273349f49d20404389e135,usdc,106,20000.000004,0.0,0.04716981132075472,3.268354096097454e-05,0.0019610124576584726,0.04706429898380334,1835786.4,0.02247191011235955,1,0.028089887640449437,0,-1
0xd47f65ceb162252c780f12950a4da5b3b284808b,usdc,6,6534.666666666667,7540.0,2.5,0.0017265590828518154,0.10359354497110893,2.4862450793066135,34751.2,0.000628140703517588,14,0.000628140703517588,0,-1
0x428316df7427d414a5a182756ecb3b46f5f98681,usdc,1307,2527.4477015454545,0.0,0.1009946442234124,7.009132465957321e-05,0.004205479479574392,0.10093150750978543,856026.053030303,0.2028985507246377,77,0.1497584541062802,0,-1
0x4ab0ab3be5b28500d4fd7b504337ed09a7d6e7b5,usdc,11,0.032,0.049,0.45454545454545453,0.0002901915264074289,0.017411491584445733,0.4178757980266976,206760.0,0.0,3,0.42857142857142855,0,-1
0xffaad10fdcde98a7dca532e376456ad61ca45027,usdc,1,0.08705524783147461,42.130902,1614.0,1.584527783231887,95.07166699391321,2281.720007853917,37.86617100371747,0.0003956478733926805,1613,0.0003956478733926805,0,-1
0xeeb88410bea434fb30655871df71c4443d6c1a83,usdc,972,311849.5250228909,0.000865,0.1697530864197531,0.00011782188045149345,0.007069312827089607,0.16966350785015055,509243.2727272727,0.18220338983050846,95,0.09322033898305085,0,-1
0xb3bcbc00b8a8f4aad40431c220bd96bedb34fc90,usdc,99,477.5857791468591,5000.0,59.494949494949495,0.04130840334955746,2.4785042009734477,59.484100823362745,1452.4889643463498,0.14061696658097686,4316,0.09575835475578406,0,-1
0x9351bde4ba769a4a1104235f47ca36f6ec3ab885,usdc,12,2295.0003213,3060.0,1.6666666666666667,0.0011344942991661467,0.0680696579499688,1.6336717907992513,52887.0,0.03571428571428571,15,0.05952380952380952,0,-1
0x5d84f33b7c9214df23fd86a0861ac923af99954d,usdc,31,2225.5855332385704,99.741135,278.0,0.19159796885699296,11.495878131419577,275.9010751540699,313.15572058482246,0.0,5305,0.0016,0,-1
0xc60a8353795469640420dfa4aadc91a96497aa16,usdc,454,12811.271672388355,14160.0,2.5352422907488985,0.0017568452858849769,0.10541071715309862,2.5298572116743667,34152.12510860122,0.10079109288016408,737,0.04775857017286844,0,-1
0x5112d9ef7746c935f6051c5db8f8fe39f1a75d81,usdc,108,57.35110633333333,110.773268,0.16666666666666666,0.0001147710317915758,0.0068862619074945485,0.16527028577986916,522780.0,0.029197080291970802,13,0.0364963503649635,0,-1
0x5eb069f44633db19ad08095398108074dba51f13,usdc,1,0.09000000000000001,0.09,3.0,3.0,180.0,4320.0,20.0,0.0,1,0.06976744186046512,0,-1
0x0820056c0d16c2beeda546bc245ebc5b1689b426,usdc,459,51362.85208053063,0.000946,0.21350762527233116,0.00014798340894580847,0.00887900453674851,0.2130961088819642,405450.85714285716,0.6716417910447762,9,0.08208955223880597,0,-1
0xc5f6b52bdabce080a68b49e80ea264699c174882,usdc,1903,804.49407655,83.719224,0.021019442984760904,1.4595511666095173e-05,0.0008757306999657102,0.021017536799177047,4110852.8,0.001694915254237288,13,0.0288135593220339,0,-1
0x081073e2a7df8f8a2cc0312ead4dfa842430a306,usdc,255,42062.765553349665,1729.18,12.090196078431372,0.008363730869627259,0.5018238521776356,12.043772452263253,7173.831981835874,0.066,2221,0.0356,0,-1
0x10c7c81901c60bc54d2ff0b694bcbe059b17920c,usdc,252,23056.237383107564,0.0,4.353174603174603,0.0030119621849108657,0.18071773109465195,4.337225546271647,19920.568824065635,0.20693277310924368,640,0.03623949579831933,0,-1
0xf19019526f5134d7ff386dafad6465c832492c5b,usdc,22,1759.4018462465372,0.000499,16.40909090909091,0.011093560817911952,0.6656136490747171,15.97472757779321,5408.542936288089,0.04180559117722493,203,0.02410874583226468,0,-1
0x6a8c2e81bfd126db77f1c700c26d7422d1121cc4,usdc,11,52617.5,32844.0,0.8181818181818182,0.0005448931404007991,0.032693588424047945,0.7846461221771509,110113.33333333333,0.0,3,0.08695652173913043,0,-1
0x67693f7a24971fa9f7c06936a5c1a551bc1c6230,usdc,34,39.33580266666667,29.511112,0.2647058823529412,0.00018360377489361183,0.011016226493616709,0.26438943584680097,326790.6666666667,0.16666666666666666,6,0.3333333333333333,0,-1
0xb1ddb0ba78fd5906c3d403dce06a12961b821914,usdc,6,0.01982359454191033,0.00011,85.5,0.056819440444808716,3.409166426688523,81.81999424052455,1055.9766081871346,0.42244224422442245,512,0.0016501650165016502,0,-1
0xcbd2d0ff2f9493ea8369b7e8d442cf42e04dbae6,usdc,1,0.047122500000000005,0.0025,4.0,0.15267175572519084,9.160305343511451,219.84732824427482,393.0,0.0,2,0.75,0,-1
0x4bf8aac680d03a1d8253bc9be4678718d91bd250,usdc,218,85.49611155555556,1.124305,0.04128440366972477,2.8634916271504823e-05,0.0017180949762902894,0.04123427943096695,2095344.0,0.0,5,0.08163265306122448,0,-1
0x87281d74643f7e8575d521feaa0ccedb333cffcb,usdc,448,7290.605921183333,0.0002,0.4017857142857143,0.0002786801337293068,0.01672080802375841,0.40129939257020186,215300.6,0.023910907304290862,96,0.013756960366852276,0,-1
0x0781ecf9783bfb517dc632e2b23440ddb1106445,usdc,5,1554.1826933333332,0.0,0.6,0.00034882098507046184,0.02092925910422771,0.5023022185014651,172008.0,0.14285714285714285,2,0.2857142857142857,0,-1
0x30835552ae494fdfd84fbc32a4f01043c4afbe15,usdc,457,4619.121340105264,100.0,0.08315098468271334,5.766424598231954e-05,0.003459854758939172,0.08303651421454013,1040506.1052631579,0.037037037037037035,21,0.1037037037037037,0,-1
0x12478d1a60a910c9cbffb90648766a2bdd5918f5,usdc,1718,74439.64078385623,100000.0,0.18218859138533178,0.00012648086071478403,0.007588851642887041,0.182132439429289,474380.0734824281,0.002440214738897023,151,0.012933138116154222,0,-1
0x4d15f7f85a94045cec848d983ddc7f51288a9b1a,usdc,237,83317.96855296679,36.819185,1.1434599156118144,0.0007938809647264919,0.04763285788358951,1.1431885892061484,75578.0811808118,0.0029154518950437317,107,0.027696793002915453,0,-1
0x3e57bcbe9e46bb039c95453adc2209db2360ace2,usdc,1603,1799.6156641509433,50.0,0.0330630068621335,2.2960095347066644e-05,0.0013776057208239984,0.033062537299775964,2613229.566037736,0.04712041884816754,47,0.02617801047120419,0,-1
0x2d2053ddb72f1fb6091fb4749b599b8dba42bcf2,usdc,25,0.00035,0.0003,0.16,0.00010998075336816057,0.006598845202089635,0.15837228485015123,545550.0,0.2,2,0.15,0,-1
0xf4d21260e84dad9267136abe74cbd7a5bccf9001,usdc,59,50785.24213960317,50016.5418,3.2033898305084745,0.002211405705192708,0.13268434231156248,3.1844242154774998,27132.06349206349,0.0,0,0.08836524300441827,0,-1
0x83b85f2b92aae0021a3c54c59eb2cdca5dbdae9b,usdc,212,4037.0,6411.0,0.02830188679245283,1.9631079663575645e-05,0.0011778647798145387,0.028268754715548926,3056378.0,0.0,4,0.10526315789473684,0,-1
0x4d69de8cbce1ab61f6eaeb4154d84024054a3b0f,usdc,2,0.0011625,0.0002,4.0,0.0023569618761416535,0.1414177125684992,3.3940251016439813,25456.5,0.125,6,0.125,0,-1
0x5f49b009109ac1e7aa4f9286f105f48f8227e283,usdc,16,418.7018635499999,0.06498,3.75,0.002453345545542271,0.14720073273253625,3.532817585580871,24456.4,0.0,40,0.06451612903225806,0,-1
0x1f05d6879c2ba4abc2f9a3b42f4ac30dd4f49935,usdc,158,39233.755337552626,83834.359217,0.24050632911392406,0.00016697322364657218,0.01001839341879433,0.24044144205106394,359339.05263157893,0.015748031496062992,18,0.11023622047244094,0,-1
0x15b1ae704925ab0a292c6bb1cb468ee195a47086,usdc,595,31922.13257240756,30000.0,0.8,0.0005546963200793542,0.03328177920476125,0.7987627009142702,108167.29411764706,0.0029498525073746312,443,0.0058997050147492625,0,-1
0x5b8d2b4acbc8021f38f63ae67b6dd24b4dfca066,usdc,27,2115.654510323659,50.932528,100.81481481481481,0.0699724942803527,4.198349656821161,100.76039176370787,857.4797942689199,0.0154,279,0.1577,0,-1
0x8984d04faa8b71b1576378848bfc5e09744ea6ef,usdc,41,10704.249403560438,0.0,2.2195121951219514,0.0015118087213088608,0.09070852327853166,2.1770045586847595,39687.56043956044,0.07272727272727272,40,0.04090909090909091,0,-1
0xcc1f58c35d43cf5f680971c76bbd6e3d231053a0,usdc,7,7908.25007373684,0.000197,5.428571428571429,0.0035777501600572437,0.21466500960343463,5.151960230482431,16770.315789473683,0.14666666666666667,12,0.13333333333333333,0,-1
0xe401a6a38024d8f5ab88f1b08cad476ccaca45e8,usdc,68,713330.3703703703,604479.0,0.39705882352941174,0.00027517437902315134,0.016510462741389082,0.3962511057933379,218043.55555555556,0.0,13,0.0004,0,-1
0x249e1ebcd7a662eb6a288d588b3f150bdd49dcfb,usdc,4,2024.0,3036.0,0.75,0.00047705371624844956,0.028623222974906975,0.6869573513977674,125772.0,0.0,1,0.02040816326530612,0,-1
0xff115024c1bac277e10ff0f4372ad374e9c4129a,usdc,203,19271.864341333334,14700.0,1.3596059113300492,0.0009428290336685614,0.05656974202011369,1.3576738084827285,63638.260869565216,0.0,0,0.056647398843930635,0,-1
0xebbff2ec5042a3728f510fb1be1f5b40496f8752,usdc,308,2866.7681366265824,6001.015259,1.025974025974026,0.0007115194091686932,0.04269116455012159,1.024587949202918,84326.58227848102,0.0575,84,0.0575,0,-1
0xedee6167f7e5672669671a19effece86848e1938,usdc,380,1070.9164447272726,1114.0,0.05789473684210526,4.011553273427471e-05,0.002406931964056483,0.057766367137355584,1495680.0,0.0,7,0.05128205128205128,0,-1
0x7bef16275a88bd9c3004dbd0b85da65b08705c24,usdc,20,546.4338293065289,53.98,261.15,0.1778139405039934,10.668836430239605,256.0520743257505,337.4313612866169,0.1255,3604,0.0151,0,-1
0x20badacbf85b98ef8f265f7fb37ec91c2fd8379f,usdc,715,4596.8423473684215,0.0001,0.026573426573426574,1.844995159315332e-05,0.0011069970955891993,0.02656793029414078,3252041.052631579,0.25,8,0.2857142857142857,0,-1
0x724659b84952b41db34aab7e5c9974013aca3919,usdc,1,26.795927666666667,0.000401,3.0,5.0,300.0,7199.999999999999,12.0,0.16666666666666666,1,0.5,0,-1
0x6837654abe99daca30a5d72552d89c9df0311885,usdc,1614,767.5934645925927,1200.0,0.05018587360594796,3.4833361819999285e-05,0.0020900017091999576,0.050160041020798976,1722486.6296296297,0.008620689655172414,42,0.05603448275862069,0,-1
0x6e169415bfe7e82ddd75b1547f12500fbb307203,usdc,54,1135.9563527692305,0.00036,0.24074074074074073,0.00016580406041389795,0.009948243624833876,0.23875784699601305,361872.92307692306,0.06349206349206349,6,0.06349206349206349,0,-1
0x35ec301f819f5158138ed9c1e1360a8c6d1e2bd3,usdc,424,1481869643147300.0,0.0,14.599056603773585,0.01012944415043419,0.6077666490260515,14.586399576625237,5923.3260096930535,0.225,3794,0.0441,0,-1
0xe4e126648e6303d3bd67a7d30f5e39262a8266ad,usdc,2,28580.156827625,46213.75,4.0,0.0023296447291788003,0.13977868375072802,3.354688410017472,25755.0,0.007246376811594203,4,0.036231884057971016,0,-1
0xc095ce53ce44fea720cbf8d8cccccecbf43556b5,usdc,5,145190.28901537776,0.000348,9.0,0.005770562437485574,0.34623374624913444,8.309609909979226,10397.6,0.03483606557377049,30,0.014344262295081968,0,-1
0xbaf699ffba6879a4e7741bb7bed926b08ef90a93,usdc,2,0.07079183596597813,20.665026,2057.5,1.345298809990846,80.71792859945077,1937.2302863868185,44.59975698663426,0.0004,4112,0.0002,0,-1
0x7c2da6dbac6fb6021ff2e6209721d586f7a7158f,usdc,295,4628.645354107693,0.000131,1.3220338983050848,0.0009157530660117075,0.05494518396070245,1.3186844150568588,65519.846153846156,0.1410090556274256,276,0.10478654592496765,0,-1
0x7ef592198c4a6388578e1426fec24cfe67e001fc,usdc,18,6725.7147047619055,8000.0,1.1666666666666667,0.0007952316396161682,0.04771389837697009,1.1451335610472821,75449.71428571429,0.014925373134328358,16,0.018656716417910446,0,-1
0xf7235d7dc9ee10d03e17745326d55982f80ff9e8,usdc,1,2294.630487,2088.289769,4.0,0.07874015748031496,4.724409448818897,113.38582677165356,762.0,0.0,2,0.012658227848101266,0,-1
0xd8ab2cd11fed2f9b54a3229263279fb6dbfde985,usdc,3,0.00015000000000000001,0.0002,1.3333333333333333,0.0009028122601904933,0.054168735611429604,1.3000496546743106,66459.0,1.0,2,0.5,0,-1
0xcfa58c9361ac140acd64c216dc16943686c7a5f9,usdc,2,0.0006099948381041765,3.1e-05,2131.0,0.9979394961131404,59.876369766788414,1437.032874402922,60.12388549976537,0.4261,4261,0.0002,0,-1
0x852881de744614ad50db87298ff282489cd51198,usdc,1710,327469.6430612473,0.00082,0.054385964912280704,3.774743519876491e-05,0.002264846111925894,0.05435630668622146,1589511.9677419355,0.226890756302521,49,0.12605042016806722,0,-1
0x0000000000000000000000000000000000000000,usdc,1,255877.60877199672,12131.000883,605.0,6.7073170731707314,402.4390243902439,9658.536585365855,8.945454545454545,0.0006,358,0.0005,0,-1
0xac0b58269ce1ee89e2e412af2318f86c77087f26,usdc,406,6690.289248635477,0.0,18.426108374384235,0.012771158793594105,0.7662695276156464,18.390468662775515,4698.08581740409,0.22105370635082705,5512,0.08249948948335716,0,-1
0xbf7178bd7526c25387df412cbe12927b593e31e5,usdc,17,6117.088782142858,4202.050804,9.470588235294118,0.006482159968434699,0.38892959810608196,9.334310354545968,9256.173913043478,0.08716707021791767,107,0.1016949152542373,0,-1
0x8f3b3c53ca4130c2b00a89e9351c7376f951448e,usdc,201,3585.332211867647,0.0,0.3383084577114428,0.0002342441526803387,0.014054649160820321,0.3373115798596878,256143.0,0.05092592592592592,49,0.046296296296296294,0,-1
0x3f55fa511604c73cf4f23ba539d4e2a2db0bdada,usdc,316,667.8159300625,314.150836,0.20253164556962025,0.00014060773298591505,0.008436463979154903,0.20247513549971768,426719.0625,0.004158004158004158,28,0.033264033264033266,0,-1
0x941eb2d52ccda46b0f7b41b5727e92c8461a7907,usdc,165,3822.714115657894,61.737558,0.23030303030303031,0.00015916377030489917,0.009549826218293948,0.22919582923905474,376970.2105263158,0.01680672268907563,20,0.10084033613445378,0,-1
0x1925f9898e657693ffc019cda1f3372da6eca4ed,usdc,440,3116.654167727273,3000.0,0.05,3.469755716580259e-05,0.0020818534299481555,0.04996448231875573,1729228.3636363635,0.0,11,0.08955223880597014,0,-1
0x260767a6770f321a2157325dfb73508db95c192e,usdc,482,32808.78427517143,3000.0005,0.3630705394190871,0.00025165104656637243,0.015099062793982349,0.3623775070555763,238425.39428571428,0.008333333333333333,81,0.016666666666666666,0,-1
0x1f83ad9751399e7f60c5dffed0f2a3c7d1c8d214,usdc,1,0.0002,0.0002,4.0,0.0380952380952381,2.2857142857142856,54.857142857142854,1575.0,0.5714285714285714,2,0.2857142857142857,0,-1
0xdc33a229e648595cfe65cf69faff78feb2062452,usdc,23,6.362295081967212e-05,9.2e-05,2.652173913043478,0.0018257350828464708,0.10954410497078823,2.6290585192989178,32863.475409836065,0.9838709677419355,31,0.04838709677419355,0,-1
0x9e3ee9578e9d2f7cd5eebe44b8a143d7b9cb963b,usdc,1,268.6285862000001,98.14015,10.0,0.00823451910408432,0.4940711462450593,11.857707509881422,7286.4,0.0,5,0.02247191011235955,0,-1
0xae105ac718991967612e235c1834a876f9addc18,usdc,1,0.0042325,0.003908,4.0,0.003902439024390244,0.23414634146341465,5.619512195121951,15375.0,0.0,2,0.5,0,-1
0x48e29cccbb252f39baff16b8004222d138d2c835,usdc,2,0.00010939999999999999,8.5e-05,2.5,0.0014142671267749051,0.08485602760649431,2.0365446625558636,42424.8,1.0,3,0.6,1,2
0x70341b6bfeb170ea9b9f28eadbe29a610a53b011,usdc,768,35198.33270257471,60996.544199,0.11328125,7.857830707643719e-05,0.0047146984245862306,0.11315276219006955,763569.5172413794,0.032552083333333336,58,0.01953125,0,-1
0x6f7c0e65b0544282c6578842da5140d68173ba7f,usdc,85,3718.3270807681156,0.0,0.8117647058823529,0.0005594845606586673,0.033569073639520046,0.8056577673484809,107241.56521739131,0.21311475409836064,40,0.13114754098360656,0,-1
0x7d4c109b104d4472e24f9a1649624d8ce0c94f0e,usdc,3,298.74333333333334,212.41,2.0,0.0012694651320243739,0.07616790792146243,1.8280297901150981,47264.0,0.0,3,0.1111111111111111,0,-1
0xec8fdb09e88033c78d36d99429a121f6d0dde9d6,usdc,25,0.0008374000000000001,0.000125,0.6,0.0004015053774953559,0.024090322649721357,0.5781677435933126,149437.6,0.11538461538461539,11,0.038461538461538464,0,-1
0xa55d71a56130a696afe41230abf6ec8a0b661e41,usdc,1297,22880.493432882235,100.0,0.38627602158828067,0.0002681243210594475,0.01608745926356685,0.3860990223256044,223776.79041916167,0.023827629911280103,357,0.02458808618504436,0,-1
0x370cb40f5e761364277930b4cd58a0e1f5b00641,usdc,11,797.4446411111111,1263.000169,0.8181818181818182,0.0005421556107081757,0.03252933664249054,0.780704079419773,110669.33333333333,0.0032502708559046588,5,0.004333694474539545,0,-1
0x9bc81baef5743eb49ef9ff2d19562080cb519d09,usdc,351,2045602.8477966802,4124321.310771,0.20512820512820512,0.00014240618992238864,0.008544371395343317,0.2050649134882396,421330.0,0.000380517503805175,25,0.004946727549467275,0,-1
0x77189b62e2e985fadd20ae3657925976de30ca62,usdc,1,0.001449,0.003312,4.0,0.03838771593090211,2.3032629558541267,55.27831094049904,1563.0,0.13043478260869565,2,0.08695652173913043,0,-1
0xc9a6a5f3111180e03674c69a9d7670579049e8cc,usdc,34,112193.8947368421,70938.0,0.5588235294117647,0.00038008209773311035,0.022804925863986622,0.5473182207356789,157860.63157894736,0.0,0,0.0625,0,-1
0x6081a54c43c18e54bd80b5e81acd266b76551d68,usdc,49,0.0,0.0,0.32653061224489793,0.000222301262671172,0.013338075760270319,0.32011381824648766,269904.0,0.26229508196721313,0,0.06557377049180328,0,-1
0x11033b55e7d078b5b7e9eb826fbc1f1be231c9ee,usdc,29,2614.326770222222,0.0,0.3103448275862069,0.00021411646032184085,0.01284698761931045,0.3083277028634508,280221.3333333333,0.07142857142857142,6,0.14285714285714285,0,-1
0x11cf3c438a672efa976eb16d362324207ef99f32,usdc,1,0.07854395304639467,39.498509,1789.0,1.756677140612726,105.40062843676355,2529.6150824823253,34.15539407490218,0.00017358097552508245,1788,0.0003471619510501649,0,-1
0x1259d53e741946a988ccbf44b21add935b3d1691,usdc,47,1.8352349524969547,184.312046,17.46808510638298,0.012018773294607802,0.7211263976764681,17.307033544235235,4992.190012180268,0.1789206809127128,817,0.0018109380659181455,0,-1
0xb631e696d86e312d9f422c9e9976d87d3b13f5cf,usdc,114,3013.61031616619,0.00385,3.06140350877193,0.002121580547112462,0.12729483282674772,3.055075987841945,28280.802292263612,0.16929133858267717,231,0.08923884514435695,0,-1
0xd7efb7cfb7906bc13de5ecb46a06e05b547422a9,usdc,1149,10803.57730607177,11735.0,0.18189730200174065,0.0001262377033000831,0.007574262198004985,0.18178229275211966,475293.8181818182,0.050397877984084884,152,0.01237842617152962,0,-1
0x3d4d176ac22e209ae140fef33321fa101c8b5558,usdc,1,0.09000000000000001,0.09,3.0,3.75,224.99999999999997,5400.0,16.0,0.0,1,0.07142857142857142,0,-1
0x6a8c9bc8bacfb7a017fd33d773d8a37cb42f1cc4,usdc,230,0.00018979545454545456,0.0,0.9565217391304348,0.0006635175720565003,0.03981105432339002,0.9554653037613604,90427.14545454546,0.2497055359246172,51,0.01884570082449941,0,-1
0xbcd485e577a139629227f45001d8ed02ce916b62,usdc,79,21632.068915626955,0.0001,46.962025316455694,0.032412333810345036,1.9447400286207022,46.673760686896856,1851.1471698113207,0.22440576455174996,2422,0.1014411379374883,0,-1
0x13c52d83549991d0dba1bc1dccc020f0bb0ed441,usdc,218,6480.444444444444,6662.0,0.04128440366972477,2.865970044881091e-05,0.0017195820269286545,0.04126996864628771,2093532.0,0.0009857072449482504,6,0.0014785608674223755,0,-1
0xca3c7c2f26bdfc8ccdae619132aa59c4d5eaf0ed,usdc,12,31.274599416666664,6.393801,1.0,0.0006938020351526364,0.041628122109158186,0.9990749306197965,86480.0,0.0,6,0.2,0,-1
0x02074984dab902181b4263f52f6b5437f011b606,usdc,580,116817.16312542574,378.593829,2.786206896551724,0.0019344016393575082,0.11606409836145049,2.7855383606748116,31017.34344059406,0.0012239902080783353,1482,0.0036719706242350062,0,-1
0xd672881da61b8bcbc6a44a21ba56c79633cc47b0,usdc,34,680.1940733333333,100.00148,0.2647058823529412,0.00017866501500786127,0.010719900900471676,0.2572776216113202,335824.0,0.0,3,0.01876675603217158,0,-1
0x26bce3829bc038ac7e2afaf93670d444fa2bbd80,usdc,12,0.024440094435075888,0.0003,49.416666666666664,0.03337686021118041,2.002611612670824,48.06267870409978,1797.6526138279933,0.29314922995220394,592,0.0010621348911311736,0,-1
0x4096214a795ea778bc3b08ad45576263b28ce46b,usdc,121,41416.66678666667,0.00062,0.049586776859504134,3.432435370102344e-05,0.0020594612220614064,0.04942706932947375,1748030.0,0.2222222222222222,3,0.4444444444444444,0,-1
0xe5b62e222e38de87b3ddae8dccdb0edfd5e244cb,usdc,477,84764.98111663207,0.0002,0.2222222222222222,0.00015413872659890575,0.009248323595934345,0.22195976630242426,389259.7358490566,0.024925224327018942,76,0.02193419740777667,0,-1
0x748055883fc6d66e04333c0089836584a5eefcf8,usdc,12,0.031999999999999994,0.057156,0.4166666666666667,0.0002730151796439882,0.01638091077863929,0.393141858687343,219768.0,0.0,3,0.6,0,-1
0x7ec5927d2372531af482c0d7b652eeec7b5dd95c,usdc,381,109.27112475000001,157.16,0.02099737532808399,1.4578619579669239e-05,0.0008747171747801544,0.020993212194723703,4115616.0,0.0,2,0.2,0,-1
0xa13414cc1b2cfacb952428ae59f86e0d447ce1ec,usdc,543,481.9235938947369,111.795216,0.034990791896869246,2.4288394774875982e-05,0.0014573036864925588,0.03497528847582142,2470315.5789473685,0.0,7,0.1346153846153846,0,-1
0xb3a9b256c60b58b3302107f8c72e1d529e9724f0,usdc,554,3454.3267361914895,23842.946597,0.16967509025270758,0.00011782744246260357,0.007069646547756214,0.16967151714614914,509219.2340425532,0.07171314741035857,41,0.10756972111553785,0,-1
0x9494f3a304194b79c97bd1d440a33f0693c096d4,usdc,206,260936.36823729015,178880.0,8.398058252427184,0.0058175038940286175,0.3490502336417171,8.37720560740121,10313.701734104046,0.19640134187252212,871,0.04269594388533089,0,-1
0x469716c91858e0844b90a93dc075a3553c06baf2,usdc,48,0.0005352835820895522,0.000672,1.3958333333333333,0.0009595554537121906,0.05757332722273144,1.3817598533455546,62528.9552238806,0.9305555555555556,31,0.027777777777777776,0,-1
0x46858f7481b46a37d0f9122914454123f0d2bf3f,usdc,69,1483.219639283019,638.964129,0.7681159420289855,0.0005303277425448928,0.03181966455269356,0.7636719492646457,113137.58490566038,0.11409395973154363,26,0.09395973154362416,0,-1
0xfe155208c5148436df56c6bde3434e570e07d53e,usdc,149,0.00011411111111111111,0.0,0.12080536912751678,8.339008491890314e-05,0.0050034050951341886,0.12008172228322052,719510.0,0.20987654320987653,3,0.09876543209876543,0,-1
0x4fe93ebc4ce6ae4f81601cc7ce7139023919e003,usdc,14,92095.17246643246,90060.436613,160.21428571428572,0.11040667854576242,6.624400712745744,158.98561710589786,543.4453856442265,0.0046,1186,0.023,0,-1
0x5ea7c6d67fbdfade95ea2ab72c575b3eadc7919f,usdc,575,97029.53464730064,0.000935,0.8330434782608696,0.0005783361787312343,0.03470017072387405,0.8328040973729773,103745.8872651357,0.06002728512960437,270,0.023192360163710776,0,-1
0x441583c4c863fe13804332c54010a1a276ef8269,usdc,1,0.15745195652173916,66.802322,1104.0,2.667955534074432,160.07733204446592,3841.855969067182,22.48913043478261,0.0010179843909060061,1103,0.0006786562606040041,0,-1
0xc695a176122c5c6fc8f622b99bac351f7b822262,usdc,1,0.00021385767790262176,0.0305,267.0,16020.0,961200.0,23068800.0,0.0,0.9962546816479401,266,0.00749063670411985,0,-1
0x3b6aee126473ecf13b83b530a518a649eae95644,usdc,50,56338.815852730186,140062.303035,11.86,0.008142293792633764,0.4885376275580259,11.72490306139262,7368.930860033727,0.01,363,0.0034,0,-1
0x3bd0bfbe2d88ff1a666bed5311e251a44253418d,usdc,1216,11574.466945824175,10000.0,0.07483552631578948,5.1927906262254415e-05,0.003115674375735265,0.07477618501764637,1155448.087912088,0.023289665211062592,68,0.023289665211062592,0,-1
0xca81abf5ab2445c61da79f707fcb936037efa0b3,usdc,1739,249.02091755737706,0.0,0.07015526164462335,4.871464285232273e-05,0.002922878571139364,0.07014908570734472,1231662.524590164,0.2147239263803681,82,0.2085889570552147,0,-1
0x5c3418f9b17a189b830216b7912dfd4c9642a8bb,usdc,962,7418.057392,0.0,0.006237006237006237,4.3309210584251354e-06,0.00025985526350550813,0.006236526324132195,13853866.0,0.03636363636363636,4,0.05454545454545454,0,-1
0xc642e3352124f495288140fda341761195358708,usdc,16,12.324546250000003,5.649886,1.5,0.0010415310506444472,0.062491863038666835,1.499804712928004,57607.5,0.015238095238095238,14,0.02095238095238095,0,-1
0xebcf4efe885223f7050408b99b77f9037a574828,usdc,1,119.85528240000001,299.638206,5.0,0.35211267605633806,21.12676056338028,507.0422535211268,170.4,0.0,1,0.8,0,-1
0xb033057848608be4e32827074c565b643d5f1682,usdc,401,6.055757833333334,5.0,0.014962593516209476,1.0380949711565311e-05,0.0006228569826939187,0.014948567584654049,5779818.0,0.0,1,0.25,0,-1
0xc59821cbf1a4590cf659e2ba74de9bbf7612e538,usdc,1372,29366.750331280706,127.128302,0.08309037900874636,5.769224589309018e-05,0.0034615347535854107,0.08307683408604986,1040001.1140350878,0.0034802784222737818,57,0.04176334106728538,0,-1
0x3037db6be2afd39f5ab4006ad2c1cb33ddd5f8c7,usdc,755,55574.96955357691,10.460025,0.03443708609271523,2.3895671864266337e-05,0.00143374031185598,0.03440976748454352,2510914.9615384615,0.0,14,0.022113022113022112,0,-1
0x7aee4f3f542e1c16c3c7f0f0139e9187a97a61db,usdc,11,0.04,0.067862,0.36363636363636365,0.0002320966450429959,0.013925798702579754,0.3342191688619141,258513.0,0.0,2,0.75,0,-1
0x409879cfc4858b7b7df5d03b89306ef572825e84,usdc,25,5551.124810672515,2600.00015,13.68,0.009202503511481603,0.5521502106888962,13.251605056533508,6519.964912280701,0.0629757785467128,133,0.06643598615916955,0,-1
0xc98c8055e6af40e64b1483f976f4d43ea2c81603,usdc,45,60.72451534482759,55.01088,1.288888888888889,0.0008913532586645684,0.053481195519874104,1.2835486924769783,67313.37931034483,0.014285714285714285,16,0.02857142857142857,0,-1
0x4816ff177095951a0f91b748a0b1384df4971069,usdc,1,0.007301313659985154,0.0099,2694.0,1.8256980211439415,109.54188126863649,2629.0051504472754,32.8641425389755,0.0,2693,0.0002,0,-1
0xbcea01616eabb5f0150e32db6b9410013f12761f,usdc,545,46460.03955537944,11996.0,1.034862385321101,0.0007178800239191514,0.043072801435149084,1.033747234443578,83579.4255319149,0.1138771186440678,352,0.04449152542372881,0,-1
0x745ea42b6910ea37af2c3143c7bea123f706b6ef,usdc,201,300829809769132.06,0.000352,4.706467661691542,0.003255869341206158,0.1953521604723695,4.688451851336868,18428.257928118393,0.056760204081632654,737,0.045599489795918366,0,-1
0x0d481b1446e9cccc87ac12ad52fc34ad22e5498c,usdc,1683,3677.9500133085103,6930.0,0.11170528817587641,7.757293380760013e-05,0.0046543760284560075,0.11170502468294417,773465.6542553192,0.022284122562674095,99,0.052924791086350974,0,-1
0x6a8c0078cf80fdea13b38d12b83696828c821cc4,usdc,61,0.0003484242424242424,0.000481,0.5409836065573771,0.0003740080287056829,0.022440481722340973,0.5385715613361833,160424.36363636365,0.3173076923076923,16,0.019230769230769232,0,-1
0xd34ab39fdb266d69033ebb67ba0a68a858c44918,usdc,15,0.20319483269961977,23.992741,35.06666666666667,0.023839306756585268,1.4303584053951162,34.328601729482784,2516.851711026616,0.0,524,0.0015274949083503055,0,-1
0x68ec1fdd4bb202b2e07ae751cb5553644aa48cfa,usdc,496,65369.82406275806,17500.0,0.25,0.00017340421277144404,0.010404252766286641,0.24970206639087938,346012.3548387097,0.03515625,63,0.07421875,0,-1
0x563d1a18cf5a008eaa37444c9e9766358ccd8d34,usdc,558,20446899333698.184,10001.3644,7.137992831541219,0.004956522474961037,0.29739134849766224,7.137392363943894,12105.26136078333,0.06244196843082637,3653,0.02576601671309192,0,-1
0x9e3a802ab56770adc534eb523a16bb5737970154,usdc,1428,19725.325983222516,0.0,1.3186274509803921,0.000915074316135028,0.05490445896810168,1.3177070152344403,65568.44503451939,0.09401070850454489,1369,0.037728800896525964,0,-1
0x6c425e1cdfaa64dfddad6f7ba9374b7df2028499,usdc,319,6532.878302164032,0.00025,1.5862068965517242,0.001098320524658598,0.06589923147951589,1.5815815555083814,54628.86166007905,0.06440443213296398,385,0.036703601108033244,0,-1
0x1a2a1c938ce3ec39b6d47113c7955baa9dd454f2,usdc,161,41554.44086405237,1239480.301084,14.70807453416149,0.010204452468065478,0.6122671480839287,14.69441155401429,5879.7863175675675,0.0,1710,0.0478,0,-1
0x9cd8a5b91ee80fdee6c0e2832d75a56555b9f37f,usdc,1,0.009999999999999998,0.01,3249.0,6.5716019417475735,394.29611650485435,9463.106796116504,9.130193905817174,0.0,3249,0.0001,0,-1
0x6b315b7a9fc0ebe515949c3ecd4eee8f3a453a7b,usdc,764,1628.1279293333334,0.0001,0.003926701570680628,2.7257066848865014e-06,0.0001635424010931901,0.003925017626236562,22012640.0,0.1111111111111111,0,0.3333333333333333,0,-1
0x5066d63e126cb3f89360e85cb5bee9453d3b5e1f,usdc,71,4973.604198,10900.001,0.8169014084507042,0.0005672804380187438,0.03403682628112462,0.8168838307469909,105767.79310344828,0.0019305019305019305,46,0.003088803088803089,0,-1
0x5d9018310aff4beaa13bf4280ed3415a0eccd5a4,usdc,98,41.197878470588236,11.156678,0.17346938775510204,0.00012019842639048369,0.0072119055834290215,0.17308573400229652,499174.5882352941,0.0,8,0.04054054054054054,0,-1
0x52381b63d6a4c0b4ed6077b60f20903549a6a927,usdc,119,6507.84230039726,0.0,1.226890756302521,0.0008501450487202988,0.05100870292321793,1.2242088701572302,70576.19178082192,0.09642301710730948,77,0.07309486780715396,0,-1
0xf1aa8ae61f6a10aa5f63685113e8783966ea6752,usdc,8,1358.5879981666667,0.0,3.0,0.0020279519375390803,0.12167711625234481,2.9202507900562753,29586.5,0.21428571428571427,11,0.12857142857142856,0,-1
0xfb6acf5f981b4fed884feab685b0da85df9b9072,usdc,70,146153.84615384616,125000.0,0.18571428571428572,0.00012759583919783442,0.0076557503518700646,0.18373800844488156,470234.76923076925,0.0,10,0.03773584905660377,0,-1
0xf792ffe3fb865b1e328f4682879d81d735c29720,usdc,388,5839.214450571429,116.484658,0.03608247422680412,2.49962773401247e-05,0.0014997766404074822,0.03599463936977957,2400357.4285714286,0.008,5,0.056,0,-1
0xe32907f388a9a335c9575250afb64ed973cccae1,usdc,70,126.26264430769228,11.57,0.18571428571428572,0.00012860616636889392,0.0077163699821336355,0.18519287957120725,466540.6153846154,0.0,5,0.21428571428571427,0,-1
0x1ccfc6c1c52758e0c02b5047cf90b298e3c8d5dd,usdc,541,1575.238225285714,199.892483,0.025878003696857672,1.7955522631397232e-05,0.0010773313578838338,0.025855952589212014,3341590.285714286,0.006355932203389831,6,0.012711864406779662,0,-1
0xf6d457a20fa643240fb65d65fb8c2275d056de92,usdc,655,294703.1208527728,500000.0,1.5251908396946565,0.0010578911052007579,0.06347346631204547,1.5233631914890913,56716.61261261261,0.054254711593375214,690,0.014563106796116505,0,-1
0xd61e2e2c6cffad32b088ed9d20a72189f85c094f,usdc,289,95.90873885,0.000913,0.06920415224913495,4.798321738988571e-05,0.002878993043393143,0.06909583304143542,1250437.2,0.031578947368421054,13,0.07368421052631578,0,-1
0xab57a69db8b177eac307af7c783f484c1637c487,usdc,154,399.57553888,1325.715155,0.16233766233766234,0.0001120565697422161,0.006723394184532966,0.16136146042879118,535443.84,0.09523809523809523,11,0.23809523809523808,0,-1
0x7d90b17252b2ac2f47044117fcccdc4a4ed1c6cb,usdc,12,0.02666666666666667,0.020033,0.5,0.0003281019303330235,0.019686115819981406,0.47246677967955375,182870.0,0.0,4,0.5,0,-1
0x3f29634c149e92042488b3b25e2a4f66cf586127,usdc,306,3743.936450627451,36.0,0.16666666666666666,0.00011557366461428989,0.006934419876857393,0.16642607704457746,519149.4117647059,0.005961251862891207,18,0.019374068554396422,0,-1
0x22dcb28d9b28c3ea0b11d2b87fd45731c2758e1e,usdc,92,5474.721569875001,10000.00231,2.0869565217391304,0.0014418462841668757,0.08651077705001255,2.076258649200301,41613.3125,0.031161473087818695,173,0.039660056657223795,0,-1
0xd9a87d424565dd6c51281a1c65095e8f73688838,usdc,865,9158.03559171223,4964.213459,0.1606936416184971,0.00011150180416336505,0.006690108249801904,0.1605625979952457,538107.8848920864,0.034912718204488775,89,0.032418952618453865,0,-1
0xb6c5a41870f04244de23200e5b687dd6a5bfc318,usdc,242,23555437386094.9,10003.0,0.7066115702479339,0.0004903914815271536,0.02942348889162922,0.7061637333991012,122351.22807017544,0.0,94,0.05847953216374269,0,-1
0x00000000009e50a7ddb7a7b0e2ee6604fd120e49,usdc,3,12594.806250232128,131.231066,415.0,0.28500137350059523,17.10008241003571,410.40197784085706,210.52530120481927,0.0,656,0.0067,0,-1
0xa2c456d9f9da477ef0a3716156ab6ec3b5ff854e,usdc,9,48500.0000355,20000.0,2.2222222222222223,0.001541378300476286,0.09248269802857716,2.2195847526858516,38926.2,0.003051881993896236,15,0.00508646998982706,0,-1
0xf6c012da68598e469b091678c36c826e4dc2411a,usdc,12,0.04,0.065,0.3333333333333333,0.0002171835635479107,0.013031013812874642,0.31274433150899145,276264.0,0.0,2,0.75,0,-1
0x2e537eea037b74f3f516000a7fca2e52347f779b,usdc,2,0.04,0.04,64.0,0.03126221180148495,1.8757327080890975,45.01758499413834,1919.25,0.0,64,0.06261510128913444,0,-1
0x2cb2c8d1d7b0bcfdc6544e0488161d13d774426f,usdc,337,12256.822212400002,0.0,0.20771513353115728,0.00014382883875061232,0.00862973032503674,0.2071135278008817,417162.5142857143,0.04477611940298507,51,0.02771855010660981,0,-1
0xbb54104682f74626d77c2dddca54f888e958d926,usdc,315,96139.3486404818,61100.0,2.3523809523809525,0.001631878942331028,0.09791273653986167,2.34990567695668,36767.43319838057,0.028348582570871455,630,0.007649617519124044,0,-1
0x793742bb6d4dc5372d8e3acdddc3d008d85eb96c,usdc,1356,70706190083879.72,0.001,0.8458702064896755,0.0005870369597770412,0.03522221758662248,0.8453332220789395,102208.21534437663,0.051572572768118774,769,0.038093377612815005,0,-1
0x87718b18a08c0d4992e8f554afb7c1d0865a481a,usdc,422,17711.344835327513,0.0003,0.542654028436019,0.00037639822077054145,0.022583893246232487,0.5420134379095797,159405.6419213974,0.24224806201550386,136,0.08914728682170543,0,-1
0x580450dff316ae00d0fbef9621a304020a046ce2,usdc,223,18116.31489156669,0.000102,14.32286995515695,0.00994207821184533,0.5965246927107198,14.316592625057275,6034.9555416405765,0.0219,1061,0.0319,0,-1
0xf7212b3e09550882f649e34b8962b7be14061107,usdc,398,0.000626320241691843,0.0,0.8316582914572864,0.0005767595522533699,0.0346055731352022,0.8305337552448527,104029.48640483383,0.29625779625779625,99,0.034303534303534305,0,-1
0x41a10f17b75d2916fea469b9d9779bc85ed5ad11,usdc,457,2763.1118563035716,56.2343,0.12253829321663019,8.49282917068433e-05,0.005095697502410598,0.12229674005785438,706478.3571428572,0.0,33,0.02763819095477387,0,-1
0x843d042c9c158e58fb5a88bcc0ffbc24f8ecf2f2,usdc,884,77524.75,83.0,0.00904977375565611,6.279087053184417e-06,0.000376745223191065,0.00904188535658556,9555529.25,0.0,4,0.000439126138983423,0,-1
0x1885aef3bdbce473da29d71fa2ff964c84db760a,usdc,612,152.93995804270463,1.212838,0.4591503267973856,0.0003187252803591501,0.019123516821549003,0.4589644037171761,188249.89323843416,0.029357798165137616,211,0.06972477064220184,0,-1
0x86938372253b5856119a0b1c9ff4b8090ea13255,usdc,56,10740.14913352174,105584.757841,4.107142857142857,0.002847457962854292,0.1708474777712575,4.100339466510181,21071.426086956522,0.5061728395061729,110,0.2716049382716049,0,-1
0xef1ec136931ab5728b0783fd87d109c9d15d31f1,usdc,21,7316.73332599001,683.687611,138.23809523809524,0.09526841210561897,5.716104726337138,137.1865134320913,629.7995177402687,0.0009,2240,0.0014,0,-1
0x6a8a388f19876daaf83af92b6e00ea82ae201cc4,usdc,47,1e-05,1e-05,0.5106382978723404,0.0003481156788400785,0.020886940730404716,0.5012865775297131,172356.5,0.5106382978723404,12,0.0425531914893617,0,-1
0xd63b70a26b2403b1085d48fba3070186b3b03efa,usdc,20,25549.49626552941,22700.0,0.85,0.0005685846923622353,0.034115081541734114,0.8187619570016188,105525.17647058824,0.0,0,0.04716981132075472,0,-1
0x6092a74f6a0bf1e12fd309633d6964b20a762c53,usdc,4,2467.3502232941178,2796.33,4.25,0.0025625565269822128,0.15375339161893278,3.6900813988543866,23414.117647058825,0.0,14,0.007633587786259542,0,-1
0xbb7f6d8b50f19cd40365b80a69a9ed9a3595c668,usdc,6,0.03377138775510204,0.02963,8.166666666666666,0.005502403090329245,0.33014418541975477,7.9234604500741135,10904.326530612245,0.0,24,0.11971830985915492,0,-1
0x3545b7aa2981a7f2401e817d68e999c8649fef8c,usdc,410,1221.9377615413962,3335.0,3.004878048780488,0.0020817309187057043,0.12490385512234226,2.997692522936214,28822.16883116883,0.08058326937835764,1074,0.05755947812739831,0,-1
0x24f432d4de581f27398e61d43f482a425b486551,usdc,1341,38358.20952231344,0.0001,0.09992542878448919,6.936737497572465e-05,0.004162042498543479,0.09988901996504351,864959.932835821,0.2919254658385093,102,0.13664596273291926,0,-1
0xdcb585fb611adaba8b96c34bf193c7d5a737f0d0,usdc,34,5991.538396257425,0.0,2.9705882352941178,0.0020482079194668983,0.12289247516801388,2.949419404032333,29293.90099009901,0.3697478991596639,53,0.2773109243697479,0,-1
0x33064d04d38164676fa9650294561169ad567458,usdc,373,2913186.682754386,0.0,0.353887399463807,0.0002452409324952039,0.014714455949712232,0.35314694279309355,244657.36363636365,0.004552352048558422,40,0.01618614061709661,0,-1
0x817cf8d5e2b19970538ee48a3d105f752b5721f9,usdc,154,40257.94086593258,0.0,7.512987012987013,0.005194126551728472,0.3116475931037084,7.479542234489001,11551.509075194468,0.06853750674581759,751,0.03957546321280806,0,-1
0xd5439a3c20a815b272535083c4ebc0df04049692,usdc,6,375.000275,1000.0,1.3333333333333333,0.000822064203214271,0.04932385219285627,1.1837724526285502,72987.0,0.009933774834437087,3,0.013245033112582781,0,-1
0x5ab201bfd2797e93f705a3cc97053bf6d4cf3e35,usdc,1,0.07065182478805006,42.916126,2477.0,3.595065312046444,215.70391872278665,5176.894049346879,16.689543802987483,0.0009332711152589828,2476,0.00031109037175299425,0,-1
0xb66009c19eb7bb5ef76ab49642d31dba2577bbf4,usdc,266,118661.59391259051,50000.0,5.2330827067669174,0.003624835749630095,0.2174901449778057,5.219763479467337,16552.474137931036,0.33110976349302607,795,0.09035779260157671,0,-1
0xc83aa25fa5829c789df2ac5976b4a26d49c648ff,usdc,1731,6114.567690275711,900.0,0.2640092432120162,0.00018326394734381667,0.010995836840629,0.263900084175096,327396.636761488,0.042722664735698766,271,0.04055032585083273,0,-1
0x226ce1430e12e22739efc87821d867c4d6b50a67,usdc,145,5701.666444119186,62400.0,2.372413793103448,0.0016383152404275242,0.09829891442565145,2.3591739462156345,36622.98837209302,0.10240496508921644,181,0.07447633824670287,0,-1
0x5e9b238b400f8c907c883c8db734124ea0d75cc7,usdc,215,13442.769182782495,100000.0,34.27906976744186,0.023719852132308497,1.4231911279385099,34.15658707052424,2529.5267299864313,0.0337,6993,0.021,0,-1
0xa93ac4346a5a1dd848dda098385f996c75f42cf3,usdc,71,71725.9408907006,0.0,2.352112676056338,0.0016257503275838234,0.09754501965502942,2.341080471720706,36906.03592814371,0.00951831554658206,90,0.015286991635419672,0,-1
0xc73c5d14212710cd15ab0eac06f027f950652882,usdc,36,1366.8790797058825,0.000109,0.4722222222222222,0.0003278789702285895,0.01967273821371537,0.47214571712916886,182994.35294117648,0.0034438226431338786,8,0.004304778303917348,0,-1
0xeb78ae2696c5a4ca99521ed9e134dc01e4d543e1,usdc,1136,1769911505839.4966,0.0002,0.9947183098591549,0.0006907038112914059,0.04144222867748435,0.9946134882596245,86867.91504424778,0.20821529745042494,613,0.05524079320113314,0,-1
0x74d1f7040dcecb26c3746c133a4a9d16e2351e35,usdc,1288,1548.4583196875,0.000123,0.012422360248447204,8.625054617484534e-06,0.0005175032770490719,0.012420078649177728,6956477.6875,0.02127659574468085,13,0.02127659574468085,0,-1
0x5a20b8979e72690f6a85961669cd4bbe0b15bf8b,usdc,63,4763.688414841464,0.0,2.6031746031746033,0.0017981391452699075,0.10788834871619445,2.5893203691886666,33367.829268292684,0.01430615164520744,116,0.0195517405817835,0,-1
0x5d4614b4e5e21d7344b369e09b9be2bb8241a307,usdc,864,22010.334834117646,3749.009002,0.019675925925925927,1.36511377078993e-05,0.000819068262473958,0.01965763829937499,4395238.05882353,0.0,7,0.09333333333333334,0,-1
0xe3ab80949b2c29dedd611ffa8bb905d5cda7ac62,usdc,184,4191.388282610526,5984.0,1.548913043478261,0.0010703445457870863,0.06422067274722518,1.5412961459334042,56056.71578947368,0.06557377049180328,177,0.039032006245121,0,-1
0xfdc6eb972930561f65966a8e279e8d3a36f56035,usdc,83,65708.66746868967,111503.05661,0.3493975903614458,0.00023980537726347336,0.014388322635808401,0.3453197432594016,250202.89655172414,0.01824817518248175,20,0.025547445255474453,0,-1
0xa0aeb2dbe5a689bcbb53ad40bb4d725339e1942a,usdc,894,5919.669764234375,5000.0,0.14317673378076062,9.942028652305198e-05,0.0059652171913831195,0.14316521259319487,603498.5625,0.10344827586206896,80,0.09310344827586207,0,-1
0x6a060bc3f884cb2198704bc57b13cd118e917e7c,usdc,170,418.4167058181818,74.970395,0.3235294117647059,0.00022363669040468482,0.01341820142428109,0.32203683418274615,268292.2909090909,0.0,15,0.004838709677419355,0,-1
0xe4b3123cc484f8b057f7efb36cb0010318b44521,usdc,180,59991.502351185176,0.001,0.15,0.00010362773845894039,0.006217664307536424,0.14922394338087416,578995.5555555555,0.021739130434782608,17,0.0391304347826087,0,-1
0x4998d30717580bb5c8fa5647b48f80ca3ee76c84,usdc,1,0.017218,0.001,11.0,0.3525641025641026,21.153846153846153,507.6923076923077,170.1818181818182,0.0,9,0.23076923076923078,0,-1
0x601f02c5ac2582287884f83a69425be2c47e56f8,usdc,304,16680.651298535715,2165.671999,0.27631578947368424,0.0001913231315587961,0.011479387893527766,0.2755053094446664,313605.5714285714,0.03838383838383838,56,0.024242424242424242,0,-1
0x633b59d0b8bb32e94f874768059b3118a921b162,usdc,286,554.9829792,386.81,0.03496503496503497,2.4279729679201643e-05,0.0014567837807520987,0.03496281073805037,2471197.2,0.0,4,0.3157894736842105,0,-1
0xd22c78254883d9e76143bbea58e32e27a6dcadda,usdc,52,4540.785707754487,20000.0,26.78846153846154,0.01852368984454994,1.1114213906729964,26.67411337615191,3239.095477386935,0.229607250755287,593,0.12145015105740181,0,-1
0x11f54cf5e4512d30d13de0743c26f3b917d00f8c,usdc,222,104815.32218732653,0.001,0.44144144144144143,0.0003053528352010748,0.01832117011206449,0.43970808268954775,196494.0,0.0,5,0.05472636815920398,0,-1
0x4eac16121047e6fd0e3ccad3acb7a876085c40b9,usdc,134,37276.46427600001,0.0,0.22388059701492538,0.00015538341375288236,0.009323004825172941,0.22375211580415058,386141.6,0.05789473684210526,20,0.04736842105263158,0,-1
0xefb9bd738480a9030b5f0e825ab1068752e433ec,usdc,328,1741.9475483076926,1.8109,0.039634146341463415,2.744335585799541e-05,0.0016466013514797246,0.03951843243551339,2186321.5384615385,0.06521739130434782,9,0.10869565217391304,0,-1
0x95208d799b980a21efb63ac120539875789d894e,usdc,37,2423.238705222222,0.0005,1.2162162162162162,0.000830880696610376,0.04985284179662256,1.1964682031189413,72212.53333333334,0.11042944785276074,22,0.1411042944785276,0,-1
0x2de373887b9742162c9a5885ddb5debea8e4486d,usdc,1129,139765.34607947775,0.0,1.29229406554473,0.0008966898929220746,0.05380139357532447,1.2912334458077872,66912.76490747088,0.0177,824,0.013,0,-1
0x09b82aba10fa0dd90c49eedb967edc12325c2d64,usdc,84,2701.936699949367,0.0,1.880952380952381,0.0012986308485648484,0.07791785091389092,1.8700284219333818,46202.50632911392,0.21235521235521235,109,0.11969111969111969,0,-1
0xba87fe03742cf66732be997a7a7c1314ad19fa2f,usdc,62,1929.7259098245615,1500.151515,0.9193548387096774,0.0006313033423635554,0.037878200541813324,0.9090768130035198,95041.47368421052,0.08247422680412371,43,0.1134020618556701,0,-1
0xe705aec69714ca08895992ac8a491585f277a9b6,usdc,1348,33662.5708495817,0.00046,0.11350148367952523,7.877970883225576e-05,0.004726782529935345,0.1134427807184483,761617.4379084967,0.026729559748427674,79,0.014150943396226415,0,-1
0x774bb9306df1cd921eb842b1388c78f75e6ef79f,usdc,288,110231.3953897302,553.811395,1.9305555555555556,0.0013403074318118593,0.08041844590871156,1.9300427018090778,44765.84892086331,0.0,250,0.0023,0,-1
0x9697acb6b7226916acc6bdb9f360bfc41f2a2957,usdc,708,66966.0785764468,0.0001,0.19915254237288135,0.00013827875702892496,0.008296725421735499,0.19912141012165196,433906.12765957444,0.09163346613545817,95,0.043824701195219126,0,-1
0x29ab8f9f1966368b3d47a44994107d4069dc2ed9,usdc,1304,542160.0156225715,0.000594,0.05368098159509203,3.72587122468225e-05,0.0022355227348093503,0.053652545635424403,1610361.6142857142,0.21367521367521367,28,0.09401709401709402,0,-1
0xd62e246592474914e099c955b9d8b3cb04ce0315,usdc,109,3239.9367074122806,1811.262277,5.229357798165138,0.0036063715094119967,0.21638229056471983,5.193174973553276,16637.22105263158,0.15789473684210525,446,0.14992025518341306,0,-1
0xfcbc49b163c48578d586bbaaa80c71e4691b7906,usdc,2,3122.664948333333,0.000105,7.5,0.0038639876352395673,0.23183925811437403,5.564142194744977,15528.0,0.012987012987012988,9,0.012987012987012988,0,-1
0xf4d885c9e4105f99a953bd2adde623a9c5fd8028,usdc,289,29934.47941323404,0.0,0.32525951557093424,0.000225596787501746,0.013535807250104758,0.3248593740025142,265961.2340425532,0.048484848484848485,76,0.01575757575757576,0,-1
0x4bb83e4f62b84005ffbadd3a70f321ab343fafd1,usdc,272,1516.5035294117647,3000.0,0.0625,4.3280058127663956e-05,0.002596803487659837,0.06232328370383609,1386319.7647058824,0.0,8,0.02586206896551724,0,-1
0x23a06f383f828925b41b11f1c0003dcc228045a9,usdc,129,2552.157282071428,24.217773,0.43410852713178294,0.0003007618943273085,0.018045713659638505,0.4330971278313241,199493.35714285713,0.008097165991902834,36,0.04048582995951417,0,-1
0x31f255b2eeb064a0ed61cbf2637f5cfce3b78bc1,usdc,122,54355.603309506914,100.0,3.557377049180328,0.002457790005062821,0.14746740030376923,3.539217607290462,24412.175115207374,0.3933463796477495,352,0.021526418786692758,0,-1
0xc67ad6199a5dac2e0bdb842d671a0bec42d7134c,usdc,126,31880.458566755366,94236.1389,1.8492063492063493,0.001283637641764831,0.07701825850588986,1.8484382041413565,46742.16309012876,0.0371825876662636,162,0.007557436517533253,0,-1
0xec87793b546401e484544ccb958d2643e4983ee8,usdc,61,2759.448251620155,0.000848,2.1147540983606556,0.0014582994193933474,0.08749796516360085,2.0999511639264203,41143.813953488374,0.028755868544600938,89,0.01643192488262911,0,-1
0xc1e0dc978ff12de2db38e0b384e29cb56bc67db5,usdc,370,5472.216440292479,0.0,1.9405405405405405,0.00134442225794033,0.08066533547641981,1.9359680514340756,44628.8356545961,0.37326607818411095,362,0.24968474148802017,0,-1
0x528b2d388ab949ec4c4db69cd271609600bf0af8,usdc,89,22507.077111159997,4000.0,0.8426966292134831,0.0005833670389844746,0.03500202233906848,0.8400485361376435,102851.2,0.20512820512820512,57,0.07692307692307693,0,-1
0x16764191b8003d378e6c4eabc67c966bd6801e83,usdc,1,10200.0,10200.0,3.0,0.11811023622047245,7.086614173228346,170.07874015748033,508.0,0.0,1,0.061224489795918366,0,-1
0x31373595f40ea48a7aab6cbcb0d377c6066e2dca,usdc,23,37297.462177564936,88.6475,217.95652173913044,0.14919287636008666,8.9515725816052,214.8377419585248,402.163973668462,0.0008,2521,0.0114,0,-1
0x7f3588e3f0bb5ccbd3279fb663bb34a5406d26b9,usdc,1,0.08449246542393268,42.910639,1663.0,1.6332744058141817,97.99646434885092,2351.915144372422,36.736019242333136,0.0,1662,0.0003830683777054204,0,-1
0x9726148d7ede3e40aba4e020ee828d3ed584b8b4,usdc,34,433.85422923199997,0.0,7.352941176470588,0.004968479963114005,0.2981087977868403,7.154611146884166,12076.128,0.12580645161290321,156,0.03870967741935484,0,-1
0x40147d4401480a3155138de90c8602e35f2e2042,usdc,862,23169.009259543353,0.000155,0.4013921113689095,0.0002786618625146801,0.016719711750880807,0.4012730820211393,215314.71676300577,0.06790123456790123,262,0.03635116598079561,0,-1
0x98b77248a71996efcf81b9c813a3edf91e5d7676,usdc,79,3488.043786148653,8972.0,40.87341772151899,0.028369454821489445,1.7021672892893667,40.8520149429448,2114.950758748839,0.48274836406900656,1518,0.12879238548483046,0,-1
0x0415c83db0f75606be28183c15589d85ec019bf6,usdc,82,32452.88493147867,287439.0,5.146341463414634,0.003540809083266069,0.21244854499596416,5.098765079903139,16945.27962085308,0.07836990595611286,222,0.04612628750559785,0,-1
0x6eac30e598697e49d782c491df9516917ef33014,usdc,460,93623.05965775104,144333.813127,0.5239130434782608,0.00036365194676014786,0.02181911680560887,0.5236588033346129,164992.92946058093,0.0016710432084029601,112,0.009548818333731201,0,-1
0xd9c70d37a77db219f19fb367ff76458c273e241e,usdc,12,0.039999999999999994,0.068725,0.3333333333333333,0.0002284983091125126,0.013709898546750754,0.3290375651220181,262584.0,0.0,2,0.75,0,-1
0xd3b0fbcda4a8bbf752fc948baca063cc0a65f48d,usdc,27,0.000678588679245283,0.000153,9.814814814814815,0.006597981266712811,0.39587887600276866,9.501093024066448,9093.690566037736,0.35034013605442177,215,0.00510204081632653,0,-1
0xcbd2b71f8c7ac4a48a0668a162151232e04dbae6,usdc,233,229221.5545011065,50000.0,37.72532188841202,0.02612820954883508,1.567692572930105,37.62462175032252,2296.3686006825938,0.2999,5638,0.0465,0,-1
0x04506d2779b3e497db67eff7ad96a9f755a388f9,usdc,46,2505.6676441428567,185.014986,0.15217391304347827,0.00010516921727058838,0.006310153036235303,0.15144367286964727,570509.1428571428,0.0,3,0.06493506493506493,0,-1
0xa4c8b4025084827c4745d39fa8ca4773d6a565fd,usdc,269,3621.975474442845,0.000113,4.390334572490707,0.0030453151140458906,0.18271890684275346,4.385253764226083,19702.394580863674,0.21005312627707398,674,0.10012259910093993,0,-1
0xe7dbde2edfbf9bf3117fc2c49c524dbff2bfd76e,usdc,628,7758.984937065789,0.19543,0.24203821656050956,0.0001678938380752297,0.010073630284513782,0.24176712682833076,357368.6842105263,0.018617021276595744,90,0.03723404255319149,0,-1
0xe7b27bd74f522afa05732ba82b2f46a38d4be098,usdc,1352,1242.5234764999998,1111.843669,0.008875739644970414,6.163141804656772e-06,0.0003697885082794063,0.008874924198705753,9735294.416666666,0.0,5,0.019886363636363636,0,-1
0x4f0555c5797ddc16300e3fd0139a5c3187202b56,usdc,47,0.0,0.0,0.6808510638297872,0.00046528805692799374,0.027917283415679627,0.670014801976311,128952.375,1.0,0,0.125,0,-1
0xf9abae96b16a499cdd84964da217e9f0e8ac242c,usdc,1,764.9969541666666,1007.894547,6.0,0.007295719844357977,0.4377431906614786,10.505836575875486,8224.0,0.0,2,0.2777777777777778,0,-1
0x0b0145b6fd9dcedfc6fb54a45981d3066c0d356d,usdc,400,9876.407973972602,28617.333195,0.5475,0.00037952873968383693,0.022771724381030218,0.5465213851447253,158090.79452054793,0.003278688524590164,117,0.04590163934426229,0,-1
0x99e5d4a7fb7ba7281d1f4fc5dce311f1d832796c,usdc,1397,833054.3228805083,1000000.0,0.39012168933428776,0.0002708978850753582,0.01625387310452149,0.3900929545085158,221485.67155963302,0.03557531962201223,281,0.024458032240133407,0,-1
0xa9594b153cb6960e64cca7ab185125b0c7c9bc7b,usdc,799,5375.760675911646,0.001,0.311639549436796,0.00021615791716134128,0.01296947502968048,0.3112674007123315,277574.843373494,0.029398663697104678,158,0.031180400890868598,0,-1
0x8d77dc30ce84e8014d8d67a1d8736010031a42d1,usdc,574,22072.608234361112,22276.0,0.5644599303135889,0.0003917078826375481,0.023502472958252887,0.5640593509980693,153175.37037037036,0.015213575190169689,162,0.05441778818022235,0,-1
0x19e0c4c43c3f08baebdc4fc4c4c7a58ab02bc18f,usdc,575,39283.71324303031,159.183997,0.9182608695652174,0.0006371165264406979,0.03822699158644187,0.9174477980746049,94174.29545454546,0.0004895960832313342,262,0.008567931456548347,0,-1
0xff694e1ef8d2d534d40b69e4dba795f213fb2307,usdc,220,325.079300675,100.123276,0.18181818181818182,0.00012604610388341743,0.007562766233005047,0.18150638959212112,476016.3,0.04245283018867924,21,0.0660377358490566,0,-1
0xa3762158dcbe8ebc95537f674317be37b0e6bcaf,usdc,678,9794.025014044446,5000.05105,0.06637168141592921,4.605907311540091e-05,0.002763544386924054,0.0663250652861773,1302674.9333333333,0.014778325123152709,23,0.10837438423645321,0,-1
0x4c7b17c7de3f3cc291a117623aec6f3982660169,usdc,771,462232.6755017259,386.733333,0.0946822308690013,6.574863558071177e-05,0.003944918134842706,0.09467803523622494,912566.4657534247,0.024154589371980676,25,0.06763285024154589,0,-1
0xa9f842432c07f66799eafdb4cc83bad71555abe4,usdc,476,85672.22629820833,46329.0,0.10084033613445378,6.988553622735162e-05,0.004193132173641098,0.10063517216738634,858546.75,0.012195121951219513,8,0.041463414634146344,0,-1
0x97cc28a54be4a25b9554a867370a64d5405c0632,usdc,665,21888.998383703703,5776.12,0.0406015037593985,2.8164289183410857e-05,0.0016898573510046515,0.04055657642411163,2130357.3333333335,0.024096385542168676,18,0.07228915662650602,0,-1
0x99865537235ef24e873e9f867753eeb05e197ed1,usdc,1370,4455445544625644.5,0.0002,0.07372262773722628,5.116002615577443e-05,0.0030696015693464653,0.07367043766431518,1172790.6435643565,0.03614457831325301,74,0.03765060240963856,0,-1
0xa7ce5c973b8377d63a8a97f52c6b6e334005beb9,usdc,1,126.14583833333332,0.000189,3.0,7.5,449.99999999999994,10800.0,8.0,0.16666666666666666,1,0.5,0,-1
0x114f79b0e1d4713bf93c2fff6efc3f6070d22336,usdc,264,62241.62095996658,9207.64,7.708333333333333,0.005345899393063098,0.3207539635837859,7.698095126010862,11223.555773955773,0.4028416213957376,931,0.1257835353113247,0,-1
0x4bf3f12f7750c2d15f78d3d12c161460e33f9398,usdc,1320,7483.096953763416,0.001,1.0022727272727272,0.0006958938397378579,0.041753630384271476,1.0020871292225153,86220.04761904762,0.19293078055964655,876,0.05670103092783505,0,-1
0x6de181a0917f10560e6530f40214927c3dd6e98c,usdc,128,53688.95205820057,160000.0,5.4921875,0.0037954864485476732,0.22772918691286037,5.465500485908649,15808.250355618777,0.31271878646441076,288,0.06417736289381563,0,-1
0xeb763070c00807ef56bc7f219b2454cb920321c2,usdc,216,0.00010535714285714286,0.0,0.25925925925925924,0.00017983786332065478,0.010790271799239286,0.25896652318174285,333633.85714285716,0.43089430894308944,10,0.056910569105691054,0,-1
0x2f1cf5e7d3b59322ac5204bf69f52eb99752a758,usdc,9,13390.75188428125,0.0002,7.111111111111111,0.004744466025175323,0.2846679615105194,6.8320310762524645,12646.3125,0.35294117647058826,41,0.11764705882352941,0,-1
0x5a907b4590b1002fc0308b3e85f1bd766c453bbb,usdc,11,593.0513765294118,0.112907,1.5454545454545454,0.0010560842879506994,0.06336505727704196,1.5207613746490072,56813.64705882353,0.0,15,0.04411764705882353,0,-1
0x311d4a31fa3a098b06528fceb2409871f60199b9,usdc,203,2100.3618709099264,3824.58555,10.719211822660098,0.007408078209696275,0.4444846925817766,10.667632621962637,8099.266544117647,0.10417362270450752,1326,0.2687813021702838,0,-1
0x283d9ad1ceb3be6767792f226151d4fff6cc9cef,usdc,34,148571.42971161904,0.000772,0.6176470588235294,0.0004228806630768797,0.025372839784612782,0.6089481548307067,141884.0,0.0547945205479452,14,0.0821917808219178,0,-1
0x00000f91109c4d0007e90000d9facad5298a0cac,usdc,7,4357.678335907923,1172.887542,66.71428571428571,0.04061929198921458,2.4371575193528745,58.491780464468995,1477.1306209850106,0.0003,199,0.0037,0,-1
0x940bb47491ab320866d3f38288ba3d939f06f513,usdc,1103,76552363311646.12,1003.183804,0.9782411604714415,0.000679203115345433,0.04075218692072598,0.9780524860974236,88338.81742354031,0.036824877250409165,800,0.04091653027823241,0,-1
0x4ebbfddfb5c9bba916064186b5153e7b9cc6fe4f,usdc,10,16520.5280381,62949.415047,5.0,0.0034152072347750063,0.20491243408650037,4.917898418076009,17568.48,0.01348314606741573,32,0.033707865168539325,0,-1
0xc6b792f783edfb9fc65ec0095ea63ba87969d5be,usdc,79,9788.060616835817,0.0001,0.8481012658227848,0.0005822148146732036,0.03493288888039222,0.8383893331294133,103054.74626865672,0.01996007984031936,48,0.029940119760479042,0,-1
0x84d076b88c5556305876f32f9f3878bfa94e82aa,usdc,1,1097.466239,0.000146,4.0,1.4285714285714286,85.71428571428571,2057.1428571428573,42.0,0.2,1,0.8,0,-1
0x7bca0e590e32aa34e6923c6c21cefd2d7e8f9aab,usdc,2,0.0006211818181818182,0.003337,11.0,0.007398439601829432,0.4439063761097659,10.653753026634384,8109.818181818182,0.9130434782608695,8,0.2608695652173913,0,-1
0xec8752e855ea9fad746c11c997854027d7983ee8,usdc,54,3760.1114705882355,8394.0,0.6296296296296297,0.0004304102569296052,0.025824615415776308,0.6197907699786315,139401.88235294117,0.0,0,0.003329633740288568,0,-1
0xa0cef4dbc9c06e235bce9f53a95d0f1cd57c3081,usdc,1242,13614.383189338327,26673.0,0.9138486312399355,0.0006345596977550228,0.03807358186530137,0.9137659647672329,94553.75154185022,0.041611842105263155,662,0.04226973684210526,0,-1
0x06cc868944dd2d407d8312732d672ff60da7692d,usdc,17,389.80529961052633,475.0,5.588235294117647,0.003714419768533,0.22286518611198,5.348764466687519,16153.263157894737,0.02584493041749503,43,0.02584493041749503,0,-1
0x88afecdeceea3707b245482cbdf041207d0d8895,usdc,143,2486.3633234999998,4515.773883,0.055944055944055944,3.86606781276247e-05,0.0023196406876574817,0.05567137650377957,1551964.5,0.0,3,0.1,0,-1
0x595c31c6108babc43caa81ab759a4aae91801a82,usdc,61,648.9436336859084,25.876648,9.655737704918034,0.006681504370770176,0.4008902622462106,9.621366293909054,8980.013582342954,0.0,293,0.0072306579898770785,0,-1
0xa99121f0e9b9cbe6d511831b955a36caae8489e5,usdc,11,5000.0,5000.0,11.090909090909092,0.007133001239505134,0.427980074370308,10.271521784887392,8411.606557377048,0.0,121,0.014705882352941176,0,-1
0x5500e69d58d8f80b236c8a72fd52c538a5d5237f,usdc,56,4533.677209181818,500.0,0.19642857142857142,0.00013418234160384493,0.008050940496230697,0.1932225719095367,447152.7272727273,0.0,5,0.0007,0,-1
0x6e2bd55b054664c50a120a8bffabe7ba6229cb6e,usdc,75,0.0002445151515151515,0.0002,0.44,0.0003022310143971865,0.018133860863831192,0.43521266073194853,198523.63636363635,0.9705882352941176,16,0.058823529411764705,0,-1
0x5f27d92880ec7a43dab1788eee3fb5105e664c07,usdc,1,114.71217899999999,200.0,6.0,0.0020990764063811922,0.12594458438287154,3.022670025188917,28584.0,0.007407407407407408,5,0.014814814814814815,0,-1
0x5090e0c0b89b63cd1479594cfa3d05485b085478,usdc,860,9576.4839725,11006.7,0.020930232558139535,1.4532022846277517e-05,0.0008719213707766511,0.020926112898639625,4128812.6666666665,0.030303030303030304,11,0.10606060606060606,0,-1
0xce75183017f7b442a26ee11b826d9d71cfb6f232,usdc,1104,1741.7662231875001,11.0,0.014492753623188406,1.0061931186452615e-05,0.0006037158711871569,0.014489180908491769,5963070.0,0.002,10,0.014,0,-1
0x2fea3b6cca7595ce6455af82c44071ff0382b4f0,usdc,61,44326.66736842105,29700.0,0.3114754098360656,0.00021403723797336024,0.012842234278401615,0.30821362268163877,280325.05263157893,0.0,0,0.015625,0,-1
0xa4298c3bdfa128d6cb49d04f40d4513c3256792e,usdc,198,387.12672275,113.050872,0.04040404040404041,2.799828370520887e-05,0.0016798970223125323,0.040317528535500774,2142988.5,0.0,4,0.5,0,-1
0xa0b95db1434f1a92277005b0d7484f749641f261,usdc,1,1.071356532544379,87.129062,169.0,1.4225589225589226,85.35353535353535,2048.4848484848485,42.17751479289941,0.0,168,0.0038910505836575876,0,-1
0x08ec4a0615f175dddd986f07f016b5ab9cff31a7,usdc,100,0.0004725117647058824,0.000205,3.4,0.002341984901085579,0.14051909406513474,3.372458257563234,25619.29411764706,0.10802811690714022,170,0.0011098779134295228,0,-1
0xa70039589bb9641530a58cc0b9e77cc1170e3795,usdc,5,0.0006341666666666667,0.000105,1.2,0.0008155054774784571,0.04893032864870742,1.1743278875689782,73574.0,0.4,4,0.3,0,-1
0x2b5634c42055806a59e9107ed44d43c426e58258,usdc,1704,16653.761172893104,0.2,0.17018779342723006,0.00011813594514255545,0.007088156708553328,0.17011576100527986,507889.4482758621,0.0,284,0.0003,0,-1
0x4961101e86efd72a368a5a9a29157c2e0b8803ed,usdc,1,0.14404064551942905,63.257319,1261.0,2.0163095618803966,120.97857371282379,2903.485769107771,29.7573354480571,0.0009326183259501049,1258,0.0009326183259501049,0,-1
0xdae50c32bf8215d88dcd367dd50c69fb9ec29f44,usdc,2,0.039999999999999994,0.04,40.0,0.020243939470620982,1.214636368237259,29.151272837694215,2963.85,0.0,40,0.07380073800738007,0,-1
0xb1b7d3d34422b4015cf24604006b6df279f3c13d,usdc,686,417.5441729411765,1073.125326,0.07434402332361516,5.1582886618792356e-05,0.0030949731971275413,0.074279356731061,1163176.4705882352,0.0024242424242424242,27,0.019393939393939394,0,-1
0x9f58872276bba453023108953ca2f63da72787fc,usdc,1,0.271068431784108,78.056441,667.0,1.1932021466905187,71.59212880143113,1718.2110912343471,50.284857571214395,0.0018190086402910413,665,0.001364256480218281,0,-1
0x0b485860dad0dd9c3118e6464282377c1b762aa5,usdc,6,5111.5,1275.0,0.6666666666666666,0.0004078303425774878,0.024469820554649267,0.5872756933115824,147120.0,0.0,0,0.08823529411764706,0,-1
0xa7f42ab61248358efecff5a4355783413b7f8479,usdc,11,0.032,0.0488,0.45454545454545453,0.0002947209581967793,0.017683257491806756,0.42439817980336214,203582.4,0.0,3,0.6,0,-1
0xc682ea23bb1b755a41877c2e4eb2b602f0fd60ca,usdc,41,1869.1472406,0.0,0.24390243902439024,0.00016850392108624368,0.01011023526517462,0.24264564636419086,356074.8,0.15,5,0.3,0,-1
0x1ef5e70e8b25dfb33e20b2ed5f5aeae7755a79f2,usdc,323,549.141216608,100.0,0.38699690402476783,0.00026792802895851876,0.016075681737511123,0.38581636170026695,223940.736,0.08536585365853659,88,0.10569105691056911,0,-1
0x3d6991085ab1ae3926cb96f25684c40a364b6856,usdc,970,18.702831737179487,6.202278,0.16082474226804125,0.00011161301991634176,0.006696781194980505,0.16072274867953212,537571.6923076923,0.0012828736369467607,101,0.01796023091725465,0,-1
0x3eff9a330c8a3d6a62d80d830b030188e6c3f68d,usdc,97,3386.955341637681,0.000762,2.845360824742268,0.001956730728329207,0.11740384369975243,2.8176922487940583,30663.391304347828,0.39730639730639733,156,0.14814814814814814,0,-1
0xf2defe99434cd5566cd3d6155222ee9d08e933d7,usdc,597,7769.817566806123,0.0001,0.49246231155778897,0.00034190880943165916,0.02051452856589955,0.49234868558158923,175485.38775510204,0.027488151658767772,201,0.05023696682464455,0,-1
0xcb53a818042db647cb01672751b0e4efca29cf55,usdc,1542,859.3826472211538,529.0,0.2697795071335927,0.00018730524728671354,0.011238314837202812,0.26971955609286746,320332.7235576923,0.0034465780403741997,209,0.04086656819300837,0,-1
0x36a94bdeff164d85442074656ff81a63814d8b33,usdc,318,11510.798085749999,7043.810466,0.025157232704402517,1.7433470607386472e-05,0.0010460082364431886,0.025104197674636522,3441655.5,0.0,4,0.21428571428571427,0,-1
0x0b4896733c018120adc5fc8e8fcb191c1b762aa5,usdc,5,3873.4399999999996,183.6,1.0,0.0006030635628995297,0.03618381377397178,0.8684115305753226,99492.0,0.0,0,0.075,0,-1
0xa7e7901d7a908eeb171ed0b56b9da0b36a2fe135,usdc,227,0.00041651094890510947,0.0,0.6035242290748899,0.0004178684196399377,0.025072105178396264,0.6017305242815103,143585.86861313868,0.18241042345276873,52,0.009771986970684038,0,-1
0x715ac29dd2722553d469e1d4e9a74c54b6474f4a,usdc,914,2654.528756413793,0.0,0.1586433260393873,0.0001101217201954425,0.0066073032117265505,0.1585752770814372,544851.6413793104,0.16988416988416988,89,0.16216216216216217,0,-1
0x3aa20f1ed93994228f0a4b7fea87099f1bc5ebb3,usdc,1,0.0003266666666666667,0.00049,3.0,3.75,224.99999999999997,5400.0,16.0,1.0,1,1.0,1,2
0x1daff6283dc05594f7ebe1839213227d04d55dc6,usdc,140,91666.80676136845,160002.598048,0.1357142857142857,9.423556112812862e-05,0.005654133667687717,0.13569920802450522,636702.3157894737,0.0006702412868632708,16,0.0020107238605898124,0,-1
0x92bee5ddbd3fd3732d69431fa620b386c8e291ae,usdc,85,14524.458917848486,7870.0,9.705882352941176,0.006731550655530642,0.40389303933183857,9.693432943964124,8913.25090909091,0.0742260350615442,527,0.04923535994032078,0,-1
0x412ffff0c350efcb41dc060617de5ba8648ea0b3,usdc,1,0.00029225,0.000668,4.0,0.1680672268907563,10.084033613445378,242.0168067226891,357.0,0.4,2,0.2,0,-1
0xcc2cbeca37ff8fb3b3c4a4fd32d6645dc581b6c4,usdc,211,142.21247716,0.0,0.35545023696682465,0.00024635137194721376,0.014781082316832828,0.35474597560398785,243554.56,0.04674457429048414,44,0.045075125208681135,0,-1
0x6a8c79a360bc0d084b088d8fa4cdc542429a1cc4,usdc,62,738.3275568469387,0.0005,1.5806451612903225,0.0010961944156724483,0.06577166494034689,1.5785199585683254,54734.816326530614,0.33112582781456956,73,0.026490066225165563,0,-1
0x4006c73d0160ccd42e04b0665176dd570222f289,usdc,99,16116.281422351429,0.00011,3.5353535353535355,0.0024475935260451923,0.14685561156271154,3.524534677505077,24513.874285714286,0.22932330827067668,111,0.03853383458646616,0,-1
0x1a2f7d35c835ceb154885da66d374a87b24c7239,usdc,207,28093.616047440595,0.0,2.927536231884058,0.0020303017510850054,0.12181810506510031,2.9236345215624078,29552.257425742573,0.06846846846846846,533,0.03183183183183183,0,-1
0xd90b07587120616d3050e0976c77fe550d4d6785,usdc,83,58892.26712875324,58225.350582,0.927710843373494,0.0006381388225427097,0.038288329352562586,0.9189199044615021,94023.42857142857,0.09090909090909091,31,0.19318181818181818,0,-1
0xeb76258fff5abcd47e18ec8b85cb316635b421c2,usdc,22,0.0011866666666666664,0.0002,0.6818181818181818,0.0004721762287599393,0.028330573725596355,0.6799337694143126,127071.2,0.23529411764705882,12,0.11764705882352941,0,-1
0xc7b9cf39ceff038209cc1b430121e11bad8b77b8,usdc,583,959.2688508252597,0.0,0.9914236706689536,0.0006875263918543586,0.041251583511261514,0.9900380042702764,87269.37716262975,0.21021021021021022,323,0.13663663663663664,0,-1
0x2d09d92bd20c6980cd22b32bb7f3c0ac198d4814,usdc,309,2585.475720769231,0.0,4.375404530744337,0.0030295547406033385,0.1817732844362003,4.362558826468807,19804.890532544377,0.29056603773584905,990,0.11320754716981132,0,-1
0x5ab50d428e9b4b7a41c0dfe6d30a0faa6c1eed76,usdc,33,510.0450076818182,120.990169,0.6666666666666666,0.00045007999148939654,0.027004799489363792,0.648115187744731,133309.63636363635,0.0,0,0.06521739130434782,0,-1
0x58f22b0df1f5213604e290565683fbefe4d39cff,usdc,17,0.00038641666666666664,0.000188,8.470588235294118,0.005556027131932494,0.3333616279159497,8.000679069982791,10799.083333333334,0.9795918367346939,70,0.06802721088435375,0,-1
0xc83a11eb12f48146b2264cbb56759007bd6648ff,usdc,27,0.00053,0.00072,0.1111111111111111,7.603907394546478e-05,0.004562344436727887,0.10949626648146928,789068.0,1.0,1,0.6666666666666666,1,2
0xcfd59c0f530db36eea8ccbfe744f01fe3556925e,usdc,25,0.7753607368421053,0.125,0.76,0.0005093260276322774,0.030559561657936638,0.7334294797904793,117802.73684210527,0.0,0,0.0002,0,-1
0xb7e60762d1edd21e8946abb72c3fd875bc53effb,usdc,9,166666666.66677332,250000000.0005,1.6666666666666667,0.001067251045906025,0.0640350627543615,1.5368415061046758,56219.2,0.16666666666666666,5,0.3888888888888889,0,-1
0x01483dcfc7a76a34a9e53e58c8a73dac3408e692,usdc,6,0.0050436656023839935,12.060257,783.0,0.47540021452712955,28.52401287162777,684.5763089190666,126.20945083014048,0.0138,4698,0.0001,0,-1
0x657a135d3fb6ce721b41aba704baed665175a1fa,usdc,220,7219.199228,0.0,0.16363636363636364,0.00011347288817499031,0.006808373290499419,0.1634009589719861,528760.6666666666,0.07865168539325842,24,0.056179775280898875,0,-1
0x9701dbf668fc433f6018c283b12ce86a83de260b,usdc,181,0.00017395063985374773,0.0,3.022099447513812,0.0020974923654345527,0.12584954192607317,3.020389006225756,28605.586837294333,0.916058394160584,463,0.016423357664233577,0,-1
0x4afc6c4a59c22650e9c06137e864ce2c9220edae,usdc,1,574.1860349210526,0.04,38.0,0.017664559315730757,1.0598735589438453,25.43696541465229,3396.6315789473683,0.4,17,0.35555555555555557,0,-1
0x07a1b5fd7ac91d32e90eff09c30553dc65feeb61,usdc,1,231.19402333333335,346.791035,3.0,0.015306122448979591,0.9183673469387755,22.040816326530614,3920.0,0.0,1,0.11538461538461539,0,-1
0x6f754370cef4c943d56cb769468950f7988ebdd3,usdc,1206,3641.4984935838934,0.0,0.12354892205638475,8.576702544529204e-05,0.005146021526717523,0.12350451664122053,699569.5570469799,0.017758046614872364,75,0.03218645948945616,0,-1
0x7616281730931edfa6096fadb3588551c6807e20,usdc,95,6660.310987692307,0.0015,0.1368421052631579,9.403948790435173e-05,0.005642369274261104,0.13541686258226646,638029.8461538461,0.0072992700729927005,6,0.025547445255474453,0,-1
0xebd31bfd11f327adcfc05933fe01f4d986d4566b,usdc,34,44486.524869125,32925.272994,0.23529411764705882,0.00015936508948349775,0.009561905369009865,0.22948572885623675,376494.0,0.004310344827586207,5,0.017241379310344827,0,-1
0x7288e66223254994243ec9666fdcf5df255a7785,usdc,277,3119.9743472389378,0.0,0.40794223826714804,0.000282991839817603,0.01697951038905618,0.4075082493373483,212020.24778761063,0.3277310924369748,61,0.3025210084033613,0,-1
0xe4dc316fa61da51654583c08f721f7a1d9fa6136,usdc,403,20870.576792134965,0.0005,0.4044665012406948,0.0002803350950301575,0.016820105701809453,0.40368253684342686,214029.57055214723,0.0054,97,0.0054,0,-1
0xd23086c4e450caaf55704ebc03875a04b4716ca2,usdc,243,15.04202475586854,2.233966,0.8765432098765432,0.0006077816597176012,0.03646689958305608,0.8752055899933457,98719.66197183098,0.016724336793540944,0,0.0017301038062283738,0,-1
0xa9331485252be1a916aa1e7854596c9ac0a04926,usdc,302,2064.456378,548.206515,0.5463576158940397,0.0003792118369251206,0.022752710215507236,0.5460650451721737,158222.9090909091,0.01597565614302016,99,0.007607455306200076,0,-1
0xd1be514ba2b8f8394f4cd4016e91dea692b1fc04,usdc,49,126723.26685329707,13149.65,87.65306122448979,0.06016484747966022,3.6098908487796133,86.63738037071072,997.2600698486613,0.1485,3347,0.05,0,-1
0xc8376d00be549049c31456d5a8152d36abf648ff,usdc,1,0.0081,0.009,4.0,0.0014219694276573053,0.08531816565943832,2.0476359758265197,42195.0,0.0,2,0.5,0,-1
0x90c40bfacf95425a69147f09a64c191f4dc90135,usdc,270,478.9526260240964,6420.404887,0.3074074074074074,0.0002130580452258056,0.012783482713548336,0.30680358512516004,281613.3975903614,0.010752688172043012,23,0.5806451612903226,0,-1
0x62dcf69ffa6c1f2340bff3a688f4523dc89b93ef,usdc,643,1752.9769735045043,79.60055,0.17262830482115085,0.00011974112615774026,0.0071844675694644165,0.17242722166714597,501080.97297297296,0.018571428571428572,33,0.05142857142857143,0,-1
0xe64c9307a52bdedf05868cc7ade71dda7cac10a4,usdc,304,533800995047014.06,8323.0,1.3223684210526316,0.0009163600355784762,0.05498160213470857,1.3195584512330056,65476.44776119403,0.019317714755445952,269,0.02836004932182491,0,-1
0x2a72bf478bf09ad0e82ca255fb1bb3ed0b3fa1ac,usdc,367,1939.7878318662702,2000.598178,3.667574931880109,0.002541751958244265,0.15250511749465592,3.660122819871742,23605.765230312034,0.24373201808466913,731,0.09782161939991779,0,-1
0x423f9e67ac945b988e6592a8fee96e970deef602,usdc,2,8000.0,8000.0,1.5,0.0008887308922858159,0.053323853537148955,1.2797724848915748,67512.0,0.0,2,0.6666666666666666,0,-1
0xf2d4773d8c9c2962fc39d7cd01786be6a16602f1,usdc,27,2951.1210194210526,6006.329633,2.814814814814815,0.0018887618668919927,0.11332571201351956,2.7198170883244694,31766.842105263157,0.026713124274099883,48,0.029036004645760744,0,-1
0x29888778c12a61b84a1be3089fcbf284dfbb6bee,usdc,340,239.3838152,100.0,0.07352941176470588,5.091664212484516e-05,0.0030549985274907097,0.07331996465977704,1178396.64,0.0,12,0.021551724137931036,0,-1
0xcdb7f6ead1239f575dbd967af5ab47887718f43c,usdc,55,13986.383295382133,20000.0,14.654545454545454,0.01005832832080826,0.6034996992484957,14.483992781963893,5965.205955334987,0.08628127696289906,740,0.00819672131147541,0,-1
0x346fbfd4acc8406871349c26e0b32755606bf657,usdc,122,16249.325113278537,34000.0,3.5901639344262297,0.002488825853786595,0.1493295512271957,3.5839092294526966,24107.753424657534,0.013797240551889621,345,0.009598080383923215,0,-1
0x13e46c0bbe6f6042e0479b020b09a188d6469cc8,usdc,757,53908355804779.03,2607.0,0.9801849405548216,0.0006800575061026454,0.040803450366158726,0.9792828087878094,88227.83288409704,0.05083675402589201,544,0.04515314177455005,0,-1
0xd21e0def4a7c5998723ad183abdb6c80ab9c8326,usdc,15,30428.516996615894,27028.0,10.066666666666666,0.006790056838621483,0.40740341031728905,9.777681847614936,8836.450331125829,0.2345679012345679,137,0.024691358024691357,0,-1
0xb33bfc3fbcd135bdf647eae5ed0c05501146a52e,usdc,1,2426.7166122092176,304.129187,1649.0,1.1395991706979958,68.37595024187975,1641.0228058051139,52.65009096422074,0.0,1007,0.004400880176035207,0,-1
0xd8a5b26a19e26136807bb593aa5837beaeece985,usdc,48,0.0,0.0,0.125,8.535481998668464e-05,0.0051212891992010795,0.1229109407808259,702948.0,1.0,0,0.16666666666666666,0,-1
0xbc34da9c98272e7933188dddfe287d9fa51119d0,usdc,364,31873.853517545125,20.0,2.282967032967033,0.00158144197820693,0.09488651869241582,2.2772764486179797,37940.05776173285,0.16842723004694835,516,0.07981220657276995,0,-1
0x09ccbfdfa90244654a16ce234d067629b272e65c,usdc,105,71802.28571428571,49000.0,0.06666666666666667,4.6279890197654796e-05,0.002776793411859288,0.0666430418846229,1296459.4285714286,0.0,0,0.00909090909090909,0,-1
0xce24345a79e9511d9ddb753d701b0a192fcdaa65,usdc,206,238.92731611842106,190.821839,0.36893203883495146,0.00025503441286715725,0.015302064772029438,0.3672495545287065,235262.36842105264,0.011627906976744186,38,0.046511627906976744,0,-1
0xac75e4eb86914e3313e6e02bd58680c789038361,usdc,202,571.3394523163266,900.18,0.48514851485148514,0.0003368811270254978,0.020212867621529868,0.4851088229167168,178104.3673469388,0.0011,36,0.0029,0,-1
0x6a3bcb82ce0a6156b2844565907da9f23152eff9,usdc,68,101855.6688810727,0.0007,0.8088235294117647,0.0005581580378816787,0.03348948227290072,0.8037475745496172,107496.43636363637,0.13953488372093023,8,0.06395348837209303,0,-1
0x8a93efaed2a18d0b804dce445642e840d0af4e22,usdc,6,15699.542887736845,0.001,6.333333333333333,0.004117366618991895,0.24704199713951372,5.9290079313483295,14572.421052631578,0.06382978723404255,31,0.14893617021276595,0,-1
0x0dfd53ccd03d7e34bc8d221b14449e0853341109,usdc,28,774.6312704285714,2300.0,0.25,0.00016970272930475218,0.01018216375828513,0.2443719301988431,353559.4285714286,0.0,4,0.039603960396039604,0,-1
0xcc422a3dc103b7a56247b8ac3b50f9b466092ebd,usdc,27,3675.9597997571427,0.0,5.185185185185185,0.0035531552018192155,0.2131893121091529,5.11654349061967,16886.4,0.2422360248447205,119,0.043478260869565216,0,-1
0x3c43aa8e525d0ca2fab672cd55f79de777295e99,usdc,1226,409.5420748387096,8.92,0.02528548123980424,1.7552308994924212e-05,0.0010531385396954527,0.025275324952690865,3418353.6774193547,0.0,16,0.03768844221105527,0,-1
0xca8403ef456867a4db7e0499fede440f0cc8634f,usdc,1,0.07904961819956086,32.342591,4099.0,1.8978609130475041,113.87165478285026,2732.9197147884065,31.61454013173945,0.0,4096,0.0002,0,-1
0xfeae338613277275bd602cca465561363908ba69,usdc,190,218.05953885714285,500.0,0.7736842105263158,0.0005350937797350158,0.03210562678410095,0.7705350428184227,112129.87755102041,0.105,91,0.125,0,-1
0x609d1afa1d9421c1481a3f67548c6d3c9886a422,usdc,329,3215.821685058182,0.001,0.8358662613981763,0.0005804484692624041,0.03482690815574424,0.8358457957378619,103368.34909090909,0.15433070866141732,132,0.12598425196850394,0,-1
0x32a3118e4d3c347392f6e9f5a3ace2bf390c782a,usdc,1,0.07869066876687669,47.944537,2222.0,3.1164095371669003,186.98457223001404,4487.629733520336,19.252925292529252,0.00032938076416337287,2221,0.00032938076416337287,0,-1
0x61404332d36f05d012cc57a4e687c724182852df,usdc,1454,30639.99483875482,6000.0,0.6423658872077029,0.00044603612731854516,0.026762167639112707,0.642292023338705,134518.25160599573,0.05768783438008839,582,0.044428936962084206,0,-1
0x090c00d88dfc693b3d989a1fc77790fe01206631,usdc,22,160134.5,0.0,0.36363636363636365,0.00025115689143115474,0.015069413485869286,0.36166592366086286,238894.5,0.005952380952380952,5,0.008928571428571428,0,-1
0x035682df603e1549304f44407acd36ba3d9b81cc,usdc,313,12217124784094.178,1020.0,0.24281150159744408,0.00016830811369124496,0.010098486821474698,0.24236368371539277,356489.05263157893,0.018018018018018018,48,0.015444015444015444,0,-1
0xacb50947b015ba550b8f733470738ecb56dc32c1,usdc,608,96633.23263353847,0.000609,0.04276315789473684,2.9683557295773128e-05,0.0017810134377463877,0.042744322505913306,2021321.076923077,0.009693053311793215,15,0.01615508885298869,0,-1
0x084168cfc2ee490d31ed21eac0bb386ce8ef4ffe,usdc,313,18097.86895588172,0.0,11.29073482428115,0.007816930755353514,0.4690158453212108,11.25638028770906,7675.646859083192,0.22731201382886776,1522,0.034248055315471045,0,-1
0x20c5948a899c1aa3cb3e62316fe73ae11bb1fba5,usdc,126,40602.86934493479,0.000101,0.36507936507936506,0.0002518420052755425,0.015110520316532552,0.3626524875967812,238244.60869565216,0.2537313432835821,15,0.2537313432835821,0,-1
0x269a9052c92124460a9b6f4427d71a9b9a70cf30,usdc,503,9270.654458671466,50000.0,1.5188866799204772,0.0010536521320595727,0.06321912792357436,1.5172590701657847,56944.79057591623,0.12019491066594477,624,0.05360043313481321,0,-1
0x9214578bca64040a4c7b45517c9201367856c33d,usdc,41,0.0004714285714285714,0.0004,0.6829268292682927,0.00047317759030932293,0.028390655418559375,0.6813757300454251,126802.28571428571,0.9655172413793104,14,0.06896551724137931,0,-1
0xa7a5f5decb78682de9ed61bbfa127f9e73879f20,usdc,130,1151.7666893088237,0.0,0.5230769230769231,0.00036083956754439126,0.021650374052663474,0.5196089772639234,166278.88235294117,0.06926406926406926,41,0.06493506493506493,0,-1
0xc83aa21b41d6909bcfeffe06c0fe60cd49c648ff,usdc,35,0.005880000000000001,0.0072,0.14285714285714285,9.762841064852602e-05,0.00585770463891156,0.14058491133387743,614575.2,0.2,3,0.6,0,-1
0xc3e537626476fba585ad3112d94f567b8904df98,usdc,14,0.06737423318742539,167.997226,179.5,0.12167016877923134,7.30021012675388,175.20504304209314,493.1364902506964,0.1918,2513,0.0001,0,-1
0xa4cca98ea7a48223e135d77d889266c6de22c3ad,usdc,67,1142174.1434620612,30000.0,44.791044776119406,0.030748517902994113,1.8449110741796466,44.27786578031152,1951.3135621459514,0.072,1573,0.055,0,-1
0x7ba8768c0ec7a30fbdb6b3759c13996c2bd4ea9e,usdc,61,5638.879484272727,0.000165,0.5409836065573771,0.0003753565887593214,0.02252139532555928,0.5405134878134228,159848.0,0.03337969401947149,21,0.005563282336578581,0,-1
0x7fe0549b69c31fe92404b94ac95428a6d482b37a,usdc,181,3654.98446496875,1e-06,0.17679558011049723,0.00012225069644693633,0.0073350417868161795,0.1760410028835883,490794.75,0.005219206680584551,20,0.0041753653444676405,0,-1
0x20820110857068c1a6b82ddd2e45048dfb496952,usdc,26,3067.3142335494504,0.0001,3.5,0.0023644593183081903,0.1418675590984914,3.4048214183637944,25375.78021978022,0.1647940074906367,45,0.08239700374531835,0,-1
0x52f4cdc68fd724355a6196947c77b148c309748a,usdc,1230,974.3201249761905,0.0001,0.03414634146341464,2.370539990101867e-05,0.0014223239940611202,0.034135775857466875,2531068.880952381,0.009345794392523364,20,0.07476635514018691,0,-1
0xa34d432bf17e8941a4fa29bd362f4bbd92ceb56d,usdc,69,11087.828434774547,0.001,3.9855072463768115,0.0027337179757365134,0.16402307854419082,3.9365538850605795,21948.13090909091,0.031335149863760216,127,0.020435967302452316,0,-1
0x79966c4c59ae000d04c9ae88e2317a9a24c5c713,usdc,41,5577.44075650296,0.000311,4.121951219512195,0.0028393912613953673,0.17036347568372207,4.088723416409329,21131.289940828403,0.21204188481675393,50,0.112565445026178,0,-1
0xbcad16f5baee6cd1f46acce4b8de8a62f35aa8dc,usdc,98,1542.3355305,594.697217,0.08163265306122448,5.6236406606090684e-05,0.0033741843963654415,0.08098042551277058,1066924.5,0.0,4,0.0189873417721519,0,-1
0x9f8fbb6ac9f1774563c791fd505f5b2a92ae84b9,usdc,9,2940.000561,0.0,1.1111111111111112,0.0007454231021527818,0.04472538612916691,1.073409267100006,80491.2,0.029411764705882353,6,0.049019607843137254,0,-1
0xcb434c225dad90c3454753292f9868e8b93f1230,usdc,1395,34395548828004.996,0.0,1.4172043010752688,0.00098399680422525,0.059039808253515,1.41695539808436,60975.80778958017,0.05393586005830904,1159,0.052964042759961125,0,-1
0xbab44c5363c4111b4f062e60d325b8f1b312afdc,usdc,531,1427.1811593644068,500.0,0.2222222222222222,0.00015406646688511028,0.009243988013106616,0.2218557123145588,389442.30508474575,0.013513513513513514,54,0.17567567567567569,0,-1
0x50eb8a98da571bcd2889de6c86d466fbe16fdf22,usdc,357,1238.391886857143,0.0,0.0196078431372549,1.3610071452875128e-05,0.0008166042871725076,0.01959850289214018,4408500.0,0.0015220700152207,4,0.0060882800608828,0,-1
0xe0fdd671013cf687aec5d0263af98da2f617bd86,usdc,272,7972758230915.303,0.0,3.238970588235294,0.0022428431409987144,0.13457058845992287,3.229694123038149,26751.759364358684,0.3299595141700405,581,0.13562753036437247,0,-1
0x5422db6fc4628c8b345d34b696358d18a8249ca0,usdc,64,0.7272727272727273,1.0,0.171875,0.00011764705882352942,0.007058823529411765,0.16941176470588235,510000.0,0.23076923076923078,8,0.3076923076923077,0,-1
0x9d2bbb13e006105dd4327f3edbb5f17902b26037,usdc,12,0.02666666666666667,0.035805,0.5,0.00034190371991247264,0.020514223194748358,0.49234135667396056,175488.0,0.0,4,0.5,0,-1
0xec556d368c51ed7508c3d1a8a2af364b8359b64a,usdc,66,43.067750341772154,15.897605,1.196969696969697,0.0008195071753558632,0.04917043052135179,1.180090332512443,73214.73417721518,0.03409090909090909,41,0.09090909090909091,0,-1
0x110c59c06cd2bbdf3433875c77e1f41283d8da17,usdc,424,37363.87020606882,152241.0,2.2617924528301887,0.0015706732537765767,0.0942403952265946,2.26176948543827,38200.17935349322,0.06177113702623907,713,0.023870262390670555,0,-1
0xf87e0076f869f6bdb453c52c2a8d9cae96205e7c,usdc,23,228.09696008,400.0,1.0869565217391304,0.0007513644778918516,0.0450818686735111,1.0819648481642663,79854.72,0.0,10,0.21428571428571427,0,-1
0xc539c82df3d9ad21cfbb916fd2f664fa0e4f6e49,usdc,34,5689.3177106855055,0.000647,56.205882352941174,0.03859343002896022,2.3156058017376133,55.57453924170272,1554.668759811617,0.13672654690618763,1375,0.1317365269461078,0,-1
0x24fd0cf7ae17d45ee0adf8dab710e74ef79f9dc0,usdc,1,0.09000000000000001,0.09,3.0,3.0,180.0,4320.0,20.0,0.0,1,0.09375,0,-1
0xfe440de0ed1b5235d956719d95529f7e6d434f46,usdc,45,0.0049700000000000005,0.000598,0.2222222222222222,0.00015228024437933618,0.009136814662760171,0.2192835519062441,394010.4,0.04597701149425287,5,0.022988505747126436,0,-1
0x5dd596c901987a2b28c38a9c1dfbf86fffc15d77,usdc,823,279306.7950542695,21011.22232,1.1385176184690158,0.0007904950270523091,0.04742970162313854,1.138312838955325,75901.80576307364,0.0003,453,0.0064,0,-1
0xaeb840e6a5c28c1a981942159b876a95fb2e8148,usdc,1632,146308724879690.94,377350.0,2.008578431372549,0.001394167977308378,0.08365007863850268,2.007601887324064,43036.42098840757,0.21526045487894352,1522,0.052090975788701394,0,-1
0x4f493b7de8aac7d55f71853688b1f7c8f0243c85,usdc,12,36276.581658765936,4960.863089,430.0833333333333,0.29614285550340264,17.76857133020416,426.44571192489985,202.60492152683588,0.0001,2740,0.0104,0,-1
0x8c0f4f555599326f8e2f16695970c05cb693f327,usdc,24,181.8793181818182,396.026194,0.4583333333333333,0.00030572370359253145,0.018343422215551887,0.44024213317324534,196255.63636363635,0.0,5,0.03773584905660377,0,-1
0xd3b01310dd20793dfa6265bcb1020df793fbf48d,usdc,105,22669.151790319083,68734.0,32.53333333333333,0.02258694585612856,1.3552167513677136,32.52520203282513,2656.401639344262,0.1057,2064,0.0673,0,-1
0x009a8dbad7000f0000009b002d050058ca881b57,usdc,4,27.125508252808988,54.564638,44.5,0.026818537937684565,1.609112276261074,38.61869463026577,2237.258426966292,0.0,89,0.0037,0,-1
0x13513a4a3b2d711e3fe87fdfe279ab664e421922,usdc,1,0.1321639080291971,63.004339,1370.0,2.837613918806959,170.25683512841755,4086.1640430820216,21.144525547445255,0.0010282776349614395,1369,0.0005141388174807198,0,-1
0xbb7bff114a6b61689d2fea794fb7d6371c8ec098,usdc,1,6.693974,0.0001,3.0,7.5,449.99999999999994,10800.0,8.0,0.16666666666666666,1,0.5,0,-1
0x07e9ae1938977c5987f15f2061a711172d96bf97,usdc,96,137863.98450612015,286214.66016,77.77083333333333,0.05364384396294795,3.218630637776877,77.24713530664505,1118.488079292794,0.2965,4450,0.0552,0,-1
0x97b0984e6d5b57ae64331a3ba0122cd6f5ea63e6,usdc,28,93624.33694233722,45496.0,3.0714285714285716,0.0020635575732562937,0.12381345439537762,2.971522905489063,29076.0,0.010647359454855196,44,0.013628620102214651,0,-1
0xeb7611195586fa0f7b57e7695c367bf6a69521c2,usdc,221,1202.7342554403974,0.0,1.3665158371040724,0.0009480494040473548,0.05688296424284129,1.3651911418281908,63287.84105960265,0.2672897196261682,187,0.07102803738317758,0,-1
0xbdd5c11ce077a65543b11d790d2865dcb4ee9676,usdc,64,9352.685943684206,0.000888,0.59375,0.0004122226175702297,0.02473335705421378,0.5936005693011307,145552.42105263157,0.011782032400589101,23,0.008100147275405008,0,-1
0xc91664b67345af49df77212fc515019df5fab4ad,usdc,807,7096312229945.249,27241.0,3.4609665427509295,0.00240221240924617,0.14413274455477018,3.459185869314484,24976.97529538131,0.125,1704,0.0429144385026738,0,-1
0x45d4f1c57c5c2a61367598fb0a00c5d582e75db6,usdc,1,0.12744566502463056,66.726363,1421.0,3.2561869844179654,195.3712190650779,4688.90925756187,18.42646023926812,0.000757002271006813,1420,0.0005046681806712087,0,-1
0xa398f4a301198603755c73dca568e6acc1618d1d,usdc,76,30365.70477097922,4509.91632,20.894736842105264,0.014371691026743292,0.8623014616045975,20.69523507851034,4174.8740554156175,0.08333333333333333,1177,0.0539485766758494,0,-1
0x6cb097b651b11e3e44240af1198bf6a54d4420f1,usdc,1267,90210.7060508872,129900.0,0.30781373322809785,0.00021363911554720866,0.012818346932832519,0.30764032638798045,280847.44615384616,0.13869625520110956,267,0.023578363384188627,0,-1
0x81499809d031bfb49a1b57a1e1a5bd341644db12,usdc,288,5505.508525425287,0.0,1.8125,0.0012552464250726095,0.07531478550435657,1.8075548521045577,47799.379310344826,0.04741921947125472,401,0.03524968527066723,0,-1
0xbdf8915d27d4222c28558fc9e04961807a4d32c3,usdc,1,0.11768797442455245,51.386653,1173.0,1.729068396226415,103.74410377358491,2489.8584905660377,34.70076726342711,0.0008361204013377926,1172,0.0005574136008918618,0,-1
0x229fb3b857d999c74ca09803eb7659308099da6a,usdc,275,15482.825389418034,6477.045331,0.44363636363636366,0.00030782615190059944,0.018469569114035963,0.4432696587368631,194915.2131147541,0.015250544662309368,75,0.009150326797385621,0,-1
0xd998d01d1e94ce97ed18af4438797ebee305acba,usdc,418,33802.016846220824,36806.369108,1.5167464114832536,0.0010528322516063166,0.06316993509637898,1.5160784423130957,56989.1356466877,0.00584469802393543,276,0.019482326746451433,0,-1
0x9fb1750da6266a05601855bb62767ebc742707b1,usdc,460,2517538079781874.0,0.0,4.397826086956521,0.0030525481911803536,0.18315289147082123,4.395669395299709,19655.709342560553,0.0402,1112,0.0106,0,-1
0xbd801461cc816b4d028ad1cc48f3c5d053b149af,usdc,12,0.04,0.068,0.3333333333333333,0.00022665457842248413,0.013599274705349048,0.3263825929283771,264720.0,0.0,2,0.75,0,-1
0x1c10c6dd9353fb440ffca0c1546d029c03688f20,usdc,1,0.0007606666666666668,0.000764,3.0,0.375,22.5,540.0,160.0,1.0,1,0.6666666666666666,1,2
0xe2cb13999b4a415673ab573c9e4a53600542df3c,usdc,351,63.81156672727273,122.726187,0.03133903133903134,2.172154714286617e-05,0.0013032928285719703,0.031279027885727284,2762234.1818181816,0.0,3,0.06956521739130435,0,-1
0x89b537d4e0de035303dc1bdae18394f7a6c15c36,usdc,13,1171.8359726637725,500.0,256.9230769230769,0.17343261571694135,10.40595694301648,249.74296663239556,345.9556886227545,0.0004,136,0.0002,0,-1
0xe11805efeca64fc8c6c694c010a08bc3adb53f8a,usdc,506,651.3157908780488,550.368747,0.08102766798418973,5.619779430510742e-05,0.0033718676583064456,0.08092482379935469,1067657.5609756098,0.021739130434782608,19,0.17391304347826086,0,-1
0x17c02069d6abedc646e1280112a1e3c3a7ab954b,usdc,85,4176.155254669173,0.001,1.5647058823529412,0.0010780753517930096,0.06468452110758058,1.5524285065819339,55654.73684210526,0.001834862385321101,64,0.012436289500509684,0,-1
0xc02376a83a1496d99e1e79e5511278ecca70577b,usdc,10,0.04571428571428572,0.134,0.7,0.00044625211969756854,0.026775127181854114,0.6426030523644987,134453.14285714287,0.0,3,0.7142857142857143,0,-1
0xbcc0f2d582125b7a6abc1aef1d3a6b782f7e6e38,usdc,409,76437.46350314855,52000.0,1.3496332518337408,0.0009372322648319554,0.05623393588991731,1.3496144613580157,64018.282608695656,0.09276248725790011,444,0.0417940876656473,0,-1
0xdf2868df50ac67950be49e3fabb1cf364cd5dd7e,usdc,584,152.86106229850745,41.0,0.11472602739726027,7.957600006841161e-05,0.004774560004104696,0.11458944009851271,753996.1791044776,0.0,42,0.010220125786163521,0,-1
0x98f0dafe1d9bd949c0382ef00b64bd94c0d0cff2,usdc,4,0.016185375000000002,0.000779,2.0,0.0011133997661860492,0.06680398597116295,1.6032956633079107,53889.0,0.3,5,0.4,0,-1
0xe5b4aaf2c9647a15aeda1c29cbebb7d4066b8a06,usdc,3,0.00040162499999999996,0.000893,5.333333333333333,0.0034466416785144975,0.20679850071086983,4.963164017060876,17408.25,1.0,8,0.3125,0,-1
0x69d2e03e2cc781de5152111ecdaec161a184e456,usdc,12,0.0008,0.0,0.4166666666666667,0.0002838071019889202,0.01702842611933521,0.4086822268640451,211411.2,0.3333333333333333,4,0.3333333333333333,0,-1
0x92a06176a9276e5267e2fb15d65fcf0e4c278333,usdc,1,4031.153333333333,11001.82,3.0,0.07389162561576354,4.433497536945813,106.4039408866995,812.0,0.0,0,0.05405405405405406,0,-1
0xd8a58192a0077dbfc480b2d9324b3d7163b1e985,usdc,12,1719.142857142857,2000.0,0.5833333333333334,0.00037405151223682807,0.022443090734209685,0.5386341776210324,160405.7142857143,0.0,7,0.0625,0,-1
0x0262492fa165caf79857ca4b93aac4f856f219a3,usdc,1,0.0005372857142857143,0.000493,7.0,0.13059701492537312,7.835820895522388,188.05970149253733,459.42857142857144,0.6666666666666666,2,0.4444444444444444,0,-1
0xd8746d9719fb96be42308b0eb9d9b8e91334e029,usdc,784,3364.4638289518075,166.374002,0.10586734693877552,7.349192359177521e-05,0.004409515415506512,0.10582836997215629,816416.2409638554,0.0018450184501845018,30,0.05719557195571956,0,-1
0xa9f8ffac5234da4b2bf39826117c9c716867abe4,usdc,195,193903.47813203078,123.0,2.3333333333333335,0.001614619152151063,0.09687714912906378,2.325051579097531,37160.465934065935,0.0,0,0.03980891719745223,0,-1
0xdbfc20a37c6eebe4e6bc426efb987fb6dffbdc46,usdc,5,8453.0003815,0.000168,2.4,0.0016245194130069854,0.09747116478041913,2.3393079547300593,36934.0,0.007100591715976331,5,0.009467455621301775,0,-1
0xad2a892ad25949d56c4ca7ba1c4d001114a56294,usdc,186,265.2685314545455,250.0,0.1774193548387097,0.00012291335949028947,0.0073748015694173686,0.17699523766601682,488148.7272727273,0.0,12,0.16666666666666666,0,-1
0x9cec13e916c2c2fbf732695f1b353cf574586cf5,usdc,1,0.00012925,0.000101,4.0,0.2,12.0,288.0,300.0,1.0,2,0.75,1,2
0x82f186cd467dc08a1a8e18fc9cb70f53a976c07f,usdc,242,3530.4189340000007,2.106332,0.045454545454545456,3.151853433084719e-05,0.0018911120598508315,0.04538668943641996,1903641.8181818181,0.0,4,0.0390625,0,-1
0x289e7dc2fce0bf56886ad1b14b5ed1cd0514546f,usdc,195,0.014936333333333331,0.012,0.03076923076923077,2.134526391284302e-05,0.001280715834770581,0.030737180034493945,2810928.0,0.0,3,0.11538461538461539,0,-1
0x30d15f1fdfbb56cff319e2f36bc989367d70294f,usdc,18,0.047919293820933184,37.298507,88.11111111111111,0.060509870052574154,3.6305922031544493,87.13421287570678,991.5737704918033,0.2759295499021526,1585,0.0003913894324853229,0,-1
0x908c057f2a6ecbbace4fafc5f9b7d50bb977060e,usdc,665,682.2517103333333,36.678352,0.009022556390977444,6.256309749061501e-06,0.0003753785849436901,0.009009086038648561,9590318.0,0.0,3,0.011428571428571429,0,-1
0xa9598463b0c647075695940485162c20c7c9bc7b,usdc,14,5912.627119999999,2862.5038,0.2857142857142857,0.00018623881403123226,0.011174328841873936,0.26818389220497446,322167.0,0.0,2,0.08571428571428572,0,-1
0x315b4b5e3d437ced571f530b9995f9465b0bade7,usdc,523,21064.53741840351,0.000913,0.1089866156787763,7.557468582144645e-05,0.004534481149286787,0.1088275475828829,793916.6315789474,0.007042253521126761,21,0.03990610328638498,0,-1
0x8b803ef3a19e7913d01470d4926b3ee6262d154b,usdc,126,10762.8065968,5001.73124,0.15873015873015872,0.00010950923436618793,0.006570554061971276,0.15769329748731062,547899.0,0.006802721088435374,9,0.07482993197278912,0,-1
0x37305b1cd40574e4c5ce33f8e8306be057fd7341,usdc,2,315836.029212071,405.323628,4706.0,2.4407447746486177,146.44468647891708,3514.67247549401,24.582660433489163,0.0009,6116,0.0242,0,-1
0x93b4168c99417c794785eb31e433ac86a5dfaa3d,usdc,38,327.2733151363637,0.000111,0.5789473684210527,0.0003918606970845564,0.023511641825073384,0.5642794038017612,153115.63636363635,0.015945330296127564,9,0.014806378132118452,0,-1
0x2c1861b4d3fccab363f90963fd4b4544cb578840,usdc,158,1092.3888294117646,0.0001,0.10759493670886076,7.445977245093538e-05,0.004467586347056123,0.10722207232934695,805804.2352941176,0.05263157894736842,15,0.15789473684210525,0,-1
0x8c013b30c10fdfefe173a4bbf20000f2715edbfe,usdc,1,38837.26872771698,1635.588382,53.0,0.44388609715242877,26.633165829145728,639.1959798994975,135.16981132075472,0.28,23,0.12,0,-1
0x2347a9c1cc99fd758d3d0f33fdcbea3209c31bfc,usdc,1,0.03790101098901098,0.05,91.0,0.23710265763418448,14.226159458051068,341.42782699322566,253.05494505494505,0.0,46,0.03503184713375796,0,-1
0x216384ce57151ceecd7c65d294808342aed41933,usdc,226,16567.053262455196,0.0,1.2345132743362832,0.0008535299735864595,0.051211798415187575,1.2290831619645017,70296.30107526881,0.1902071563088512,182,0.11299435028248588,0,-1
0x6120e8a4919d1306b630bb66a891166e4bc7c95c,usdc,1,0.7417758770491806,85.952758,244.0,1.6968011126564673,101.80806675938804,2443.393602225313,35.36065573770492,0.0,243,0.0026666666666666666,0,-1
0x5ec29cb2b4878ca85f8e90a3713127c5704d8298,usdc,13,0.03872294746215495,42.75836,172.76923076923077,0.11911833340404769,7.147100004242861,171.53040010182866,503.7008014247551,0.27693446871529065,2245,0.0002468221646303838,0,-1
0x2b22d2cfadbec7740889748be09493608f8e176e,usdc,3,0.00918315183709606,12.972616,753.0,0.4422128259337562,26.53276955602537,636.7864693446089,135.6812749003984,0.0,2259,0.0001,0,-1
0x38aec2139633db0daf40fefb4c5d9c938cd832ed,usdc,1362,673344632857699.1,0.000249,0.3898678414096916,0.0002707002579800648,0.016242015478803884,0.3898083714912932,221647.3691148776,0.030593725693544207,365,0.02566761731915997,0,-1
0xf61ccb7e1a1901428d0ec5dbdfa63b991b9c4b15,usdc,728,5105667.402126926,0.0,0.12912087912087913,8.958250739532188e-05,0.005374950443719314,0.12899881064926352,669773.6170212766,0.002085195114685731,33,0.006255585344057194,0,-1
0x42de802ecf4fb487052c2e3b210844c540c98499,usdc,63,2330.843220471622,1000.0,35.23809523809524,0.02430117696511139,1.4580706179066836,34.99369482976041,2469.0162162162164,0.0,0,0.0509009009009009,0,-1
0x1b9da6a404df58c6bef6336e207c92b0d330bea2,usdc,251,95.5709552631579,145.909642,0.15139442231075698,0.00010508803058393547,0.006305281835036128,0.1513267640408671,570949.8947368421,0.014285714285714285,16,0.04642857142857143,0,-1
0xd8a5ef3e62fa03091ea893cb30f292a756c3e985,usdc,169,2.962962962962963e-05,0.0,0.15976331360946747,0.00011048765157268941,0.006629259094361364,0.15910221826467277,543047.1111111111,0.627906976744186,4,0.09302325581395349,0,-1
0xcb21804f7e6e8000c9b5a19ea0724f907a253ccb,usdc,40,2919.959326958904,3200.0,1.825,0.0012456360080949278,0.07473816048569566,1.7937158516566958,48168.16438356164,0.01107011070110701,41,0.01937269372693727,0,-1
0xbee04fb5981593986f38e27c99f7b4044481135b,usdc,143,1081.9029727358493,918.0,0.7412587412587412,0.0005114423155792085,0.030686538934752504,0.7364769344340601,117315.28301886792,0.31125827814569534,56,0.25165562913907286,0,-1
0x82d2fe1072b1022d377f1e123a6e458782e5b5d4,usdc,35,220.512294972973,563.232334,1.0571428571428572,0.0007281285914450794,0.04368771548670477,1.0485051716809144,82403.02702702703,0.059782608695652176,21,0.06521739130434782,0,-1
0x4e13a67181efe34e1cad6f2005980c479034132e,usdc,313,865.6762722857142,403.565137,4.60702875399361,0.0031947423668477024,0.19168454201086213,4.600429008260691,18780.85714285714,0.0014251781472684087,748,0.00665083135391924,0,-1
0xa7ae0e2a01cc05ca384faef003fe9d202964057a,usdc,12,0.02537395446584939,0.000333,47.583333333333336,0.032263168005785894,1.9357900803471537,46.45896192833169,1859.705779334501,0.292384658143413,570,0.0011117287381878821,0,-1
0x7f33300f4bc4bbe99dae6d8df5ff3aac2800221a,usdc,1813,29100.402836444442,1.44068,0.004964147821290678,3.4457632493537236e-06,0.00020674579496122338,0.004961899079069361,17412687.888888888,0.00303951367781155,4,0.0182370820668693,0,-1
0xfc7e1822c02493e78a38280c8681290eb5d68fea,usdc,370,20704.884680813728,164900.0,3.0324324324324325,0.0021050972622478387,0.1263058357348703,3.031340057636888,28502.245989304814,0.18853820598006646,479,0.08803986710963455,0,-1
0x06ebe93cfabf7f4f0f52146f0ffb8e589147a4a2,usdc,3,0.04955555555555555,0.05,60.0,0.038114597890992245,2.286875873459535,54.885020963028836,1574.2,0.0,90,0.033182503770739065,0,-1
0x9286f05c159dd9fd989bd1bbb5fd7d5f38551012,usdc,342,629.597559633721,10.157202,0.5029239766081871,0.00034825921014001234,0.020895552608400744,0.5014932626016178,172285.46511627908,0.0011198208286674132,85,0.02463605823068309,0,-1
0xf2582c7d760f6a634926433ace8e5dd700a4a987,usdc,1445,40822.87259315001,0.01,0.01384083044982699,9.605964843081241e-06,0.0005763578905848744,0.013832589374036988,6246119.05,0.012658227848101266,8,0.04430379746835443,0,-1
0x7476d1e9659a49b92c3f65f0a6de00a18fc3d6fa,usdc,2170,6054.0578942,9.124343,0.0069124423963133645,4.799070797513424e-06,0.00028794424785080546,0.006910661948419331,12502420.266666668,0.0,7,0.006951340615690168,0,-1
0x11c7d5699eca3ce65264903606a37700aeaf92da,usdc,731,100.2775025,1.0,0.01094391244870041,7.596783977470978e-06,0.00045580703864825866,0.010939368927558209,7898079.0,0.0,5,0.04081632653061224,0,-1
0x099a1caaf8cc2870c3f9acf3e47edb7bad58531a,usdc,3,0.07934707698675497,14.506609,1208.0,0.8196869628155252,49.18121776893151,1180.3492264543563,73.19867549668874,0.0003,3621,0.0002,0,-1
0xe639b635075d7c2f97935c46136c5a67795e9f3a,usdc,374,2017.2043831155063,4092.859308,1.6898395721925135,0.001170617934385383,0.07023707606312297,1.6856898255149515,51254.98101265823,0.048884165781083955,566,0.030818278427205102,0,-1
0x999c93771c8ed62140c0cbcef6cabc94b6e0a468,usdc,146,637.7587938749999,0.000111,0.0547945205479452,3.783557792899397e-05,0.0022701346757396383,0.054483232217751316,1585809.0,0.0017452006980802793,3,0.010471204188481676,0,-1
0x563dddc0a72026b02e00ab31789ad882f9cd8d34,usdc,142,15275.620368760869,10139.0,0.323943661971831,0.00022465303315781092,0.013479181989468656,0.3235003677472478,267078.52173913043,0.0,0,0.1702127659574468,0,-1
0x340551f75694a1ef00fb7f4de52110af655ad392,usdc,325,177834.67016610526,0.000275,0.05846153846153846,4.047698074105257e-05,0.0024286188444631535,0.05828685226711569,1482324.0,0.0967741935483871,10,0.14516129032258066,0,-1
0x0455092b6d9518185cffa24b92e6ef6466e388f9,usdc,58,0.0008875,0.00015,0.13793103448275862,9.422406482615661e-05,0.005653443889569397,0.1356826533496655,636780.0,0.14285714285714285,4,0.10714285714285714,0,-1
0xb838f5858505519bd31591ae60362f4cee481df6,usdc,1370,9090909092905.31,0.0001,0.02408759124087591,1.6723908749117083e-05,0.0010034345249470252,0.024082428598728604,3587678.0303030303,0.21739130434782608,26,0.10869565217391304,0,-1
0xe03f12ec32be471a3e0fdededf1dda1dfde20205,usdc,184,32443.647555000003,35016.29511,0.021739130434782608,1.5074804950867441e-05,0.0009044882970520464,0.021707719129249115,3980151.0,0.0,2,0.02857142857142857,0,-1
0xb4fbdbc8371a1a3ad3b92012c7a3cdad807b6641,usdc,432,22289.75373561178,9990.0,2.122685185185185,0.0014711388860991976,0.08826833316595184,2.118439995982844,40784.728462377316,0.0017,485,0.0063,0,-1
0x7b04115d92fab350738d85b5c3fae0b514c98e63,usdc,13,0.002719,0.00119,0.6153846153846154,0.00041315911790528327,0.024789547074317,0.5949491297836079,145222.5,0.0,4,0.024390243902439025,0,-1
0x69ac7188ecb2e00b50e6e408c877acaba2b9b848,usdc,628,45.70179248275862,10.09,0.04617834394904458,3.2057843846905886e-05,0.0019234706308143533,0.04616329513954447,1871616.8275862068,0.017241379310344827,11,0.07471264367816093,0,-1
0x04fea88342b6aa1206d3db646268c6efdb961dbf,usdc,569,2009.5078898666666,1657.0,0.05272407732864675,3.658147572599597e-05,0.002194888543559758,0.052677325045434195,1640174.4,0.0,15,0.18181818181818182,0,-1
0x604c7aeb26ad62ff08f12a6a601de3a9ebf9a887,usdc,225,1.4001647382301944e+16,0.000111,0.35555555555555557,0.00024619884372713047,0.014771930623627827,0.3545263349670678,243705.45,0.10970464135021098,62,0.05485232067510549,0,-1
0x3670a79bb2125c339184b79452679faa71f85270,usdc,2,0.00016967741935483875,0.000205,15.5,0.01037274978250686,0.6223649869504115,14.936759686809879,5784.387096774193,1.0,16,0.25806451612903225,0,-1
0x1e866ae454a991e1a43740b4530b613bd9272a24,usdc,819,1172.5751488,1.0,0.006105006105006105,4.2363252691210356e-06,0.00025417951614726213,0.006100308387534291,14163218.4,0.0,2,0.06779661016949153,0,-1
0xe4ea1272ec6e48859b5fee054bba61e6516d99ee,usdc,293,973.0994692972974,0.0,0.2525597269624573,0.00017525486557241318,0.01051529193434479,0.252367006424275,342358.54054054053,0.25153374233128833,43,0.09815950920245399,0,-1
0xec871498896042203244e68024ef8a8fc9583ee8,usdc,53,0.0006091874999999999,0.000839,0.3018867924528302,0.00020864467030230006,0.012518680218138003,0.30044832523531206,287570.25,0.06557377049180328,8,0.00819672131147541,0,-1
0xf493735464affee02f4f9df3448abeb4e935742c,usdc,1,94.05263,235.131575,5.0,3.125,187.5,4500.0,19.2,0.0,1,0.04950495049504951,0,-1
0x37ba5c6b637246366318e15678cf8c33530eca28,usdc,338,215.5713979180328,41.524499,0.1804733727810651,0.00012502218631421067,0.00750133117885264,0.18003194829246336,479914.81967213115,0.016129032258064516,13,0.1774193548387097,0,-1
0x064bc9a0573bcd44ed7ff570693855621eed960e,usdc,22,1597.17832,5826.552816,0.18181818181818182,0.00012336693026067432,0.007402015815640459,0.17764837957537102,486354.0,0.0,3,0.02,0,-1
0x3b424c5b27b8a137a679717da29a6144ddad0185,usdc,277,44435.43401861822,0.0,1.4657039711191335,0.001016727419886387,0.061003645193183215,1.4640874846363972,59012.86699507389,0.1875,207,0.08490566037735849,0,-1
0x28e0992d684254550f1d4127043f5941c035fb59,usdc,12,0.04,0.068813,0.3333333333333333,0.00021726850041281013,0.01303611002476861,0.31286664059444663,276156.0,0.0,2,0.75,0,-1
0x3a70fafa13c916a148bd9354d6a81fcea8e4f813,usdc,335,3008.313478465116,832.661655,1.026865671641791,0.0007111255173748223,0.04266753104248933,1.024020745019744,84373.29069767441,0.02030456852791878,234,0.021754894851341553,0,-1
0xdf9c440111a17eafbecf5db37dd04c948e878878,usdc,36,433.05554196008825,149.607284,138.5,0.09615532962031566,5.769319777218939,138.46367465325454,623.9903730445246,0.0003,2111,0.0073,0,-1
0x0bcc66fc2b4d9991d21d5570f64ac30d3fb395e2,usdc,368,563.910610875,173.771959,0.043478260869565216,3.0113010363768926e-05,0.0018067806218261355,0.04336273492382726,1992494.25,0.0,8,0.05263157894736842,0,-1
0x876ba759751a2b4dc6fb50b98f9c9cc378bcc58d,usdc,9,0.00034,0.00048,0.4444444444444444,0.00029292441085577867,0.01757546465134672,0.4218111516323213,204831.0,0.18181818181818182,2,0.09090909090909091,0,-1
0xa5f1848a91ff1ba86fa559ec913e55f5adea3ad4,usdc,5,11333.333333333334,10000.0,0.6,0.0004083299305839118,0.024499795835034706,0.587995100040833,146940.0,0.0,0,0.11764705882352941,0,-1
0x289e77da9fdd9c154e386966a0fa0d2a117e546f,usdc,78,15450.71429142857,0.0,0.08974358974358974,6.21766812574612e-05,0.0037306008754476724,0.08953442101074413,964992.0,0.04918032786885246,2,0.04918032786885246,0,-1
0x27a6b32d873d365cd4eceacb2795acd14231f77e,usdc,73,1747.6901928571428,1048.5,0.3835616438356164,0.0002656531366994116,0.015939188201964695,0.3825405168471527,225858.42857142858,0.0010787486515641855,24,0.0017979144192736426,0,-1
0x20c9fd37fc04b24882d751d1c106f2e3dac6fe65,usdc,1783,27525.076293391143,786.673909,0.29108244531688166,0.0002021321435967779,0.012127928615806676,0.2910702867793602,296835.5202312139,0.06814404432132964,344,0.06204986149584488,0,-1
0x7f0170d61bbc14c3d9cbfdd3277552eee75e212e,usdc,43,18786.333333333332,4550.0,0.3488372093023256,0.00023702523844738987,0.014221514306843392,0.34131634336424144,253137.6,0.0,0,0.02197802197802198,0,-1
0xb0f807f03913bbe915b1db88a3c1453bfceb41ea,usdc,773,17995.65791057143,0.0,0.03622250970245795,2.5135150808211797e-05,0.001508109048492708,0.03619461716382499,2387095.285714286,0.0030581039755351682,13,0.00764525993883792,0,-1
0x2770dcd5ca72639e5b29062196b31d343b841e27,usdc,87,307527.6179595146,0.0009,6.7011494252873565,0.004649871829433449,0.278992309766007,6.6958154343841665,12903.581475128645,0.1957547169811321,288,0.0625,0,-1
0x502b6e9c2c8d396830a5db6256af67be19edd407,usdc,899,543.1131200750001,0.0,0.6229143492769744,0.00043245427220803273,0.025947256332481967,0.6227341519795672,138742.99285714285,0.41203703703703703,304,0.16820987654320987,0,-1
0xc5f64130841c02922c7ca44fc788c9decd8c66b8,usdc,28,2998.8813168452384,203.0,3.0,0.0020284955324800773,0.12170973194880465,2.9210335667713117,29578.571428571428,0.07607192254495158,43,0.034578146611341634,0,-1
0xb21b7c28c5befc80d58b326600305cdd62a4a58a,usdc,29,358.51841776916734,8.342,83.65517241379311,0.05656831335021523,3.3940988010129134,81.45837122430991,1060.664468260511,0.0314,720,0.0972,0,-1
0x81eda731749d4a0dadd357ab0eab3f522704c155,usdc,472,3269.6020650625,1932.0,0.06779661016949153,4.7024274518309786e-05,0.002821456471098587,0.06771495530636609,1275936.75,0.0078125,18,0.1015625,0,-1
0xd2f71d5e2d9b638dae6bf3b44150fe764576c0ce,usdc,21,4857.142857142857,0.0,0.3333333333333333,0.00022251467007431991,0.013350880204459195,0.3204211249070206,269645.14285714284,0.006779661016949152,5,0.010169491525423728,0,-1
0xbf9ee971285437e386d1c230f3f15d5dd7c45a98,usdc,75,0.0003429857142857143,0.0002,0.9333333333333333,0.0006436994695916371,0.03862196817549822,0.9269272362119574,93211.2,0.9583333333333334,34,0.041666666666666664,0,-1
0x8f4438136b9a62b83bdebc96d9b5c390cfd038b4,usdc,1026,8080.6382315,12253.317586,0.007797270955165692,5.412933528048581e-06,0.00032477601168291487,0.007794624280389957,11084562.5,0.038461538461538464,5,0.11538461538461539,0,-1
0x526562b3f37a6f156c45f5976c257985bafaf17a,usdc,24,26.671651333333333,15.0,0.125,8.422376570071365e-05,0.00505342594204282,0.12128222260902767,712388.0,0.0,0,0.038461538461538464,0,-1
0x6a8cc73bbfd9717489ad89661aba0482d1121cc4,usdc,230,25340.412443201585,5780.0,5.478260869565218,0.003790326365149212,0.22741958190895276,5.458069965814866,15829.771428571428,0.054785793916228696,801,0.022615066093326964,0,-1
0x834df447fb010053d8a07825b9bda5037e34055e,usdc,1,0.09000000000000001,0.09,3.0,2.5,150.0,3599.9999999999995,24.0,0.0,1,0.06382978723404255,0,-1
0x5ab55628f48131d9915323e86587a9a2bb8bed76,usdc,47,0.0,0.0,0.2127659574468085,0.00014729102349586405,0.008837461409751845,0.21209907383404428,407356.8,0.2857142857142857,0,0.14285714285714285,0,-1
0x427848c058df320d383318859e1bac0ef6de47c3,usdc,504,2941176470.5882354,0.0,0.06746031746031746,4.676524780904814e-05,0.0028059148685428883,0.06734195684502932,1283004.0,0.28448275862068967,1,0.034482758620689655,0,-1
0x9ca16a250c32ed8c74906a4168507ed2e52073d6,usdc,72,27590.10649573846,40655.0,0.9027777777777778,0.0006266969023818339,0.03760181414291003,0.9024435394298408,95740.06153846154,0.0,0,0.04590818363273453,0,-1
0xe8905ab7937e881b9ef366d9f34ec6557dba3e37,usdc,833,489622.2856127789,508.5849,0.022809123649459785,1.582382585130101e-05,0.0009494295510780606,0.022786309225873453,3791750.5263157897,0.0,10,0.0025163563160543532,0,-1
0x87d60740eb767992fbf5dc857f869eb76e81d55c,usdc,185,92097.57608744643,20000.0,0.6054054054054054,0.00041940465509209674,0.025164279305525807,0.6039427033326193,143059.92857142858,0.04878048780487805,69,0.022764227642276424,0,-1
0xe0abd30bcedf91a6d9ebd5d6095976955cef3bbe,usdc,82,181.0881952,50.324056,0.12195121951219512,8.449399923617424e-05,0.005069639954170455,0.12167135890009091,710109.6,0.0,4,0.021164021164021163,0,-1
0x86e367d12d232f0d0f1f6053da0404219180a0c5,usdc,1531,317848.95058435923,119.132112,0.06727629000653168,4.671099035757422e-05,0.0028026594214544532,0.06726382611490687,1284494.2815533981,0.008547008547008548,80,0.05698005698005698,0,-1
0x6a79814b38dacd4d9414dfad5aa4a45166c99427,usdc,295,828.196141,931.784564,0.02711864406779661,1.8800641289874397e-05,0.0011280384773924637,0.027072923457419133,3191380.5,0.0,3,0.15,0,-1
0xce1a5ada5aa8182234fa9f4143f94f7993be5941,usdc,9,1808.3769785555555,0.0,2.0,0.0013697379234773079,0.08218427540863847,1.9724226098073236,43804.0,0.2962962962962963,12,0.2222222222222222,0,-1
0xb311756fe3413310c25e2d62270067bdb7bdb8bc,usdc,247,847.7972340547947,887.696337,0.29554655870445345,0.000204480188950899,0.012268811337053938,0.2944514720892945,293426.9589041096,0.5194805194805194,55,0.16883116883116883,0,-1
0xe05f09b9e226d03e14930456c82be5a571754a2a,usdc,1,0.00025,0.0004,4.0,0.18518518518518517,11.11111111111111,266.6666666666667,324.0,0.10810810810810811,2,0.05405405405405406,0,-1
0xeb8ec6a6059e9d257f2406fb0b8e429deaa878aa,usdc,146,2097.492809111111,14.0,0.06164383561643835,4.260012212035008e-05,0.0025560073272210045,0.061344175853304116,1408446.6666666667,0.0,7,0.06382978723404255,0,-1
0x1f350abd60caeac3b6d49c1710af585a7edd4a79,usdc,677,15141.475182727272,0.0,0.03249630723781388,2.255934543443967e-05,0.0013535607260663804,0.032485457425593126,2659651.6363636362,0.022988505747126436,12,0.05172413793103448,0,-1
0x7b0922f0d4b62e9f5aba43adbf4b0c1d42cf9918,usdc,40,0.00037580000000000003,0.000625,0.625,0.0004280909881709898,0.025685459290259387,0.6164510229662253,140157.12,0.14705882352941177,12,0.011764705882352941,0,-1
0x911385f9d6108b2a79b94b37b222066cfb84d5c2,usdc,123,6.125584617647059,11.297075,0.2764227642276423,0.00019191257817615317,0.01151475469056919,0.27635411257366055,312642.35294117645,0.025806451612903226,20,0.04516129032258064,0,-1
0x07172923caf31f75d70dc0df2d871e6a4d990956,usdc,324,2073.0639496621625,367.4,0.22839506172839505,0.00015857722796719424,0.009514633678031655,0.2283512082727597,378364.54054054053,0.01984126984126984,38,0.06746031746031746,0,-1
0x42789d3a37c2420181722dafdd808d87aaea47c3,usdc,1,0.000875,0.002,4.0,1.5384615384615383,92.3076923076923,2215.3846153846157,39.0,0.14285714285714285,2,0.09523809523809523,0,-1
0x5b4194edb9b1c1e37bf14ec7bc271a599c43ef76,usdc,33,7539.194282558824,8272.0,1.0303030303030303,0.0006975417807010705,0.04185250684206423,1.0044601642095417,86016.35294117648,0.002232142857142857,24,0.006696428571428571,0,-1
0xb33bbbdb348a3eab61e7d967c96798027189099b,usdc,13,313.73989704545454,100.282222,10.153846153846153,0.006598284446044028,0.3958970667626417,9.501529602303401,9093.272727272728,0.5179856115107914,66,0.18705035971223022,0,-1
0xd3b05b2df63b3001b1a77a1855358be317fbf48d,usdc,167,44502.87945546024,27601.0,11.37125748502994,0.007880649043449392,0.4728389426069635,11.348134622567125,7613.586097946288,0.0,366,0.024060449393517598,0,-1
0x73dd160dbffb9e62be4cbeba01bf03cad5b5444e,usdc,140,32.728359734806624,9.1,1.292857142857143,0.0008921591533064601,0.05352954919838761,1.2847091807613027,67252.57458563536,0.0625,95,0.049107142857142856,0,-1
0x3cd751e6b0078be393132286c442345e5dc49699,usdc,645,478.89717414999996,1006.979946,0.031007751937984496,2.1517341219773605e-05,0.0012910404731864163,0.030984971356473993,2788448.6,0.0,8,0.0013,0,-1
0x0c888cac1a76fb9feb53ecee90687ced2c0ead19,usdc,131,2568.3003541078433,1953.202361,0.7786259541984732,0.0005368398448848637,0.03221039069309182,0.7730493766342037,111765.17647058824,0.014115092290988056,83,0.021715526601520086,0,-1
0xd0d87a3f995bf7724ecd5d3dc7518e7a46888dd2,usdc,243,406.3684620000001,1498.955171,0.053497942386831275,3.699978426279637e-05,0.0022199870557677824,0.05327968933842678,1621631.076923077,0.014492753623188406,4,0.08695652173913043,0,-1
0x23281d8b9a81bc2ebc1c6289ff754a079216cf13,usdc,378,13199.797949514652,50000.0,10.11111111111111,0.007008610578710988,0.42051663472265927,10.092399233343823,8560.897959183674,0.18631314940881405,2509,0.09817269795772125,0,-1
0x657275216c92df117fef398120007b65c606fe5a,usdc,280,95707.06833778985,12368.0,0.4928571428571429,0.00034207254317550405,0.020524352590530242,0.49258446217272583,175401.39130434784,0.026156941649899398,91,0.04426559356136821,0,-1
0xdf64add8be9e30f99a6b0d283605534913388b2a,usdc,46,61.28680391666667,9.853607,84.0,0.05814985929058376,3.488991557435025,83.73579737844061,1031.8167701863354,0.001,27,0.2857,0,-1
0x8e1e8081ebcc7eb1634240c76d368cff85a099ea,usdc,7,0.0,0.0,0.42857142857142855,0.000274443793911007,0.016466627634660422,0.3951990632318501,218624.0,0.3,0,0.2,0,-1
0xfa23a09ef9b794842663c9ac8cb7c2141381600e,usdc,211,5379.849975255814,0.01,0.4075829383886256,0.0002828573326816651,0.016971439960899906,0.40731455906159775,212121.06976744186,0.01675977653631285,50,0.0260707635009311,0,-1
0x62c77307c51747829303e40f0641280475d135e9,usdc,328,54354.120293458844,37080.0,3.481707317073171,0.0024107637434643394,0.14464582460786035,3.4714997905886484,24888.378283712784,0.059041309431021045,673,0.0352689010132502,0,-1
0xa3cd1c0b880d42093c6a2341fe66be801201b65b,usdc,232,98699.77280510214,200000.0,1.0129310344827587,0.000702463404645824,0.04214780427874944,1.0115473026899866,85413.70212765958,0.07738095238095238,174,0.02857142857142857,0,-1
0xa03ab31876cfb21cdebd59bb679df6940cc81dae,usdc,1179,1566.2475658409835,0.0,0.5173876166242578,0.00035915403563137744,0.02154924213788265,0.5171818113091835,167059.23934426229,0.3232724384432089,129,0.048451151707704525,0,-1
0x7ba8c6e2852ca121a5cce902582696ffddb5ea9e,usdc,203,45786.43600066129,135000.0,1.2216748768472907,0.0008478023800000683,0.050868142800004096,1.2208354272000985,70771.20967741935,0.0,22,0.0066815144766146995,0,-1
0x14ad11732da8a9cc1be9ece6750cd9b653f0efd1,usdc,387,21520.38661839914,999.2,0.6020671834625323,0.00041792147739726394,0.02507528864383584,0.6018069274520601,143567.63948497854,0.01974813966800229,153,0.015741270749856897,0,-1
0x809a369308ef4f5721be2a4861b2b2855e7acddc,usdc,242,15409.222866245434,4000.0,3.6198347107438016,0.002507156558189215,0.1504293934913529,3.6103054437924693,23931.49315068493,0.011702986279257466,827,0.015738498789346248,0,-1
0x05de433991815aef2cc468fc22889749c6a3481f,usdc,196,5697.672456741936,2490.32,0.15816326530612246,0.00010978705561033103,0.006587223336619862,0.15809336007887667,546512.5161290322,0.013769363166953529,0,0.01721170395869191,0,-1
0x4c3ccc98c01103be72bcfd29e1d2454c98d1a6e3,usdc,1,8056.199986232079,4.943,1939.0,3.4761563284331305,208.5693797059878,5005.665112943708,17.26044352759154,0.0014,1094,0.0198,0,-1
0xe95f31932f4cf52cfe70877afdd3bdd2f5e543d6,usdc,74,10195.482338338463,4824.27,2.635135135135135,0.001822848991450371,0.10937093948702224,2.6249025476885337,32915.50769230769,0.2,126,0.15384615384615385,0,-1
0xf4c7ad772065153fe87e9f2303e9b8ef37b5e857,usdc,738,7696.100966136985,0.006389,0.1978319783197832,0.0001373145782937629,0.008238874697625775,0.1977329927430186,436952.87671232875,0.027285129604365622,118,0.027285129604365622,0,-1
0x7adb923d8f772958fc04d496b6de209a26d2675d,usdc,160,5414.740414648649,18439.516344,0.23125,0.00015972772035734113,0.009583663221440468,0.23000791731457124,375639.24324324325,0.07894736842105263,15,0.21052631578947367,0,-1
0xbc1e47b85a415031cf1f980fc8cfea28222ca18b,usdc,219,33135.7220797,56700.574124,0.045662100456621,3.170187053716918e-05,0.0019021122322301505,0.04565069357352362,1892632.8,0.05263157894736842,3,0.18421052631578946,0,-1
0xfb40376a45614e5415082e965a7594bf8f6652ce,usdc,1,0.006346666666666667,0.00452,3.0,0.011286681715575621,0.6772009029345373,16.252821670428894,5316.0,0.0,2,0.6666666666666666,0,-1
0x3e86bb2859ff3e15f4f8261ab9f03f1168e4536c,usdc,431,2080.566728363636,375.270194,0.12761020881670534,8.85985862243052e-05,0.005315915173458312,0.1275819641629995,677211.7090909091,0.0,26,0.13114754098360656,0,-1
0xad30fb920e2e14dfd0868e4c450a203f1d04a9e2,usdc,139,9158.875059363638,12999.877496,0.15827338129496402,0.00010964475100673817,0.00657868506040429,0.15788844144970296,547221.8181818182,0.023255813953488372,11,0.08139534883720931,0,-1
0x6c1a1a9dbe083029ac3df7ac6db08ef56d1dc79f,usdc,501,3234.881538461539,1500.0,0.02594810379241517,1.7983790241497402e-05,0.0010790274144898441,0.02589665794775626,3336337.846153846,0.0,7,0.028169014084507043,0,-1
0x49dfc8a11279e51a330ea161bfcf9e244ab10f07,usdc,217,2047.5511246116503,0.0,0.47465437788018433,0.00032853900300214474,0.019712340180128685,0.47309616432308843,182626.71844660194,0.17088607594936708,76,0.08860759493670886,0,-1
0x98d729d73fbd1626530aa6549b5829d711b3ae58,usdc,661,8749.43288775,3738.174608,0.060514372163388806,4.2009305061071026e-05,0.0025205583036642617,0.060493399287942284,1428255.0,0.004098360655737705,13,0.018442622950819672,0,-1
0xe4a1f0430c9af7a314f5cc01f1abcf2cf7ead4fd,usdc,573,14960.33345,35000.0,0.005235602094240838,3.6341479073970656e-06,0.00021804887444382395,0.0052331729866517745,16510060.0,0.00031725888324873094,2,0.0006345177664974619,0,-1
0x3ff245612e4dcae39e3f683acda7b7d2edff43d4,usdc,172,3306.9602426521737,164.193354,0.26744186046511625,0.00018479313212307224,0.011087587927384332,0.266102110257224,324687.39130434784,0.016605166051660517,23,0.033210332103321034,0,-1
0x24551c7568a71c2db470be05ccae68cbea17b821,usdc,60,19.8742792,19.782773,0.16666666666666666,0.00011548490958686429,0.006929094575211857,0.16629826980508458,519548.4,0.0,3,0.0375,0,-1
0x0a260656021a09b19cebf7a13631efce8f95a1b0,usdc,588,404028.3413458876,1000000.0,5.552721088435374,0.0038531729846902167,0.23119037908141302,5.548569097953911,15571.58223583461,0.037613870114604764,1486,0.04525418748163385,0,-1
0x7ff7528418b19bcf835bb331d1e00380b66f8042,usdc,72,126043.7,150000.0,0.2777777777777778,0.00019260437712707458,0.011556262627624474,0.2773503030629874,311519.4,0.0,0,0.0364963503649635,0,-1
0x0486e168c2a6744bd3426a4f6451dbf4e3670e33,usdc,1,0.060672434061135386,37.985644,2290.0,1.4554468031015635,87.32680818609381,2095.8433964662513,41.224454148471615,0.0,2289,0.00026670222696359517,0,-1
0x6b175474e89094c44da98b954eedeac495271d0f,usdc,748,205.723617,0.001,0.012032085561497326,8.348343345470589e-06,0.0005009006007282353,0.012021614417477646,7187054.666666667,0.0,0,0.0006,0,-1
0x33b01a1cf4318b9e26176c0ccd7804502abf629c,usdc,3,0.00033019999999999995,0.00055,23.333333333333332,0.013383809414553938,0.8030285648732362,19.27268555695767,4483.028571428571,0.4093567251461988,35,0.029239766081871343,0,-1
0x78df716f44b6af5a372ef8a501ab9308c8f3762b,usdc,81,114377.71538833846,91520.19,26.444444444444443,0.018338915486880228,1.1003349292128135,26.408038301107528,3271.731092436975,0.0,396,0.007855459544383346,0,-1
0xbca3e4da3fe69af2a43089d9fb885219daa0d8b6,usdc,142,20207.5530545,27697.460112,0.056338028169014086,3.891124393896577e-05,0.0023346746363379464,0.056032191272110704,1541970.75,0.0,3,0.01084010840108401,0,-1
0x57589edd10c65bfd96a2a845e79dccd024493344,usdc,297,210646.59314781253,401508.51,0.05387205387205387,3.735758587808539e-05,0.002241455152685123,0.053794923664442953,1606099.5,0.05102040816326531,12,0.05102040816326531,0,-1
0x3e096ba72ce4b6ce6b13efaa099e804e017afe4a,usdc,1,0.04275855172413792,0.084,29.0,0.014513061755580021,0.8707837053348013,20.898808928035233,4134.206896551724,0.0,14,0.16853932584269662,0,-1
0x614df6f0ae116c278446a3beac0f2724e5ab7fe5,usdc,4,241.3047751052632,0.0,4.75,0.003170894526034713,0.19025367156208278,4.566088117489986,18922.105263157893,0.075,7,0.125,0,-1
0xc72906d82e920b19b815bda51fdcf6500f2818c2,usdc,1,5.966735333333333,8.950103,3.0,0.02617801047120419,1.5706806282722514,37.69633507853403,2292.0,0.0,1,0.21428571428571427,0,-1
0x674bdf20a0f284d710bc40872100128e2d66bd3f,usdc,314,2493.320287946486,449.2,4.939490445859873,0.003423407276870436,0.20540443661222618,4.929706478693428,17526.398452611218,0.0017,1339,0.0136,0,-1
0x6ab83047d47d08a8a8cc3d9308acbc8f9f4cb247,usdc,2,0.052420232837379274,10.595144,1915.5,0.9349831600527164,56.09898960316298,1346.3757504759117,64.17227877838684,0.0003,3829,0.0003,0,-1
0xc40ab12f0527e27961ce57eaa62dcdf7257439ab,usdc,411,1557.5240560833333,958.292919,0.029197080291970802,2.0264950720706084e-05,0.001215897043242365,0.02918152903781676,2960777.0,0.007518796992481203,7,0.03007518796992481,0,-1
0xe273e54d4c75791ccbc097b1d2bda37968c66a18,usdc,119,650.661608,0.0,0.058823529411764705,4.058413322727346e-05,0.002435047993636408,0.058441151847273796,1478410.2857142857,0.0058823529411764705,4,0.011764705882352941,0,-1
0xa9f86d9eaf339305cd36e76bc0de7ac5b024f075,usdc,335,2769205440412656.0,878959.873615,3.2597014925373133,0.002261466067861378,0.13568796407168268,3.2565111377203846,26531.46153846154,0.037486457204767065,751,0.012134344528710726,0,-1
0x19b7ed3aa3d976bdde290667e8a276289cbc9357,usdc,1,0.0003333333333333333,0.0,3.0,0.003424657534246575,0.20547945205479454,4.931506849315069,17520.0,1.0,1,1.0,1,2
0x2e9093097c712b9ed24a9f6595f9d83856570447,usdc,439,3303.8285786979163,300.0,0.21867881548974943,0.00015167582830801822,0.009100549698481094,0.21841319276354623,395580.5,0.02571041948579161,25,0.04059539918809202,0,-1
0x6f392f403e8b3301f31c91c5100ad64a207b5e29,usdc,154,1454.9504397194569,0.0006,5.740259740259741,0.0039854324329441975,0.23912594597665185,5.739022703439645,15054.828054298643,0.2525373134328358,479,0.15343283582089554,0,-1
0xc7e3f142967c2be70a8114d8f2efbfc29bde086a,usdc,9,0.027212333333333335,0.065262,0.6666666666666666,0.00041728099702339555,0.02503685982140373,0.6008846357136896,143788.0,0.14285714285714285,3,0.5714285714285714,0,-1
0x6d1a493acbdff7f353210f560eb8a77882372d3c,usdc,214,758.9933801048388,0.002572,0.5794392523364486,0.0004007650734531276,0.02404590440718766,0.5771017057725037,149713.64516129033,0.006456513482719331,79,0.007595898214963919,0,-1
0x7fe4b2632f5ae6d930677d662af26bc0a06672b3,usdc,1090,3678404989180031.0,0.0,3.146788990825688,0.002184893177196493,0.13109359063178957,3.1462461751629496,27461.296793002915,0.029127212844792097,1685,0.02830382873610539,0,-1
0x10849f49c03d5720bc21cecdc0444717235682e1,usdc,391,128.46552674999998,5.0,0.020460358056265986,1.4190445714804679e-05,0.0008514267428882807,0.020434241829318738,4228197.0,0.0,3,0.19047619047619047,0,-1
0xc20251dc98a1f46d967ca5937ba95a5439b4fc39,usdc,142,72372.95800546785,25000.0,3.176056338028169,0.002205357404817557,0.1323214442890534,3.1757146629372817,27206.47450110865,0.2783687943262411,304,0.0975177304964539,0,-1
0x13b5f7c38da2f6d22c48b69feadab8bf2397bfe6,usdc,137,64549.80542864337,64.131291,6.0583941605839415,0.004179907236275551,0.25079443417653313,6.019066420236794,14354.385542168675,0.020700963312154128,153,0.1326091412174626,0,-1
0x574950a48ab21649a95320b4b45b570d3856c60e,usdc,207,2346.9570659365077,0.0,0.30434782608695654,0.00021048551993264463,0.01262913119595868,0.30309914870300825,285055.2380952381,0.09042553191489362,39,0.0851063829787234,0,-1
0x0f4a1d7fdf4890be35e71f3e0bbc4a0ec377eca3,usdc,11,63584.8456549041,1281.672551,190.54545454545453,0.12971741901944522,7.783045141166714,186.79308338800112,462.543893129771,0.0001,1108,0.0121,0,-1
0x9376db3980e0eed054d9d0210765a587dcda69b8,usdc,552,12203.469476410713,0.0,0.10144927536231885,7.043555586860248e-05,0.004226133352116148,0.10142720045078757,851842.5,0.006289308176100629,30,0.05345911949685535,0,-1
0x2cff890f0378a11913b6129b2e97417a2c302680,usdc,2,7940.9016146263575,730.515026,1794.5,0.8989580202384531,53.93748121430718,1294.4995491433724,66.74393981610477,0.0014,1358,0.199,0,-1
0x2f8baff12a9abf6d745321fbc676aa2d2b8f9438,usdc,2,52.149858800000004,13.292248,2.5,0.0011883823739126302,0.07130294243475781,1.7112706184341873,50488.8,0.0,3,0.08571428571428572,0,-1
0x08c72e9d0693d56d6ec7b53786e78cd9d709fceb,usdc,113,4640.75481078,9990.000199,0.4424778761061947,0.00030543155034611503,0.0183258930207669,0.4398214324984056,196443.36,0.1774193548387097,29,0.3064516129032258,0,-1
0x85bb0ac1a9253f6b663d7229c468a61d914014a0,usdc,217,39247.23205566222,0.001,16.235023041474655,0.011256130485486526,0.6753678291291915,16.208827899100594,5330.428611978427,0.15618153364632237,2036,0.05258215962441314,0,-1
0xc2414cdaec1e70a844a825cc3aa235719c107fbe,usdc,106,3400.5734591106384,5000.0,2.2169811320754715,0.00153485224924433,0.0920911349546598,2.2101872389118355,39091.710638297875,0.2563291139240506,143,0.12025316455696203,0,-1
0x2774d901da5d5aa73d6675741347473e289c1d4e,usdc,265,8179.6371896,459.092974,0.018867924528301886,1.3083950903084821e-05,0.0007850370541850893,0.018840889300442143,4585770.8,0.0,3,0.0066815144766146995,0,-1
0x9ee15510f69a23e08a0d2666272764a8c1ceb51c,usdc,638,133773.00224960418,47013.0,0.15047021943573669,0.00010448267309051294,0.006268960385430776,0.15045504925033862,574257.8958333334,0.06837606837606838,70,0.07692307692307693,0,-1
0xc1b3a919cd84eb29717a641a86926c3184b0a1af,usdc,1267,51208.39172442554,202723.928407,0.2596685082872928,0.0001802313359586605,0.01081388015751963,0.2595331237804711,332905.48328267474,0.0014119308153900459,175,0.012354394634662902,0,-1
0xa47697a5e36b2a659e5abd8463b971ff3f219a48,usdc,13,7846.215693086093,13195.0,11.615384615384615,0.008027986304574356,0.48167917827446144,11.560300278587075,7473.854304635762,0.13211845102505695,95,0.11161731207289294,0,-1
0x48eab887ba7dc4b0c3c5cc22e328b789d3ae0b25,usdc,326,86173.44676640118,0.0,2.607361963190184,0.0018104019305274232,0.1086241158316454,2.6069787799594897,33141.81176470588,0.05655172413793103,616,0.009852216748768473,0,-1
0xce14b89b5e856ac0476f7336cc645936b90044d6,usdc,65,28835.616824302633,2785.0,2.3384615384615386,0.0016215997081120525,0.09729598248672315,2.335103579681356,37000.5,0.038502673796791446,101,0.016042780748663103,0,-1
0x1235c11cb1f0a8829efdb7e97ab49fa0fb890171,usdc,1,51133.474073500016,0.000102,6.0,0.0036381275770070334,0.21828765462042202,5.238903710890129,16492.0,0.0189873417721519,2,0.03164556962025317,0,-1
0x757b97bdbf53b0663b2b8818fea182309a3476a1,usdc,66,818.1939825316457,702.205092,3.590909090909091,0.0024903485857552064,0.1494209151453124,3.5861019634874967,24093.01265822785,0.008264462809917356,109,0.03305785123966942,0,-1
0x1dad2b2902366393c895c87c56545461fff69729,usdc,1080,144927536257291.22,0.0,0.3194444444444444,0.00022177860786546513,0.013306716471927906,0.3193611953262698,270540.0695652174,0.05673352435530086,235,0.04297994269340974,0,-1
0x3444cc04612d80b0dbb01f0826317532bf747967,usdc,903,4049.947330292559,0.00446,1.0863787375415281,0.0007536247738357457,0.04521748643014474,1.0852196743234739,79615.21712538226,0.06818181818181818,599,0.04874041621029573,0,-1
0xa0a9a9e3f2643b0bffc2e07e7d6eb87a9c126b11,usdc,164,5553.2390089636965,0.0,1.8475609756097562,0.0012802333658391487,0.07681400195034892,1.8435360468083741,46866.455445544554,0.07972270363951472,270,0.04679376083188908,0,-1
0x448197420e598f250c512ed3a30959ab5f3745d7,usdc,2,0.011760759763313611,38.612464,1690.0,0.9334438000552333,56.006628003314,1344.159072079536,64.27810650887574,0.3379,3380,0.0001,0,-1
0xfb556d5e846669aa3b14d9df33d8afe6ee7d1889,usdc,1,538.462,1000.0,26.0,0.02927927927927928,1.7567567567567566,42.16216216216216,2049.230769230769,0.0,6,0.10714285714285714,0,-1
0x8921f50ac73bd9436fdde9a2d30f23398f9b85c1,usdc,613,618.4658469444445,700.0,0.05872756933115824,4.074473221543369e-05,0.002444683932926022,0.058672414390224525,1472583.0,0.0,18,0.28205128205128205,0,-1
0xdfb8f66e7323229292df1ff88ec9332fb7628797,usdc,124,9014.883739039216,2172.12,0.4112903225806452,0.0002835541905417442,0.01701325143250465,0.4083180343801116,211599.76470588235,0.03104575163398693,30,0.02287581699346405,0,-1
0x39f5ab30e00ae95c9dc2373443cd911e93e297b3,usdc,389,71.75769975,138.4216,0.02056555269922879,1.4258673729463054e-05,0.0008555204237677833,0.020532490170426798,4207965.0,0.0,3,0.02197802197802198,0,-1
0x1db0a8d9d4e1b9675d00abfe0c64b5e3d48f724e,usdc,1044,730.0240094999999,450.36221,0.0038314176245210726,2.660151777619824e-06,0.00015960910665718944,0.003830618559772546,22555104.0,0.0,2,0.23076923076923078,0,-1
0x7f0104df6550a89dc42afc1f59f57e5ddc1e212e,usdc,62,1470.6006705333336,0.000109,0.24193548387096775,0.00016581731353843094,0.009949038812305855,0.23877693149534052,361844.0,0.09090909090909091,10,0.045454545454545456,0,-1
0x8fea5845fd2cf2fa4ac00a37f6c540b1c0e2527b,usdc,199,565.3181709868419,199.99,0.38190954773869346,0.0002640952132742594,0.015845712796455563,0.38029710711493353,227190.7894736842,0.044444444444444446,30,0.05925925925925926,0,-1
0x139116cc05e7eefe3a5f96e8c88b325a3067bfc7,usdc,420,23923444981305.758,0.000359,0.4976190476190476,0.0003454829835579855,0.020728979013479126,0.497495496323499,173669.91387559808,0.22857142857142856,144,0.13968253968253969,0,-1
0x6b28fb12ee41baa9d1df16971de53adde6d1be5b,usdc,1549,636797.2754805667,0.0,0.4945125887669464,0.00034335081755482806,0.02060104905328968,0.49442517727895235,174748.3825065274,0.042681456474559926,479,0.02001446829033036,0,-1
0x066ab574914bdb1332811f6a0b2a155e04552247,usdc,177,25771.064687411766,9800.0,0.096045197740113,6.638271784513888e-05,0.003982963070708332,0.09559111369699999,903849.7058823529,0.0,10,0.01834862385321101,0,-1
0xb7a7aab11147aa8763245e1b6875f7e74d30bf3b,usdc,233,2815.1562116956525,0.018011,0.09871244635193133,6.853119182297738e-05,0.004111871509378642,0.09868491622508742,875513.7391304348,0.0,18,0.040983606557377046,0,-1
0x696ef2c6f8c0271629b3f989f44b8eda9cb10931,usdc,1642,1283.3841872083333,218.246306,0.029232643118148598,2.0288364441243015e-05,0.001217301866474581,0.029215244795389943,2957360.125,0.0016611295681063123,27,0.023255813953488372,0,-1
0xadcc054417a5dd6091025326cf6c0910afa18c05,usdc,749,4332.584505631578,0.0,0.07610146862483311,5.283240060974152e-05,0.003169944036584491,0.07607865687802778,1135666.7368421052,0.1262135922330097,42,0.05825242718446602,0,-1
0xfda846d6baff9287244a5ca520519ccedc45d949,usdc,1,0.06234657321988358,43.353849,2233.0,1.3968472413361692,83.81083448017014,2011.4600275240837,42.9538737124944,0.0002756339581036384,2232,0.0002756339581036384,0,-1
0x042eb3fb4e886dceb6ab03e94f341f65bf823c05,usdc,19,0.0,0.0,0.2631578947368421,0.0001813118273331206,0.010878709639987235,0.26108903135969364,330921.6,0.054945054945054944,0,0.04395604395604396,0,-1
0x5d80d69daa0ec618e4eb1ad5446589bb87d643ed,usdc,640,508277.0951386471,572001.724603,1.975,0.0013703189352274956,0.08221913611364974,1.9732592667275939,43785.42721518988,0.21975934135528816,1006,0.016466117796073463,0,-1
0x92108772179a47af139db0cd08b79361bcc055e4,usdc,339,644.1417877010309,400.0,0.2861356932153392,0.00019816227978961296,0.011889736787376776,0.28535368289704266,302782.1443298969,0.20512820512820512,69,0.1282051282051282,0,-1
0x908651008cd70128fb36400bc64f7149ccfc7133,usdc,45,277141.57479046937,0.001,2.1777777777777776,0.0014846325382974596,0.08907795229784758,2.137870855148342,40414.04081632653,0.0024325519681556835,81,0.0033171163202122956,0,-1
0x8b1cf3dfd880421044343056e49ebf9e4e1408d9,usdc,50,33.26891425,49.878333,0.24,0.00016522325792727422,0.009913395475636454,0.23792149141527488,363145.0,0.004329004329004329,9,0.006493506493506494,0,-1
0xabf88826e60830df5535af9c7b39778c23b169f4,usdc,28,73876.59596238297,0.0001,1.6785714285714286,0.001161158984899992,0.06966953909399952,1.6720689382559886,51672.51063829787,0.10294117647058823,15,0.04411764705882353,0,-1
0x4d24eececb86041f47bca41265319e9f06ae2fcb,usdc,326,19565.847964718832,190.12,2.312883435582822,0.0016049109423424037,0.09629465654054423,2.3110717569730617,37385.25198938992,0.0052,101,0.033,0,-1
0xdc31fd8d7b87f38dce0adcba8caede2e9feb8510,usdc,5,1092.8142360769232,3501.287073,2.6,0.0016256096036013504,0.09753657621608103,2.3408778291859447,36909.230769230766,0.021212121212121213,5,0.024242424242424242,0,-1
0x5f227ac66660aeb51a490d66798fdddee72f6585,usdc,370,3143.87141897647,700.153434,0.22972972972972974,0.00015915856424744403,0.00954951385484664,0.22918833251631937,376982.5411764706,0.004988662131519274,24,0.009977324263038548,0,-1
0x71660c4005ba85c37ccec55d0c4493e66fe775d3,usdc,1255,447075.36711346376,5615.380891,2.4725099601593628,0.0017168782708223223,0.10301269624933934,2.472304709984144,34947.14856590396,0.0003,440,0.2272,0,-1
0x549d94e5d5d788b6a9748368afe750f35cb445ee,usdc,99,5978.378474904636,16881.852815,11.545454545454545,0.007982389856289048,0.4789433913773428,11.494641393056229,7516.54593175853,0.02316426949280848,471,0.04360333080999243,0,-1
0x97a9b8a4a903c9cbf7ac8cd9561a7cfda5c51d77,usdc,380,1196.0269117310143,70.91371,5.371052631578947,0.0037223740028378316,0.2233424401702699,5.360218564086477,16118.74571288584,0.0026892842366570127,918,0.00889532478278858,0,-1
0x52381abc5f516bd00b1078af74449a7549a6a927,usdc,48,12272.689333333334,22597.0,0.3125,0.0002167529825210395,0.013005178951262368,0.31212429483029686,276812.8,0.0,6,0.12903225806451613,0,-1
0xd67c70539b86c323cf6899a8e0fe0889cb9a049d,usdc,151,6981.89543637445,13000.0,3.006622516556291,0.002077056033847778,0.12462336203086671,2.9909606887408007,28887.039647577094,0.07502758367046708,247,0.03015814637734461,0,-1
0xcd54cc88ac8bb4f437937b5dfa9c341570c6169b,usdc,1798,2381.9943155582523,1499.750751,0.22914349276974416,0.00015905546993884434,0.00954332819633066,0.22903987671193582,377226.8883495146,0.003696332101222633,211,0.014500995166334945,0,-1
0x7a973348427811aab90e4bac0fdf07d5f5f6ab84,usdc,2,133387.0,133387.0,3.5,0.0023330222636981737,0.1399813358218904,3.35955205972537,25717.714285714286,0.0,0,0.037037037037037035,0,-1
0xec234d6b01d5c0ba57a2365b6f755f4c3a79ebd4,usdc,1211,6383.043686605096,922.867974,0.7778695293146161,0.000540092400521516,0.03240554403129096,0.7777330567509829,111092.10191082803,0.10791622293219737,687,0.059282925097621585,0,-1
0x1865fcc008b33bc6b4bc09a9832ca82936f54be8,usdc,1,16666.666733333335,25000.0001,3.0,0.04559270516717325,2.735562310030395,65.65349544072949,1316.0,0.016129032258064516,1,0.04838709677419355,0,-1
0x61766fe54451b13a9c30d37a6fcd27d856bae59a,usdc,18,252.5115808,112.31095,0.5555555555555556,0.0003667598236618768,0.022005589419712607,0.5281341460731026,163594.8,0.0,2,0.02531645569620253,0,-1
0xd5b0c596c8a92fc518948fe85a4a2d55d919638b,usdc,11,0.04,0.068999,0.36363636363636365,0.00023505077096652878,0.014103046257991726,0.33847311019180143,255264.0,0.0,2,0.75,0,-1
0xe9b20e5b24eacf9a07a93e751f8714eab2d67fbf,usdc,35,1336.8873043472668,0.0,8.885714285714286,0.006087273097384626,0.36523638584307755,8.76567326023386,9856.630225080386,0.027453162678538305,168,0.023186792802819513,0,-1
0x07f214f6adfe7d6200dd051d9e75d19cedc5fdc7,usdc,223,302.48355332461,847.71998,17.820627802690584,0.012323214281284344,0.7393928568770606,17.745428565049455,4868.859587317565,0.2541,1063,0.0427,0,-1
0xd92e4238a72a00009415eb224b8826ecfdae1edc,usdc,142,1258.2168170970874,0.00045,0.7253521126760564,0.0005006907588041366,0.030041445528248195,0.7209946926779567,119834.44660194175,0.09225700164744646,68,0.036243822075782535,0,-1
0xd76c7ac4694a5e19411e7a88ef883aab8dde914b,usdc,1,0.09000000000000001,0.09,3.0,3.0,180.0,4320.0,20.0,0.0,1,0.0625,0,-1
0xb8a824b3f266688fb77010db79a2504620bf8995,usdc,70,13548.63982276613,0.0,1.7714285714285714,0.00121368963606929,0.0728213781641574,1.7477130759397776,49436.032258064515,0.03970223325062035,83,0.016542597187758478,0,-1
0x86c8493b16d789335bc386f6eeb1d80d95a08da0,usdc,248,1960.6948982000001,0.0,0.16129032258064516,0.00011178736255045102,0.006707241753027063,0.1609738020726495,536733.3,0.008368200836820083,31,0.007531380753138075,0,-1
0x57601893a87906f95a4ca9d3e581550d57006db7,usdc,4,328.43388946666647,1.1792,3.75,0.002134198395082807,0.1280519037049684,3.073245688919242,28113.6,0.00043402777777777775,13,0.0008680555555555555,0,-1
0x9ba962e011c72149578915bdfc691a729b3f6624,usdc,109,2917.141590652403,23061.0,12.220183486238533,0.008445913813634444,0.5067548288180667,12.1621158916336,7104.027027027027,0.11020840692334864,858,0.07417873542917697,0,-1
0xe817a3195898bc3ce695c575f923f4757bf3fdc2,usdc,756,188356879692677.78,0.0,1.4047619047619047,0.0009747222041718111,0.05848333225030866,1.4035999740074079,61556.0,0.054709141274238225,688,0.03497229916897507,0,-1
0xcd723fbead8ae0ca00d93665865cda4dffba60ff,usdc,7,1637.0036343333334,3953.507343,0.42857142857142855,0.00026046640851551514,0.015627984510930906,0.37507162826234175,230356.0,0.0,0,0.3333333333333333,0,-1
0xae40e1c4ac25c35ec7f2f610075044cc1fa00d8c,usdc,1,0.19759771237458199,74.061676,897.0,2.6397881106533254,158.38728663919954,3801.2948793407886,22.729096989966557,0.0003861003861003861,896,0.0007722007722007722,0,-1
0x5cf925c55108182e63c6ab4ee8c4c7bb2000e68b,usdc,129,125215.81791096923,0.0002,17.635658914728683,0.01222179960761308,0.7333079764567848,17.599391434962833,4909.260659340659,0.3931313131313131,819,0.10303030303030303,0,-1
0xeff6cb8b614999d130e537751ee99724d01aa167,usdc,2,8318.901583022145,2100.979716,722.5,0.4275653923541248,25.653923541247483,615.6941649899396,140.3294117647059,0.0,923,0.0039,0,-1
0xa7058e071fb5937944b97b85bb169a3b4ca43795,usdc,1,1e-05,1e-05,4.0,0.0027359781121751026,0.16415868673050615,3.939808481532148,21930.0,1.0,2,0.5,0,-1
0xabe87a8563b13e966c52ae143b0d23287ffe600d,usdc,1,33.449221666666666,0.000501,3.0,5.0,300.0,7199.999999999999,12.0,0.16666666666666666,1,0.5,0,-1
0xeb1da432d5c1a9fdf52aa5d37698f34706f91397,usdc,82,1.2695441824378508,0.089978,60.829268292682926,0.04185111474320465,2.5110668845922786,60.26560523021469,1433.653568564555,0.0143,2421,0.0072,0,-1
0xdd8067b23f6721969ee21372fd4e03cbb27c9a60,usdc,232,2762.4384282121205,0.0,0.4267241379310345,0.0002962656167891032,0.017775937007346188,0.42662248817630855,202520.9696969697,0.0273224043715847,58,0.02117486338797814,0,-1
0x59a109a1655d34fd2e44ffc178e436a1952b2482,usdc,9,0.00036542857142857134,0.0001,1.5555555555555556,0.0010279907187123682,0.061679443122742095,1.4803066349458103,58366.28571428572,1.0,7,0.42857142857142855,0,-1
0x17321fc03874711561c82c45970afbbb3498bb60,usdc,368,2050.532774193549,2987.8516,0.08423913043478261,5.847681846871472e-05,0.003508609108122883,0.08420661859494918,1026047.6129032258,0.06451612903225806,16,0.1935483870967742,0,-1
0xd501ccbdb70ce518b2da68c685045fa54458ec35,usdc,319,88161.74952630131,0.0,2.6112852664576804,0.001810551537903777,0.10863309227422661,2.607194214581439,33139.07322929172,0.09332425068119891,467,0.09332425068119891,0,-1
0xc57d29ee60666ea03eb97a9037e0508400a5be35,usdc,163,25921.372608669426,200000.0,1.4846625766871167,0.0010265346480895002,0.061592078885370015,1.4782098932488803,58449.074380165286,0.44923857868020306,39,0.0583756345177665,0,-1
0x40f76b97280bc141f6e07d8d69117c93af1b0f4d,usdc,1,0.9094676381909551,87.765149,199.0,1.383866481223922,83.03198887343534,1992.7677329624478,43.35678391959799,0.0,198,0.0031007751937984496,0,-1
0xa6adedd1adc8237ac8c5d3009cc5d4b90fc0a8cf,usdc,2019,2634.5674036288433,153.027832,0.6765725606736008,0.000469723511433813,0.02818341068602878,0.6764018564646908,127734.71742313323,0.009051014810751509,820,0.02825013713658804,0,-1
0x25644388f71f1dffdc61caefb5156f07a901fcc0,usdc,5,41.7757802,22.457587,1.0,0.0006653537020279981,0.03992122212167988,0.9581093309203171,90177.6,0.0,0,0.009345794392523364,0,-1
0x72c2b14e2985512c7c051ac3e66a33f249580837,usdc,1,23.0,23.0,3.0,0.0625,3.75,90.0,960.0,0.0,0,0.2,0,-1
0xcf0782a5d17172cafc86a4abfe57fdc5989fb6ea,usdc,630,2329.937196944206,0.0,0.36984126984126986,0.00025681281409970684,0.01540876884598241,0.3698104523035779,233633.2017167382,0.01750291715285881,125,0.03267211201866978,0,-1
0x5de853cb6813f9aefd25635776139d8c0aaaf77a,usdc,1878,20843.799651894737,0.0,0.02023429179978701,1.4046918951877559e-05,0.0008428151371126536,0.020227563290703687,4271399.315789473,0.0029985007496251873,20,0.020989505247376312,0,-1
0x923991da52bf8e414a7c2336fbb4eb117f9cfba1,usdc,1,600.0002000000001,0.001,5.0,1.7857142857142858,107.14285714285714,2571.4285714285716,33.6,0.2,2,0.8,0,-1
0x42402d5203ac81bd8c75839f74714c2c00b201e1,usdc,19,0.0004099545454545455,0.000206,2.3157894736842106,0.0015960649743541379,0.09576389846124828,2.2983335630699586,37592.454545454544,0.07665505226480836,22,0.003484320557491289,0,-1
0x45b86084faadeb51968b1116da2014dd7fb27c44,usdc,341,770.2325035296703,0.0,1.3343108504398826,0.0009247238225928525,0.05548342935557114,1.3316023045337075,64884.23736263736,0.17354596622889307,296,0.08161350844277673,0,-1
0x970944264efd0183179849da8e941c098259cb3d,usdc,1909,32953.04279036364,80000.0,0.057621791513881616,3.999884003363902e-05,0.0023999304020183416,0.057598329648440194,1500043.5,0.0010214504596527069,55,0.027579162410623085,0,-1
0xf4d25e8c617efe0f09a5bde1685ec17d7af09001,usdc,122,36574.8060805659,14865.827404,1.0573770491803278,0.0007318501170960187,0.043911007025761124,1.053864168618267,81984.0,0.0,16,0.14929577464788732,0,-1
0x42d9b3ac6e260b297c48920252073e6c29a2e744,usdc,1433,30131826763152.582,0.000221,0.3705512909979065,0.0002572974972997088,0.015437849837982527,0.37050839611158065,233193.09604519774,0.08841201716738198,387,0.03733905579399142,0,-1
0x1786bd364091df12064d8b830b23a82a0c96fc4f,usdc,221,9401.293069091744,0.0,0.49321266968325794,0.00034158314070969066,0.020494988442581442,0.49187972262195456,175652.6972477064,0.11501597444089456,75,0.06070287539936102,0,-1
0x7b0441e60958d3a214fcf3125ec21725b5c95e63,usdc,8,0.00092025,0.000826,1.0,0.0006308252771688562,0.03784951663013137,0.9083883991231528,95113.5,0.1875,4,0.0625,0,-1
0x5e7380bbe38defcd6b39f67e578c9b78b5a7c80c,usdc,234,2248.6086421052632,0.0,0.0811965811965812,5.6348086448641096e-05,0.0033808851869184657,0.08114124448604318,1064809.894736842,0.006644518272425249,11,0.016611295681063124,0,-1
0x3bbcc029f312ece579a7deb77b13cb8ae15f28a8,usdc,210,57.528805480519495,313.0,2.933333333333333,0.002033584516234673,0.12201507097408039,2.928361703377929,29504.551948051947,0.01340282948622487,312,0.008190618019359643,0,-1
0xa85b57308da9f36261e050799fe4f386e0e6d008,usdc,459,3324.4342288297876,0.0,0.8191721132897604,0.0005686530605331184,0.0341191836319871,0.8188604071676904,105512.48936170213,0.23465211459754434,262,0.08867667121418826,0,-1
0x4f23224e11f314a046e7c7e92736339c99ea4e8c,usdc,107,9290.5,15250.0,0.037383177570093455,2.5896739341549504e-05,0.0015538043604929703,0.03729130465183129,2316894.0,0.0,0,0.058823529411764705,0,-1
0x838ed538c917b464e3342c7943bcb78ec052b5a9,usdc,11,1290.2258548000002,0.000215,0.45454545454545453,0.00029838276541146986,0.017902965924688187,0.42967118219251654,201084.0,0.16666666666666666,3,0.25,0,-1
0x5141b82f5ffda4c6fe1e372978f1c5427640a190,usdc,158,11371.685891669336,514.841552,13.436708860759493,0.009330949392235666,0.5598569635341399,13.436567124819359,6430.213848327838,0.0,1158,0.0182,0,-1
0x5b4c41ba27d8d99218d0ddb28a67041403be0e26,usdc,123,270916.2441334696,0.001,16.016260162601625,0.011066806434252497,0.6640083860551498,15.936201265323593,5421.618274111675,0.285006753714543,1345,0.04997748761819001,0,-1
0x9d3c53321cfa9d08660ad32e09c7ef2625b16e67,usdc,888,825.2569383902439,2004.448689,0.04617117117117117,3.205563732783582e-05,0.001923338239670149,0.046160117752083576,1871745.6585365853,0.0032520325203252032,21,0.026016260162601626,0,-1
0x6ab07dbc0ad0b2a508fe650b2671f49861304f4a,usdc,118,961998167579420.8,60782.779966,1.228813559322034,0.0008472219300767291,0.05083331580460374,1.2199995793104899,70819.69655172413,0.043993231810490696,113,0.043993231810490696,0,-1
0xe11f83614d3d8b99016cd0b697ff63f5f6bf2fe5,usdc,1,177186.08674559998,224626.131111,5.0,0.6410256410256411,38.46153846153846,923.0769230769231,93.6,0.0,3,0.1875,0,-1
0x6c2d513c92c8c5c6d124e48684221c94e1a63089,usdc,1078,12422.967144824719,0.000813,0.41280148423005564,0.0002864187194521563,0.017185123167129376,0.4124429560111051,209483.51460674158,0.06716886377903326,273,0.07156308851224105,0,-1
0x8167a1ebf00ff5886d1b5908419bb1159d8cf6a4,usdc,77,0.58544175,1.018001,0.15584415584415584,0.00010692080554134894,0.006415248332480937,0.1539659599795425,561163.0,0.0005223750652968832,0,0.0008706251088281386,0,-1
0x8c3623ee2783f31238dafdeaec167fa9aac33412,usdc,70,13055.245719181821,2044.969774,0.3142857142857143,0.00021816047090929285,0.01308962825455757,0.3141510781093817,275026.9090909091,0.0,1,0.0136986301369863,0,-1
0xdd71baf2b43a1ed368dea98728d980435a6705c1,usdc,103,129217.0234734955,100000.0,1.0776699029126213,0.0007480550568521844,0.04488330341113106,1.0771992818671454,80208.0,0.1270718232044199,40,0.13812154696132597,0,-1
0x482c467bcb5f3b4f52185adfc0502a2f904d102a,usdc,29,2195.5392137315916,32.799999,14.517241379310345,0.009758652981372795,0.5855191788823677,14.052460293176823,6148.389548693587,0.029193899782135078,238,0.03572984749455338,0,-1
0x8a99fd65c62713503feaa8febbde388a88af4e22,usdc,8,7373.009124,7373.009124,0.5,0.00031296455676394646,0.01877787340583679,0.4506689617400829,191715.0,0.0,0,0.125,0,-1
0x483b32b2d04c7553297a626368701cce82d86f2d,usdc,23,4901.137361727431,0.0,25.043478260869566,0.017314455766976284,1.0388673460185769,24.932816304445847,3465.3125,0.29045643153526973,423,0.1839557399723375,0,-1
0x0193bc49eb09d5e0c2bc2c08829ba3989c8357f3,usdc,91,2631.818133272727,4218.0,0.24175824175824176,0.00016707701794862838,0.010024621076917702,0.24059090584602486,359115.8181818182,0.03260869565217391,13,0.043478260869565216,0,-1
0x31896cb7c4ab6dc4235bc4b59ca3e504458e85c2,usdc,1508,2123418.848527733,0.000111,0.23076923076923078,0.00016022310422687886,0.009613386253612733,0.23072127008670557,374477.8275862069,0.42168674698795183,117,0.18313253012048192,0,-1
0x2be4f07511cc4aaa9d0d6d96dd70c95b848aeba5,usdc,102,4669.839545932,0.0001,2.450980392156863,0.0016895522145974607,0.10137313287584765,2.4329551890203436,35512.368,0.037422037422037424,185,0.031185031185031187,0,-1
0xa0b86991c6218b36c1d19d4a2e9eb0ce3606eb48,usdc,539,13991905.5,9000.0,0.029684601113172542,2.0588178525243037e-05,0.0012352907115145823,0.02964697707634997,2914293.75,0.0,1,0.0014,0,-1
0xa9bbf9c09f74ae4817ae39d121e097e5beb04515,usdc,412,1032.0,1000.0,0.02912621359223301,2.017831577651708e-05,0.001210698946591025,0.0290567747181846,2973489.0,0.0,6,0.07407407407407407,0,-1
0x98989e8cb4c0a46103c4ca5a9d1892e9b41ecf3c,usdc,609,43832.046760900004,0.0,0.08210180623973727,5.6935689316974414e-05,0.003416141359018465,0.08198739261644317,1053820.56,0.08875739644970414,32,0.0650887573964497,0,-1
0x4347a1876cfed306671ac5b194d61a891455ec65,usdc,374,8593.452945741104,0.00017,7.890374331550802,0.005465776386586529,0.32794658319519177,7.870717996684602,10977.397492375467,0.0953,1783,0.0439,0,-1
0x85fdc0c9f172b9b67c9935eb9160d5a506cc1eca,usdc,497,10604.929443114754,0.0,0.1227364185110664,8.508499153753044e-05,0.005105099492251826,0.12252238781404383,705177.2459016393,0.015647226173541962,17,0.03698435277382646,0,-1
0x11f54ca4390d8e800001dc201aa7a7305cd00f8c,usdc,1055,26891.119656573374,32700.0,1.2530805687203792,0.0008695021909218973,0.05217013145531384,1.252083154927532,69005.00151285931,0.09768492377188029,807,0.053924336533032184,0,-1
0x89ff24311dfc96b9cc02d5ef487a0cecc23828bc,usdc,350,2487.9636714290577,4444.0,2.5171428571428573,0.0017432992799639706,0.10459795679783822,2.5103509631481176,34417.49829738933,0.3492063492063492,351,0.1130952380952381,0,-1
0x293cc6ce3d08434693922bad784e5781b2add0e9,usdc,107,14007.143435714286,3000.5,0.06542056074766354,4.530902698217284e-05,0.0027185416189303706,0.0652449988543289,1324239.4285714286,0.0,3,0.7142857142857143,0,-1
0x7a74bde78dfa786576b9070ca457cc8f0673c6f6,usdc,669,3803.9615250563384,1800.0,0.21225710014947682,0.0001472758326996324,0.008836549961977943,0.21207719908747064,407398.8169014084,0.0033927056827820186,35,0.018659881255301103,0,-1
0x84acee946118abacc23d7dcfa3b4dc5f6bd17a81,usdc,1999,247.16418150769232,28.510976,0.03251625812906453,2.25736741343815e-05,0.0013544204480628898,0.03250609075350936,2657963.4153846153,0.0,32,0.0430622009569378,0,-1
0xf984f3574c6b94647665359b827bbb1bcd16891b,usdc,177,0.00012891666666666667,0.0,0.13559322033898305,9.395251170295973e-05,0.005637150702177584,0.13529161685226201,638620.5,0.92,4,0.4,0,-1
0x59d565ad3036be656018938e092b84dd42634f07,usdc,369,4992.4007232,0.0,0.0948509485094851,6.57608701778963e-05,0.003945652210673779,0.09469565305617067,912396.6857142857,0.10526315789473684,18,0.13157894736842105,0,-1
0x7b1b8e3129b0f4aaa39f0b3f863e3668682719d1,usdc,73,0.0006,0.0006,0.0684931506849315,4.694412522439292e-05,0.002816647513463575,0.0675995403231258,1278115.2,1.0,2,0.4,0,-1
0xd39b36f8763431098428833a48108f9e1a760885,usdc,200,4842.566879181818,6000.0,0.275,0.0001904322673973726,0.011425936043842356,0.27422246505221654,315072.65454545454,0.058823529411764705,38,0.058823529411764705,0,-1
0x191da3130003d75f7438275f06e1ad1a64b4e7cf,usdc,1512,6138.474814800001,181.92,0.0958994708994709,6.658304652367159e-05,0.003994982791420295,0.0958795869940871,901130.2896551724,0.05,79,0.0625,0,-1
0x9c198f19afe11558fef517e2efb2fd8cebb25e03,usdc,142,6007.076862761905,1747.242622,0.14788732394366197,0.00010200730955235306,0.006120438573141184,0.1468905257553884,588193.1428571428,0.0,10,0.061224489795918366,0,-1
0x8e3debffbe2081e5b2046dbed1a2e946f6d97251,usdc,585,9899.389746152709,1497.49,1.735042735042735,0.001204562765077981,0.07227376590467885,1.7345703817122926,49810.604926108375,0.16777710478497881,614,0.09448818897637795,0,-1
0x3dab8f78cf6eb634445f1d4242508b7d2f19707e,usdc,102,114.70327628318583,88.32,1.107843137254902,0.0007664259320553237,0.04598555592331942,1.1036533421596662,78285.45132743364,0.016,23,0.056,0,-1
0x872e41280c37dffb79560d838fbb4bf8bf412b40,usdc,2,0.00016925000000000002,1e-05,4.0,0.0027037988373665,0.16222793024199,3.8934703258077596,22191.0,0.8888888888888888,4,0.3333333333333333,0,-1
0xd05c8bd424958089070ef6d883fe621fa4c0d012,usdc,42,9413.398463157895,10000.0,0.4523809523809524,0.0003129127566296332,0.01877476539777799,0.45059436954667176,191746.73684210525,0.0,0,0.09210526315789473,0,-1
0x50d1ecd8ef2c75727c72978a0ddc00cb828a9a4d,usdc,15,72765.96256170215,180000.015,3.1333333333333333,0.0021640038675813803,0.12984023205488282,3.1161655693171877,27726.382978723403,0.10596026490066225,34,0.07947019867549669,0,-1
0x4e68206a696e7cd830b06ab330aeb8e1696d336f,usdc,120,64.6984205,38.781435,0.13333333333333333,9.198034839856465e-05,0.0055188209039138784,0.13245170169393308,652313.25,0.0,7,0.10526315789473684,0,-1
0x924b999e3301e28c9c50e91ab106c1d72a0579cd,usdc,370,314.73654618333336,250.0,0.16216216216216217,0.00011248374609868873,0.006749024765921324,0.1619765943821118,533410.4,0.014285714285714285,15,0.05,0,-1
0x5a098f5f17e0c16470f5e210a5096265637bea91,usdc,16,46.65811250000001,27.48669,0.25,0.00016763897270837526,0.010058338362502514,0.24140012070006034,357912.0,0.0,2,0.015306122448979591,0,-1
0xe079673cbb3fbbf341da28a2647a554054051ffb,usdc,154,6668.578479859649,7000.005,1.4805194805194806,0.0010227526580354716,0.0613651594821283,1.472763827571079,58665.21052631579,0.06624605678233439,145,0.04311251314405889,0,-1
0x78cee97c23560279909c0215e084db293f036774,usdc,903,22426.82672425415,2381.566354,0.6666666666666666,0.00046248693205529196,0.027749215923317513,0.6659811821596203,129733.3953488372,0.008252601363473269,87,0.020093290276282743,0,-1
0xbb21becff42c438bdb127b2070e7adc3066f0007,usdc,381,5578.096527756097,0.000263,0.10761154855643044,7.457577298698162e-05,0.004474546379218897,0.10738911310125353,804550.8292682926,0.05019305019305019,12,0.0694980694980695,0,-1
0x75064520b3a294467a5d9fee2f4a9fa5aa0a0a23,usdc,49,37229.56147334952,5780.0,2.1020408163265305,0.0014416038472627722,0.08649623083576634,2.075909540058392,41620.31067961165,0.0,0,0.015259409969481181,0,-1
0xbdf4632d9e6b4ef2b75543cea553fc1bb8a6e881,usdc,178,16751.065271156625,0.0002,1.8651685393258426,0.0012906315697811836,0.07743789418687101,1.8585094604849042,46488.867469879515,0.10724365004703669,171,0.07902163687676388,0,-1
0x40f72179790881ad9e999f90d70dd60a60d9c4de,usdc,7,30397.0911141634,101858.0,21.857142857142858,0.013348688687640685,0.8009213212584411,19.222111710202586,4494.823529411765,0.21292775665399238,62,0.12167300380228137,0,-1
0x618f7ad0253aba8d08b5077ba812080eb1ca5c8b,usdc,1,2.4895956666666668,2.89,3.0,0.8333333333333333,50.0,1200.0,72.0,0.0,1,1.0,0,-1
0xc2c6d26c664ffc222aa69ace75e0acf35a1e7e34,usdc,1362,65189.947608920476,590800.0,0.4985315712187959,0.00034616910061469486,0.020770146036881692,0.49848350488516063,173325.69513991164,0.15725806451612903,248,0.0587557603686636,0,-1
0xc8d4e8c2dbfb12b0fd8d13474495f60d40ae4211,usdc,4,7373.009124000001,7373.009124,1.5,0.000954380606986066,0.057262836419163965,1.374308074059935,62868.0,0.0,0,0.14285714285714285,0,-1
0x70e0bc5daaa64ae6fb97d4a0e23e9162aa19c07b,usdc,15,0.10930969884169886,28.494242,120.86666666666666,0.07906948345341311,4.744169007204787,113.8600561729149,758.8262548262549,0.0,1812,0.00032076984763432237,0,-1
0x8a934b20a27d5c0c0fad01125952145b35b84e22,usdc,8,8658.026425,7373.009124,0.5,0.000312930279133809,0.01877581674802854,0.4506196019526849,191736.0,0.0,0,0.18181818181818182,0,-1
0x9160f81a87c96c1e20377f906ceeff351c1c9f96,usdc,399,6.9300586666666675,0.551894,0.007518796992481203,5.209994018926866e-06,0.00031259964113561193,0.007502391387254687,11516328.0,0.0,1,0.10344827586206896,0,-1
0xade74b293652beb1d45290f50b05d0e6b208b9f9,usdc,1077,6045.471320363636,1527.342262,0.01021355617455896,7.08665445099237e-06,0.00042519926705954225,0.010204782409429012,8466618.545454545,0.005141388174807198,7,0.012853470437017995,0,-1
0x75c822d36f081500099b28f547ab5d4c577890ab,usdc,1,0.06600443339165209,14.928065,4001.0,1.8358263742314398,110.1495824538864,2643.5899788932734,32.68282929267683,0.0002,3999,0.0002,0,-1
0xf74fdc342c35696d478fcda33bbd738b299ce864,usdc,493,23768.19224264706,0.056812,0.034482758620689655,2.3936656285667378e-05,0.0014361993771400427,0.03446878505136103,2506615.7647058824,0.0,0,0.11627906976744186,0,-1
0x7718a85447ea163aa6f6a8e7df16fdefaac5ca62,usdc,124,7783.382996125483,0.000203,4.17741935483871,0.0028970949631934714,0.17382569779160828,4.171816746998599,20710.401544401546,0.07997852925389157,369,0.06333870101986044,0,-1
0x99d8a2e568c69c04e17718d59c3fb5add5283502,usdc,239,2551.6980056190473,1425.490862,0.17573221757322174,0.0001219385441350754,0.007316312648104524,0.17559150355450856,492051.14285714284,0.00354295837023915,26,0.007528786536758193,0,-1
0x72149b616bdb18e02bfd27d09d3eda3b36575ea9,usdc,36,35517.34977166266,0.001,2.3055555555555554,0.0015797908585306803,0.09478745151184081,2.2748988362841795,37979.7108433735,0.3218390804597701,60,0.19540229885057472,0,-1
0x26a09beb36ab2c3935408bb37bcaa0638f709ecd,usdc,376,297413717817765.7,0.0,12.175531914893616,0.008454368570580129,0.5072621142348076,12.174290741635382,7096.922673656619,0.1658,2973,0.0636,0,-1
0xf72130f27c2f8cfbf078094641c1dce393da1107,usdc,217,26006.785395747644,32943.0,2.447004608294931,0.0016936113535112294,0.10161668121067376,2.4388003490561707,35427.254237288136,0.0,57,0.02327272727272727,0,-1
0xd5b71fa1e496d827f040912e02f7f6f47b5f1e7e,usdc,757,94762.12951650727,100000.001036,0.18229854689564068,0.0001264403665084757,0.007586421990508543,0.18207412777220502,474532.0,0.07012987012987013,69,0.09090909090909091,0,-1
0x0f9f21fa2bc29522d28f5fb8fdb4696fd53d7b09,usdc,182,2924.6373143448277,6500.0,0.15934065934065933,0.00011053177216733748,0.0066319063300402485,0.159165751920966,542830.3448275862,0.000792393026941363,14,0.009508716323296355,0,-1
0xa5162c543edda0c8199ad6eccfa7c4d6eab0f4e6,usdc,1377,1591.0583626784141,700.0,0.16485112563543936,0.00011442408125191842,0.006865444875115105,0.16477067700276252,524365.1453744493,0.0014044943820224719,110,0.02247191011235955,0,-1
0x2750ef7c35e232793058b7f911395064b75062cb,usdc,516,698.4206967096774,327.01,0.060077519379844964,4.164574303931707e-05,0.0024987445823590245,0.05996986997661659,1440723.4838709678,0.0,15,0.14285714285714285,0,-1
0xf86d74471d89169abe3e5a6f5c2ac5ffb348ae4d,usdc,112,1095.9691431818183,1752.0,0.6875,0.0004744938013855219,0.028469628083131315,0.6832710739951515,126450.54545454546,0.37209302325581395,44,0.23255813953488372,0,-1
0x8491033491e61491f1607bc18257ee66e982aa3b,usdc,165,39306.11204181291,9807.0,0.9393939393939394,0.0006521620222913187,0.03912972133747912,0.9391133120994989,92001.67741935483,0.0,0,0.14540816326530612,0,-1
0x7dc641d8ba3030d93d2bd855393f88af06347466,usdc,1176,11869.078856888893,511.986567,0.03826530612244898,2.656359493355112e-05,0.001593815696013067,0.03825157670431361,2258730.422222222,0.0,21,0.05759162303664921,0,-1
0xd31e450fdcd8c93cb2ee2452b78bf3dff041776c,usdc,7,0.00010866666666666667,0.0,0.42857142857142855,0.0002891343318105592,0.01734805990863355,0.41635343780720524,207516.0,0.0021551724137931034,1,0.0014367816091954023,0,-1
0x40bb9fd9cf1a4b92ec0013f86b06ca80bf8cf8a2,usdc,650,29.027177705882355,20.0,0.052307692307692305,3.627249348001929e-05,0.0021763496088011577,0.05223239061122779,1654146.0,0.0,18,0.051587301587301584,0,-1
0x815f5bb257e88b67216a344c7c83a3ea4ee74748,usdc,180,1638409.1204461441,0.0,8.6,0.005939873743148808,0.3563924245889285,8.553418190134284,10101.22480620155,0.033172195365894316,787,0.016169361560260043,0,-1
0xb7575899f5882fe2fcc51406ed0410e34ae63976,usdc,1,6.666666666666667e-05,0.0,3.0,0.05415162454873646,3.2490974729241877,77.9783393501805,1108.0,1.0,1,1.0,1,2
0x0601c00a249033566f6ee07fe2c7bc51b0f9ce0d,usdc,1833,4260.037914231293,0.0001,0.08019639934533551,5.566313694429864e-05,0.003339788216657918,0.08015491719979004,1077912.6598639456,0.025423728813559324,106,0.019491525423728815,0,-1
0xb4a5832c7fb8956494ae6a447fac644e651b762a,usdc,27,12.288014533898306,20.00015,4.37037037037037,0.002926688922730452,0.1756013353638271,4.214432048731851,20500.98305084746,0.06263982102908278,55,0.058165548098434,0,-1
0x833f5a21ff7210b80dd6ef8436c393d9d116edf0,usdc,27,2655.3389479583334,339.32,0.8888888888888888,0.000614313504658544,0.03685881027951265,0.8846114467083035,97670.0,0.023952095808383235,16,0.04790419161676647,0,-1
0xba779b54e18ad71d74b3aaa5c6871f3ca162c35d,usdc,44,41359.72583333334,15000.0,0.2727272727272727,0.00018871544541563002,0.011322926724937803,0.27175024139850723,317939.0,0.0,5,0.08333333333333333,0,-1
0x042e4d1af644fa6b1b88e44e868dd55e023e3c05,usdc,144,0.00020232954545454547,0.0,0.6111111111111112,0.00042423745727494924,0.025454247436496956,0.610901938475927,141430.22727272726,0.17303822937625754,22,0.05432595573440644,0,-1
0x71ccaa144dc3262d5eae077f2f5d948c45eda506,usdc,547,27850.244046062704,0.000249,0.5539305301645339,0.0003844354153577254,0.023066124921463524,0.5535869981151246,156073.0297029703,0.013671875,217,0.021158854166666668,0,-1
0xe7aa55bb0919cdd8e2050fa8ce015dc266853005,usdc,322,4922176320887.116,10000.0,4.509316770186335,0.0031279823006180566,0.18767893803708338,4.504294512890001,19181.69421487603,0.19127669241253975,1002,0.11313039527487506,0,-1
0xf86419ece47bae96fbe80a8bcfae3e2db303223b,usdc,267,5638.441614444444,0.000104,0.033707865168539325,2.3321693217118744e-05,0.0013993015930271247,0.03358323823265099,2572712.0,0.015873015873015872,5,0.026455026455026454,0,-1
0x73b44771f19a7ad8232872281ad80d56e51f170a,usdc,37,376.43154333333337,0.000115,0.24324324324324326,0.00016797124332314307,0.010078274599388586,0.24187859038532603,357204.0,0.01020408163265306,2,0.061224489795918366,0,-1
0xb9a779b6d329fd44422efe12afb1bbfaeafe726e,usdc,1,0.17648810777385163,87.734973,1132.0,1.0421653470815688,62.529920824894134,1500.718099797459,57.57243816254417,0.0002555583950932788,1130,0.0007666751852798365,0,-1
0x7deff265874618100ffa09852f95fffe207f4fa5,usdc,278,5128.571429285715,0.0,0.10071942446043165,6.993625310529452e-05,0.004196175186317672,0.10070820447162412,857924.1428571428,0.6046511627906976,1,0.32558139534883723,0,-1
0x7defa87320fa13c70e08f0b305fd1cc2be272fa5,usdc,384,0.0006715798045602608,0.0,1.5989583333333333,0.001107919676906082,0.06647518061436491,1.5954043347447582,54155.55048859935,0.8045801526717558,239,0.13282442748091602,0,-1
0x6afd769b6b30535cebaccfc673dcccd005750aff,usdc,349,10312.799891757575,65527.714089,0.09455587392550144,6.552541254204051e-05,0.00393152475252243,0.09435659406053834,915675.2727272727,0.01037344398340249,17,0.016597510373443983,0,-1
0x3bc9cec1456c53c8749b8c3d54a3790db924a7ba,usdc,398,0.0005565548780487805,0.0,1.236180904522613,0.0008579472948328903,0.05147683768997342,1.235444104559362,69934.36585365854,0.37468566638725903,257,0.04107292539815591,0,-1
0xb904fc1476ad4b523f38ec1db253050f9f2b4f3d,usdc,28,4541.870434450981,0.0,1.8214285714285714,0.0012247132730102011,0.07348279638061207,1.7635871131346896,48991.05882352941,0.33962264150943394,30,0.20754716981132076,0,-1
0xacc0ecb4fc5bb3eb476cb361def7cda6ffd115a1,usdc,2050,1193.3482086830466,2000.0,0.19853658536585367,0.00013786358337453483,0.008271815002472089,0.19852356005933014,435212.828009828,0.1298366294067068,119,0.04557179707652623,0,-1
0x9008d19f58aabd9ed0d60971565aa8510560ab41,usdc,1,50123.64273044493,499.16004,2724.0,2.979002624671916,178.74015748031496,4289.763779527559,20.140969162995596,0.0,1338,0.0317,0,-1
0xb534afe6cdc8fc9d7d5753e349df69e8b364f009,usdc,48,5305.434783181819,2000.0,0.4583333333333333,0.0003118134788462901,0.018708808730777408,0.44901140953865776,192422.72727272726,0.0,2,0.06382978723404255,0,-1
0xbed3e0c733c24163ea15f6f7dcd130034ba731a1,usdc,102,103257.82081092858,30100.002638,3.019607843137255,0.0020924566936195016,0.1255474016171701,3.0131376388120823,28674.428571428572,0.34976525821596244,179,0.1056338028169014,0,-1
0xdc4858741e738bb304fc5b290e7b9453da6a5baa,usdc,1,0.001,0.001,4276.0,35.22240527182866,2113.34431630972,50720.26359143328,1.7034611786716558,0.0,4276,0.0001,0,-1
0x6ab755657b42c24e3c7ddeacf8b8e0bc8bb52a52,usdc,12,8738.356430955924,150000.0,145.58333333333334,0.0955480201268869,5.732881207613214,137.58914898271712,627.9564968517459,0.0253,294,0.1331,0,-1
0x1d35e5f51b6fd8582e3b22ddda1bbb2ca1930555,usdc,1,15540.077803799999,25900.129759,5.0,1.7857142857142858,107.14285714285714,2571.4285714285716,33.6,0.002044989775051125,1,0.005112474437627812,0,-1
0xcadb2fbf7afaa0a9796ab0f6bdaeefb8e6b1dc7b,usdc,560,10183.273144717754,50000.0,1.1767857142857143,0.0008167680624104995,0.04900608374462997,1.1761460098711192,73460.26707132018,0.10341555977229601,363,0.04791271347248577,0,-1
0x0bb672d05391a9727eb662c120b41703d53e2cf6,usdc,61,21012.2063772953,25004.800921,4.885245901639344,0.003381161258699683,0.20286967552198093,4.868872212527543,17745.38255033557,0.038845726970033294,268,0.0244173140954495,0,-1
0x8c8d7c46219d9205f056f28fee5950ad564d7465,usdc,9,398.5156329729814,14.491629,357.77777777777777,0.23330290251996116,13.99817415119767,335.9561796287441,257.1763975155279,0.0054,2992,0.0179,0,-1
0x4003ce4d415fb5ef0910a4b4f130eedecc16808d,usdc,66,38380.45923036293,0.000302,67.92424242424242,0.04716822315840863,2.830093389504518,67.92224134810843,1272.0428284630827,0.16386434881732687,2976,0.11840980336278142,0,-1
0x499bd116e4c78e71a8faa829b6e53b1b3a9e5c0a,usdc,188,1271.6540535882355,720.0,0.18085106382978725,0.00012522466778632253,0.007513480067179352,0.18032352161230442,479138.82352941175,0.004784688995215311,13,0.023923444976076555,0,-1
0x39fbb5bba9a2c2d4296f76fe780453d50023bfb4,usdc,49,0.0005756666666666667,0.000609,0.12244897959183673,8.382557574199606e-05,0.005029534544519763,0.12070882906847433,715772.0,0.1111111111111111,3,0.08333333333333333,0,-1
0x2cbc1e5421027ed6b43a0e58b6f8b7a3b01695d8,usdc,234,20504650725985.855,1341.701556,1.0,0.0006933185425377591,0.04159911255226555,0.9983787012543732,86540.30769230769,0.04625984251968504,140,0.03051181102362205,0,-1
0x8f911d5a3daefada726023ce463fecf0f88d05e7,usdc,1515,13382.33278183019,0.0,0.06996699669966996,4.8561881493142556e-05,0.0029137128895885536,0.06992910935012528,1235536.9716981133,0.00535475234270415,58,0.0214190093708166,0,-1
0x02a048b214bcf30aa96d0e398c21da55331f1805,usdc,3,0.017854500000000002,0.0048,2.6666666666666665,0.0016753224995811695,0.10051934997487015,2.412464399396884,35814.0,0.1,4,0.5,0,-1
0x0b489c2e28c0a7e2d00825031b39858c1b762aa5,usdc,35,17911.257180087952,0.001,8.771428571428572,0.005948620966273063,0.3569172579763838,8.566014191433212,10086.371335504886,0.028901734104046242,193,0.046242774566473986,0,-1
0xc41b7181d9086cb5aeea0fe220112a62306c0e34,usdc,1675,389.5912613600001,0.237996,0.014925373134328358,1.0364235510669204e-05,0.0006218541306401523,0.014924499135363652,5789139.0,0.0,13,0.015531660692951015,0,-1
0x2185b2a984182413c03d931ac505e2d1fb358446,usdc,1105,5364.964835030374,4125.452918,0.38733031674208146,0.0002688595893358226,0.016131575360149357,0.3871578086435845,223164.81308411216,0.011773185968284479,235,0.005285920230658337,0,-1
0x6528611b406acc6f8a26b7513456ace9a763737c,usdc,1387,7300.3790112739725,0.00011,0.05263157894736842,3.653100660513127e-05,0.002191860396307876,0.05260464951138903,1642440.3698630137,0.026262626262626262,42,0.044444444444444446,0,-1
0x5c1c5f687b5b3d36fa8ae94324e9187f7bddf3be,usdc,1,0.04000000000000001,0.04,60.0,0.16146393972012915,9.68783638320775,232.50807319698603,371.6,0.0,30,0.06719367588932806,0,-1
0xa9631f46dbf98809edaa9add405e23f17e175c5f,usdc,3,5959.5881463999995,0.0,1.6666666666666667,0.0009394964299135663,0.05636978579481398,1.3528748590755355,63864.0,0.017857142857142856,2,0.026785714285714284,0,-1
0x14691e18eaa2fafb225ac37f13cac3129691547e,usdc,94,270.14882261904756,217.68,0.8936170212765957,0.0006178814903301547,0.037072889419809275,0.8897493460754227,97106.0,0.047058823529411764,32,0.07058823529411765,0,-1
0xcd84371eba37e1e588ac12bd2721b2242412bdee,usdc,462,14671.24829422222,141.183549,0.01948051948051948,1.3520769253650533e-05,0.000811246155219032,0.019469907725256766,4437617.333333333,0.0,4,0.027972027972027972,0,-1
0xc2ba17f086976cdd2083de7533c7f3b25d5baf5a,usdc,167,2823.1501483205125,0.0,0.9341317365269461,0.0006483262377628423,0.03889957426577054,0.9335897823784929,92546.0,0.10602409638554217,95,0.07951807228915662,0,-1
0x4bf1527dba2bf2d0efb19d8f9b4e0c5eda01ec0a,usdc,162,83.70852585106383,21.0,0.8703703703703703,0.0006029005932370802,0.03617403559422481,0.8681768542613955,99518.89361702128,0.004524886877828055,73,0.027149321266968326,0,-1
0x4d696a2292293ee07933374ce724c4ea34293b0f,usdc,8,33640.48730690909,40005.0,1.375,0.0009334215841012847,0.05600529504607708,1.34412708110585,64279.63636363636,0.0,0,0.04838709677419355,0,-1
0x106f9c5ac2b9a928099efe52b464ec712e232719,usdc,172,5803.175338201438,0.0001,1.6162790697674418,0.0011221912924414361,0.06733147754648616,1.6159554611156681,53466.82014388489,0.1699288256227758,93,0.0498220640569395,0,-1
0x7baa298d36fe21df2f6b54510da76445661a91ed,usdc,2,4158.881861179894,59703.058387,1323.0,0.8811775676035699,52.8706540562142,1268.8956973491408,68.0907029478458,0.0037,1413,0.0123,0,-1
0x2416ada39f014f2c09854a9317c7f06d761b3211,usdc,585,33432.0097752,22800.0,0.6324786324786325,0.0004388948106738269,0.026333688640429617,0.6320085273703108,136707.01621621623,0.08936651583710407,259,0.03789592760180995,0,-1
0x81b62e4a14300bca664268b26e28bc27df4a2099,usdc,1,0.0766088279192274,48.225733,2278.0,3.305281485780615,198.31688914683693,4759.605339524086,18.15276558384548,0.0005051355447044957,2277,0.0003367570298029971,0,-1
0xdeddfdaa796af780a0325559bfa7ba86a42157b0,usdc,1,0.1446121992031873,69.225775,1255.0,3.0609756097560976,183.65853658536585,4407.804878048781,19.60159362549801,0.0008326394671107411,1254,0.0005550929780738274,0,-1
0xc8d41d9e2e4fc40a9400e52318e741eeb69d4211,usdc,19,7373.009124000001,7373.009124,0.5263157894736842,0.00036415545067878575,0.021849327040727146,0.5243838489774515,164764.8,0.0,8,0.06521739130434782,0,-1
0x3ff58ffa2fbbcae8f9e9b0105b9de73e09056c13,usdc,1,0.10250531639722867,64.534549,1732.0,1.1289271281449615,67.73562768869769,1625.6550645287446,53.147806004618936,0.0004969355640218651,1731,0.00033129037601457677,0,-1
0x430ecf00c4218d45d8a57a14a36c8acec3252d99,usdc,1,5000.0,5000.0,3.0,0.75,45.0,1080.0,80.0,0.0,2,0.005390835579514825,0,-1
0x4d27299ec052dd4c9b37bfaa8f112135772d4d8a,usdc,2,1186.6745792727272,0.0003,5.5,0.0026741868041036615,0.16045120824621967,3.850828997909272,22436.727272727272,0.0625,6,0.10416666666666667,0,-1
0x5a1ad665398e0077b317a19eebd2492a84c4fcd8,usdc,54,11826.930370555556,3000.0,0.3333333333333333,0.00022881957068363658,0.013729174241018197,0.3295001817844367,262215.3333333333,0.0,16,0.01507537688442211,0,-1
0x4d6973ed0659332be93351b4f387e30822293b0f,usdc,236,10112.86910455102,0.0004,0.2076271186440678,0.00014406713881486255,0.008644028328891752,0.20745667989340208,416472.48979591834,0.009536784741144414,28,0.0057901907356948225,0,-1
0x1231deb6f5749ef6ce6943a275a1d3e7486f4eae,usdc,1,7655.398024301276,519.822849,3764.0,5.267282395745871,316.0369437447523,7584.886649874055,11.391073326248671,0.0083,1985,0.0339,0,-1
0x81fde2de433ce842bd25e36654febe641a2cc4f7,usdc,601,70845.88942134616,0.000279,0.04326123128119801,3.002306695328688e-05,0.001801384017197213,0.04323321641273311,1998463.3846153845,0.06976744186046512,16,0.08139534883720931,0,-1
0xac4dbdda13372792f08a6d4c094dafbb011698eb,usdc,227,1233.0913561135135,0.0,0.8149779735682819,0.0005650314554538362,0.03390188732723018,0.8136452958535243,106188.77837837838,0.15575620767494355,115,0.1309255079006772,0,-1
0x4e14e3a4ace2be9e7289e1ad428a58a5f06ba55c,usdc,95,78256.25462087704,82927.26,32.189473684210526,0.02234759350472822,1.3408556102836933,32.18053464680864,2684.85284499673,0.1001,1616,0.0375,0,-1
0x7489373204abd1b6f00aeba295f608ed2d83d859,usdc,249,229296875066129.3,0.000118,3.5983935742971886,0.0024938405478433286,0.14963043287059974,3.5911303888943937,24059.276785714286,0.09838799332962757,709,0.048360200111172875,0,-1
0x48be28474d9426ebd8fdde98d90070da3e58d821,usdc,119,15390.051773849687,31102.0,38.79831932773109,0.026895688767307142,1.6137413260384288,38.72979182492229,2230.8408057179986,0.22992100065832785,2831,0.1433508887425938,0,-1
0xbf23af8a3dd05bb4f1b6bf19f006497027557bc5,usdc,457,22927.538472121956,0.0,0.26914660831509846,0.00018666892490536797,0.011200135494322078,0.26880325186372983,321424.68292682926,0.014388489208633094,98,0.012789768185451638,0,-1
0xaec9decdba591eba8d519995ad7ade00eac00fe5,usdc,1,0.08252444809769847,54.980493,2129.0,1.9169818116333515,115.01890869800107,2760.453808752026,31.299201503053077,0.0003018867924528302,2128,0.0003018867924528302,0,-1
0xed2621e70c8f94e5acf8f74d7bdfa2cf815c4fbc,usdc,154,4050.0,600.0,0.025974025974025976,1.797198706376371e-05,0.0010783192238258228,0.025879661371819747,3338529.0,0.0,2,0.07894736842105263,0,-1
0x3cfa586afe61b6c5c565e5de4f9becf4f9dade9a,usdc,78,1419.556220333333,0.00028,0.8076923076923077,0.0005538666043053898,0.03323199625832338,0.7975679101997611,108329.33333333333,0.06302521008403361,30,0.06302521008403361,0,-1
0x67d6a344e7cf29c68b5bc6ff8f00cef1ce1a2aca,usdc,1,0.03731190732265446,96.986642,2622.0,2.511013215859031,150.66079295154185,3615.8590308370044,23.894736842105264,0.2621,2622,0.0001,0,-1
0x1b23b13256a1f848653f27e17ec6a352b79a931b,usdc,1165,1848.579969,666.0,0.004291845493562232,2.9800370003380655e-06,0.00017880222002028393,0.004291253280486814,20133978.2,0.0,1,0.0390625,0,-1
0x836099a13dd5be0a4f02e8521b0fa8dfa493d61a,usdc,59,6104.602871655589,0.000129,5.610169491525424,0.003835795504586731,0.23014773027520383,5.523545526604892,15642.126888217523,0.13459879206212252,198,0.06471095772217429,0,-1
0xf18c15e87fa2b8074817e4dbe43789b11daddf5d,usdc,765,162.17736543589743,266.254596,0.050980392156862744,3.538425944827774e-05,0.002123055566896664,0.05095333360551994,1695669.2307692308,0.0,11,0.17073170731707318,0,-1
0x42ca41e2763a618dd5ebb04665138dd817fe17d7,usdc,39,515.9607787499999,600.0,0.20512820512820512,0.00013943403724283134,0.008366042234569881,0.20078501362967716,430311.0,0.0,4,0.16,0,-1
0xf56735b07c621c3132241ddd875f1def52664c32,usdc,37,3585.1062209177217,0.0,4.27027027027027,0.0029464748598559583,0.1767884915913575,4.242923798192581,20363.316455696204,0.18635170603674542,88,0.16010498687664043,0,-1
0x42cb612d9bc2b786c023e5569560372ba9c7dcbd,usdc,291,3974.900178,0.000109,0.08247422680412371,5.711071197069078e-05,0.0034266427182414474,0.08223942523779473,1050591.0,0.1375,8,0.075,0,-1
0x8057ab1b50a61eca3961bd78a4782f39d12e9da8,usdc,229,356.23280838709684,755.973008,0.13537117903930132,9.371884226393282e-05,0.005623130535835969,0.13495513286006325,640212.7741935484,0.0,20,0.0196078431372549,0,-1
0xf70e8a9fc7809568714e951c3a83d32ab789a69b,usdc,233,1175.1348236666665,2385.763072,0.15450643776824036,0.00010696470996518893,0.006417882597911336,0.15402918234987206,560932.6666666666,0.006944444444444444,18,0.024305555555555556,0,-1
0x7a474eeac356910e845541e183dc3573be78e3b6,usdc,184,19.212705315436242,120.125702,0.8097826086956522,0.0005603871711204283,0.0336232302672257,0.8069575264134168,107068.8322147651,0.002369668246445498,113,0.024881516587677725,0,-1
0xe0ffe81b795f0ace00ba82224972bb12f002ce07,usdc,3,1322.1061789473688,0.001,31.666666666666668,0.019903624554787346,1.1942174732872408,28.661219358893778,3014.5263157894738,0.0,16,0.042105263157894736,0,-1
0xe56566f99a2dd74fe75dfcb352d5f6111ec14f3c,usdc,1006,847.2980599298246,450.0,0.05666003976143141,3.931408102094117e-05,0.00235884486125647,0.056612276670155275,1526170.7368421052,0.03225806451612903,29,0.1774193548387097,0,-1
0xa20aec876f6096bfe6b546a444a73f8778ee6b78,usdc,388,61.567722875,39.95,0.020618556701030927,1.4293182473556718e-05,0.0008575909484134031,0.020582182761921676,4197805.5,0.0,4,0.0967741935483871,0,-1
0x6278a69302823422884b2b9abf0f146df51edd7a,usdc,12,0.04,0.065132,0.3333333333333333,0.00021750241971441934,0.01305014518286516,0.31320348438876383,275859.0,0.0,2,0.75,0,-1
0xf10662ddfc2f6c61635e668ae0c6683f57fe4bd1,usdc,112,11102.465118944243,36250.0,7.366071428571429,0.005113013083115901,0.30678078498695405,7.362738839686898,11734.763636363636,0.13932868904369855,494,0.05889803673210893,0,-1
0x98f06d16ecc6bd56aa6b06929bb5cf94c0d0cff2,usdc,329,269292929421285.78,157642.94,4.513677811550152,0.003125907776248153,0.18755446657488917,4.501307197797341,19194.424242424244,0.19472789115646258,1165,0.055272108843537414,0,-1
0x81e14e07493bd2a3ad29bb7dab1f26de9c98151b,usdc,735,795.6135037004219,2500.0,0.3224489795918367,0.000223830105205816,0.013429806312348963,0.3223153514963751,268060.4556962025,0.002197802197802198,116,0.015384615384615385,0,-1
0x1a8bcbfc3a2c7be39f5d0fb842177e6884a911bd,usdc,8,14526.0,14526.0,0.5,0.00033736484320968913,0.020241890592581347,0.4858053742219523,177849.0,0.0,0,0.005291005291005291,0,-1
0xa4a7eef18237a29f82d23e96d07e89380190fd47,usdc,1,2096.666771333333,0.000314,3.0,1.1538461538461537,69.23076923076923,1661.5384615384617,52.0,0.3333333333333333,1,1.0,1,2
0xa9d1e08c7793af67e9d92fe308d5697fb81d3e43,usdc,1,246257.95130036486,2240.0,3988.0,6.736486486486487,404.18918918918916,9700.540540540542,8.906720160481445,0.0,3246,0.0627,0,-1
0xb1441083b1f82efe7a25eac6d562a9468a44e7d5,usdc,7,4543.164935894738,668.829891,13.571428571428571,0.009227421955436408,0.5536453173261845,13.287487615828429,6502.357894736842,0.26495726495726496,60,0.23931623931623933,0,-1
0x488a612e5b6e9b667754f68896f9a122629a0c2c,usdc,1,0.01670073809523809,0.001,4326.0,1.8558558558558558,111.35135135135134,2672.4324324324325,32.33009708737864,0.0743,4325,0.0002,0,-1
0xc57b0e086f46761024c15c8c3e02a041d4bb432f,usdc,50,1.682861992018244,131.648754,35.08,0.024262108230581322,1.4557264938348793,34.937435852037105,2472.9920182440137,0.0001,12,0.1741,0,-1
0x21eab0e1dcc891d0b016c07cadcdb14c0505c5ac,usdc,50,0.0026501538461538464,0.00027,0.52,0.000355022475653651,0.02130134853921906,0.5112323649412575,169003.38461538462,0.14814814814814814,13,0.05555555555555555,0,-1
0x2a35369677c9e5fcd6b9191fdc19c2d26adaa331,usdc,14,3409.141736293814,2382.382928,13.857142857142858,0.009264742401956103,0.5558845441173661,13.341229058816786,6476.164948453608,0.23348017621145375,125,0.2290748898678414,0,-1
0x3f128b6703f4004bf5eb169ba6e9af1cba4af8df,usdc,173,4961.256448437135,21315.28,23.722543352601157,0.016416249526992808,0.9849749716195686,23.639399318869646,3654.9152046783624,0.3173181917449225,2728,0.08342432845599476,0,-1
0x09ff0d7c1af0cc166e12082720f194e791f42265,usdc,78,599.4960298947369,333.670088,0.48717948717948717,0.0003343987159089309,0.020063922954535855,0.48153415090886054,179426.52631578947,0.0,22,0.06896551724137931,0,-1
0x76c03a87df0c0f6cb3844b06602e779d7144e75d,usdc,1096,138695.80015966305,0.001,0.08394160583941605,5.8241590167604104e-05,0.003494495410056246,0.08386788984134991,1030191.6521739131,0.2,74,0.1,0,-1
0xcbe2f41f902e5cb53c48fb211f6fcfd65d808b29,usdc,33,3150.0190439487183,0.001,1.1818181818181819,0.0008123138447439129,0.048738830684634776,1.1697319364312346,73863.07692307692,0.019851116625310174,21,0.034739454094292806,0,-1
0x71c127627a5c31e51eab8a5467891754a562c5be,usdc,1433,90683.11354233888,1303.0,1.0481507327285415,0.0007274292846838013,0.04364575708102807,1.047498169944674,82482.24434087882,0.044521001722538756,1099,0.031403206572147874,0,-1
0xee92fe8145a140de5489df15b38b4c5941ef1048,usdc,880,11976.122697191615,50000.0,0.3795454545454545,0.0002634444622002156,0.015806667732012936,0.37936002556831044,227751.9880239521,0.023494374586366645,214,0.015552614162806089,0,-1
0xd0189d51cba088d5c912e0bd03a3c1aa83a5051a,usdc,55,3481.9440062500003,3571.11041,0.14545454545454545,0.00010099658379055327,0.006059795027433197,0.14543508065839675,594079.5,0.0005709391949757351,6,0.0008564087924636027,0,-1
0x3732bcf0bf4e92356fc0dc19b6b373846f04c44b,usdc,40,1131.9305512376607,25906.890364,161.575,0.11219551148515401,6.7317306891092406,161.5615365386218,534.780751972768,0.0638,2899,0.3394,0,-1
0x238d7ce52cec02cda9bfca8b116646a46dc72dc8,usdc,24,26431.541862777776,25996.996725,0.75,0.0005006285669785397,0.030037714018712382,0.7209051364490972,119849.33333333333,0.0,9,0.04225352112676056,0,-1
0xc77825a7cf8824a6c9cdb2bd67c349dce1f66b6b,usdc,48,7383.8142135388025,8000.0,9.395833333333334,0.006408635031787398,0.38451810190724384,9.228434445773853,9362.368070953436,0.24028268551236748,339,0.08303886925795052,0,-1
0x888888888889758f76e7103c6cbf23abbf58f946,usdc,6,30052.057577315907,2440.129078,146.66666666666666,0.1014362450146391,6.086174700878345,146.0681928210803,591.5045454545455,0.0,440,0.006,0,-1
0xc9dffd34f2fb2c3b0067e10b57ddcc6754eabbcb,usdc,273,1101.601897751337,0.0,2.73992673992674,0.0018958239661549798,0.1137494379692988,2.729986511263171,31648.508021390375,0.05525502318392581,231,0.044435857805255025,0,-1
0x8a4a18f29ac3bc26d34c77f82e3f34c638914b80,usdc,280,11746.97511378641,14117.49899,0.3678571428571429,0.00025539718725870543,0.015323831235522327,0.36777194965253585,234928.1941747573,0.11538461538461539,73,0.03571428571428571,0,-1
0x162bc578ca20864e5b5da0bb0bccb3152db56b98,usdc,1,0.0922159230369215,61.381113,1923.0,1.2326923076923078,73.96153846153847,1775.076923076923,48.673946957878314,0.00015144631228229593,1922,0.00030289262456459186,0,-1
0xc2b9ec70586606438866c6110fdeba970b137bba,usdc,14,2730.680247777778,0.0,0.6428571428571429,0.000435894455422527,0.026153667325351623,0.6276880158084389,137648.0,0.026143790849673203,5,0.026143790849673203,0,-1
0x84c64b1fda5ca2a1017e7782dac31f09adc50f47,usdc,12,0.032,0.0446,0.4166666666666667,0.00028504321255102275,0.017102592753061363,0.4104622260734727,210494.4,0.0,3,0.6,0,-1
0xfc883783d03a5f0ab93e7acb9e915c1fdd28ee7d,usdc,11,0.10951918829376037,27.642125,164.63636363636363,0.11274637978907524,6.764782787344515,162.35478689626837,532.1678630590834,0.0,1810,0.00032357223750202233,0,-1
0xbdbebff9e92dc8bf81843e5235ac59a16355852e,usdc,965,150.09320870454545,3.99,0.09119170984455958,6.326806896507099e-05,0.0037960841379042595,0.09110601930970223,948345.6818181818,0.01927710843373494,46,0.07710843373493977,0,-1
0x74077c88be2f17f2c8240a5622610f37e098afce,usdc,70,8.66226540673575,0.00875,11.028571428571428,0.007590132827324478,0.45540796963946867,10.929791271347248,7905.0,0.005979073243647235,552,0.012954658694569009,0,-1
0x95032cc7affbd2f52ca41e69d1cdce02d332a4cd,usdc,1,0.0005762857142857143,0.000502,7.0,0.04834254143646408,2.900552486187845,69.61325966850829,1241.142857142857,0.8571428571428571,3,0.2857142857142857,0,-1
0x3ee5a9b7903fa2a21aa08dbc5ae0956b1580bedf,usdc,528,5044.732142171053,0.0005,0.14393939393939395,9.994221761786672e-05,0.0059965330570720034,0.1439167933697281,600346.8947368421,0.3146853146853147,53,0.1258741258741259,0,-1
0xa14bbae2b9874b072cf9409c2c7570639ce6ac35,usdc,496,5228.834381083333,0.012573,0.024193548387096774,1.6800393129199223e-05,0.0010080235877519535,0.024192566106046882,3571345.0,0.0,6,0.3333333333333333,0,-1
0xa000b020c290d000020aac04026b5306d60050f0,usdc,19,10669.687111766101,0.253633,84.15789473684211,0.05840114537831086,3.5040687226986518,84.09764934476765,1027.3771106941838,0.0017565872020075283,886,0.022082810539523212,0,-1
0x106f7c2aa929066ddd78d7f013b3076419982719,usdc,159,0.0010206285714285718,0.0,1.320754716981132,0.000915263988284621,0.05491583929707726,1.3179801431298543,65554.85714285714,0.7032967032967034,179,0.029304029304029304,0,-1
0xb90ebe617ef90b1bfa784e604eac326cbcbda230,usdc,1,0.06969875419138509,32.443256,3877.0,1.7560467433644351,105.36280460186612,2528.7073104447863,34.16765540366263,0.0002,3875,0.0002,0,-1
0x7f07f4319fe4fb0abbcd517aef2cb748bd55212e,usdc,10,0.00026414285714285716,0.00076,1.4,0.0009677463951446781,0.058064783708680685,1.3935548090083363,61999.71428571428,0.3888888888888889,7,0.05555555555555555,0,-1
0x1919fa60c9c3c228369cf78fd0069585173ce5a8,usdc,1,0.07276495613646436,52.902972,2257.0,4.096188747731397,245.77132486388385,5898.511796733213,14.647762516614975,0.0,2256,0.000297000297000297,0,-1
0x709bf8db32ef2d105eacf09b8507d6b8c39ff409,usdc,166,69.46559033333334,5.0,0.03614457831325301,2.5069065274832164e-05,0.0015041439164899298,0.03609945399575831,2393388.0,0.0,3,0.03636363636363636,0,-1
0xba774bffd6c50ef62cf69b0c21884d06f38e135d,usdc,178,12578.705884705883,0.0,0.09550561797752809,6.619252055667131e-05,0.0039715512334002785,0.09531722960160668,906446.8235294118,0.11764705882352941,2,0.07563025210084033,0,-1
0x5311c97752e198acd4f410e9ee72df5ba8da5f64,usdc,1,0.110199,0.110199,20.0,0.0071058054430469695,0.4263483265828182,10.232359837987635,8443.8,0.0,10,0.45,0,-1
0xbd55467db9cb708be6acffb4dd48152123d96046,usdc,1,0.07957128226174191,44.915153,2193.0,3.306694813027744,198.40168878166466,4761.640530759952,18.14500683994528,0.0005343783398646241,2192,0.0003562522265764161,0,-1
0x0b4ae2625842b56adb7e88201bdbe60840502aa5,usdc,21,0.000362,0.00089,1.9047619047619047,0.0013170545392284694,0.07902327235370817,1.896558536488996,45556.2,0.43956043956043955,19,0.02197802197802198,0,-1
0xa27f3bba2603f932dc98a0c7061d764f91d067b8,usdc,232,2663.5514727837835,486.657289,0.15948275862068967,0.00011052040774264159,0.006631224464558496,0.15914938714940388,542886.1621621621,0.0,11,0.09090909090909091,0,-1
0xd0f4c35c9aca552d845d5a9a19f4dbf40322166a,usdc,167,4454.042594888235,2026.30926,1.0179640718562875,0.0007040398635653573,0.042242391813921434,1.0138174035341143,85222.44705882353,0.011809163911195087,123,0.01983939537080775,0,-1
0xab16741aaeff39a64f7b8723bfdcf4284869d5d3,usdc,330,112002.7747215,0.000254,0.24242424242424243,0.0001679276634796795,0.01007565980878077,0.24181583541073848,357296.7,0.2,60,0.13333333333333333,0,-1
0x38951d7eef499aeb2947ecbbd570f1c65d6bb9e5,usdc,85,522.16463516,424.00016,0.29411764705882354,0.00020378751320543085,0.012227250792325853,0.2934540190158204,294424.32,0.033707865168539325,9,0.04119850187265917,0,-1
0x558c8b16c3dcc9e3a4b793f5f97f766b2d96c546,usdc,93,5891.161187513513,1264.4,0.3978494623655914,0.0002734558612677118,0.01640735167606271,0.393776440225505,219413.83783783784,0.01098901098901099,22,0.10989010989010989,0,-1
0x0bd9cb06c54550ba424fff8cb3fae4a2a86e710b,usdc,2,0.0019323333333333334,0.000302,1.5,0.0009580379383023567,0.057482276298141406,1.3795746311553936,62628.0,0.09090909090909091,2,0.09090909090909091,0,-1
0xb1dda9e86ffd52b32c8c668803ad780eb7a324db,usdc,912,6779.999893139074,4995.918404,0.16557017543859648,0.00011489974198540058,0.006893984519124035,0.16545562845897685,522194.38410596026,0.01639344262295082,90,0.11475409836065574,0,-1
0x12574b77528e2771eae5808e59ddfe394c5b901a,usdc,52,4033.8238019065043,0.000178,14.192307692307692,0.009683158651600476,0.5809895190960286,13.943748458304686,6196.325203252032,0.23464912280701755,342,0.14692982456140352,0,-1
0x57a4cdd000e0f46fe87c2679577863317a97a064,usdc,139,724.1627754496125,2448.0,1.856115107913669,0.0012829642241945173,0.07697785345167103,1.8474684828401051,46766.6976744186,0.3938356164383562,155,0.24315068493150685,0,-1
0xba285d84c0c73eb7bc8478a9b74211bf50e84f34,usdc,420,4790.492015057377,0.0,1.7428571428571429,0.0012087294041261266,0.0725237642475676,1.7405703419416223,49638.901639344265,0.3887113951011715,305,0.12247071352502663,0,-1
0xb53425c93a13c08b3b79b9010880fa584da8f009,usdc,234,0.0003744920634920635,0.0,0.5384615384615384,0.00037370559947420216,0.02242233596845213,0.5381360632428511,160554.19047619047,0.17729393468118196,30,0.006220839813374806,0,-1
0xcb2ccd1a11130118a66db509d6de3a171f6e270c,usdc,605,50681.46857361395,0.0001,0.971900826446281,0.0006739934801447023,0.04043960880868214,0.9705506114083712,89021.63265306123,0.03284416491963662,389,0.031213603540647564,0,-1
0x39eb5c5cb3e6e70c586d4fc52165a310fc5c1cb1,usdc,710,9142.52896551724,24609.67,0.04084507042253521,2.832863403624815e-05,0.001699718042174889,0.04079323301219733,2117998.3448275863,0.0,14,0.01858736059479554,0,-1
0xd8a5909098015ec1ee40faf722620f65fa08e985,usdc,26,18000.0,10000.0,0.9615384615384616,0.0006623393826996954,0.03974036296198172,0.9537687110875612,90588.0,0.0,0,0.0136986301369863,0,-1
0xd2b86bd28bb6f44c3cf644b03f5ce08f3da94c1c,usdc,26,338.8420513913043,2.592835,3.5384615384615383,0.002395022518418244,0.14370135110509463,3.4488324265222707,25051.956521739132,0.038539553752535496,58,0.04056795131845842,0,-1
0x92f341ba2fa2299929b9023bc6ab4f2923ff34e1,usdc,5,0.0005,0.001,0.8,0.000510686106784465,0.030641166407067898,0.7353879937696295,117489.0,0.3333333333333333,1,0.5,0,-1
0x32051eeeb1bb773c7c1ad34bffef03169f8ac19a,usdc,1,0.13035849497847923,64.432852,1394.0,2.145935960591133,128.75615763546799,3090.1477832512314,27.959827833572454,0.0010508617065994115,1392,0.0006305170239596469,0,-1
0x0140763ec4f7d3af4c920df3d02c74967824cf64,usdc,16,1928.4340769591838,0.0045,6.125,0.004133137641918451,0.24798825851510703,5.951718204362569,14516.816326530612,0.2463768115942029,59,0.21739130434782608,0,-1
0x3cadbeb58cb5162439908eda08df0a305b016da8,usdc,61,1284.7180204,3.838602,1.9672131147540983,0.001358104403144238,0.08148626418865428,1.9556703405277027,44179.225,0.0,11,0.028833551769331587,0,-1
0x5a9f7c55a0ca0cd8d0985a6cfcd624d255fba0ab,usdc,387,1679.7885059867108,1983.316853,0.7777777777777778,0.0005396230311826816,0.0323773818709609,0.7770571649030615,111188.73089700997,0.04782608695652174,266,0.02463768115942029,0,-1
0x8a8db50bbe17509ace08a38d2cd18f1131911add,usdc,583,209.10427929411765,115.686231,0.029159519725557463,2.0216285716528193e-05,0.0012129771429916917,0.029111451431800595,2967904.2352941176,0.03333333333333333,11,0.11666666666666667,0,-1
0x0890d96f2793c629c576b611d60d872b83ab7bdd,usdc,650,13215.762522787234,138523.941635,0.14461538461538462,0.00010028225543184881,0.0060169353259109295,0.1444064478218623,598311.2340425532,0.0023781212841854932,40,0.026159334126040427,0,-1
0x902f354d86f4b576c05b76ac28c93a30fb089498,usdc,1,0.00675,0.0005,6.0,0.7692307692307693,46.15384615384615,1107.6923076923076,78.0,0.16666666666666666,3,0.6666666666666666,0,-1
0xe6d953bddfff3df45dd522e7d381c77e8d0644f8,usdc,177,3759.7060816363637,616.0,0.062146892655367235,4.2977983551153566e-05,0.002578679013069214,0.061888296313661134,1396063.6363636365,0.002849002849002849,6,0.017094017094017096,0,-1
0xd80153ae863ba32e2d71ed40bbd30546d66db572,usdc,42,0.0,0.0,0.5238095238095238,0.0003622806555303789,0.021736839331822733,0.5216841439637456,165617.45454545456,0.3283582089552239,0,0.23880597014925373,0,-1
0x08fa1d231580ff854db5513ae8f877a25dda9576,usdc,800,29823.44671092447,124069.738867,8.225,0.005705092167584741,0.34230553005508446,8.215332721322028,10516.920364741642,0.1304874764341503,3999,0.08241314301104229,0,-1
0x0d3b6e1e6ee59a80d06a7a0385f72099379af48d,usdc,11,0.0006054827586206896,0.000437,2.6363636363636362,0.0018201674554058974,0.10921004732435384,2.621041135784492,32964.0,0.3287671232876712,23,0.0273972602739726,0,-1
0xdc0175978ae72383bbfdbe56fed69d3acd5d476a,usdc,577,2860.548154830986,889.917027,0.24610051993067592,0.00017081461489845071,0.010248876893907043,0.24597304545376905,351258.0,0.4105263157894737,13,0.031578947368421054,0,-1
0xac7557f2e209a313183e845d555fb0a728038361,usdc,168,678.12525,0.001,0.19047619047619047,0.00013174460320584022,0.007904676192350414,0.18971222861640993,455426.625,0.0,4,0.001,0,-1
0x24d330ffc28601d521a13e153c88ebaa3b64ff79,usdc,397,8203.667700559055,0.0002,0.3198992443324937,0.00022180329924548456,0.013308197954729074,0.3193967509134978,270509.9527559055,0.09902912621359224,89,0.06407766990291262,0,-1
0x2d871a1e3df2556aeadd6674de407adc0ac761f6,usdc,12,0.0004050370370370371,0.00014,4.5,0.0029255924324675746,0.17553554594805448,4.212853102753307,20508.666666666668,0.5494505494505495,27,0.02197802197802198,0,-1
0x8a9fbbcc20fb93848c0d07ceb8a6abe896f48396,usdc,101,1762672.839809,16897.436412,0.07920792079207921,5.472240691034555e-05,0.003283344414620733,0.07880026595089759,1096443.0,0.0,6,0.011494252873563218,0,-1
0xdaf02f303f40b2611eac783cfa9643cae8454d79,usdc,129,2812.5,2000.0,0.06201550387596899,4.3014499112288275e-05,0.0025808699467372966,0.06194087872169512,1394878.5,0.125,0,0.25,0,-1
0x939d0f3fab29224173c44664a5a5baf2d92eeb3e,usdc,44,24343.471915805618,1000.0,48.52272727272727,0.033009984940643874,1.9805990964386322,47.53437831452718,1817.631850117096,0.0581,1473,0.0413,0,-1
0x1bb216120e8f939f520c610bdc3c88adac4b06f7,usdc,1137,259.45225323636373,210.479535,0.048372911169744945,3.358098188104542e-05,0.002014858912862725,0.0483566139087054,1786725.6,0.0,32,0.057971014492753624,0,-1
0xf615c0f27c34ae627a43e66661b5508778edcfdf,usdc,189,4527.226727716186,0.0,2.386243386243386,0.0016570891080378008,0.09942534648226804,2.386208315574433,36208.07095343681,0.057682985942801746,287,0.06156083373727581,0,-1
0x17716dcb45ea700143361bf6d3b1d12065806c88,usdc,847,130483009736281.61,27771.0,0.48642266824085006,0.00033778626361003985,0.020267175816602388,0.4864122195984574,177627.11650485438,0.08237232289950576,295,0.04695222405271829,0,-1
0x02c40da0e41fa47ea0a1283fe9477e75d4342ccc,usdc,53,1242.3747202528734,0.000304,1.6415094339622642,0.0011247692283824526,0.06748615370294715,1.6196676888707318,53344.275862068964,0.013979903888160769,58,0.011358671909130624,0,-1
0xe37c08b44c7ebb5fa2d7f8718aa0255076d3a093,usdc,256,20089.293278024095,0.0001,0.32421875,0.00022494395372333738,0.013496637223400242,0.3239192933616058,266733.1084337349,0.006549465701482247,61,0.007583591864874182,0,-1
0xf0bb20865277abd641a307ece5ee04e79073416c,usdc,157,4250321.28048684,1.0,0.1592356687898089,0.0001102572787445136,0.006615436724670816,0.15877048139209957,544181.76,0.0004,11,0.001,0,-1
0x4a6eb1d3e3dfe82227f1aeb35a55d283f916a5ce,usdc,2,0.04870839260312943,32.838,703.0,0.35697963743462147,21.418778246077288,514.0506779058549,168.07681365576101,0.0,1405,0.0004658746797111577,0,-1
0x0feea5ca4a4943bb8938475923d1d8ae42cb1540,usdc,96,786.1837722470586,702.0,0.8854166666666666,0.0006101360100837537,0.036608160605025225,0.8785958545206054,98338.72941176471,0.05309734513274336,18,0.09734513274336283,0,-1
0xbbd3da220c96d2b7d9f2c872089d9d5a136ff2bf,usdc,134,1021.0217215909089,144.128383,0.16417910447761194,0.0001139649547403723,0.006837897284422338,0.1641095348261361,526477.6363636364,0.0,5,0.013559322033898305,0,-1
0x0e6e34efd23fb944c37333995441d7485cfc7f5a,usdc,3,0.0018061805063980401,0.001,1224.3333333333333,0.7227753945452399,43.366523672714386,1040.7965681451453,83.01334059352028,0.0002,3670,0.0004,0,-1
0x8f473387b1b1b83b478eef17c68f473a19476760,usdc,1036,10957.851290141922,0.0,0.4420849420849421,0.00030674595982753107,0.018404757589651866,0.44171418215164476,195601.59825327512,0.0791814946619217,345,0.03069395017793594,0,-1
0x4f964baf61ac60b0f0e4327aabe60fecb1a5ec5e,usdc,68,384.30281876543205,0.0009,1.1911764705882353,0.0008224786460173756,0.049348718761042534,1.184369250265021,72950.22222222222,0.07727272727272727,37,0.10454545454545454,0,-1
0x2333f3ab8a066ba2e402fe4bf610702e66161882,usdc,535,8902.207592994682,0.0,0.702803738317757,0.00048792641654381996,0.029275584992629194,0.7026140398231008,122969.36170212766,0.007718431614695894,259,0.024081506637851188,0,-1
0x95dbb3c7546f22bce375900abfdd64a4e5bd73d6,usdc,17,9959.554597976574,14.166658,296.29411764705884,0.20355133841975948,12.213080305185567,293.11392732445364,294.7659321024419,0.0001,2590,0.0284,0,-1
0x54ddcd0ec8d9535ed00fe4c789f987d8d326460c,usdc,57,11024.80016,0.001,0.43859649122807015,0.0003016307364133451,0.018097844184800704,0.43434826043521696,198918.72,0.0,2,0.08928571428571429,0,-1
0xf6105b6a4307ab8d768ff75c3bd29de0f520249e,usdc,1,168.33366999999998,0.000505,6.0,0.031512605042016806,1.8907563025210083,45.378151260504204,1904.0,0.5714285714285714,3,0.5714285714285714,1,2
0xdf8cd32497e700afbc31d2240ece0861c418c84e,usdc,26,7061.432886862069,0.102666,1.1153846153846154,0.0007702727828096364,0.046216366968578185,1.1091928072458765,77894.4827586207,0.10884353741496598,16,0.02040816326530612,0,-1
0xec8755a962f9a244bd11a61203c34cee4c273ee8,usdc,42,4171.656,8394.0,0.47619047619047616,0.0003239674347934546,0.019438046087607273,0.4665131061025745,185203.8,0.0,0,0.011560693641618497,0,-1
0x9d743be8472b926fc1570a7d5f2896b330212a0b,usdc,355,4107.619251163264,3341.744214,0.27605633802816903,0.00019158234111274933,0.01149494046676496,0.27587857120235904,313181.2653061224,0.017985611510791366,52,0.03597122302158273,0,-1
0x3100185904de2460b5fcc235d1139e5b769064f4,usdc,1,8076.673305333333,12115.009958,3.0,0.2,12.0,288.0,300.0,0.03225806451612903,1,0.0967741935483871,0,-1
0x44ab943ae1f2d687ee8ab9800bb4b7576a554705,usdc,31,24435.574936844445,2575.0,1.4516129032258065,0.00100222270724852,0.0601333624349112,1.443200698437869,59866.933333333334,0.40816326530612246,32,0.20408163265306123,0,-1
0x16b16851a4aa149793163eb6c567c549a612e072,usdc,308,954.9006933571429,0.497887,0.13636363636363635,9.469538973240435e-05,0.0056817233839442614,0.13636136121466227,633610.5714285715,0.010050251256281407,26,0.07035175879396985,0,-1
0xfbbea236d5b45c187c6e05011bd542c28a5e12ca,usdc,82,2665.2725391538456,3532.0,0.47560975609756095,0.0003298247869247306,0.019789487215483837,0.47494769317161206,181914.76923076922,0.00648202710665881,22,0.00648202710665881,0,-1
0xc6d20f1162cc9edc24718e4a29f515fe5777f2ac,usdc,326,0.5603509216539717,514.962,5.638036809815951,0.00391306939630579,0.2347841637783474,5.6348199306803375,15333.23177366703,0.08031496062992126,1,0.4732283464566929,0,-1
0xcbe9d3cca0cc3741a389c5955edd1a1f5e58a3cb,usdc,55,2428.2807999210527,0.000623,0.6909090909090909,0.00047173910344741973,0.028304346206845184,0.6793043089642844,127188.94736842105,0.03036876355748373,25,0.02386117136659436,0,-1
0x02a4e8bb3c3a6765336271dc032e5a1df9fb12e0,usdc,38,13001.5002099,0.0001,0.5263157894736842,0.0003647904278991719,0.021887425673950314,0.5252982161748075,164478.0,0.5454545454545454,1,0.45454545454545453,0,-1
0xcbe24104baa28380e306839e613f0a6498b08b29,usdc,29,0.0,0.0,0.3103448275862069,0.00021384173810564734,0.01283050428633884,0.30793210287213213,280581.3333333333,0.23684210526315788,0,0.13157894736842105,0,-1
0x30fc4b3430300a04bde5476805d1a4315159d477,usdc,49,75312.46893284375,0.001,0.6530612244897959,0.00045163166050848084,0.027097899630508845,0.6503495911322124,132851.625,0.005009392611145898,17,0.007514088916718848,0,-1
0x566b1dacbab1646781557a6bd4b9904ace9b48d5,usdc,1201,1633.6239217765956,0.0,0.1565362198168193,0.00010863971176728725,0.006518382706037236,0.15644118494489367,552284.2340425532,0.10869565217391304,99,0.06677018633540373,0,-1
0x26333ce129c73ab68088537294d083f8ed8de32b,usdc,77,33853.01922242046,4802.555785,3.4285714285714284,0.002364129704752438,0.14184778228514627,3.4043467748435106,25379.31818181818,0.18541666666666667,158,0.12916666666666668,0,-1
0xc7c54a2e72fdf5cc117297e766a63db858062771,usdc,2,12811.91063891358,7212.883636,40.5,0.018750868095745173,1.1250520857447104,27.00125005787305,3199.8518518518517,0.0,80,0.024691358024691357,0,-1
0x2f5871d68bdeec6aaca320ebccf3e8d83f17b198,usdc,1,897.620369,897.62037,4.0,0.0035669698591046903,0.2140181915462814,5.136436597110754,16821.0,0.0,2,0.375,0,-1
0x9a52a0ba29bf212194d31a480142cd688a45cc37,usdc,38,9885.425307065574,0.0,4.815789473684211,0.0033424535435486995,0.20054721261292197,4.813133102710127,17950.885245901638,0.08149568552253116,89,0.05560882070949185,0,-1
0x66c36eecd0539247ae2432e290da87e16a7ba23f,usdc,15,2592.474800790698,0.00016,2.8666666666666667,0.0019281127811457475,0.11568676686874485,2.7764824048498764,31118.511627906977,0.125,28,0.125,0,-1
0x8581394c287b061adc7863e2a9d7d48c3c0f2596,usdc,5,99681404670997.92,3.5984987077e+16,72.2,0.04439143159292688,2.663485895575613,63.923661493814706,1351.612188365651,0.0110803324099723,342,0.055401662049861494,0,-1
0x4f88d301d27d67422efdc23203a2ba4259c166b1,usdc,1,20.0,20.0,3.0,0.01861042183622829,1.1166253101736974,26.799007444168733,3224.0,0.0,0,0.3333333333333333,0,-1
0xfa9ab2dfc76c43a1a9476b9b8e4aadc4e180ef63,usdc,70,0.0009555555555555557,0.00045,0.12857142857142856,8.843244645415367e-05,0.00530594678724922,0.1273427228939813,678484.0,0.4444444444444444,4,0.4444444444444444,0,-1
0x748c05b80d07de9692d976bd3173f301356ab945,usdc,68,1414.9683463736328,1492.217979,73.95588235294117,0.05133696608636533,3.08021796518192,73.9252311643661,1168.7484589381586,0.0005,3018,0.0163,0,-1
0x3fda5ca417d776138a9c1769aac98d2f112fce06,usdc,91,0.00019444444444444446,0.0,0.4945054945054945,0.00034169291374455945,0.02050157482467357,0.4920377957921656,175596.26666666666,0.9777777777777777,6,0.15555555555555556,0,-1
0x1ecfaeb0cf0af878b5736f43853fd70aca2aa031,usdc,1,666.6667,0.0001,3.0,0.9375,56.24999999999999,1350.0,64.0,0.2,1,0.6,0,-1
0x775fae37d5ef47697a3d6deb4b20a4a4a87fdb1b,usdc,230,358435.73756065,0.0001,3.4782608695652173,0.0024078631177974793,0.14447178706784877,3.4673228896283703,24918.36,0.03565946392726414,410,0.012043924902585901,0,-1
0x6abc066834fde86baf8570e586ce14c5d6c4c80d,usdc,1,0.09591537370430991,62.905611,1833.0,2.3045008800603473,138.2700528036208,3318.4812672868998,26.036006546644845,0.0001984914648670107,1832,0.0003969829297340214,0,-1
0xffb8c9ec9951b1d22ae0676a8965de43412ceb7d,usdc,1799,793.2086568196721,0.0,0.1356309060589216,9.414892229580759e-05,0.005648935337748454,0.13557444810596292,637288.2295081967,0.0023612750885478157,136,0.030696576151121605,0,-1
0xc320e410606960c9898a659947b248deada04dd9,usdc,218,46354.95315352173,0.000485,0.10550458715596331,7.32103569100391e-05,0.004392621414602347,0.10542291395045632,819556.1739130435,0.009900990099009901,10,0.10891089108910891,0,-1
0x9e765d105688761ba0c138b6ecfaac31e5ab0f97,usdc,2044,8643.377430179775,11680.604249,0.04354207436399217,3.0233094954060785e-05,0.001813985697243647,0.04353565673384752,1984580.1460674158,0.001326259946949602,43,0.026525198938992044,0,-1
0x1bd97a1466af5164d59e1c44922ddfc08d8b0c85,usdc,254,1298.281115269231,0.0,0.30708661417322836,0.00021291707862481772,0.012775024717489064,0.3066005932197375,281799.8461538461,0.19,47,0.06,0,-1
0xe50fc3e1f5859906a946774c734ba9f3781b8e66,usdc,1,0.0026858571428571426,0.000366,7.0,0.5833333333333334,35.0,840.0,102.85714285714286,0.5714285714285714,6,0.2857142857142857,0,-1
0xe1da4fcfc833e61ac3059fbe1ebc8ac6574b6b87,usdc,1291,5110.526154541935,29607.0,0.12006196746707978,8.335774908693687e-05,0.005001464945216212,0.12003515868518908,719789.1096774193,0.07883817427385892,93,0.06224066390041494,0,-1
0x26df6aa446fd8704fc79f3a66266512b9175a5e6,usdc,219,5074.917799626087,0.000498,0.5251141552511416,0.0003632745249790722,0.021796471498744335,0.523115315969864,165164.34782608695,0.09642857142857143,80,0.05357142857142857,0,-1
0xb5a016c8161f600b3c037091933936e2264f1a47,usdc,279,65581.3168532,38953.292133,0.017921146953405017,1.2408376547572723e-05,0.0007445025928543633,0.01786806222850472,4835443.2,0.038461538461538464,2,0.11538461538461539,0,-1
0xf9fa6820b6cd4d50580027a68551b603d46bd7e2,usdc,610,54279.37005560205,0.00053,0.16065573770491803,0.00011139556131882341,0.006683733679129405,0.16040960829910572,538621.1020408163,0.23786407766990292,63,0.09223300970873786,0,-1
0x066a2df1f775c05d6163dc4a0eca1df05e3cc08c,usdc,28,11794.69893810345,44074.362512,2.0714285714285716,0.001405563121901097,0.08433378731406581,2.0240108955375793,42687.51724137931,0.014690451206715634,8,0.02938090241343127,0,-1
0x6081252a93f4c43f25b3ba1dde9366148aed1d68,usdc,3,0.0,0.0,2.6666666666666665,0.001813647698934482,0.10881886193606892,2.611652686465654,33082.5,0.6153846153846154,0,0.15384615384615385,0,-1
0x981a2a4b883672cfdc96573d160c70c3ee400dcb,usdc,136,10594.999316275824,15720.0,12.955882352941176,0.008961247942778212,0.5376748765666927,12.904197037600623,6695.496027241771,0.12885228480340064,960,0.04675876726886291,0,-1
0x90a758d5c185bedf45580076df970345d90b89dc,usdc,1231,9938497380607.234,5356.0,1.025995125913891,0.0007123570082900759,0.04274142049740455,1.025794091937709,84227.4299287411,0.08019589837771655,853,0.061218243036424855,0,-1
0x6a000f20005980200259b80c5102003040001068,usdc,2,19659.741488808275,200155.13078,1523.0,1.054855243108464,63.29131458650783,1518.9915500761879,56.87984241628365,0.0023,1854,0.0118,0,-1
0xa061f8742ea82a41c8f1cccd26868cb9ae5e9b79,usdc,181,8875.564829232157,1147.5,6.425414364640884,0.004439375235233447,0.26636251411400685,6.392700338736163,13515.415305245057,0.08677685950413223,587,0.049127640036730945,0,-1
0x21e67f5bae48d041778ef9e9a4b6d4dbf755c5ac,usdc,93,0.0003855070422535211,0.00027,0.7634408602150538,0.0005299875938115364,0.03179925562869219,0.7631821350886124,113210.19718309859,0.5107913669064749,34,0.02158273381294964,0,-1
0x7e27a44b260b4e287d7f581a9ba6436d752ee02d,usdc,122,4817.4267880727275,0.00338,0.45081967213114754,0.00031090660365626165,0.0186543962193757,0.4477055092650168,192984.0,0.039399624765478425,43,0.020637898686679174,0,-1
0x6047b384d58dc7f8f6fef85d75754e6928f06484,usdc,13,1610.0228646424341,16.914054,142.84615384615384,0.09283978762336142,5.570387257401686,133.68929417764045,646.2746365105008,0.0028,947,0.0033,0,-1
0xcd77d3bc7109cb2f6805ea36fae5069d0aba60ff,usdc,15,1969.8931404444447,0.000886,0.6,0.00039128053075030214,0.02347683184501813,0.5634439642804351,153342.66666666666,0.023668639053254437,5,0.029585798816568046,0,-1
0x1af144cfcb501245e12d2ef2db7b954662e3d70c,usdc,171,7699.289559577778,0.0,0.5263157894736842,0.00036354147563908573,0.02181248853834514,0.5234997249202834,165043.06666666668,0.043478260869565216,40,0.0463768115942029,0,-1
0x2ab341ce31b81053839df74df307ad0165ce8a5c,usdc,1,0.03152929411764706,0.012,17.0,0.006005793824630821,0.3603476294778492,8.648343107468381,9990.35294117647,0.0,8,0.11475409836065574,0,-1
0x4a31769f77ecbc29d59c6683647f59c85068e011,usdc,673,13802.973235607002,0.0,0.763744427934621,0.0005299186502703925,0.031795119016223554,0.7630828563893652,113224.92607003891,0.27844311377245506,234,0.07634730538922156,0,-1
0x52feafd47e0bb30f86b3a52d73b4e5e96a4828ed,usdc,1,0.09000000000000001,0.09,3.0,2.5,150.0,3599.9999999999995,24.0,0.0,1,0.06818181818181818,0,-1
0xa3c0e95a9ac04f574c4ea6c7a76a918d06e6abfb,usdc,740,24286.666368707978,0.0,0.6432432432432432,0.000446680600098495,0.026800836005909698,0.6432200641418327,134324.16806722688,0.03652076944521884,320,0.030387510454418735,0,-1
0xf9b8090029167367b3a4a8775e0a3495505d1a71,usdc,178,7119.287396698631,0.0,0.4101123595505618,0.00028347202752396894,0.017008321651438136,0.40819971963451523,211661.09589041097,0.01303780964797914,44,0.018252933507170794,0,-1
0x9c0b739c9c414a13019d377a6197bc30bf1e0351,usdc,1,0.0466918127817555,160.723966,3771.0,4.398180545836249,263.890832750175,6333.379986004198,13.64200477326969,0.0,3771,0.0001,0,-1
0x9a995e62a0ee7b48618ab8ac62f5e310db0fb8b7,usdc,63,17099.52705248485,0.0,0.5238095238095238,0.00036044459202041204,0.021626675521224725,0.5190402125093934,166461.0909090909,0.4722222222222222,18,0.3333333333333333,0,-1
0x3463040798819dfea6e29e1df175db855de579e2,usdc,913,824742268066238.9,1500.0,0.4249726177437021,0.0002949596863088532,0.01769758117853119,0.42474194828474865,203417.62886597938,0.05228758169934641,263,0.022015823873409012,0,-1
0xf9b46c739be9483ec94439634d9d32a55095c3dd,usdc,187,276.3586286470589,99.2,0.18181818181818182,0.0001259737026190674,0.007558422157144043,0.18140213177145703,476289.8823529412,0.0078125,6,0.046875,0,-1
0x856396dd43bbbfe70a385eb7b06c83f9c327e5e0,usdc,24,1285.5111111111112,1048.0,0.375,0.0002586266350950597,0.015517598105703578,0.37242235453688594,231994.66666666666,0.004464285714285714,6,0.008928571428571428,0,-1
0xf932c437a9ca02ac76ff3cb8693b991e56e0eea6,usdc,272,368.1256434117647,686.443912,0.8125,0.0005627106663971087,0.033762639983826524,0.8103033596118365,106626.7330316742,0.025925925925925925,107,0.0654320987654321,0,-1
0xa3b4facd03525e091d9b27b40b4d6fc494f3a976,usdc,69,533.4599403468965,0.000558,90.82608695652173,0.06282857933423962,3.7697147600543772,90.47315424130505,954.9794159885113,0.19036555142503098,5263,0.14188351920693928,0,-1
0xb9e7558b24a4fb8683caa9ca3fadbadf62fae8f6,usdc,1,0.0776288406569019,50.69944,2253.0,3.275661529514394,196.53969177086364,4716.952602500727,18.316910785619175,0.0010319917440660474,2252,0.0003439972480220158,0,-1
0x5fa2cd56ce1430327fb8120255331a519cc50271,usdc,71,48076.66127490617,110000.0,6.154929577464789,0.00427216736728908,0.25633004203734483,6.151921008896275,14044.393592677345,0.20106761565836298,316,0.10676156583629894,0,-1
0x1e9fcb0b37f2b9387f3e2dbd3fcb64ccd9e52304,usdc,250,3317.125106875,0.000132,0.032,2.2207146037523413e-05,0.0013324287622514049,0.03197829029403372,2701833.0,0.0051813471502590676,1,0.010362694300518135,0,-1
0x85bd256cd2568a3467b1eeede3880e635dbf89b4,usdc,1,0.14338064026402644,63.678545,1212.0,2.5667090216010164,154.002541296061,3696.0609911054635,23.376237623762375,0.0009208103130755065,1210,0.0009208103130755065,0,-1
0xa9d14a1297210ceb0a4baa4f291e305f1ffe3e43,usdc,5,0.0,0.0,1220.8,0.8357751184379878,50.146507106279266,1203.5161705507023,71.78964613368284,0.6104,0,0.4587,0,-1
0xebf608a1eac879a13f73ecd674e2a037db655190,usdc,1,0.09000000000000001,0.09,3.0,2.5,150.0,3599.9999999999995,24.0,0.0,1,0.08108108108108109,0,-1
0x511a054c67fd9a1b008285a25cbbb2eba22e2da5,usdc,89,10747.81267352587,1180.0,10.640449438202246,0.007389131812124106,0.4433479087274464,10.640349809458714,8120.033790918691,0.18515684774292274,720,0.14001530221882172,0,-1
0xe252ef0a2fcefbe9f2e9826f6f899caaaa653152,usdc,1,0.11433639001848428,24.079253,1082.0,0.758765778401122,45.52594670406732,1092.6227208976156,79.07578558225508,0.0007017543859649122,1081,0.0007017543859649122,0,-1
0x19be57cee96a6978f98350be6885128e13d2c166,usdc,230,4151.863058620689,0.0008,0.12608695652173912,8.721494996568543e-05,0.0052328969979411255,0.125589527950587,687955.448275862,0.25,16,0.25,0,-1
0xd01e9b86134ab678c82da1cb56c38c3d5900ae57,usdc,2093,36996.924632560025,124069.48,0.7720974677496416,0.0005361695404362357,0.032170172426174135,0.7720841382281793,111904.90222772278,0.0773133116883117,1006,0.06574675324675325,0,-1
0x812a43149fe1c156c25251046e721c842b2bd742,usdc,446,80.73591473484849,132.393441,0.5919282511210763,0.0004103093328276996,0.024618559969661977,0.5908454392718875,146231.13636363635,0.0036496350364963502,128,0.01824817518248175,0,-1
0x75734747a07fd1f8df6cbbc7bcf9ea44b21d2c0f,usdc,640,34059.16043606977,0.001,0.134375,9.325900084909066e-05,0.00559554005094544,0.13429296122269058,643369.5348837209,0.0054585152838427945,49,0.007641921397379912,0,-1
0xbb39e7824db13e1b164efccb253fa59642815e86,usdc,232,7287.694282125,0.007001,0.20689655172413793,0.0001432676729628829,0.008596060377772977,0.2063054490665514,418796.5,0.003215434083601286,40,0.00964630225080386,0,-1
0x82edc8d3e03ed893d6d780d1feaa04a6f53adaa5,usdc,1,0.10625288096676738,64.024989,1655.0,2.3120983514948312,138.72590108968987,3329.4216261525567,25.95045317220544,0.0008789277081960009,1654,0.00043946385409800046,0,-1
0x92f3e91dd568cfdec01cc099f9ff36973ff334e1,usdc,5,0.0,0.0,0.8,0.0005346021223704259,0.03207612734222555,0.7698270562134132,112233.0,1.0,0,0.25,0,-1
0x39b4711701c3d509842469dee351633763d3483e,usdc,2,0.0396694214876033,0.04,60.5,0.02803002223869533,1.6818013343217197,40.363232023721274,2140.561983471074,0.0022624434389140274,60,0.06334841628959276,0,-1
0x7e07becf552cb134c4550c55c1a9f7fccbc52100,usdc,10,17.869981285714285,3.594849,0.7,0.0004797806716929404,0.028786840301576425,0.6908841672378341,125057.14285714286,0.013333333333333334,5,0.04,0,-1
0x320d00463a0a7e74bdb577cbf5830056d5f22d71,usdc,29,41488.244915116884,0.0,2.6551724137931036,0.00179431969650364,0.10765918179021838,2.5838203629652416,33438.857142857145,0.060085836909871244,55,0.04291845493562232,0,-1
0xa973df175abef63db2bd89d9f136e87182b3d001,usdc,1550,1462.468949,28.998504,0.02967741935483871,2.0601108857669933e-05,0.001236066531460196,0.0296655967550447,2912464.586956522,0.0,21,0.0743801652892562,0,-1
0xd847a2f35072bc4a35795e146d73cb1af614dc46,usdc,137,36.87522488,23.86,0.18248175182481752,0.00012618818797800087,0.007571291278680051,0.18171099068832122,475480.32,0.029411764705882353,12,0.08823529411764706,0,-1
0x0884c90ae00b5da5d1705469fb4beaaf80afc709,usdc,13,27.21699942857143,0.050362,0.5384615384615384,0.0003500140005600224,0.021000840033601344,0.5040201608064322,171421.7142857143,0.023255813953488372,1,0.06976744186046512,0,-1
0x2300e5bfef284eac9496f4d45f59c148241e52a8,usdc,12,0.04,0.065026,0.3333333333333333,0.00021673638353670433,0.013004183012202259,0.3121003922928542,276834.0,0.0,2,0.75,0,-1
0xcd0042a9331854abd993eb76ba42d8076b954947,usdc,549,8058.879419071428,1016.795283,0.051001821493624776,3.53981853373131e-05,0.002123891120238786,0.050973386885730866,1695002.142857143,0.006837606837606838,14,0.015384615384615385,0,-1
0x6e1c387252d22574fbc7e4f58fb5061d6d083a00,usdc,1,7503.483030375,0.0002,8.0,0.449438202247191,26.96629213483146,647.1910112359551,133.5,0.05063291139240506,4,0.06329113924050633,0,-1
0x8431cd992296a7a5fb0917a528e478fbb778448c,usdc,9,122695.39182534782,596.006002,5.111111111111111,0.0035471930906847624,0.21283158544108577,5.107958050586057,16914.782608695652,0.008021390374331552,38,0.008021390374331552,0,-1
0xe3ea26fa724ec08dbcdbf6049d784f82cb82cd18,usdc,339,1464.8903037238713,5573.5,9.539823008849558,0.006613648410761146,0.39681890464566877,9.52365371149605,9072.148423005567,0.12780017921146952,2334,0.03853046594982079,0,-1
0x5273a85692b1dfe3780ceff26c5a2dd5910313b5,usdc,463,55.201609020408156,29.22,0.6349892008639308,0.0004403208051580437,0.026419248309482623,0.634061959427583,136264.2857142857,0.009966777408637873,128,0.019933554817275746,0,-1
0x845b9284a6085cf906fcecc8d6c8a54f0d990703,usdc,151,2.8571428571428574e-05,0.0,0.046357615894039736,3.2053043207502246e-05,0.0019231825924501346,0.04615638221880323,1871897.142857143,0.04430379746835443,1,0.0379746835443038,0,-1
0xeb3e16ced1b22eacf66119029c3dad08fe32de9d,usdc,35,5778.78026776,4281.477935,0.7142857142857143,0.0004951887461424796,0.02971132476854878,0.7130717944451707,121165.92,0.0,12,0.016574585635359115,0,-1
0x01d6fa2077889ae37ebe709625774621429cab54,usdc,983,126.52880195555555,200.0,0.09155645981688708,6.35758355878031e-05,0.0038145501352681863,0.09154920324643648,943754.8,0.031073446327683617,49,0.03954802259887006,0,-1
0x8728f77330c4b4bdfa575b686e1aa3e20f829e5f,usdc,1,0.011399999999999999,0.01142,6.0,0.05067567567567567,3.0405405405405403,72.97297297297297,1184.0,0.0,3,0.5,0,-1
0xae6164e3eb02d0e71b7d441972511a3cbfe7736b,usdc,4,0.00022800000000000004,0.000164,1.5,0.000846262341325811,0.05077574047954866,1.218617771509168,70900.0,0.3157894736842105,3,0.15789473684210525,0,-1
0x366074702f0884410ea4fe58312deb24c52104c2,usdc,554,4967.96166,14.400048,0.039711191335740074,2.7554309544111444e-05,0.0016532585726466867,0.03967820574352048,2177517.8181818184,0.0,11,0.03734439834024896,0,-1
0x7aad92a1f8555b4d87ad46058550bf0db097dec9,usdc,239,2410.758245515464,585.51,0.40585774058577406,0.00028182976668562963,0.016909786001137777,0.4058348640273067,212894.47422680413,0.003941571991653142,72,0.003941571991653142,0,-1
0x5e09d05f068ede6054f3f65ee13e0caf64ff12d3,usdc,29,137.80078093181817,5.0,1.5172413793103448,0.0010194435691646122,0.06116661414987674,1.4679987395970417,58855.63636363636,0.017094017094017096,35,0.038461538461538464,0,-1
0xe378cc8017a590ec82ab538cb264251b3375dd27,usdc,997,13858.467222728154,100000.0,0.10330992978936811,7.174193742514982e-05,0.004304516245508989,0.10330838989221575,836330.9126213592,0.034550839091806514,72,0.018756169792694965,0,-1
0x42d2dc3b77e13ffa452742cbf9403c1604cf8499,usdc,257,4862.207113459539,125000.0,7.933852140077821,0.005498363704219853,0.32990182225319115,7.917643734076588,10912.337420304071,0.0,0,0.21395737567906395,0,-1
0xc4e3f9b99814cb93483dbb6b10243987607bced3,usdc,173,3231.0467850625,136.11995,0.18497109826589594,0.00012788357479350798,0.0076730144876104795,0.1841523477026515,469176.75,0.016025641025641024,17,0.04487179487179487,0,-1
0x4197839e44788e080182e18e11d2c174c4f018d8,usdc,1421,14369.400405834664,0.0,0.8810696692470091,0.0006117254129767465,0.036703524778604786,0.8808845946865149,98083.22284345048,0.18910107126222636,433,0.04285048905449464,0,-1
0x1c3b2f4004ebdd493f903b3d80b680364a0dbf73,usdc,34,34378.10889653684,0.0007,5.588235294117647,0.0037862181658762104,0.22717308995257263,5.4521541588617435,15846.947368421053,0.2195945945945946,126,0.10810810810810811,0,-1
0x57af9913ab750171ed1628134b6a47542e52417a,usdc,197,2696.980218744726,0.000314,2.4060913705583755,0.0016680332339786112,0.10008199403871666,2.4019678569292,35970.50632911392,0.32575757575757575,307,0.20075757575757575,0,-1
0x29a9cb531e97442e05cd85da339409604affd525,usdc,326,4115.012461185215,5000.0,7.386503067484663,0.005122292608838082,0.3073375565302849,7.376101356726838,11713.504983388704,0.2263056092843327,1489,0.04338214976512849,0,-1
0x1727ea205e200f227a6e6b67497ea9c77676847b,usdc,67,7955.229484984126,911.003705,0.9402985074626866,0.0006521631111700012,0.03912978667020008,0.9391148800848019,92001.52380952382,0.008963585434173669,50,0.0061624649859943975,0,-1
0x6a9668e626c8bb1256a22916766f9b57aa7d88f1,usdc,148,2431.6094890517243,0.0028,0.7837837837837838,0.000542021122002413,0.03252126732014478,0.7805104156834747,110696.79310344828,0.232,86,0.176,0,-1
0x5e4caf6556c4d229410425f8244748632d3ad840,usdc,84,3909.375593048781,0.13521,0.4880952380952381,0.00033840668229390207,0.020304400937634123,0.487305622503219,177301.46341463414,0.001076426264800861,27,0.00968783638320775,0,-1
0xa7006b5a96de7e12db5b452fcae05421170e3795,usdc,1208,29534.05880812742,105000.0,0.298841059602649,0.00020743709685519613,0.012446225811311768,0.29870941947148244,289244.3102493075,0.12440191387559808,137,0.028708133971291867,0,-1
0x7f8233997bd34846978ca36d7c9c88b635c3af5d,usdc,687,280791.66352121346,865408.0,0.12954876273653565,8.994148952403975e-05,0.005396489371442384,0.12951574491461723,667100.3595505618,0.0008816120906801007,39,0.0007556675062972292,0,-1
0x017b9ec1ff169b1a8b209ef823298579dc7536f6,usdc,1,0.04,0.04,70.0,0.2097064110245656,12.582384661473936,301.9772318753745,286.1142857142857,0.0,35,0.061068702290076333,0,-1
0xe27141ca33967be5df82b5cd33d93adf6e04d31c,usdc,124,17.791715409604517,10.021698,5.709677419354839,0.003934159506829767,0.23604957040978605,5.6651896898348655,15251.033898305084,0.001759014951627089,485,0.015171503957783642,0,-1
0x82014f328341ead25466cfb9e33928823385ee56,usdc,25,0.00019375000000000002,0.0,0.64,0.0004344213778760053,0.026065282672560315,0.6255667841414476,138114.75,0.3181818181818182,11,0.09090909090909091,0,-1
0x50f0ac86b3d2edc8ed9d33a79e9e88c955b93972,usdc,12,0.032,0.048622,0.4166666666666667,0.00026856019508212574,0.016113611704927543,0.386726680918261,223413.6,0.0,3,0.6,0,-1
0xf8553c8552f906c19286f21711721e206ee4909e,usdc,362,114616.25748834664,18.39974,2.6298342541436464,0.0018216058527124514,0.10929635116274708,2.62311242790593,32937.970588235294,0.0019,321,0.0023,0,-1
0xedaa06c4bc864036a4065201db028aff81fc53a1,usdc,192,2103.3752786066616,1800.0,13.135416666666666,0.009086546290945303,0.5451927774567182,13.084626658961238,6603.168913560666,0.008405501782985226,2154,0.04304635761589404,0,-1
0x3e0e8a7e3221e78edab8cd9bfe9960d2b76c3e4a,usdc,4,0.17689270192307696,624.398097,884.0,0.596109106847837,35.76654641087023,858.3971138608853,100.6527149321267,0.3535,3536,0.0001,0,-1
0x0041e62cc194a736e7718e39a1a246c568001070,usdc,308,5416.679636793104,7200.0,0.8474025974025974,0.0005865975275700838,0.03519585165420503,0.8447004397009207,102284.7816091954,0.18385650224215247,192,0.11659192825112108,0,-1
0x1235bc80cea031d89db5f400bbab605374a35289,usdc,3,0.08085806160458452,10.523807,1163.3333333333333,0.6414497867960594,38.48698720776356,923.6876929863255,93.53810888252148,0.0002,3487,0.0002,0,-1
0xfdb202ba874051070a7bd55d8c1b876fa25db1f7,usdc,5,2227.409947148148,3900.0,5.4,0.0036543771317199937,0.21926262790319961,5.262303069676791,16418.666666666668,0.175,15,0.275,0,-1
0x5c781742e3281c357f93035885926867129d2971,usdc,42,6073.113151766643,770.739738,33.26190476190476,0.023015661193651168,1.3809396716190703,33.14255211885769,2606.920544022906,0.1590479788439743,858,0.14922553834529656,0,-1
0x0b48a4a45a12893b219c6be4cd2a307a5ab22aa5,usdc,9,6.285714285714286e-05,0.0,0.7777777777777778,0.0004883834507779251,0.029303007046675506,0.7032721691202121,122854.28571428571,0.3181818181818182,2,0.13636363636363635,0,-1
0x69852a0e4c86c777823d46ae607ead7f97372ad7,usdc,178,61974.5973423966,40572.657157,2.960674157303371,0.002046293607021544,0.12277761642129263,2.946662794111023,29321.3055028463,0.08340573414422242,247,0.022154648132059078,0,-1
0x27aacb0471d18724d5121d7fe385c4357629e4a6,usdc,5,1114.2857142857142,800.0,1.4,0.00092771754976542,0.0556630529859252,1.3359132716622049,64674.857142857145,0.0,6,0.03225806451612903,0,-1
0x5cf977ba42dcb4602ba349837edd1c3d3be8e68b,usdc,45,261777.88709677418,199900.0,1.3777777777777778,0.0009463943900182867,0.05678366340109721,1.362807921626333,63398.51612903226,0.0,0,0.023076923076923078,0,-1
0x694be97b2c919665b67a7db693c76deb3ede1bb1,usdc,299,16292.462622022558,20009.287281,0.44481605351170567,0.0003088285968779054,0.018529715812674326,0.4447131795041838,194282.52631578947,0.001594896331738437,49,0.014354066985645933,0,-1
0x65f527ab7238e19c54dcfcf57cd3351c7139de66,usdc,1,1835.114322285714,2569.16,7.0,0.003345120902226895,0.2007072541336137,4.816974099206728,17936.571428571428,0.05555555555555555,5,0.08333333333333333,0,-1
0x84953c538f9c9cf99bedaf701fa091a3be82aa3b,usdc,223,27089.696839216373,2550.0,4.766816143497758,0.003299092702953169,0.19794556217719014,4.750693492252563,18186.81843838194,0.0628390596745027,432,0.1301989150090416,0,-1
0x9ba0cf1588e1dfa905ec948f7fe5104dd40eda31,usdc,3,9659.305170888325,2000.0,525.3333333333334,0.3356476551518508,20.138859309111048,483.3326234186651,178.75888324873097,0.0,954,0.0027,0,-1
0x570d0fb4fefd507db9839ad17c2bf8f6c5c65fd9,usdc,210,6671.2407873788825,0.00018,3.8333333333333335,0.002652394040976687,0.15914364245860121,3.81944741900643,22621.073291925466,0.3211752786220871,551,0.16717325227963525,0,-1
0x12242357d985368f3babd817469a22667f8444d1,usdc,526,5683.792717576808,0.00025,1.9182509505703422,0.001331057651286113,0.07986345907716678,1.916723017852003,45076.93557978196,0.13250883392226148,682,0.04770318021201413,0,-1
0x5e1f62dac767b0491e3ce72469c217365d5b48cc,usdc,1,3314.78437503681,119.513968,1630.0,8.916849015317286,535.0109409190371,12840.262582056894,6.728834355828221,0.0014,786,0.0099,0,-1
0xeb3677379717b2324b2405fb7d549f84d6f474f3,usdc,604,5244.366374341879,0.0,0.38741721854304634,0.00026869910362438344,0.016121946217463008,0.3869267092191122,223298.10256410256,0.06598984771573604,140,0.06852791878172589,0,-1
0x43409a3d9e6bc046489194cadf1dff9899897ea2,usdc,1,0.12361916949152545,59.077461,1416.0,1.5960324616771866,95.7619477006312,2298.2867448151487,37.59322033898305,0.0004344048653344917,1415,0.0004344048653344917,0,-1
0x4ef861298b42ce7d505c799eced534c5f86779ad,usdc,620,171164.63097794287,522354.535789,0.11290322580645161,7.828732387309312e-05,0.004697239432385587,0.11273374637725408,766407.6,0.0,36,0.013195639701663799,0,-1
0x1ae9101fecec9d69ca753bca656639a1b7bf3c15,usdc,97,7379.637926883683,300.0,25.52577319587629,0.017564469263597567,1.053868155815854,25.292835739580497,3415.9870759289174,0.24310288867250893,1041,0.14086335605322947,0,-1
0x895396e8ecd63c3d30249d8016c65b1eda682798,usdc,20,473.9169624615385,217.200944,1.3,0.0008774120394430459,0.05264472236658275,1.263473336797986,68382.92307692308,0.0,12,0.14814814814814814,0,-1
0xc588601427489ec223723c55a2b076ff295cec50,usdc,846,1569091.097073829,6403104.6763,0.5945626477541371,0.0004126341183936703,0.02475804710362022,0.5941931304868853,145407.26838966203,0.14664310954063603,250,0.053886925795053005,0,-1
0xa306897f5e99f9dd24a9767f14f0f53738272b16,usdc,205,237.3054425549738,2697.43,0.9317073170731708,0.0006468725911616207,0.03881235546969723,0.9314965312727337,92753.96858638743,0.2922374429223744,111,0.3059360730593607,0,-1
0xc30b67a08e962b40f1fa0a4c1052c118ac0a61c6,usdc,1257,132495.1494513639,76952.236582,0.5377883850437549,0.0003733218568156601,0.022399311408939606,0.5375834738145506,160719.22633136096,0.052692530399536766,397,0.01795020266357846,0,-1
0xab07fde0bd501ff88c9e7b6bcd604bca16cdb45b,usdc,1,0.00018333333333333334,0.0001,6.0,0.0020840569642236887,0.12504341785342132,3.001042028482112,28790.0,0.75,3,0.375,0,-1
0xa1bdfbb0279803e30418c18b699f9ce1c65548d4,usdc,66,447.15520349166667,0.0,3.6363636363636362,0.002488289487598987,0.14929736925593923,3.5831368621425415,24112.95,0.13636363636363635,171,0.07575757575757576,0,-1
0x355b5f013a1ede94607f7a4ce45c0132f053507c,usdc,1701,63710.00016573206,58580.0,0.3115814226925338,0.00021630476476135817,0.01297828588568149,0.31147886125635577,277386.4,0.008282716731087797,273,0.017807840971838764,0,-1
0x47b317d18663d9b806483cf851c948e0b9dbbba1,usdc,301,0.00019666666666666669,0.0,0.31893687707641194,0.00022108150307786906,0.013264890184672144,0.3183573644321315,271393.125,0.9166666666666666,76,0.052083333333333336,0,-1
0x0cd6b09080000c0f34000058fc600c4d700d3001,usdc,40,15712.464056082532,30000.0,39.075,0.02689430178056452,1.6136581068338713,38.72779456401291,2230.9558541266792,0.0012071463061323032,904,0.03307580878802511,0,-1
0xde924ad97ff5419552608ceddfa5c990bcd4d0fa,usdc,82,468.54662073839665,0.00057,5.780487804878049,0.003966898989696105,0.23801393938176632,5.712334545162391,15125.164556962025,0.04259438528557599,383,0.03484995159728945,0,-1
0xc8fe0033145c11b5e77761d944d50530ccb3afa4,usdc,1,0.001808,0.00452,3.0,2.5,150.0,3599.9999999999995,24.0,0.6666666666666666,1,1.0,1,2
0x9fd3d7bdae913a08bb69e5f5571118c73aef7793,usdc,62,12247.900524469307,16293.21,82.24193548387096,0.05648822488052059,3.3892934928312353,81.34304382794966,1062.1682682878995,0.2498,4179,0.0499,0,-1
0x5741a7cb739d35e38dd744b17a30267d9e18efd9,usdc,1,0.6,1.0,5.0,0.0057182067703568165,0.34309240622140896,8.234217749313816,10492.8,0.2222222222222222,4,0.2222222222222222,0,-1
0xa2d5afc97a3a17bde5a9fd0da93c68cac177fc57,usdc,1,0.0,0.0,4.0,0.011280315848843767,0.676818950930626,16.243654822335024,5319.0,0.013468013468013467,4,0.003367003367003367,0,-1
0x42715ba91deda3c692b9f540cee2fbb4dae78bbb,usdc,344,791392433539919.4,0.000857,2.171511627906977,0.0015076484397957834,0.09045890638774699,2.1710137533059277,39797.076305220886,0.05759599332220367,533,0.0333889816360601,0,-1
0xa0a807f47c6029d030048eae157db00d82fa9421,usdc,15,0.02375,0.057,0.5333333333333333,0.0003630818386464309,0.021784910318785853,0.5228378476508605,165252.0,0.125,5,0.5,0,-1
0x02a78632215262a94ce8651846e7d22adc98ce3c,usdc,20,727.9057033931499,200.0,170.8,0.11377337250121568,6.82640235007294,163.83365640175055,527.364168618267,0.0037,53,0.1496,0,-1
0x7c9c386ee3a74874ba52193e342062200732cf35,usdc,134,1709.9051091466667,0.0,0.5597014925373134,0.0003859505756838787,0.023157034541032722,0.5557688289847853,155460.32,0.12698412698412698,40,0.09523809523809523,0,-1
0x9472fdec6a9205d5f95bf3f6b2424e893f295884,usdc,180,1301.8597356666667,3824.0,0.03333333333333333,2.3082551668368363e-05,0.001384953100102102,0.03323887440245044,2599366.0,0.0021810250817884407,1,0.006543075245365322,0,-1
0xc99fc600e436663c9d55abb829720f1e0cfb6f6e,usdc,70,11576.046879294117,0.0,0.24285714285714285,0.00016643105250997608,0.009985863150598564,0.23966071561436555,360509.64705882355,0.13513513513513514,11,0.1891891891891892,0,-1
0x28b563a39d7a22faf947c155b7f84a8bf0da484a,usdc,17,0.04893754410817771,37.305148,91.3529411764706,0.05992298372471698,3.5953790234830185,86.28909656359244,1001.2852543464263,0.28248932275777916,1549,0.001016880211511084,0,-1
0xb61ea4ae5ce4e6fa039c51006320e8edea3e490b,usdc,76,474.7726505,949.545301,0.05263157894736842,3.6519208190528016e-05,0.002191152491431681,0.05258765979436034,1642971.0,0.0,1,0.006896551724137931,0,-1
0x2393d38400cad1d0ffae85b37d76de05bb7eddc6,usdc,1,0.15250098417132213,160.0,1074.0,0.5789757412398921,34.73854447439353,833.7250673854447,103.63128491620111,0.0,1074,0.0001,0,-1
0x2539744f614ed892a08dbe951b1165232ad44009,usdc,447,42443.599414317185,0.00038,2.9552572706935125,0.002050861998567346,0.12305171991404078,2.9532412779369785,29255.990915972747,0.0749109832922487,540,0.031087373322377432,0,-1
0x3063c5907faa10c01b242181aa689beb23d2bd65,usdc,347,8250634633217718.0,881.923504,3.400576368876081,0.0023612212236168544,0.1416732734170113,3.4001585620082704,25410.57966101695,0.06267136701919311,757,0.019388954171562868,0,-1
0xc6b7037fddc1b1b1daa4fba9851e44042393d5be,usdc,28,4562.171428571429,4090.0,1.25,0.0008661051006166667,0.05196630603700001,1.2471913448880003,69275.65714285715,0.0,0,0.007281553398058253,0,-1
0x359183b1c1c72337a8adc733c92694c4055a38d8,usdc,2,0.06899809513685888,45.101537,1881.5,0.9099922615592958,54.59953569355775,1310.3888566453859,65.93462662769068,0.0002,3760,0.0003,0,-1
0xba1333333333a1ba1108e8412f11850a5c319ba9,usdc,1,53122.22733324539,18858.903939,2172.0,0.8492336565530185,50.954019393181106,1222.8964654363465,70.65193370165746,0.0,1106,0.0049,0,-1
0x5e35e3d36e8b6a615ebdb038293b402d27868889,usdc,232,153531.4157662135,0.0001,0.38362068965517243,0.00026618987772612833,0.015971392663567698,0.38331342392562473,225403.01123595505,0.38235294117647056,31,0.23529411764705882,0,-1
0xdffc6fd5f01e03b7797fdb8415a4b8d4474e3b3c,usdc,62,2082.17071590625,0.0,0.5161290322580645,0.00035811167712651186,0.021486700627590716,0.5156808150621771,167545.5,0.017878426698450536,14,0.011918951132300357,0,-1
0x4f3624cb4dc93c74fd9a2a36d9d65b0d2016a925,usdc,6,9582.194168777778,12205.678217,1.5,0.0009799438165545174,0.05879662899327105,1.4111190958385054,61228.0,0.0,7,0.11538461538461539,0,-1
0x2fca7a560f4be92fe925d507e8ea069462d6e97f,usdc,27,11794.485888963964,2448.0,4.111111111111111,0.0028321383920598066,0.1699283035235884,4.078279284566122,21185.405405405407,0.03278688524590164,76,0.02459016393442623,0,-1
0xb5d85cbf7cb3ee0d56b3bb207d5fc4b82f43f511,usdc,1187,158.47975966666667,8.424527,0.04296545914069082,2.981258058165163e-05,0.0017887548348990978,0.04293011603757835,2012573.1764705882,0.0,14,0.0038,0,-1
0x5975c34f42420eeef3056947996518a27f51445b,usdc,77,5797.794666473684,2245.0,0.24675324675324675,0.0001692445280571797,0.010154671683430783,0.2437121204023388,354516.63157894736,0.03571428571428571,9,0.25,0,-1
0xc87785367ea05c70580c34c6a99ef1c5618a1942,usdc,556,533.5349854576272,900.0,0.10611510791366907,7.36487881528809e-05,0.0044189272891728545,0.10605425494014849,814677.3559322034,0.015625,28,0.109375,0,-1
0xca5ea10237fb4e73a6110fb9b4f751054d442b96,usdc,95,3602.267578616,0.0,1.3157894736842106,0.000907009075895617,0.05442054455373702,1.3060930692896886,66151.488,0.15168539325842698,52,0.12359550561797752,0,-1
0xa64278e13b45f777a00b9723eb65dc57355d3d9c,usdc,82,2154.7562150000003,99.024434,0.04878048780487805,3.347039459921713e-05,0.002008223675953028,0.04819736822287267,1792629.0,0.007575757575757576,1,0.030303030303030304,0,-1
0x2347faed8d309da2fda2a4339224999209c31bfc,usdc,3,0.0004523766724840023,0.0007,1146.0,0.6056442236550047,36.338653419300286,872.1276820632069,99.06806282722513,0.3201,3438,0.0001,0,-1
0x1bba674f153e9717a2fd97a100bbedf4275cc3ca,usdc,2,38750.0,0.0,3.0,0.0019479254593857544,0.11687552756314525,2.805012661515486,30802.0,0.008064516129032258,5,0.016129032258064516,0,-1
0x9c6a52c6f736ba3cd9c21bd13eebe08760f931e5,usdc,809,27119.96083513043,1115.710474,0.11372064276885044,7.891369466541708e-05,0.004734821679925025,0.1136357203182006,760324.304347826,0.00375,49,0.018125,0,-1
0x541f9ca20d448dc53681077eb54492117b67e3a1,usdc,209,63578.54422848193,799.60218,1.1913875598086126,0.0008234644372496949,0.049407866234981695,1.1857887896395607,72862.89156626505,0.19095477386934673,168,0.12060301507537688,0,-1
0x140d10f05bda1158e9e4c9113f6ffd79c0ef4e01,usdc,6,0.0633060499507874,15.372489,677.3333333333334,0.40858182695594475,24.514909617356683,588.3578308165604,146.8494094488189,0.0042,4023,0.004,0,-1
0x01f85a3929c7a5db76137e94dd74d822d1081a13,usdc,2,0.132336545982575,11.936352,1033.0,0.47892809124206037,28.735685474523624,689.6564513885669,125.27976766698936,0.00017164435290078958,2063,0.0005149330587023687,0,-1
0x59aab1bd0d26290274398c07b55955c15425e16b,usdc,1,0.0010000000000000002,0.001,2517.0,3.2893361212754835,197.360167276529,4736.644014636696,18.240762812872468,0.0,2517,0.0001,0,-1
0x2324154fc66e60dcc2313584989a9cbf196b8162,usdc,48,1560.0002,0.0,0.10416666666666667,7.205316947481886e-05,0.004323190168489132,0.10375656404373916,832718.4,0.0006666666666666666,3,0.001,0,-1
0x09e6a3d6056e75c01807c80de6aeaf492f07a98e,usdc,24,0.012262499999999999,0.015635,0.16666666666666666,0.00011544877826330402,0.006926926695798241,0.1662462406991578,519711.0,0.0,2,0.5,0,-1
0xd32f43e1e18015887f7361f9f4506fc8e9b6119a,usdc,36,0.00019999999999999998,0.0003,0.1111111111111111,7.704902244052779e-05,0.004622941346431667,0.11095059231436001,778725.0,0.6666666666666666,2,0.3333333333333333,0,-1
0x2ee6a8a45f73f8d8303e053bb472fc467febb2fc,usdc,971,121.82936881250001,100.1,0.016477857878475798,1.144220727043571e-05,0.0006865324362261426,0.016476778469427425,5243743.5,0.015384615384615385,8,0.06923076923076923,0,-1
0xbbd20f77130a4880954412b5b1b273360681f157,usdc,247,79662.89057567742,39.66,0.12550607287449392,8.684918443012648e-05,0.005210951065807588,0.12506282557938211,690852.7741935484,0.0,16,0.034782608695652174,0,-1
0xc2ab1de84daa43d65044fd17a142127d0135948a,usdc,828,250686.79944587592,6500000.0,0.9347826086956522,0.0006486993159658479,0.03892195895795087,0.934127014990821,92492.77519379844,0.012369791666666666,466,0.005208333333333333,0,-1
0xb248757f904df78af091f5cd82afafbff5fb05fb,usdc,108,1734.4941857142855,1486.0697,0.06481481481481481,4.468075599839149e-05,0.0026808453599034892,0.06434028863768375,1342860.0,0.0,0,0.06666666666666667,0,-1
0x1a62e7af4c95ae14fe60e275fbf00d30130fe34f,usdc,627,412.38579152380953,491.798056,0.06698564593301436,4.647877878558034e-05,0.00278872672713482,0.06692944145123568,1290911.7142857143,0.0,22,0.04153354632587859,0,-1
0x0d410be877eb159a7479110470ad10ae5a2d871e,usdc,304,12310.799871428573,1002.4949,0.023026315789473683,1.595219325185763e-05,0.000957131595111458,0.022971158282674993,3761238.285714286,0.0,4,0.03773584905660377,0,-1
0x85cd1fd3d681b2c3d2d5ba66013a4e58a93e31b8,usdc,253,361.0967182899628,251.08,2.1264822134387353,0.0014728314609940573,0.08836988765964343,2.1208773038314424,40737.85873605948,0.01971326164874552,209,0.01971326164874552,0,-1
0xad11109039f5f2c954db600c03ba0ef25e5fe9bd,usdc,15,0.006574671696149845,0.00681,256.26666666666665,0.16953189087156326,10.171913452293797,244.1259228550511,353.9157127991675,0.0,3843,0.0002,0,-1
0x2dbb7eaf854059c9fc0484b96d6f2567dc5f3e15,usdc,1488,2827.836852385965,74.4,0.07661290322580645,5.318340382337356e-05,0.0031910042294024136,0.07658410150565792,1128171.49122807,0.0010121457489878543,54,0.043522267206477734,0,-1
0x3ab4275b855f151f53f9e09a4c033b52fcbb3bc1,usdc,1818,1537.7204358181816,3999.377605,0.00605060506050605,4.199601858654701e-06,0.00025197611151928204,0.006047426676462768,14287068.636363637,0.0,6,0.03821656050955414,0,-1
0x0bb7a4fdea32910038dec59c20ccae3a6e66b09f,usdc,1,2616.5200400884037,445.760208,1742.0,0.76162994053865,45.697796432318995,1096.7471143756559,78.77841561423651,0.0,1084,0.004,0,-1
0x04bda42de3bc32abb00df46004204424d4cf8287,usdc,441,1910.367367851613,23.10446,1.4058956916099774,0.0009741421813934443,0.058448530883606666,1.4027647412065598,61592.651612903224,0.0,30,0.0035,0,-1
0x57d542571481a1b3081e9d7a3f03fa28bda452ee,usdc,33,76743.80381624999,70001.736188,1.696969696969697,0.001162737582585513,0.06976425495513078,1.674342118923139,51602.357142857145,0.001951854261548471,31,0.0032530904359141183,0,-1
0x8a4cfcdd0b924ad0fe66cc96ba14b3d94bdc9874,usdc,2015,8230.79121318919,0.01121,0.01836228287841191,1.274824574232854e-05,0.0007648947445397124,0.0183574738689531,4706529.918918919,0.011278195488721804,14,0.03007518796992481,0,-1
0xa491883b6ce10cdd9a044264f14a0b59fddf7c3f,usdc,433,4097.487608541666,2577.149993,0.11085450346420324,7.687520239799382e-05,0.004612512143879629,0.11070029145311108,780485.75,0.03773584905660377,23,0.22641509433962265,0,-1
0xd507102a681a317079540f420159889d78b8b182,usdc,47,0.0004709710144927537,0.000371,1.4680851063829787,0.0010184231267656356,0.061105387605938144,1.4665293025425155,58914.608695652176,1.0,34,0.043478260869565216,0,-1
0xac756f511b4dcb7d996eb795897d1554094e8361,usdc,2,0.0057996,0.002999,2.5,0.0015414971019854483,0.09248982611912689,2.2197558268590454,38923.2,0.0,3,0.01910828025477707,0,-1
0xf319dff495a71a1b7cdbe5a97b8a35a2452b7a82,usdc,275,22335.039877999996,0.000174,1.2472727272727273,0.0008649218947790995,0.051895313686745964,1.2454875284819034,69370.42565597668,0.1256781193490054,237,0.048824593128390596,0,-1
0xb94ed5cf0b4da7619d758b09847bfb795bb941dc,usdc,51,0.004629833333333334,0.000279,0.23529411764705882,0.0001625958977055009,0.009755753862330054,0.23413809269592128,369013.0,0.9166666666666666,5,0.3333333333333333,0,-1
0xfd0f5060ea620dcd32039b4632a347a8261e09f4,usdc,101,138.0595352,130.0,0.09900990099009901,6.825845380950431e-05,0.004095507228570259,0.09829217348568621,879012.0,0.15384615384615385,4,0.38461538461538464,0,-1
0x11a6a742ce3b087f2dc61b87ccb291811e10c1d9,usdc,12,0.02666666666666666,0.043,0.5,0.0003238796463234262,0.019432778779405573,0.46638669070573374,185254.0,0.0,4,0.5,0,-1
0xc9926fe2968ec8c2a25f3bd6d55e6e4b2486b443,usdc,429,24.421294,50.0,0.011655011655011656,8.079497080392935e-06,0.00048476982482357605,0.011634475795765827,7426204.8,0.0,3,0.21428571428571427,0,-1
0xbb73f61c4cdd4fe819fe80343a4f463fe40f014a,usdc,374,27499.423036911572,0.0,4.505347593582887,0.0031216190179775612,0.1872971410786537,4.495131385887688,19220.79525222552,0.07895579756566304,1212,0.03074951953875721,0,-1
0xd750f979ca3327a07c74f889a8052a4410fb1612,usdc,12,0.02666666666666666,0.035634,0.5,0.0003374616137414369,0.020247696824486214,0.4859447237876691,177798.0,0.0,4,0.5,0,-1
0x1288f5ddfcb848fa8667c4c6ebf1bf65ae3b3e7b,usdc,759,5397.2712877080285,41.915219,0.18050065876152832,0.00012532162835422883,0.007519297701253728,0.18046314483008946,478768.1167883212,0.0022271714922048997,57,0.0378619153674833,0,-1
0x8180886dd7660a10be135d1d98f9003dbf9a8feb,usdc,12,0.04,0.065,0.3333333333333333,0.00021861507350931847,0.013116904410559108,0.31480570585341855,274455.0,0.0,2,0.75,0,-1
0x6928f7baa9a68adbcc459ae822229cfc7e4377a2,usdc,98,1764.7681746451615,6.929466,0.6326530612244898,0.0004356098397236828,0.026136590383420973,0.6272781692021033,137737.93548387097,0.0,30,0.018518518518518517,0,-1
0xdf2add6df229c71d184ec8f8a718746f515dcd61,usdc,11,0.032,0.0565,0.45454545454545453,0.0002903229552554261,0.017419377315325568,0.41806505556781365,206666.4,0.0,3,0.6,0,-1
0xa91ff04cd0b8977e3ae96c6b0db055ad81eecec9,usdc,223,5526.457812454106,0.0,0.9282511210762332,0.0006444201619455885,0.038665209716735316,0.9279650332016475,93106.95652173914,0.1320754716981132,114,0.1169811320754717,0,-1
0x90ad25e0b7e0bc9a3a601a2f1cadc31077546e6d,usdc,131,10198.384470949404,0.0,7.694656488549619,0.005306743460017795,0.31840460760106765,7.641710582425624,11306.369047619048,0.21953459889773422,270,0.04225352112676056,0,-1
0x4ee5459a35de606f5172414c3cc994215a32bb80,usdc,66,1433.4431460229885,0.0,3.9545454545454546,0.0027162035591632846,0.16297221354979707,3.9113331251951293,22089.655172413793,0.3102409638554217,156,0.18373493975903615,0,-1
0x03f6c4c5f41150c6faea9a32b65b135c0beb19fd,usdc,176,1431.687164609091,0.0,0.625,0.0004335963029214142,0.026015778175284856,0.6243786762068365,138377.56363636363,0.046052631578947366,76,0.023026315789473683,0,-1
0x4248e7178b5a1bc3df9940894505c4f85b507b0e,usdc,96,34301.81300435484,67100.0,0.96875,0.0006700519902705568,0.04020311941623341,0.9648748659896019,89545.29032258065,0.0,0,0.0877742946708464,0,-1
0xbd0327872779cc5ae7b340584b053045dd821150,usdc,66,213.6297686179775,113.66,1.3484848484848484,0.0009232020380981622,0.05539212228588974,1.3294109348613539,64991.191011235955,0.0963855421686747,55,0.1566265060240964,0,-1
0x6a8c7c11d85d115822b7bde87f642f82d1121cc4,usdc,35,31285.157894736843,19400.0,0.5428571428571428,0.00037071868695343383,0.02224312121720603,0.5338349092129447,161847.7894736842,0.0,6,0.044642857142857144,0,-1
0xf7ca4cbe9e61264d07e31ce1c95578645ea91748,usdc,1,0.09000000000000001,0.09,3.0,3.0,180.0,4320.0,20.0,0.0,1,0.08571428571428572,0,-1
0x0b4886dcf9057dea08ab15ec9c9143bb63162aa5,usdc,24,0.0003062580645161291,0.000274,1.2916666666666667,0.0008952758315957282,0.05371654989574368,1.2891971974978484,67018.45161290323,0.4025974025974026,15,0.025974025974025976,0,-1
0xb936bab9e34b4eabad5a066de6a26e3e6e17e2e8,usdc,8,0.009387598347757676,0.001,317.75,0.21305841924398625,12.783505154639176,306.8041237113402,281.61290322580646,0.0,2541,0.00036088054853843375,0,-1
0xf2f6fcad50b765461acd8f9c7b51c104fdcae715,usdc,287,65092.15946624611,20500.739894,0.2508710801393728,0.0001737998636636625,0.010427991819819751,0.25027180367567403,345224.6666666667,0.02564102564102564,36,0.07692307692307693,0,-1
0x5905cd89ab79ab648c2f3c309a23f88e3d3eedf1,usdc,464,481.79187710655737,0.000805,0.2629310344827586,0.00018253799633128552,0.01095227977987713,0.2628547147170512,328698.68852459016,0.012338425381903642,71,0.017038777908343124,0,-1
0xf76af70bc1ea5f49fe5583ab80493e116d602a34,usdc,1550,2581.996334843575,0.002337,0.23096774193548386,0.0001603647716224234,0.009621886297345403,0.2309252711362897,374147.0111731844,0.06422018348623854,193,0.0853211009174312,0,-1
0xab1b3ab5315d4825fa151d01c211946ca4b4f4b7,usdc,219,0.31736516666666664,0.01,0.2191780821917808,0.0001517419021985505,0.00910451413191303,0.21850833916591272,395408.25,0.031413612565445025,43,0.031413612565445025,0,-1
0xbdb296765b5b850a6367faf96abbec67da618e8b,usdc,227,57098.89157431185,0.0,1.7092511013215859,0.0011866684527861936,0.07120010716717161,1.7088025720121187,50561.721649484534,0.05512282804074296,295,0.026363091671659677,0,-1
0x96610d09b0e013d1a5acbd0ea5708c781cbe085e,usdc,14,787.7331409999999,700.504393,0.7142857142857143,0.00046560137073043545,0.027936082243826127,0.670465973851827,128865.6,0.0,8,0.006928406466512702,0,-1
0xfbe3d623f266e87621e66abea54245325d702387,usdc,187,18138.82939042857,0.000499,0.0748663101604278,5.171539981175594e-05,0.003102923988705357,0.07447017572892857,1160196.0,0.4,8,0.3,0,-1
0x1a6182dc00b4282158934c99403d2b308d15d459,usdc,1,0.00010000000000000005,0.0001,3109.0,14.90412272291467,894.2473633748801,21461.936720997124,4.025731746542297,0.3109,3109,0.0001,0,-1
0xeb7009dbbb065b3200931537c7ec332eca2521c2,usdc,14,0.00046000000000000007,0.0002,0.2857142857142857,0.00019229474939186784,0.011537684963512072,0.2769044391242897,312021.0,0.4444444444444444,2,0.3333333333333333,0,-1
0xbde14d63857c71450a624693626e723f078d78ca,usdc,156,23063.129072885713,0.0,0.22435897435897437,0.00015567940717281747,0.009340764430369049,0.2241783463288572,385407.4285714286,0.01227830832196453,24,0.010914051841746248,0,-1
0x0f3d6cc94a8cfcbad540482f34ae7bb473b049e6,usdc,405,5040669856787793.0,0.000333,1.0320987654320988,0.0007152265574229395,0.04291359344537637,1.0299262426890328,83889.5023923445,0.11065006915629322,322,0.035961272475795295,0,-1
0x995438fce5ccdd2d6ef5bc117d288e374ce1e6be,usdc,56,3989.4737368421056,1350.0004,0.3392857142857143,0.00023329199562884472,0.013997519737730682,0.33594047370553637,257188.42105263157,0.1,7,0.2,0,-1
0x22f6c49efffb8e4e71cd6d721b75465d76383965,usdc,330,25553.654367761672,88210.0,1.2333333333333334,0.0008563935353440135,0.05138361212064081,1.2332066908953794,70061.24815724816,0.016842105263157894,247,0.019330143540669857,0,-1
0x0d05a7d3448512b78fa8a9e46c4872c88c4a0d05,usdc,18,6679.066045208152,2718.753645,164.94444444444446,0.11447585558074616,6.86855133484477,164.84523203627447,524.1279892219602,0.0003,1235,0.0104,0,-1
0x9ca8a94d00a83e9ce54f755e5b775e837c2073d6,usdc,390,14793.28946987329,9000.0,2.994871794871795,0.0020779501733167003,0.12467701039900202,2.9922482495760483,28874.609589041094,0.0071796759941089834,668,0.027614138438880706,0,-1
0x4dc34c4eb23973f3551526c2afe8ffb7f70f0fd7,usdc,214,1656.0346582587822,11126.603911,7.981308411214953,0.005536398579207128,0.3321839147524277,7.972413954058264,10837.370023419204,0.002031144211238998,852,0.003723764387271496,0,-1
0x6627617c2b97af5a88caac12286daab9dbb9a85d,usdc,306,0.0,0.0,0.0784313725490196,5.4323051036053755e-05,0.0032593830621632253,0.07822519349191741,1104503.5,0.22018348623853212,1,0.1651376146788991,0,-1
0xa029ad3c56a50ca367c573816ccf3bad04dc9698,usdc,723,131.5666666666667,197.35,0.004149377593360996,2.8782897892861613e-06,0.00017269738735716967,0.0041447372965720715,20845712.0,0.0,1,0.5,0,-1
0x98774e4a949cc16e1c08b61f938d0bb572cbcbc2,usdc,127,1397.8101105454546,8e-06,0.08661417322834646,5.992852161785216e-05,0.00359571129707113,0.08629707112970711,1001192.7272727273,0.007142857142857143,4,0.025,0,-1
0x3f5b321ad4e13aaaa0c77a3b7ac66cb43c75c6ac,usdc,70,1745.709164965517,1400.001,0.4142857142857143,0.00028721857531663374,0.017233114518998022,0.41359474845595257,208900.1379310345,0.021691973969631236,14,0.028199566160520606,0,-1
0xa729e0ba1694e863494f4192ec028bc0c8fcc295,usdc,54,6241.155259873239,0.0,1.3148148148148149,0.0008994104427886284,0.0539646265673177,1.295151037615625,66710.3661971831,0.026467203682393557,46,0.02761795166858458,0,-1
0x0381a55967d0f637b39ed4a83b7e207aa83892b9,usdc,2,7.500000000000001e-05,0.0001,2.0,0.0013281094362175444,0.07968656617305266,1.9124775881532636,45177.0,1.0,2,0.75,1,2
0xd8d6be6bf9878bf62a7efec03c1ffa716a63482a,usdc,1734,27667.00013849397,0.0,0.04786620530565167,3.323664495210312e-05,0.0019941986971261875,0.0478607687310285,1805236.3614457832,0.011286681715575621,41,0.024830699774266364,0,-1
0xe41156c96dfb975a8b7cc933f852472a8bb57239,usdc,1169,7212.615425171285,0.000227,1.0188195038494439,0.0007070413112285928,0.04242247867371556,1.0181394881691734,84860.67086481948,0.011106997408367271,1137,0.004936443292607676,0,-1
0xfbcc5c0223e942cfa1223f8829a3a64a8a00de88,usdc,147,17771.163439813085,0.000225,0.7278911564625851,0.0005032892539748093,0.030197355238488554,0.7247365257237253,119215.73831775702,0.013113525665043087,57,0.013862869988759834,0,-1
0x34478d4820074a8b090ef5b04dc1d6da7d01075e,usdc,351,12856.673775018395,0.0001,23.387464387464387,0.016213848194612003,0.9728308916767201,23.34794140024128,3700.5403825070043,0.2946,4686,0.0841,0,-1
0xc1e15b44aab680890836cb63e8cdfb8653a63038,usdc,12,0.04,0.063032,0.3333333333333333,0.0002185792349726776,0.013114754098360656,0.3147540983606557,274500.0,0.0,2,0.75,0,-1
0xbee3211ab312a8d065c4fef0247448e17a8da000,usdc,1,40039.26559923143,98211.14498,1724.0,1.171195652173913,70.27173913043478,1686.521739130435,51.22969837587007,0.0012,1012,0.0105,0,-1
0x52fe01e1a5bb48c8ae6e3a97341f5d7390d72611,usdc,484,1998.660105663366,3900.295743,0.20867768595041322,0.00014479784357302586,0.008687870614381551,0.20850889474515724,414370.8118811881,0.013888888888888888,61,0.0496031746031746,0,-1
0x238f0e27105806fcac14715dd1fd13e7473f6cfa,usdc,153,5715.359217682492,3028.0,2.2026143790849675,0.0015217098781096841,0.09130259268658104,2.191262224477945,39429.3293768546,0.14652956298200515,198,0.11053984575835475,0,-1
0x4dece678ceceb27446b35c672dc7d61f30bad69e,usdc,11,22654.320254064598,279.736941,454.54545454545456,0.29960930946046355,17.976558567627816,431.4374056230675,200.2608,0.0015,2365,0.0129,0,-1
0x717d0a5a77b721f43d0b489266384a0f14fff0bd,usdc,11,0.032,0.05,0.45454545454545453,0.00031170515186275,0.018702309111764997,0.44885541868235995,192489.6,0.0,3,0.6,0,-1
0xdbf0ddebdee5a4234a662fc89a800ea96fa00774,usdc,332,31408.850310718182,1752.91,0.3313253012048193,0.00022953736951843894,0.013772242171106336,0.3305338121065521,261395.34545454546,0.2261904761904762,46,0.21428571428571427,0,-1
0x51236d7e54e85995acec4bb234c70db3cca8bec5,usdc,287,113.25436953846153,201.0,0.04529616724738676,3.1369414916977225e-05,0.0018821648950186336,0.0451719574804472,1912691.076923077,0.0,1,0.06086956521739131,0,-1
0xe472f3eda96a048c15e024e4d0fbe83ae43b3ac8,usdc,32,557.394909125,469.158773,0.5,0.00034603423143634486,0.02076205388618069,0.4982892932683366,173393.25,0.02197802197802198,10,0.054945054945054944,0,-1
0x59b6c24be77f0c6d94773b18ffcdc984c28f3555,usdc,68,58.84376609090909,100.640181,0.16176470588235295,0.00011205029632210182,0.006723017779326109,0.16135242670382663,535473.8181818182,0.0,6,0.031914893617021274,0,-1
0x6e4141d33021b52c91c28608403db4a0ffb50ec6,usdc,100,70247.6982711705,0.110198,16.54,0.01143678995443262,0.6862073972659573,16.468977534382972,5246.227327690447,0.0004,830,0.005,0,-1
0xdafc4ab80f48fde24591aa4412a9d924eadc0a58,usdc,1,0.03884499259455171,101.546012,3781.0,7.604585679806919,456.2751407884151,10950.603378921962,7.889976196773341,0.0047,3781,0.0001,0,-1
0x97309316dd03c13c717d2375b7efce36ca27704d,usdc,361,108.3411164042553,46.07,0.13019390581717452,9.019513621768423e-05,0.0054117081730610545,0.1298809961534653,665224.340425532,0.0,25,0.07563025210084033,0,-1
0x67528d32514588ed5354689b9d9c2d95a1fcbc47,usdc,1,0.0558,0.009,5.0,1.6666666666666667,100.0,2400.0,36.0,0.009259259259259259,2,0.037037037037037035,0,-1
0xe4a6d42cdae19acd0109a9aeec1abf14f8becd6b,usdc,445,1047035.6801157357,469000.0002,1.8786516853932584,0.0013043916495218218,0.07826349897130931,1.8783239753114236,45998.454545454544,0.11499436302142052,329,0.10484780157835401,0,-1
0x94d2263115f0a40f611528e86faf985b245859d1,usdc,1,1573.5360719999999,22.029505,4.0,0.04024144869215292,2.414486921529175,57.947686116700204,1491.0,0.002976190476190476,2,0.008928571428571428,0,-1
0x10981f03bda67342b272036571ca008fd53af4df,usdc,1878,2730.8964337519083,100.0,0.1395101171458999,9.687650071528998e-05,0.005812590042917399,0.13950216103001759,619345.2442748091,0.0657672849915683,157,0.08094435075885328,0,-1
0xd2d9939580d3b89d12e1ee4636373a44f9e232ec,usdc,1580,10587.719863200002,11155.746626,0.006329113924050633,4.392453895980323e-06,0.00026354723375881937,0.006325133610211665,13659790.5,0.0,5,0.16216216216216217,0,-1
0x4f37aedc5cc53e9cb8cb8b1379d7e4b64e3fc034,usdc,760,11097.626895530924,0.000127,1.638157894736842,0.0011374248591557402,0.06824549154934441,1.6378917971842661,52750.73734939759,0.18393623543838136,649,0.09809932556713673,0,-1
0x389137558502a5645034e95af17719576f0bfe59,usdc,1,0.07526685466970388,53.727259,2195.0,4.317466561762392,259.0479937057435,6217.151848937844,13.897038724373576,0.00014766686355581807,2194,0.00029533372711163615,0,-1
0xabd12ec1188b4039939c457706cb108236b5d4bb,usdc,236,69929.33023975465,120054.5748,7.737288135593221,0.005370752517135819,0.3222451510281491,7.733883624675578,11171.618838992334,0.3403863845446182,917,0.15915363385464582,0,-1
0x7a171b84cab4898fb916272c01cf931a498397f5,usdc,348,831.1200412589286,0.0,0.6436781609195402,0.000445811954925227,0.02674871729551362,0.6419692150923269,134585.89285714287,0.090625,141,0.084375,0,-1
0x8ee0f66e506a09d387690183c0b4ef8f16918866,usdc,1,0.09000000000000001,0.09,3.0,3.75,224.99999999999997,5400.0,16.0,0.0,1,0.058823529411764705,0,-1
0x34cab38e1fdf892a6bfa6c929bb135581430ea32,usdc,164,25121.922574676315,0.0001,5.689024390243903,0.003943931080544119,0.23663586483264712,5.679260755983531,15213.247588424438,0.08607021517553794,585,0.05464326160815402,0,-1
0xb70b276e51b883fae3e5ad8cdd82ec6096c525e7,usdc,328,329549.75790847867,0.001,0.3567073170731707,0.0002470577950535228,0.014823467703211371,0.35576322487707296,242858.15384615384,0.008068582955118508,97,0.006555723651033787,0,-1
0x42e213a3ad048e899b89ea8cb11d21bc97b84748,usdc,4,12498.567279236702,60.581448,470.0,0.3000606505570275,18.00363903342165,432.0873368021196,199.9595744680851,0.0,923,0.0093,0,-1
0x7c9be96180ac9fa1ac941b2ade9bf0535d70f114,usdc,1,0.18158553961456106,71.023783,934.0,1.0613636363636363,63.68181818181819,1528.3636363636363,56.53104925053533,0.0019569471624266144,932,0.0009784735812133072,0,-1
0x39d70d3f46e653ca8a398b6117923a19a2cfa38b,usdc,267,758.1636050000001,752.3033,0.0299625468164794,2.07371754826448e-05,0.001244230528958688,0.02986153269500851,2893354.5,0.0,2,0.08333333333333333,0,-1
0x5f4f6b2e0c1649ff9690e8052bf05763a4a77500,usdc,3,7.2554236,5.0,1.6666666666666667,0.000986738238080202,0.05920429428481212,1.420903062835491,60806.4,0.0,2,0.15,0,-1
0x6ab101c12076c7cfb2dd8e4a43bcff27caa52a52,usdc,4,0.00017647058823529413,0.0002,4.25,0.0027251450738995224,0.16350870443397134,3.9242089064153123,22017.176470588234,0.3469387755102041,8,0.1836734693877551,0,-1
0xbe830f1ba8de7fd19af90711cac4e99d82591759,usdc,267,787.2565793868614,480.0,0.5131086142322098,0.00035505602369389924,0.021303361421633953,0.5112806741192149,168987.41605839416,0.2537313432835821,72,0.19402985074626866,0,-1
0x1e66c356e1321afeed3ff4f9ef15bb621157c6e7,usdc,266,224.7106791785714,23.0,0.21052631578947367,0.0001458185236395262,0.008749111418371572,0.2099786740409177,411470.35714285716,0.03225806451612903,13,0.14516129032258066,0,-1
0x6f08a66c3a9374f9d044d3b7c644a92a2d69facc,usdc,1,0.12352904378531077,62.578954,1416.0,1.6369942196531793,98.21965317919076,2357.2716763005783,36.652542372881356,0.00043830813061582295,1415,0.00043830813061582295,0,-1
0xfd847fcfff2c7e9df47307b513b500f822af2f25,usdc,12,0.04,0.069,0.3333333333333333,0.0002174764038101866,0.013048584228611194,0.3131660214866687,275892.0,0.0,2,0.75,0,-1
0x44cc7d5eec5750921e466561fb9a7a3cc6990ea4,usdc,1299,2433.0648079130433,0.0001,0.01770592763664357,1.229173415615508e-05,0.0007375040493693048,0.017700097184863317,4881329.130434782,0.012658227848101266,19,0.06329113924050633,0,-1
0x59800e95ef87ce2e38c7fb147eb467ee9b684e0a,usdc,1152,1850.2769017714286,972.114104,0.030381944444444444,2.1087923778522935e-05,0.001265275426711376,0.03036661024107303,2845230.314285714,0.0,21,0.02702702702702703,0,-1
0x6be11a7347beb5e412c1da06d109e4f43cecf35b,usdc,966,55657.11371051525,100200.0,1.8664596273291925,0.0012954384186080999,0.077726305116486,1.8654313227956638,46316.36605657238,0.1635782747603834,1210,0.06325878594249201,0,-1
0x1412b6d42c2e35d5c75c508d0064a223426d9b6c,usdc,12,0.04,0.068935,0.3333333333333333,0.00021732280042160624,0.013039368025296375,0.312944832607113,276087.0,0.0,2,0.75,0,-1
0xe5a07524a0eef028fa92cb55ad606b8027984d88,usdc,26,2230.0234466666666,0.0,0.6923076923076923,0.00047510703105616296,0.02850642186336978,0.6841541247208747,126287.33333333333,0.007476635514018692,11,0.0065420560747663555,0,-1
0x3bc9f0f2852afd24c6c3deb5e07680ef6bd1a7ba,usdc,223,44417.380563145765,30365.0,2.6457399103139014,0.0018322765135069835,0.10993659081041901,2.6384781794500562,32746.149152542373,0.0,32,0.035691523263224986,0,-1
0x19f999bd627575446b9289e4ae57552c0c1679aa,usdc,1564,302.46445589999996,0.0,0.01278772378516624,8.875812515916366e-06,0.000532548750954982,0.012781170022919567,6759944.5,0.0055248618784530384,10,0.049723756906077346,0,-1
0x5d657b623da77f9f24a13ae2c0d81cb85b131c9c,usdc,7,33.14828,6.29656,0.5714285714285714,0.000373238779509191,0.02239432677055146,0.537463842493235,160755.0,0.0,2,0.06382978723404255,0,-1
0x7afffb48f8a7519178428f6e42fbaf41cae29c2e,usdc,979,5564.590708384702,900.0,0.9080694586312564,0.0006303247015954944,0.03781948209572966,0.9076675702975119,95189.03487064118,0.010970813496170566,571,0.02587456013247775,0,-1
0x0bd91814a8377fbb3eb8bfa2fb9366152383710b,usdc,48,26917.432842711867,5000.0,1.2291666666666667,0.0008518896066580226,0.05111337639948136,1.2267210335875525,70431.66101694915,0.0,3,0.029498525073746312,0,-1
0x4c70e56c13d7c765325bc8684377314bc509bad3,usdc,1,375.0,219.851599,4.0,0.029027576197387515,1.741654571843251,41.79970972423803,2067.0,0.0,3,0.025974025974025976,0,-1
0x001dfb0ae09ac313e0529a59d11d6e8e5004b78b,usdc,107,695.3855597777779,499.898935,0.08411214953271028,5.816922072633967e-05,0.00349015324358038,0.08376367784592913,1031473.3333333334,0.0,5,0.043478260869565216,0,-1
0x4a98c5763fd1cf17be983d093b55549e77b27d68,usdc,1153,4619.1918730212765,175.948199,0.08152645273200347,5.6593545397776765e-05,0.003395612723866606,0.08149470537279853,1060191.574468085,0.009708737864077669,62,0.030513176144244106,0,-1
0x9fdc32fd10014ea53c41e5636887ae083d2ba4e5,usdc,101,283795.755269532,150000.0,3.722772277227723,0.0025696013427533825,0.15417608056520296,3.700225933564871,23349.925531914894,0.0,0,0.03070175438596491,0,-1
0xa7b0e4398405873eab69a1543cf9d612913c1923,usdc,683,1939.635543857143,7.448807,0.020497803806734993,1.423055780533898e-05,0.0008538334683203388,0.02049200323968813,4216278.857142857,0.043478260869565216,9,0.17391304347826086,0,-1
0x3dd8d246653732af82eb6c87c86ef71b548fdd84,usdc,391,264.94830936842106,34.250975,0.04859335038363171,3.369152746746108e-05,0.002021491648047665,0.04851579955314395,1780863.1578947369,0.0,8,0.03888888888888889,0,-1
0xb9e57e8afc8aa16f0c028e65a55d8fb18e1fc37d,usdc,122,470.7190516578948,453.2,0.3114754098360656,0.00021574630051869953,0.012944778031121972,0.31067467274692734,278104.4210526316,0.012958963282937365,28,0.017278617710583154,0,-1
0x83172c6fb37fabe5aeb7ee8ab44e834194b041b9,usdc,707,245.191348625,1.588923,0.011315417256011316,7.851937583377762e-06,0.00047111625500266573,0.011306790120063977,7641426.0,0.0,5,0.13793103448275862,0,-1
0xecfd6f19d313f3b41f93cb7c9eaa42abe722291b,usdc,40,1551.1762927565444,10003.881506,57.3,0.03907701855305916,2.3446211131835497,56.270906716405186,1535.4293193717278,0.0201,584,0.0459,0,-1
0x2d102f8a8bde49dc498a3414240c8a816dba9818,usdc,604,778982616715.2543,0.0001,12.758278145695364,0.008856677217444873,0.5314006330466924,12.753615193120618,6774.549701531274,0.06550951847704367,5519,0.23471444568868982,0,-1
0x45a1e9ee76e7aa8a78023893b257b9f9495651c2,usdc,773,4692.252642723684,0.0,0.09831824062095731,6.826853391886176e-05,0.004096112035131706,0.09830668884316095,878882.2105263158,0.01948051948051948,52,0.017316017316017316,0,-1
0xecf3a0ff98410838e4e81e2afd9c92ab9d94e6cd,usdc,1,500.0,500.0,3.0,0.0056646525679758305,0.33987915407854985,8.157099697885197,10592.0,0.0,2,0.014925373134328358,0,-1
0x071293058ee9f7511bde32ecde541abd0a1cd43a,usdc,84,1255.18750372,1903.232795,1.4880952380952381,0.0010293810043793985,0.06176286026276392,1.482308646306334,58287.456,0.15300546448087432,65,0.1366120218579235,0,-1
0x0449971f15ac859183aab1587a0293df25cbfbcc,usdc,104,57.052232000000004,137.883674,0.057692307692307696,3.9912246274524415e-05,0.0023947347764714647,0.05747363463531515,1503298.0,0.0,0,0.022900763358778626,0,-1
0x1a8bb7c26e021706fd57f8d8bcf96aeb60a911bd,usdc,480,24106.07370936207,0.0001,0.6041666666666666,0.00041953663480695817,0.02517219808841749,0.6041327541220198,143014.92413793103,0.051630434782608696,183,0.03206521739130435,0,-1
0xe47784d1737119f898b9c6d821441385ae626a06,usdc,1,23403.609,0.0,10.0,0.005888587916617595,0.3533152749970557,8.479566599929337,10189.2,0.0064516129032258064,9,0.012903225806451613,0,-1
0xd59de8dcdc2101f7b1a69d3107d3afed1542212a,usdc,467,7546.308767242537,0.0004,0.5738758029978587,0.00039814429105655013,0.02388865746339301,0.5733277791214323,150699.1343283582,0.08150470219435736,146,0.08934169278996865,0,-1
0xf89d7b9c864f589bbf53a82105107622b35eaa40,usdc,3,144070.7158514655,311575.04,265.6666666666667,0.16922880924069983,10.15372855444199,243.68948530660776,354.5495608531995,0.0,794,0.0002,0,-1
0x6c830e4210db6d42d48d67ec03c3e1dd63ba5fda,usdc,1,0.09000000000000001,0.09,3.0,3.75,224.99999999999997,5400.0,16.0,0.0,1,0.07692307692307693,0,-1
0x9e62c104b2282ff431acc1e57b89a34fe7eea78a,usdc,44,51.74297006153846,0.01,1.4772727272727273,0.001024990853927765,0.06149945123566589,1.4759868296559815,58537.10769230769,0.03409090909090909,22,0.045454545454545456,0,-1
0xf8c6e27a67abb2fb7ae7311893f6c238e96fc8c0,usdc,287,4366.661435258621,4365.0,0.20209059233449478,0.00014027355277598943,0.008416413166559365,0.20199391599742478,427735.6551724138,0.027777777777777776,24,0.07142857142857142,0,-1
0x3e1660105a7c62da2ec54b5b60a45769613e9045,usdc,327,9009009011953.29,0.0,0.3394495412844037,0.0002352445504858118,0.014114673029148707,0.338752152699569,255053.72972972973,0.022587268993839837,79,0.01779603011635866,0,-1
0x60cd2a93c9246622164ce6f7357da2ebe34d3c8d,usdc,1470,606.875396875,0.00067,0.005442176870748299,3.7777902812142225e-06,0.00022666741687285335,0.00544001800494848,15882300.375,0.005934718100890208,3,0.01483679525222552,0,-1
0x54a2a58adf58096d9eb08c250db87b2ab1ae0a71,usdc,95,17358.51685382659,0.001,1.8210526315789475,0.001260554410774607,0.07563326464647642,1.8151983515154342,47598.10404624278,0.028839704896042925,126,0.02414486921529175,0,-1
0xd4e8d5f8442418ea23e3f1f20e31382090800901,usdc,135,119.04968493489582,14.9999,5.688888888888889,0.003950568511499858,0.23703411068999147,5.688818656559795,15187.6875,0.015364265364265365,241,0.03561253561253561,0,-1
0xfb5a4fc76c99d6b4473e6801e183e7ab707a1889,usdc,1,0.00017500000000000003,0.0004,4.0,0.12578616352201258,7.547169811320754,181.1320754716981,477.0,1.0,2,0.5,0,-1
0x3f34ecb41645f17995b27e34664a56590fc04035,usdc,1,0.0062816,0.002,5.0,1.25,75.0,1800.0,48.0,0.0,3,0.12,0,-1
0x4e5006c2b78b0484b112150d59ef1a0f7cb729f6,usdc,1,0.00045,0.0008,4.0,0.007518796992481203,0.45112781954887216,10.827067669172932,7980.0,1.0,2,0.75,1,2
0x23400dc0cc44fb8f295fd4c73bb19528066b59f3,usdc,34,200.038677,0.193385,0.14705882352941177,9.975340957153916e-05,0.00598520457429235,0.1436449097830164,601483.2,0.0,3,0.00031107424305267526,0,-1
0x89489027d2908a76e16ee756967361b5d698e6f3,usdc,104,10000.0045132,11241.492636,0.04807692307692308,3.3196343090845114e-05,0.001991780585450707,0.04780273405081696,1807428.0,0.0,3,0.03409090909090909,0,-1
0x62d027c1bd8774d6b55fbd3d9fa022293b8cfad7,usdc,12,0.04,0.06198,0.3333333333333333,0.0002184002184002184,0.013104013104013105,0.3144963144963145,274725.0,0.0,2,0.75,0,-1
0xa5f18939806f2b9f7cac26674888284fa3ea3ad4,usdc,125,9251.243511031817,0.001,1.76,0.0012133352158413045,0.07280011295047828,1.7472027108114785,49450.472727272725,0.0,17,0.008560311284046693,0,-1
0x0577a4a9bf97abe23679758a9bda21f03546f765,usdc,12,0.032,0.0576,0.4166666666666667,0.0002713586384308958,0.016281518305853747,0.3907564393404899,221109.6,0.0,3,0.6,0,-1
0x87cb470317e436e206da8e65b3b6c0b5a3e07775,usdc,324,4922.669052047058,10800.326815,0.5246913580246914,0.00036428685918727175,0.021857211551236305,0.5245730772296713,164705.36470588236,0.04017857142857143,140,0.04241071428571429,0,-1
0x3fc8edad76b123d12c68329ae0cf72473d3dc5aa,usdc,16,80.2644816,85.448545,0.3125,0.00021424470172852627,0.012854682103711577,0.3085123704890778,280053.6,0.0,2,0.15384615384615385,0,-1
0x194739827ec57303912831eca0fc46ca83f48fdf,usdc,417,109997.15130591132,85741.746056,0.486810551558753,0.0003376892473755058,0.020261354842530346,0.4862725162207283,177678.14778325122,0.0020693222969477496,114,0.013450594930160372,0,-1
0xba67ab1b550d8d134b4293b86db61979ba2e7b35,usdc,169,32.60068285714286,20.874878,0.04142011834319527,2.8620117816759285e-05,0.0017172070690055572,0.04121296965613337,2096427.4285714286,0.0,4,0.05263157894736842,0,-1
0x120a5b1fd4782cd8639e3814781a5d30382e65db,usdc,10,1935.51232056134,20.7543,220.9,0.1418298555377207,8.509791332263243,204.23499197431784,423.0421004979629,0.0035,587,0.0572,0,-1
0x55ab119c8345fff2527f9be44fa3c8e08782697f,usdc,237,1702.6920189419357,0.0,0.6540084388185654,0.00045350677773193946,0.027210406663916366,0.6530497599339928,132302.32258064515,0.3675675675675676,39,0.12432432432432433,0,-1
0x7a693908389e1ebe7b472bd6b7740deab15e3546,usdc,189,23844.246430625,7457.680371,0.042328042328042326,2.9346619526213503e-05,0.0017607971715728101,0.04225913211774744,2044528.5,0.0,0,0.23529411764705882,0,-1
0xeddf75cb0bd79fa6a34e6a6d871410f071b0e889,usdc,30,6350.373762710191,16.84,10.466666666666667,0.007224702038562423,0.43348212231374533,10.403570935529888,8304.84076433121,0.03294691885295912,223,0.021964612568639415,0,-1
0xe215e5ebd0f8cbdd74b9b7afe3441967c0170488,usdc,1470,16599.052530684206,14000.0,0.10340136054421768,7.177974065460243e-05,0.004306784439276146,0.1033628265426275,835890.4539473684,0.03991811668372569,106,0.019447287615148412,0,-1
0xb41708b8b9306f17423fd007ee4b7233589a86eb,usdc,26,760.6512970088957,200.124076,125.38461538461539,0.08481499404213692,5.088899642528215,122.13359142067716,707.4220858895706,0.0003,1544,0.1716,0,-1
0x9a5d56996cb804a042423809486e7d1522407edc,usdc,1,0.011550000000000001,0.021,4.0,2.5,150.0,3600.0,24.0,0.0,2,0.2727272727272727,0,-1
0xcc61d6d4220c5e79467d953188d0980e1dd5f4a5,usdc,1,0.004149999999999999,0.00055,4.0,0.18348623853211007,11.009174311926605,264.2201834862385,327.0,0.5,3,0.5,0,-1
0x3456b86fb8762041fd4299513a868e0fb05fdffe,usdc,1,0.006602333333333334,0.007002,3.0,0.21126760563380284,12.67605633802817,304.2253521126761,284.0,0.0,2,0.6666666666666666,0,-1
0xec46a56892607cd7402778a021360a0d5acd8325,usdc,1070,208.405,259.860108,0.016822429906542057,1.167691532225367e-05,0.0007006149193352203,0.016814758064045286,5138343.333333333,0.0,9,0.03488372093023256,0,-1
0x67844db0625c9209b9306e32ff9716ff916b3bfb,usdc,122,41070.49958583769,20294.71,9.39344262295082,0.006471285786888023,0.3882771472132814,9.318651533118754,9271.727748691099,0.3351435221101629,656,0.13421256788207914,0,-1
0xb0c88df190ecbcb5af3d80822a29c5ef30138e05,usdc,12,0.04,0.069,0.3333333333333333,0.0002169620967217027,0.013017725803302163,0.3124254192792519,276546.0,0.0,2,0.75,0,-1
0xb22e7fae6e5c4b11de12e9e3a3efe4df37f59d89,usdc,917,12285.996989478204,24360.0,3.427480916030534,0.0023799182453028605,0.14279509471817164,3.4270822732361195,25210.950047725102,0.06750650417636588,2593,0.04943174038066548,0,-1
0xc165afa403c099da4e888b9f4b529dbbd7b5c93f,usdc,534,2266.9546827727277,10.0,0.08239700374531835,5.7158223054769266e-05,0.0034294933832861563,0.08230784119886775,1049717.7272727273,0.0007524454477050414,13,0.009029345372460496,0,-1
0x61e6d644445c42a21681fd289bb504cc3f8b9877,usdc,1126,1451.33922035,0.075508,0.017761989342806393,1.2330409094613818e-05,0.0007398245456768291,0.0177557890962439,4866018.6,0.0,9,0.06707317073170732,0,-1
0xfe51263bd0d075dc5441e89ecd1f6d63ff41e02e,usdc,1540,25552.05061149077,0.000499,0.42207792207792205,0.00029305321633757257,0.01758319298025435,0.42199663152610445,204740.97076923077,0.006270664690457188,296,0.0106031239311367,0,-1
0x47223be959986600163dc5f700c181ddc4b8fbc8,usdc,1,0.4251134797136039,83.387594,419.0,2.5896168108776263,155.3770086526576,3729.0482076637827,23.16945107398568,0.0,418,0.0015105740181268882,0,-1
0x3a2d2e4ce668422b0b92a84edb5a6ae9ac0f9a79,usdc,1,64800.00065200001,90000.0009,25.0,0.046451133407655144,2.7870680044593086,66.8896321070234,1291.68,0.08,21,0.06666666666666667,0,-1
0xf1e1845f0b01a6184b1d25b83ef1aca8fac5d372,usdc,1454,30615.82643790196,15751.499113,0.10522696011004126,7.307336985829043e-05,0.004384402191497426,0.10522565259593823,821092.5555555555,0.056962025316455694,104,0.03639240506329114,0,-1
0x455bf23ea7575a537b6374953fa71b5f3653272c,usdc,3,0.0018898768851954447,0.00411,1083.0,0.7010616261004662,42.06369756602797,1009.5287415846711,85.58448753462604,0.1017,3249,0.0001,0,-1
0xf721a5af9868a868fcaad0a303e5bb327ada1107,usdc,602,30502210476025.97,17786.798496,3.6146179401993357,0.0025062500763047184,0.15037500457828312,3.6090001098787945,23940.148897058825,0.07973115445440168,1437,0.0470479704797048,0,-1
0x544310beb473b4850c45aeeb6a0814695c29c327,usdc,1382,197.8791250555556,1.0,0.02604920405209841,1.8078673566381272e-05,0.0010847204139828764,0.026033289935589034,3318827.5555555555,0.0,19,0.06832298136645963,0,-1
0x91dfe529b85963120fab3a4ab18c0a0a59072c0e,usdc,30,1594.2305861176471,1400.0,0.5666666666666667,0.0003899511872866738,0.023397071237200424,0.5615297096928102,153865.41176470587,0.0045871559633027525,8,0.010703363914373088,0,-1
0x20bc642676699f5e8199870050c3dfbf20c8199c,usdc,222,66750.9658749074,0.0012,0.24324324324324326,0.00016883610641427128,0.010130166384856277,0.24312399323655065,355374.22222222225,0.046511627906976744,19,0.06511627906976744,0,-1
0xde350415ec7e78fb7f0409f755f6ad4fe43c65cc,usdc,510,20901.255341774337,0.000226,0.44313725490196076,0.00030758091691776703,0.01845485501506602,0.4429165203615845,195070.61946902654,0.012755779962795642,153,0.008769598724422003,0,-1
0x5a1a51c428f506bae8b97dd030db482a84c4fcd8,usdc,92,6810.259748313434,1205.534465,24.76086956521739,0.017060961105801922,1.0236576663481154,24.56778399235477,3516.8007023705004,0.1244,1536,0.0173,0,-1
0x4a1aa58588ce45b5c6834604e1ebadcd7004795a,usdc,186,19215.743235254904,0.003707,0.5483870967741935,0.0003796976415564923,0.022781858493389536,0.546764603841349,158020.4705882353,0.08,69,0.04,0,-1
0x77134cbc06cb00b66f4c7e623d5fdbf6777635ec,usdc,37,112964.3784833325,28401.164744,42.5945945945946,0.02898838625185316,1.7393031751111896,41.74327620266855,2069.7944162436547,0.001,769,0.0325,0,-1
0xa700be3522492cabbcf65a682085ff14f3e13795,usdc,1,0.00112,0.0007,5.0,0.003422782037239869,0.2053669222343921,4.928806133625411,17529.6,0.8,3,0.4,0,-1
0xd94dd2c98113f364257616d0f4127d9de673612d,usdc,3,0.01731644150661012,0.000775,1336.3333333333333,0.7823660278677648,46.94196167206588,1126.6070801295812,76.69044649538539,0.0657,4008,0.0002,0,-1
0xcbe2e168d8cf575315b049ab371652316d9b668e,usdc,1,0.11273698966408273,59.865687,1548.0,1.6996047430830041,101.97628458498023,2447.430830039526,35.30232558139535,0.0005980861244019139,1547,0.00039872408293460925,0,-1
0xaaa0f13ac6c03879884ad61dbfd9e41d421bf789,usdc,522,4704.280018527473,990.0,0.3486590038314176,0.00024212327746582604,0.014527396647949562,0.34865751955078944,247807.64835164836,0.06018746916625555,153,0.00986679822397632,0,-1
0x30161d4b704bb94c24f703bc8f581db98e2ec1a2,usdc,17,0.04831532104259377,37.312471,92.52941176470588,0.0606975003279903,3.6418500196794183,87.40440047230604,988.5085823267641,0.2873402555910543,1572,0.00039936102236421724,0,-1
0x4ee4e2fffc735a6a9663576c3f79985a78fb67ae,usdc,69,35273.444444444445,23469.0,0.13043478260869565,8.939284380487728e-05,0.0053635706282926365,0.1287256950790233,671194.6666666666,0.0,5,0.15151515151515152,0,-1
0x8c3e09ec45f8ae9e21b481526b49378353c33412,usdc,284,6198.707419097561,368.000204,0.1443661971830986,9.999868294417585e-05,0.005999920976650552,0.14399810343961325,600007.9024390244,0.0023089840470193117,15,0.003778337531486146,0,-1
0x3fc91a3afd70395cd496c647d5a6cc9d4b2b7fad,usdc,17,136.08972034518712,19.041959,315.94117647058823,0.21099151477058453,12.659490886235073,303.8277812696417,284.37162539564326,0.0,3561,0.0022,0,-1
0x4936f72ef4ee2b6c442e54ca94ca4bb466a2de99,usdc,338,3182.489513428572,435.0,0.04142011834319527,2.869289908133535e-05,0.001721573944880121,0.0413177746771229,2091109.7142857143,0.0,6,0.01639344262295082,0,-1
0x8e06ba1922bec144704605b6467348d05b0df993,usdc,353,386.34000950000006,268.071004,0.0113314447592068,7.852868652918911e-06,0.00047117211917513467,0.011308130860203233,7640520.0,0.0,2,0.05555555555555555,0,-1
0x4e0518ac9dafdb5cef3ef6b02727ceb3b1e7f41c,usdc,464,1232.7267086666666,386.6,0.032327586206896554,2.2433864966079996e-05,0.0013460318979647997,0.0323047655511552,2674528.0,0.043478260869565216,7,0.13043478260869565,0,-1
0x9859438765dfadd67f924b3e047876d843d1432e,usdc,1,0.0012043333333333333,0.000913,6.0,0.0663716814159292,3.982300884955752,95.57522123893806,904.0,0.8333333333333334,2,0.3333333333333333,0,-1
0x1cdecd3c2d803ce3e32edb87874a45f08d546ae2,usdc,419,105039.69293382876,1.0,0.34844868735083534,0.0002416507993676032,0.01449904796205619,0.34797715108934857,248292.16438356164,0.07768924302788845,107,0.029880478087649404,0,-1
0x72b0037301f3f5f5e6898dbe99f40547d21b6e83,usdc,12,0.048,0.198451,0.8333333333333334,0.0005471297572932397,0.03282778543759438,0.787866850502265,109663.2,0.0,4,0.7,0,-1
0xfbf83ac984a64fa234db2edb2b77a2530b689bd7,usdc,660,1741.5626762499999,487.752115,0.03636363636363636,2.5250043819346877e-05,0.0015150026291608125,0.03636006309985951,2376233.5,0.02857142857142857,8,0.17142857142857143,0,-1
0x3b8eeb83084ade0bad9e5a6c425f7368ac178137,usdc,73,625.5333893333334,947.7,0.2465753424657534,0.000171027552538714,0.01026165315232284,0.24627967565574813,350820.6666666667,0.038461538461538464,8,0.2692307692307692,0,-1
0xdd6c3e79cad00c353e90ef4a567e0dc2ed967795,usdc,1,0.001,0.001,3.0,0.09615384615384616,5.769230769230769,138.46153846153845,624.0,0.0,1,1.0,0,-1
0x49d698c0a9c7636ee9cd247dd4843b25ed689eb0,usdc,284,56412185117670.06,132337.05,18.725352112676056,0.012998319848615282,0.7798991909169168,18.717580582006004,4615.981195938322,0.22085445329471398,3814,0.06285300506879073,0,-1
0x591217cedeff332e2e72de9195a3646320d568eb,usdc,963,479304.89187657065,0.0,0.8151609553478713,0.000565909986141333,0.03395459916847998,0.8149103800435196,106023.92866242038,0.2736625514403292,358,0.037037037037037035,0,-1
0x93fe67b96bb90960b5c6968f68358e959c9689c8,usdc,1,7830.0,7830.0,8.0,1.081081081081081,64.86486486486487,1556.7567567567567,55.5,0.0,0,0.007575757575757576,0,-1
0xa8bd71dc7d3ea3d02818d2f5d33578af81c939a6,usdc,446,130.01557400000002,69.138596,0.011210762331838564,7.784793433620155e-06,0.00046708760601720943,0.011210102544413025,7707333.6,0.0,2,0.043478260869565216,0,-1
0x0cda702253208a540925bb16982a4f529fbb555b,usdc,1,0.00076,0.0,5.0,0.03302509907529722,1.9815059445178336,47.556142668428,1816.8,1.0,2,0.6,1,2
0xe5e8d2bc165a73e65db937985885cf042863ecf0,usdc,47,16856.27260816364,0.006498,1.1702127659574468,0.0008097881299783566,0.048587287798701397,1.1660949071688334,74093.45454545454,0.014012738853503185,26,0.02802547770700637,0,-1
0xee5067808512eb84787dc6e351c32642ddf3a027,usdc,8,0.0007,0.0007,1.0,0.0006216972334473111,0.03730183400683867,0.895244016164128,96510.0,1.0,4,0.5,0,-1
0xeeb0534a4eaf7d78b7ae5b369cc7609dc8acd972,usdc,168,19653.408747600002,48849.73366,0.02976190476190476,2.0640652839080517e-05,0.001238439170344831,0.029722540088275944,2906884.8,0.0,2,0.016853932584269662,0,-1
0x85c75d2c68ba5315c1d60d10a6d02ddbb40c6d14,usdc,33,4170.070109098446,1479.0,5.848484848484849,0.003973024603932677,0.23838147623596062,5.721155429663055,15101.844559585492,0.24471299093655588,107,0.19939577039274925,0,-1
0x3643cafa6ef3dd7fcc2adad1cabf708075afff6e,usdc,109,383509.3303488696,17489.748592,0.42201834862385323,0.0002919989741949081,0.017519938451694483,0.42047852284066756,205480.1739130435,0.0,23,0.005813953488372093,0,-1
0xcd2c1e27cb06317bd72034ebe670c35ad6f898c7,usdc,1480,20520.4104227767,278.555354,0.06959459459459459,4.8328338414482034e-05,0.002899700304868922,0.06959280731685413,1241507.6116504855,0.007594936708860759,38,0.03417721518987342,0,-1
0xad7c930a6f05aa70a35283fe0ce9eaf2ac0104ec,usdc,1,240.471437,488.267229,5.0,0.003395355154149124,0.20372130924894744,4.889311421974739,17671.2,0.0,0,0.043478260869565216,0,-1
0xaa9315ff1e4c385c4c69cef86b029ea53b9eeedf,usdc,777,228924.8547257819,218327.640158,0.21235521235521235,0.00014735300421518896,0.008841180252911338,0.21218832606987212,407185.45454545453,0.07024793388429752,118,0.01652892561983471,0,-1
0x17c653ce447076b25f502a9ab06bb7ddd66a9be5,usdc,38,307549.22999646154,0.0001,0.34210526315789475,0.0002329607156553185,0.01397764293931911,0.3354634305436586,257554.15384615384,0.027210884353741496,9,0.027210884353741496,0,-1
0x6081564ec33c98b00a6526dcd8f38e62f92c1d68,usdc,3,21713.25,60000.0,2.6666666666666665,0.001813647698934482,0.10881886193606892,2.611652686465654,33082.5,0.0,0,0.14285714285714285,0,-1
0x189555b1709ca0649289e601a9b90c1f342e4e8b,usdc,1510,226937.73636761267,0.000501,0.07350993377483443,5.101487623664637e-05,0.0030608925741987822,0.07346142178077077,1176127.5225225226,0.3037037037037037,42,0.11851851851851852,0,-1
0x70d7b1355518acef2f8191aa9bd708ff881ca2fe,usdc,147,285.71459831884056,100.052027,0.46938775510204084,0.00032519191035637265,0.019511514621382356,0.4682763509131766,184506.4347826087,0.04040404040404041,42,0.1111111111111111,0,-1
0x064b235efa2ebf849e28ba527c116f0e12e0960e,usdc,259,0.001758144927536232,0.0,0.26640926640926643,0.00018435287598501877,0.011061172559101128,0.26546814141842706,325462.7826086957,0.11764705882352941,17,0.007058823529411765,0,-1
0xb808a84f6388886a2581bb0eb576b8d7822ebd41,usdc,112,776.4015988620689,506.397761,0.7767857142857143,0.0005349474398768268,0.03209684639260961,0.7703243134226306,112160.55172413793,0.015873015873015872,39,0.08571428571428572,0,-1
0x42de4d0a389995f79f013d43891e9ef178958499,usdc,69,3382.0886986216215,100.0,12.869565217391305,0.008849927944843421,0.5309956766906053,12.743896240574527,6779.716216216216,0.0,0,0.11839323467230443,0,-1
0x4d615eb54b798f06cbf3d389cf30cc1b21d93b0f,usdc,10,0.0014500000000000001,0.0004,0.4,0.0002744576031617516,0.016467456189705094,0.3952189485529223,218613.0,0.10526315789473684,2,0.10526315789473684,0,-1
0x064b994c483499c7a79194c06d1642621eed960e,usdc,281,1387.0113460780142,2050.007,0.501779359430605,0.0003480936564498298,0.020885619386989792,0.501254865287755,172367.40425531915,0.029,80,0.01,0,-1
0x34f86b67385d78b14e61cf58c7666a8826d60fb5,usdc,67,25376.89652252465,50000.0,12.716417910447761,0.008820533207444033,0.529231992446642,12.701567818719408,6802.30985915493,0.25257452574525746,351,0.07750677506775068,0,-1
0xa4925e7274a6ff21b5983ca1e25cad6d90df569e,usdc,1278,1347.0404046190476,3000.327843,0.01643192488262911,1.1409425946142946e-05,0.0006845655567685767,0.016429573362445844,5258809.714285715,0.008403361344537815,9,0.1092436974789916,0,-1
0x3edd3747fcc1e65ebb05e980ef56e7eaec11bf96,usdc,1127,17237.51519433803,0.007217,0.06299911268855368,4.372218945452813e-05,0.0026233313672716875,0.0629599528145205,1372300.9014084507,0.01744186046511628,45,0.023255813953488372,0,-1
0x9d0399c3f16f79a660e0fc58f5e98166c0f33e55,usdc,670,3012.160133855263,0.000137,0.11343283582089553,7.870023659776393e-05,0.004722014195865836,0.11332834070078004,762386.5263157894,0.024566473988439308,50,0.036127167630057806,0,-1
0xfefffc3c623cd63bae29fe0cf33fc9ea98d65453,usdc,40,1105.5906820652176,0.0,1.15,0.000793560429626716,0.04761362577760296,1.1427270186624712,75608.60869565218,0.07346938775510205,25,0.05714285714285714,0,-1
0xd63869ac111af89ccee3c282cd4aafae6ab03efa,usdc,1359,10498687675357.943,10728.352875,0.2803532008830022,0.00019456404402335768,0.011673842641401462,0.28017222339363507,308381.74803149607,0.13434343434343435,231,0.09191919191919191,0,-1
0xf4cefc2b53d0e22a3eaa2783ee4e6c7ac2124b3d,usdc,1,0.0006666666666666666,0.001,3.0,0.0019674711437565585,0.11804826862539348,2.8331584470094437,30496.0,0.0002808199943836001,1,0.0008424599831508003,0,-1
0x7b3579157fea0de50ad239d8e6e852aab5b50a77,usdc,86,0.00016471428571428572,0.0,0.8953488372093024,0.0006161281546561685,0.03696768927937011,0.8872245427048827,97382.33766233767,0.1444866920152091,10,0.02091254752851711,0,-1
0x37397df454bb843593317dbc292955e560e49114,usdc,201,365862.2224258868,351338.77,0.263681592039801,0.00018305491716592306,0.010983295029955382,0.2635990807189292,327770.4905660377,0.04830917874396135,38,0.05314009661835749,0,-1
0x67944f5cdde6b9f448c29bdc1f82022a642658e1,usdc,115,31457.375795358083,0.00061,15.226086956521739,0.010539126582674663,0.6323475949604798,15.176342279051514,5693.071387778412,0.23285024154589373,916,0.28405797101449276,0,-1
0xce1570f673c66072ef7f021962a9a86067940253,usdc,1,0.139729712962963,70.259076,1296.0,2.6810095159288374,160.86057095573025,3860.653702937526,22.37962962962963,0.0005543237250554324,1295,0.0005543237250554324,0,-1
0xd8351722531028730b6e9c6962089230e66b50c3,usdc,941,3064.806113157895,3000.001,0.12114771519659936,8.40794276226586e-05,0.005044765657359516,0.12107437577662838,713610.947368421,0.03937007874015748,55,0.07086614173228346,0,-1
0x7c195d981abfdc3ddecd2ca0fed0958430488e34,usdc,1090,1961.6490079999999,0.0001,0.007339449541284404,5.095978941376623e-06,0.0003057587364825974,0.007338209675582337,11773989.0,0.0001,0,0.0008,0,-1
0x3596fdb3abc67d4a188b5d2d716836a1bc86ea77,usdc,807,8920.058258032468,1e-05,0.9541511771995044,0.0006618088180438306,0.03970852908262984,0.9530046979831162,90660.62337662338,0.3756003842459174,319,0.08357348703170028,0,-1
0xb8b1e6fccc651f2a5d323e65f1c7a7af16eac1bf,usdc,1141,3908.0187053960003,0.002,0.21910604732690622,0.00015212916325795921,0.009127749795477553,0.21906599509146127,394401.696,0.09342560553633218,154,0.07612456747404844,0,-1
0xabb6bfd2e0370ae4b496e3578f16cf7ccf9e9ced,usdc,6,54.71081083132531,99.676727,13.833333333333334,0.00898404520165393,0.5390427120992358,12.93702509038166,6678.506024096386,0.125,24,0.14583333333333334,0,-1
0x74aa5387681505c806ff1e972b12cdfd01406828,usdc,18,48102.833746299555,88.558271,172.11111111111111,0.11414969896609407,6.848981937965645,164.37556651117546,525.6255648805682,0.0039,653,0.1729,0,-1
0xeccd3358f0f89ea9f2e1187e06ffe75d1a239752,usdc,1741,1462.1133873194444,1097.273275,0.08271108558299828,5.742934258271891e-05,0.0034457605549631344,0.08269825331911523,1044762.0902777778,0.01418918918918919,128,0.010135135135135136,0,-1
0xc430989b164eb0ae221edc13e10125e87fe23c40,usdc,2,0.06337752253412308,15.869091,1941.5,0.9812989638615113,58.87793783169067,1413.0705079605762,61.14344578933814,0.0004,3878,0.0005,0,-1
0x74de5d4fcbf63e00296fd95d33236b9794016631,usdc,1,1237.5685763808124,40000.0,2043.0,2.181294042280589,130.87764253683537,3141.063420884049,27.506607929515418,0.0,1186,0.0343,0,-1
0x59064b6d5e75891c989f33c559ed9a1a47bd3e3f,usdc,1,3250.0,3250.0,3.0,1.25,75.0,1799.9999999999998,48.0,0.0,1,1.0,0,-1
