wallet,token,wallet_age_days,avg_tx,recent_tx,tx_frequency,tx_per_min,tx_per_hour,tx_per_day,avg_time_between_tx_sec,is_high_freq,is_low_value,is_new_wallet,risk_score_rule,dust_tx_ratio,similarity_hits,new_sender_ratio,is_poisoned_pattern,label
0x8d339df2eddd662cc27c830fbef7ab21194f7ef4,usdc,910,2.0363252143839365,2.0864910636659326,0.0197802197802197,1.3735545198700112e-05,0.000824132711922,0.0197791850861281,4368228.5,False,False,False,0.0,0,0,0,0,0
0x80c94420b4e5ac777487bab63a03a65df21b580e,usdc,134,2.0391431133739704,2.067970345786057,0.3955223880597014,0.0002744052395868,0.0164643143752103,0.395143545005048,218654.71698113208,False,False,False,0.0,0,0,0,0,0
0x31476892e6a83d45ef687de8a28b5a5e4399be6e,usdc,578,2.444655552243374,2.3623125085861547,0.0138408304498269,9.60149245598736e-06,0.0005760895473592,0.0138261491366217,6249028.5,False,False,False,0.0,0,0,0,0,0
0x0d0bd6469be80d57893cf1b21434936dfaa35319,usdc,2022,2.37002255789818,0.00011598654582072791,0.0736894164193867,5.115206757858711e-05,0.0030691240547152,0.0736589773131654,1172973.1140939598,False,False,False,0.0,0,0,0,0,0
0x1570909b5592da6229c91175954ae44e2361eb4d,usdc,661,2.082644330955625,1.9064924840231678,0.0075642965204236,5.2517720529260985e-06,0.0003151063231755,0.0075625517562135,11424715.2,False,False,False,0.0,0,0,0,0,0
0x62f730fda82f9cc41333654fe30a43ad527e1901,usdc,312,2.1937900416906553,2.0680965906034654,0.2147435897435897,0.0001491041953469,0.0089462517208181,0.2147100412996367,402403.1641791045,False,False,False,0.0,0,0,0,0,0
0x9f6e465b94fc2ccb507d39af953e8a503afb2ddd,usdc,1782,2.4650697142981417,2.495826876086092,0.1728395061728395,0.0001199662684455,0.0071979761067311,0.1727514265615484,500140.5876623376,False,False,False,0.0,0,0,0,0,0
0x38127761d53c329eb14c4d2daffc47058c9adbf8,usdc,333,2.613667371526175,0.0013980431957411586,0.039039039039039,2.708434899642069e-05,0.0016250609397852,0.0390014625548458,2215301.5384615385,False,False,False,0.0,0,0,0,0,0
0xe9e5d12d22fdff2af1b9de153e70c0a9f30d37ce,usdc,548,2.084672759100093,2.0680597084713526,0.0492700729927007,3.4169490289916736e-05,0.002050169417395,0.0492040660174801,1755952.4444444445,False,False,False,0.0,0,0,0,0,0
0xcf495e2cc0b1a59ea07d71e322eced8c71bafa99,usdc,888,2.343626917434251,2.213460951440463,0.1407657657657657,9.771527740709306e-05,0.0058629166444255,0.140709999466214,614028.856,False,False,False,0.0,0,0,0,0,0
0xe3c5f195efb34d723543d8bd5bf85a910a22852e,usdc,1737,2.438160260188438,1.9805803156841477,0.3822682786413356,0.0002654570920593,0.0159274255235608,0.3822582125654594,226025.22891566265,False,False,False,0.0,0,0,0,0,0
0x0aba71d040052f0bc9108f0ade56768031c762c4,usdc,662,2.4662537868413734,2.5593342607480056,0.0241691842900302,1.6778347835739068e-05,0.0010067008701443,0.0241608208834642,3576037.4375,False,False,False,0.0,0,0,0,0,0
0x1db653be65dfa0a399dcb2498fc0b9661c1f5a07,usdc,1366,2.213711155763491,1.4935150173667926,0.0168374816983894,1.1690127948704532e-05,0.0007014076769222,0.0168337842461345,5132535.782608695,False,False,False,0.0,0,0,0,0,0
0xd16f88bfce037ad4184e61fd8c38f9b281bcb9d9,usdc,393,2.499701912165345,0.0004158270279461802,1.0534351145038168,0.0007306499537255,0.0438389972235301,1.0521359333647242,82118.66666666667,False,False,False,0.0,0,0,0,0,0
0xc2e4a11e2816125386505637d7d025b02a9bc69c,usdc,379,2.4525903940577516,2.469052277849878,0.1134564643799472,7.859034508472222e-05,0.0047154207050833,0.1131700969219999,763452.5581395349,False,False,False,0.0,0,0,0,0,0
0x2245be89fc8fab94ed982e859aa3212a4e4eb7e5,usdc,1801,2.1180872364272485,0.8577951839250944,0.0616324264297612,4.2788100649768153e-05,0.002567286038986,0.0616148649356661,1402259.018018018,False,False,False,0.0,0,0,0,0,0
0x86a41524cb61edd8b115a72ad9735f8068996688,usdc,1700,2.3670546902482905,2.4121952079456497,0.0888235294117647,6.166747043112859e-05,0.0037000482258677,0.0888011574208251,972960.2913907284,False,False,False,0.0,0,0,0,0,0
0x5b4a07168d693394ee82f4a199f6fecd63017808,usdc,943,2.176494551591094,2.2547800710189554,0.0127253446447507,8.835068379195783e-06,0.0005301041027517,0.0127224984660419,6791118.916666667,False,False,False,0.0,0,0,0,0,0
0xe20c913478eb123762e486d8e42ecb7daa8f8518,usdc,187,1.8770315025400433,1.9763851605047633,0.1229946524064171,8.509246591306806e-05,0.005105547954784,0.122533150914818,705115.304347826,False,False,False,0.0,0,0,0,0,0
0x67a91d0e355545e4342a6c233f47712218ea7fec,usdc,1723,2.1331734635113477,2.202216577236065,0.0452698781195589,3.1436082464421205e-05,0.0018861649478652,0.0452679587487665,1908634.7692307688,False,False,False,0.0,0,0,0,0,0
0x28ec4b9785c3d7e4db5017d3cd09224136f7ff34,usdc,1274,2.1750754015900577,1.9450467851382398,0.053375196232339,3.704240711003584e-05,0.0022225444266021,0.0533410662384516,1619765.1470588236,False,False,False,0.0,0,0,0,0,0
0xfefe1dde0d979b35e8f3db660630e5420ed422c0,usdc,1055,2.4531161393021983,2.2294012669472845,0.4009478672985782,0.0002782762921756,0.016696577530538,0.4007178607329126,215613.04964539007,False,False,False,0.0,0,0,0,0,0
0xcad0026742127be48e44c621d89d6b1641fcdfdc,usdc,1307,2.0229909388339213,2.0218796785726947,0.0076511094108645,5.310064301161642e-06,0.0003186038580696,0.0076464925936727,11299298.2,False,False,False,0.0,0,0,0,0,0
0x67e3ea119e141406c37e2ca783b749fe1437673f,usdc,171,2.6216483956288528,2.0744981286837874,0.0701754385964912,4.848433262460912e-05,0.0029090599574765,0.0698174389794371,1237513.1666666667,False,False,False,0.0,0,0,0,0,0
0x1713b61e2f87c62f072804498958e32bfdeffd68,usdc,1384,1.9324626265045146,0.0,0.0043352601156069,3.010102405356109e-06,0.0001806061443213,0.0043345474637127,19932876.666666668,False,False,False,0.0,0,0,0,0,0
0xac18141a09f22767040e5287b045b213c735d2e0,usdc,2385,2.3253332883069153,9.999000116652086e-05,0.0020964360587002,1.4553515393638902e-06,8.73210923618334e-05,0.002095706216684,41227152.6,False,False,False,0.0,0,0,0,0,0
0x84db79d036ae41b22adf9fd555670b8fbfc92be7,usdc,272,2.1675418504555526,2.294717356685305,0.025735294117647,1.780733229626822e-05,0.001068439937776,0.0256425585066262,3369398.571428572,False,False,False,0.0,0,0,0,0,0
0x902703908aed47058ee9e360884ae88315d4875d,usdc,458,1.6067562995555236,1.6829904901086512,0.0109170305676855,7.564836702409006e-06,0.0004538902021445,0.0108933648514689,7931433.6,False,False,False,0.0,0,0,0,0,0
0x1cbad69d9cc22962a0a885921518c06ed2f04ffd,usdc,1100,2.481974475106924,9.999000116652086e-05,0.0118181818181818,8.202923673435803e-06,0.0004921754204061,0.0118122100897475,7314465.230769231,False,False,False,0.0,0,0,0,0,0
0xd0f0c626958dcba2984641021948229bdf8a41a5,usdc,445,1.8965823649253601,1.863290574897492,0.0134831460674157,9.363067940293589e-06,0.0005617840764176,0.0134828178340227,6408156.0,False,False,False,0.0,0,0,0,0,0
0xa2e501f3cec36497131f1530bdaa9cd5147bbf20,usdc,339,2.6461809073039695,2.6885367526373236,0.0265486725663716,1.842294475419442e-05,0.0011053766852516,0.0265290404460399,3256808.333333333,False,False,False,0.0,0,0,0,0,0
0xfce06a9a39f7f5a392409ab0464ec240f0015940,usdc,536,2.2563401594625607,2.379274886589556,0.0223880597014925,1.5525551564626273e-05,0.0009315330938775,0.0223567942530618,3864597.0,False,False,False,0.0,0,0,0,0,0
0xc94782f82a18175f3402c0bed1aaf59cf1d15bb7,usdc,364,2.3408107616514466,2.3643075327360754,0.0824175824175824,5.7131953101522346e-05,0.0034279171860913,0.0822700124661921,1050200.4,False,False,False,0.0,0,0,0,0,0
0xf9bed7496e733238d22445725357e39e783c4adb,usdc,144,2.1504787408820554,0.0019501905668261512,2.333333333333333,0.0016117504281212,0.0967050256872724,2.320920616494539,37226.607142857145,False,False,False,0.0,0,0,0,0,0
0x6b54dbdab957e4dcf952fcd8d0ae7bbf35a6941a,usdc,339,2.1282305214679784,1.9135942284483136,0.103244837758112,7.154140731487043e-05,0.0042924844388922,0.1030196265334134,838675.1428571428,False,False,False,0.0,0,0,0,0,0
0xa03d3cd7c02417893e144161a71654eedc578000,usdc,892,2.710554119289026,2.6621883728441755,0.4439461883408072,0.0003082950600673,0.0184977036040393,0.4439448864969436,194618.7525252525,False,False,False,0.0,0,0,0,0,0
0xf2cba1e6b3074ce12275569e1e47bd22bfa04248,usdc,435,2.0841430598202417,2.1519252521271723,0.6804597701149425,0.0004718555688362,0.0283113341301741,0.6794720191241786,127157.55405405404,False,False,False,0.0,0,0,0,0,0
0x9d49ad9a9bc046c8cb69ba25f27a7fdcd3307ca6,usdc,251,2.276690331009625,1.2457307424372208,0.0836653386454183,5.788297165663821e-05,0.0034729782993982,0.083351479185559,1036574.2857142856,False,False,False,0.0,0,0,0,0,0
0xd4386a878b76715537b2f030f11a4ac933906daf,usdc,963,1.8917069502095518,1.725471128670971,0.0425752855659397,2.9564030064743786e-05,0.0017738418038846,0.042572203293231,2029493.268292683,False,False,False,0.0,0,0,0,0,0
0xa4f4559c35f64dafaf3a5f59f93768da8d02f1d5,usdc,1587,2.289380420010498,2.067970345786057,0.0308758664146187,2.143996070448998e-05,0.0012863976422693,0.0308735434144655,2798512.5918367347,False,False,False,0.0,0,0,0,0,0
0xdb437d86ea7f65cfb7088ef2a020f722f42ba4b7,usdc,1123,1.978400825115339,2.0039586738584223,0.0204808548530721,1.4213286116384876e-05,0.000852797166983,0.0204671320075942,4221402.391304348,False,False,False,0.0,0,0,0,0,0
0xf3c2a4951b732833ec4df2b170dbd39f4759deca,usdc,534,1.7332296235787705,1.4035402910054664,0.0599250936329588,4.1571766119322406e-05,0.0024943059671593,0.0598633432118242,1443287.25,False,False,False,0.0,0,0,0,0,0
0x2a670d589d907b5b71ee581526b2400ab6d3346d,usdc,769,2.181613561753247,1.3278987570388978,0.1898569570871261,0.0001317696428374,0.0079061785702488,0.189748285685972,455340.0821917809,False,False,False,0.0,0,0,0,0,0
0x287b4abd84836026f021fa706f6739a500c22442,usdc,293,2.3335974215013215,1.9703671582317128,0.0614334470989761,4.253378482158259e-05,0.0025520270892949,0.0612486501430789,1410643.3333333333,False,False,False,0.0,0,0,0,0,0
0x3e32038c85e209a5270a0c828610a403bcab791a,usdc,176,1.8595570085143722,0.00581502095390692,1.0,0.0006932135964394,0.0415928157863641,0.9982275788727402,86553.40909090909,False,False,False,0.0,0,0,0,0,0
0x4929604ee9c5c9004f7d7efe37a640e3ceeddea3,usdc,1110,2.257302536415905,1.945047123513961,0.0045045045045045,3.1256802261592177e-06,0.0001875408135695,0.0045009795256692,19195821.6,False,False,False,0.0,0,0,0,0,0
0xa686e1e9a96cf82640134bdc930d05138bf0eb5b,usdc,326,2.25672983886709,1.9763847732858002,0.3711656441717791,0.0002572936366818,0.0154376182009093,0.370502836821824,233196.59504132232,False,False,False,0.0,0,0,0,0,0
0xd3e4f7f83d1a276de8163cfc8428405e1832a9b9,usdc,219,2.2832409128096707,2.0726769245868937,0.045662100456621,3.1571946704659646e-05,0.0018943168022795,0.0454636032547098,1900421.3,False,False,False,0.0,0,0,0,0,0
0xcba29a631803a2d3ae0cdcace33184861236a265,usdc,131,2.265813621465922,2.1541237804931472,0.3587786259541984,0.0002485691408286,0.0149141484497218,0.3579395627933248,241381.53191489365,False,False,False,0.0,0,0,0,0,0
0xe8d9d25efeeded8c0c04a006d58e1c98187289de,usdc,633,2.3808405402983412,2.30129143786785,0.0489731437598736,3.396069323634452e-05,0.0020376415941806,0.0489033982603361,1766748.3870967743,False,False,False,0.0,0,0,0,0,0
0x74a7245d7a41174c9d90bc6f42b416d01c782f91,usdc,626,2.019333197900057,2.1362682393322525,0.0351437699680511,2.4366682239191773e-05,0.0014620009343515,0.0350880224244361,2462378.727272727,False,False,False,0.0,0,0,0,0,0
0x13897ecaaec25748d5f4f6f9b3e4b99fe7f44c74,usdc,569,1.9588215625032985,0.0,0.0808435852372583,5.605692654007875e-05,0.0033634155924047,0.0807219742177133,1070340.5217391304,False,False,False,0.0,0,0,0,0,0
0x6a0aeb7ffb72657387097aa2c3eecb28b898cf8e,usdc,171,2.253986013801849,2.3235581217440644,0.0350877192982456,2.4246029308600222e-05,0.001454761758516,0.0349142822043843,2474632.0,False,False,False,0.0,0,0,0,0,0
0xd7e1236c08731c3632519dcd1a581bfe6876a3b2,usdc,253,2.437647780252634,0.4223093226182022,0.5652173913043478,0.0003920407503056,0.0235224450183409,0.5645386804401823,153045.3146853147,False,False,False,0.0,0,0,0,0,0
0xcd410999af25c4f1ddae2ddf920e41fbf9653699,usdc,380,2.2798134970736235,2.334255857984326,0.0184210526315789,1.2759361361154086e-05,0.0007655616816692,0.0183734803600618,4702429.714285715,False,False,False,0.0,0,0,0,0,0
0x899acbd2956cb05c8753d4aec05d68c9cee08a20,usdc,853,2.304045545245356,0.001306291742517098,0.246189917936694,0.0001707799700142,0.0102467982008574,0.2459231568205779,351329.2571428571,False,False,False,0.0,0,0,0,0,0
0x613b1cdc8cddc059da8ced5f6f91454aa879e47c,usdc,193,1.9749077577282927,1.6162432514075056,0.2746113989637305,0.0001905909902964,0.011435459417784,0.2744510260268179,314810.2641509434,False,False,False,0.0,0,0,0,0,0
0x9b80b159d43a9dfd0c0275df01b2c27029e0f022,usdc,379,2.2335862830645827,2.200052980828907,0.158311345646438,0.0001096593432501,0.0065795605950115,0.1579094542802783,547149.0,False,False,False,0.0,0,0,0,0,0
0x64333bd18b4847ed9f846fca8088d90a6495d1ea,usdc,722,0.905919208142377,0.7472738416976866,0.077562326869806,5.38002580875238e-05,0.0032280154852514,0.0774723716460342,1115236.2857142857,False,False,False,0.0,0,0,0,0,0
0x52d85d23f1aa2d26e8fa46d381bd2b6b0da2ae00,usdc,189,2.0032875020076797,1.723188438930447,0.0899470899470899,6.23510909240285e-05,0.0037410654554417,0.089785570930601,962292.7058823528,False,False,False,0.0,0,0,0,0,0
0xff2e210f0a6105b86acfbdae67e07bd85f958bf8,usdc,162,2.145878514756634,9.999000116652086e-05,0.4259259259259259,0.000294724684431,0.0176834810658611,0.4244035455806674,203579.8260869565,False,False,False,0.0,0,0,0,0,0
0xeb94e37eb44a9b0f154fa72497a249e79d03f6eb,usdc,870,2.5773057668166843,0.0,0.0528735632183908,3.6711715666166006e-05,0.0022027029399699,0.052864870559279,1634355.652173913,False,False,False,0.0,0,0,0,0,0
0xda7fc7825eba671c937d4ec6517f66248caa8ef2,usdc,2005,2.2788707330170217,2.050164921120486,0.171571072319202,0.0001191432354523,0.0071485941271389,0.1715662590513358,503595.5232558139,False,False,False,0.0,0,0,0,0,0
0xb80f02061556cfc283547f371bb52ca9dfacfc1a,usdc,254,2.3548857025709515,1.8410661913200013,0.1653543307086614,0.0001147490820073,0.0068849449204406,0.1652386780905752,522880.0,False,False,False,0.0,0,0,0,0,0
0x15d0c2aa136e99c88568ae3aa3a3efd50f75cc2c,usdc,1202,2.235040887228909,1.349166747473311,0.0632279534109817,4.387766982630794e-05,0.0026326601895784,0.0631838445498834,1367438.1578947369,False,False,False,0.0,0,0,0,0,0
0xa52899a1a8195c3eef30e0b08658705250e154ae,usdc,1824,2.4616794112933102,0.0007354587687087134,0.1529605263157894,0.0001062045349108,0.006372272094648,0.1529345302715534,564947.6272401434,False,False,False,0.0,0,0,0,0,0
0x7c4b5f2a784cdfdc06f1a3ed7132340a5549e7a2,usdc,378,2.182933052183172,2.1960111179210906,0.0634920634920634,4.405008200656933e-05,0.0026430049203941,0.0634321180894598,1362086.0,False,False,False,0.0,0,0,0,0,0
0xad1f457945dc669921c81cd0932e9721779906df,usdc,461,2.308093059611751,2.4437731946034664,0.0303687635574837,2.107956270146039e-05,0.0012647737620876,0.0303545702901029,2846358.8571428573,False,False,False,0.0,0,0,0,0,0
0xddf169bf228e6d6e701180e2e6f290739663a784,usdc,1193,2.511603486121444,0.0006296033914919202,0.3336127409891031,0.000231668070645,0.0139000842387014,0.3336020217288352,258991.23618090453,False,False,False,0.0,0,0,0,0,0
0xc15275aa663819654230a77eb38daf16aec40eae,usdc,1247,2.394830282337296,0.0,0.1034482758620689,7.17943955439686e-05,0.0043076637326381,0.1033839295833148,835719.8294573644,False,False,False,0.0,0,0,0,0,0
0x73fb1d96a144efdb278e123a17c79d63cd67d11f,usdc,312,2.296776744171733,1.9763847732858002,0.4583333333333333,0.0003181221980775,0.0190873318846537,0.4580959652316908,188606.7692307692,False,False,False,0.0,0,0,0,0,0
0x51b3a21c89292e3b1e4be7659be7c435035a972f,usdc,733,2.045286790724152,2.067970345786057,0.0109140518417462,7.568977391890285e-06,0.0004541386435134,0.010899327444322,7927094.625,False,False,False,0.0,0,0,0,0,0
0xfaf2037cdbb5d7bb70dc8e368c32bd82ae4c1a11,usdc,2108,2.5042791372524182,2.6489973256886428,0.0066413662239089,4.611380341001585e-06,0.00027668282046,0.0066403876910422,13011288.5,False,False,False,0.0,0,0,0,0,0
0xe2588450dfa9a7b862984c215af88853b15a60a5,usdc,765,2.189562315720929,2.1285172819308813,0.0143790849673202,9.973834099595803e-06,0.0005984300459757,0.0143623211034179,6015740.727272728,False,False,False,0.0,0,0,0,0,0
0x06ee54b3e0974a10a0beeaa764b9d4f278c694d9,usdc,353,2.331079093683592,2.407755604773107,0.1189801699716713,8.2413752291274e-05,0.0049448251374764,0.1186758032994345,728033.8333333334,False,False,False,0.0,0,0,0,0,0
0x62b67855f7e0adfd3f75978ba14f861a9cb90394,usdc,352,2.0439335461164005,2.0318251563505374,0.0198863636363636,1.380320494643765e-05,0.0008281922967862,0.0198766151228702,4346816.571428572,False,False,False,0.0,0,0,0,0,0
0xa30eceaaebe2d2747361640d9ebc7ba7ae24b19d,usdc,913,2.4522936218442832,2.570838452161569,0.0262869660460021,1.823747286985937e-05,0.0010942483721915,0.0262619609325974,3289929.5,False,False,False,0.0,0,0,0,0,0
0xe939747ece0fcc9c7a8355379ac6e0bf8feb52f0,usdc,439,2.238846304616785,2.214933939131339,0.1389521640091116,9.645439952234516e-05,0.0057872639713407,0.138894335312177,622055.606557377,False,False,False,0.0,0,0,0,0,0
0x0082ce7f8a3e3c69e7c5cd801760d40d55ce119c,usdc,1106,2.7595694494464826,0.0,0.162748643761302,0.0001129595618574,0.0067775737114483,0.1626617690747595,531163.5333333333,False,False,False,0.0,0,0,0,0,0
0x5d5870f4b60d8b15670ada9f72b2794824128782,usdc,126,2.0949751808478587,1.2480062211794283,0.4126984126984127,0.0002856769279621,0.01714061567773,0.4113747762655213,210027.4615384616,False,False,False,0.0,0,0,0,0,0
0x1fecb2e6ed1e930879d86d4734489442f2f80952,usdc,2064,2.197652904226754,1.223156202527103,0.1962209302325581,0.0001362346178992,0.0081740770739557,0.196177849774939,440416.6938271605,False,False,False,0.0,0,0,0,0,0
0x5e2ae959ff26bed0d30618483d4f6f7a65efa16d,usdc,206,1.88494386693688,1.6853704905634923,0.2281553398058252,0.000158108298129,0.0094864978877404,0.22767594930577,379486.72340425535,False,False,False,0.0,0,0,0,0,0
0x689a55a7a142b3e5dc4560223b0fae28762114db,usdc,189,2.2152232674264627,2.2358873506261356,0.0423280423280423,2.9378021384139355e-05,0.0017626812830483,0.0423043507931606,2042343.125,False,False,False,0.0,0,0,0,0,0
0x0a2f0ed3cd7bdcbe88be902c4a48ddc2093fdc0f,usdc,208,1.516147330851988,1.646960612465695,0.0336538461538461,2.334620487428736e-05,0.0014007722924572,0.0336185350189737,2570010.8571428573,False,False,False,0.0,0,0,0,0,0
0x89bbad3738c5efd5d1edc28869fcc605ee35c81b,usdc,930,2.1695870268944475,2.2779838465637527,0.0268817204301075,1.865135206635345e-05,0.0011190811239812,0.0268579469755489,3216924.96,False,False,False,0.0,0,0,0,0,0
0x7ee1232b12dd68b2172147e3a28c10842fdbc3ef,usdc,1113,2.2153096274964925,2.0735760140097956,0.0826594788858939,5.736089147304785e-05,0.0034416534883828,0.0825996837211889,1046008.8478260868,False,False,False,0.0,0,0,0,0,0
0x8c42a956f99a621277cb36ea6facb4b9586ef842,usdc,1083,2.3178779721654528,0.0,0.1209602954755309,8.394151416650819e-05,0.0050364908499904,0.1208757803997717,714783.3893129771,False,False,False,0.0,0,0,0,0,0
0xe89d18eb29a363bfc60fdc01a7f9441debeb3f29,usdc,1615,2.1181902055934962,2.028226226030826,0.0173374613003096,1.2035622778393287e-05,0.0007221373667035,0.0173312968008863,4985201.107142857,False,False,False,0.0,0,0,0,0,0
0xc8fe308d69ba02750da3847e1bd389808b3c3c69,usdc,206,1.9827037313958857,1.011717177367536,0.0970873786407767,6.710387075257662e-05,0.0040262322451545,0.0966295738837103,894136.2,False,False,False,0.0,0,0,0,0,0
0xa6c88571d0028f47adba983a7240bf12af94633e,usdc,1776,2.147218393882372,0.000499750145742199,0.0067567567567567,4.691928740863055e-06,0.0002815157244517,0.0067563773868427,12787918.0,False,False,False,0.0,0,0,0,0,0
0xd17a952bf714ff6b898c361b16db17ebce35b6f2,usdc,253,2.286497662643642,1.897404331228244,0.9209486166007904,0.0006379943429342,0.0382796605760568,0.9187118538253648,94044.72103004291,False,False,False,0.0,0,0,0,0,0
0xfd53230bbe8566fcc3435333c7e570707ceece46,usdc,195,2.179949908041317,1.8052357729497424,0.0974358974358974,6.753149633446146e-05,0.0040518897800676,0.0972453547216245,888474.3157894737,False,False,False,0.0,0,0,0,0,0
0x5c9e30def85334e587cf36eb07bdd6a72bf1452d,usdc,1751,2.5264735941804686,1.4020247043728338,0.0359794403198172,2.4982420439120103e-05,0.0014989452263472,0.0359746854323329,2401688.8253968256,False,False,False,0.0,0,0,0,0,0
0xe26abc37b06b819243b4b104270cc18f7c835fce,usdc,605,2.434027653518726,0.5645404791247061,0.4661157024793388,0.0003232603720153,0.0193956223209223,0.4654949357021364,185608.89361702127,False,False,False,0.0,0,0,0,0,0
0xe39f3675a351053c60e5fd23a02f0d1b00244ae3,usdc,164,1.951503879507616,2.007463529406475,0.1768292682926829,0.0001224965299689,0.0073497917981392,0.1763950031553416,489809.7931034483,False,False,False,0.0,0,0,0,0,0
0xbebf76d496a855964845706f12a9f75e9ae6423d,usdc,1030,2.4094719664798894,2.2518754454839582,0.1310679611650485,9.100827562968598e-05,0.0054604965377811,0.1310519169067478,659280.7037037037,False,False,False,0.0,0,0,0,0,0
0x5959749d0a8300155c9e9b58d336f8f20b4d767a,usdc,257,2.0528837026072084,1.9951482330158077,0.0700389105058365,4.859201924675891e-05,0.0029155211548055,0.0699725077153328,1234770.6666666667,False,False,False,0.0,0,0,0,0,0
0x278937ec0dcd8390b1ee5b4fc7a5b93da13ffe6a,usdc,386,1.9219814296796796,1.48512144477752,0.0362694300518134,2.512913683927871e-05,0.0015077482103567,0.0361859570485613,2387666.571428572,False,False,False,0.0,0,0,0,0,0
0x93d84acf040c04190e20c6408a9dc72426b5565c,usdc,1011,2.132380645396815,2.1519252521271723,0.2126607319485657,0.0001475483638373,0.0088529018302402,0.2124696439257655,406646.32558139536,False,False,False,0.0,0,0,0,0,0
0x00e9fec55aec66b9aece8e678fa8c99804afc334,usdc,1885,2.5446300445763543,0.9246816731765825,0.0106100795755968,7.367477905593765e-06,0.0004420486743356,0.010609168184055,8143899.55,False,False,False,0.0,0,0,0,0,0
0xa064b34dc0aeef23e48b400dc4b0a3f940b55865,usdc,1266,2.3218501360353767,2.147054942513753,0.0616113744075829,4.2753158718470775e-05,0.0025651895231082,0.0615645485545979,1403405.076923077,False,False,False,0.0,0,0,0,0,0
0x494d035d1ad677b3fa5cc537a8cebd0bf2480971,usdc,1465,2.0332279607354913,1.7946353028541102,0.0068259385665529,4.737913734072447e-06,0.0002842748240443,0.0068225957770643,12663801.7,False,False,False,0.0,0,0,0,0,0
0x6f579670013f90c346058b24741855b0d9eb0613,usdc,330,2.3082776326776604,2.3127910671729346,0.0424242424242424,2.942999460905563e-05,0.0017657996765433,0.0423791922370401,2038736.357142857,False,False,False,0.0,0,0,0,0,0
0x0d43ecf665840d41606b23cad9e15a8064952683,usdc,158,2.371509019649739,0.0,0.0379746835443038,2.6299640571578853e-05,0.0015779784342947,0.0378714824230735,2281400.0,False,False,False,0.0,0,0,0,0,0
0x2abc45a1fff560b94c3daf1f392f9921cba38ae7,usdc,499,1.8493084930536652,1.5099182003836584,0.0100200400801603,6.947902956138167e-06,0.0004168741773682,0.0100049802568389,8635699.2,False,False,False,0.0,0,0,0,0,0
0x5e3367f1f6cd4f772439ca239568f16cb5fed858,usdc,1101,2.178809199850792,0.4439783096821436,0.0354223433242506,2.459275656298697e-05,0.0014755653937792,0.0354135694507012,2439742.769230769,False,False,False,0.0,0,0,0,0,0
0x71bb74bf518648514344131008c71743d52d906f,usdc,812,2.4857245890212907,2.3234107631637095,0.1071428571428571,7.439199932004002e-05,0.0044635199592024,0.1071244790208576,806538.3448275862,False,False,False,0.0,0,0,0,0,0
0x7fb14f8c4fa1071cd0e707d73479fd203b63d948,usdc,744,2.0945038008027863,2.1592711296547127,0.0497311827956989,3.451055360710835e-05,0.0020706332164265,0.049695197194236,1738598.5945945946,False,False,False,0.0,0,0,0,0,0
0x7c207bdab6fefe535f9d337aa68985ab7b8877e6,usdc,1635,2.396368910666772,2.1786978793243144,0.0697247706422018,4.841297901855807e-05,0.0029047787411134,0.0697146897867236,1239337.0789473683,False,False,False,0.0,0,0,0,0,0
0x5b1d47328743fbddc733c334354b3212bcaa2001,usdc,563,1.9806789780509337,1.7260095671543065,0.7602131438721137,0.0005272263116479,0.0316335786988744,0.7592058887729867,113803.1214953271,False,False,False,0.0,0,0,0,0,0
0xa975057506f3741fb8cae33e2ec88e774bbdb336,usdc,442,2.228179214628791,2.1085783812806453,0.0158371040723981,1.0988217491358552e-05,0.0006592930494815,0.0158230331875563,5460394.285714285,False,False,False,0.0,0,0,0,0,0
0xc6f7067b596e9b14244575584bbb18e4555f5874,usdc,204,2.0018456712676267,0.0,0.1519607843137254,0.0001050734904328,0.0063044094259733,0.1513058262233604,571028.9032258064,False,False,False,0.0,0,0,0,0,0
0x7be4cd815749ebab9af48a749e1bec1cf61706af,usdc,149,2.237971904369331,2.2293797513770075,0.0402684563758389,2.780950120878632e-05,0.0016685700725271,0.0400456817406523,2157536.0,False,False,False,0.0,0,0,0,0,0
0x94bd1bd3c8abbc52b29668a65930d4575fa4caac,usdc,1502,2.1985767166740855,2.1665962742406975,0.0459387483355525,3.190027339613054e-05,0.0019140164037678,0.0459363936904279,1880861.6231884053,False,False,False,0.0,0,0,0,0,0
0x2a2b7015c8b308aa45cb4d6a5fee46770d92ce1a,usdc,2099,2.0226681570429483,1.643647581971815,0.1767508337303477,0.0001226868249313,0.007361209495883,0.1766690279011941,489050.0673854448,False,False,False,0.0,0,0,0,0,0
0xbf3f897cb95b62c2be050aa06e41a1edd1b80a0a,usdc,411,2.373695955453984,0.00011998560201564949,0.0559610705596107,3.883819097785447e-05,0.0023302914586712,0.0559269950081104,1544871.1304347827,False,False,False,0.0,0,0,0,0,0
0xd448777940dfabf65fd259fa8a9903e60e1ff178,usdc,268,1.7002865196801398,0.020283517399993057,0.1194029850746268,8.289270678880907e-05,0.0049735624073285,0.119365497775885,723827.25,False,False,False,0.0,0,0,0,0,0
0xb590356f6b07dc7a8f3f5e39a0a037095dd2b742,usdc,1029,1.9194431153481502,2.0774270776002233,0.0738581146744412,5.126570298837226e-05,0.0030759421793023,0.073822612303256,1170373.105263158,False,False,False,0.0,0,0,0,0,0
0xbe7a5f7772d6d59ffe5075f13dabedc51f1d5daf,usdc,217,2.186756256331938,2.176718251570029,0.0368663594470046,2.549189803750623e-05,0.0015295138822503,0.0367083331740089,2353689.0,False,False,False,0.0,0,0,0,0,0
0x122c2f601a2f47b4ccab68a838213b1036485d68,usdc,1225,2.3706360101874506,2.482206440339191,0.026938775510204,1.869426065426513e-05,0.0011216556392559,0.0269197353421417,3209541.212121212,False,False,False,0.0,0,0,0,0,0
0x144c704bf25f1865e4b24fd6596ffed7d92470b0,usdc,1514,2.2824649261093324,1.9182787289624512,0.0686922060766182,4.768034728408845e-05,0.0028608208370453,0.0686597000890873,1258380.0961538462,False,False,False,0.0,0,0,0,0,0
0xb2f6244baecd25ac4b404a8ec5643c085d1cb225,usdc,1421,2.5338641949318075,2.6636909038361316,0.6305418719211823,0.0004377835403714,0.0262670124222871,0.6304082981348906,137054.03348214287,False,False,False,0.0,0,0,0,0,0
0x6053ae9231b05be05c31a40be60059137830e436,usdc,345,2.141051440290417,2.1745712796975663,0.0202898550724637,1.4067230106123184e-05,0.0008440338063673,0.0202568113528173,4265232.0,False,False,False,0.0,0,0,0,0,0
0x41fad293ba3d59e00f2e472c3f14e9ade4343018,usdc,244,2.6481491707596145,0.01185798622529778,0.3688524590163934,0.0002555335796677,0.0153320147800622,0.3679683547214939,234802.8,False,False,False,0.0,0,0,0,0,0
0xf6f62bab35907565c5ad3d4c1093b7f90762c021,usdc,1907,2.510438628487124,2.328573666908688,0.3141059255374934,0.0002181015340439,0.0130860920426341,0.3140662090232185,275101.2287145242,False,False,False,0.0,0,0,0,0,0
0xc64659b6b4b9b8ed8dc7da03adb46492063f2443,usdc,143,1.7413477961925796,9.999990000011665e-07,0.0419580419580419,2.895275007696606e-05,0.0017371650046179,0.0416919601108311,2072342.0,False,False,False,0.0,0,0,0,0,0
0x723c4b964936de84402e63bd54706fbcde01e5df,usdc,500,2.2093715850324185,0.0,0.024,1.666369497439623e-05,0.0009998216984637,0.0239957207631305,3600642.0,False,False,False,0.0,0,0,0,0,0
0xdbf429fbd3012432c9c64796afdd2d61bc800db3,usdc,748,2.4099557766494173,1.9431222681621287,0.0240641711229946,1.671027739617487e-05,0.0010026166437704,0.0240627994504918,3590604.6666666665,False,False,False,0.0,0,0,0,0,0
0xc07474f83dcf6124323fec43a1b7a4269ba8a366,usdc,183,2.156928526953509,0.0,0.2295081967213114,0.000158813827088,0.0095288296252825,0.2286919110067813,377800.8571428572,False,False,False,0.0,0,0,0,0,0
0xf8aae8d5dd1d7697a4ec6f561737e68a2ab8539e,usdc,1604,2.757684341396741,2.7187617555473063,0.2450124688279301,0.0001700484076181,0.0102029044570906,0.2448697069701753,352840.7048346056,False,False,False,0.0,0,0,0,0,0
0x354637c7b475894c1a8bca34377648c2346f1e71,usdc,145,2.1646572834002895,2.0113964080540128,0.0344827586206896,2.379241592949832e-05,0.0014275449557698,0.0342610789384775,2521812.0,False,False,False,0.0,0,0,0,0,0
0x5888b4f0a087a32182ce1a726102a830617338e9,usdc,1021,2.1245281403123473,2.1179272289544824,0.1038197845249755,7.203805920180584e-05,0.0043222835521083,0.1037348052506004,832893.0660377359,False,False,False,0.0,0,0,0,0,0
0x7d5af21e6991c9cb578fff5f15ecd5be5b6ad4d5,usdc,1106,2.332474266426802,2.2531209847743163,0.011754068716094,8.16223014228295e-06,0.0004897338085369,0.0117536114048874,7350932.153846154,False,False,False,0.0,0,0,0,0,0
0x24a2c5be07d9f140bf39730897be85da517c9ad6,usdc,446,2.582006043239012,1.4629961403232923,1.5896860986547086,0.0011035057240662,0.0662103434439775,1.5890482426554613,54372.169252468266,False,False,False,0.0,0,0,0,0,0
0x411f705246c51044af7f99351ca3e6ef961a9218,usdc,1161,2.2329703764110906,2.3131650864646622,0.0697674418604651,4.8423979801899696e-05,0.0029054387881139,0.0697305309147355,1239055.5308641975,False,False,False,0.0,0,0,0,0,0
0x58e2ed9ec5c348e9d3707e81ac6a350c5065f5d4,usdc,867,2.2796938552352555,2.225645536723016,0.0276816608996539,1.920432020387306e-05,0.0011522592122323,0.0276542210935772,3124297.0,False,False,False,0.0,0,0,0,0,0
0x6b579bacffea19b002271d448a62b161f754401a,usdc,1290,2.397838119267006,2.526804739264002,0.0310077519379844,2.151679952812224e-05,0.0012910079716873,0.030984191320496,2788518.8,False,False,False,0.0,0,0,0,0,0
0xa311f7ca3eb2fb98123a807f9b8e4bbbdbdcb2ee,usdc,272,2.1729901438474086,2.145674062849893,0.4963235294117647,0.0003434581400851,0.0206074884051076,0.4945797217225824,174693.77777777778,False,False,False,0.0,0,0,0,0,0
0xbb76f0544701f1718ca49e549d28a8971c873401,usdc,1629,2.3302153800240504,2.229371741499788,0.0165745856353591,1.1508862694543735e-05,0.0006905317616726,0.0165727622801429,5213373.518518519,False,False,False,0.0,0,0,0,0,0
0x8832924854e3cedb0a6abf372e6ccff9f7654332,usdc,1520,2.6503478569556322,2.671305787673049,0.1013157894736842,7.032031221853324e-05,0.0042192187331119,0.1012612495946878,853238.5324675324,False,False,False,0.0,0,0,0,0,0
0xbdfdbdbee2deca6aceda0d2d09e16df9146f5373,usdc,161,2.1525763123145207,2.157261979892658,0.0993788819875776,6.877099216626762e-05,0.004126259529976,0.0990302287194253,872460.875,False,False,False,0.0,0,0,0,0,0
0x89188de1eae4bccf97973e05ded9949362e376c1,usdc,825,2.222908104417165,1.9474681087362509,0.36,0.0002499430685232,0.0149965841113968,0.3599180186735243,240054.66666666663,False,False,False,0.0,0,0,0,0,0
0xbd02dc702cd12f07c97a3dc89d699f98e2e145cf,usdc,921,2.229182413094222,2.0705442408827377,0.006514657980456,4.519661941841366e-06,0.0002711797165104,0.0065083131962515,13275329.166666666,False,False,False,0.0,0,0,0,0,0
0x9c1a8a57457855806cfd10f0f1740d40023763f9,usdc,129,2.1016527989644866,2.1979688386872795,0.0542635658914728,3.743329186853535e-05,0.0022459975121121,0.0539039402906909,1602851.2857142857,False,False,False,0.0,0,0,0,0,0
0xf922e853730562790ce48945129352009b360489,usdc,575,2.1635431216721477,9.999000116652086e-05,0.1165217391304347,8.087378450926633e-05,0.0048524270705559,0.1164582496933435,741896.776119403,False,False,False,0.0,0,0,0,0,0
0x492047a00d43371ed2e7bcba8d9613b1b38def95,usdc,167,2.1248496961675167,2.0901884921662646,0.4790419161676646,0.0003320201934681,0.01992121160809,0.4781090785941601,180711.9,False,False,False,0.0,0,0,0,0,0
0x9fd9ceac41117323289ab607c795458b34bf55f5,usdc,697,2.3405214371406844,0.0002019592056136621,0.5738880918220947,0.0003981970434267,0.0238918226056063,0.5734037425345521,150679.17,False,False,False,0.0,0,0,0,0,0
0x4820a25d33cc93f8a8b6763f33690e2ac0eeea74,usdc,1288,2.177542845157838,0.0071446484405521616,0.1700310559006211,0.0001180035226476,0.0070802113588574,0.1699250726125786,508459.397260274,False,False,False,0.0,0,0,0,0,0
0xbfde8ed68c64ba17053df46fe797b54564d08c46,usdc,731,2.3305701468531264,2.2553633899258947,0.1203830369357045,8.349616667201168e-05,0.0050097700003207,0.1202344800076968,718595.8636363636,False,False,False,0.0,0,0,0,0,0
0x91c9b6d6625e0558f81ea6554bf41ccf825971bc,usdc,1858,1.9188371118772147,1.5531546267850727,0.0043057050592034,2.989626686748155e-06,0.0001793776012048,0.0043050624289173,20069395.375,False,False,False,0.0,0,0,0,0,0
0xd5c9e31842967be594e9cdc1b20db2f9b9bfed1d,usdc,305,2.434605053129569,2.515668877686104,0.0426229508196721,2.9553689277966995e-05,0.001773221356678,0.0425573125602724,2030203.3846153845,False,False,False,0.0,0,0,0,0,0
0xd0c41695b4cf2f37b2bc683c5b6715e8d5baa60e,usdc,170,2.0140056917408335,2.1020724819156342,0.0941176470588235,6.501659955057275e-05,0.0039009959730343,0.0936239033528247,922841.25,False,False,False,0.0,0,0,0,0,0
0xc631fb8592415571022c0d66fbfdbae285e52813,usdc,629,2.416892565833418,0.0006236109072447808,0.0747217806041335,5.1835677813249065e-05,0.0031101406687949,0.0746433760510786,1157503.914893617,False,False,False,0.0,0,0,0,0,0
0x47b506cbf88852c67af5a41fee3b8682ecb19584,usdc,1241,2.419170092140306,2.0130602407861105,0.0112812248186946,7.833234028441465e-06,0.0004699940417064,0.0112798570009557,7659671.571428572,False,False,False,0.0,0,0,0,0,0
0x3bc9afc05e90a55964265507415e808161ce0b2e,usdc,1056,2.6531801914511615,2.558652438006258,0.5767045454545454,0.0004002594785585,0.0240155687135108,0.5763736491242598,149902.75862068965,False,False,False,0.0,0,0,0,0,0
0x2dc8c2ec64a5dff670bc4ad3ab2ca6cf0b09a13e,usdc,1868,2.269853117597711,0.8572484521515834,0.0165952890792291,1.152262215034171e-05,0.0006913573290205,0.016592575896492,5207148.096774193,False,False,False,0.0,0,0,0,0,0
0xa727d68d1276eb184e380029e37520fcb2580e2b,usdc,253,2.295350134903588,2.32253226076662,0.067193675889328,4.663078838948229e-05,0.0027978473033689,0.0671483352808545,1286703.5294117648,False,False,False,0.0,0,0,0,0,0
0x0088363064e6b7536f5506c03ccdd29e50b37121,usdc,701,1.9258885703618371,0.0006365945323140388,0.0884450784593438,6.138944513447062e-05,0.0036833667080682,0.0884008009936376,977366.7096774194,False,False,False,0.0,0,0,0,0,0
0x243ecbee4efd663fc7eb5aa16ab4da55152cf983,usdc,191,2.5722907420465595,0.0,0.1570680628272251,0.0001089236815332,0.0065354208919978,0.1568501014079475,550844.4,False,False,False,0.0,0,0,0,0,0
0xb7d6a5e750ac53007c43bc84e30650442c8377c0,usdc,343,2.216139786899231,1.7606110596593523,0.0262390670553935,1.817791084906194e-05,0.0010906746509437,0.0261761916226491,3300709.333333333,False,False,False,0.0,0,0,0,0,0
0x74cfae7b1b76ea063dd9b63b4fa9d16da31e0626,usdc,1030,2.3144462757590434,2.25631353213717,0.0757281553398058,5.257203868951567e-05,0.0031543223213709,0.0757037357129025,1141291.1025641025,False,False,False,0.0,0,0,0,0,0
0x8a494ed488c5bc157e0fb2983fdfb90e2d63b691,usdc,277,1.5367345925331082,1.81368819247384,0.0324909747292418,2.2539218239737143e-05,0.0013523530943842,0.0324564742652214,2662026.6666666665,False,False,False,0.0,0,0,0,0,0
0x67d9057494e2e1b7361251043843db3c2abf8177,usdc,1965,2.25067188199405,9.999000116652086e-05,0.1877862595419847,0.0001303831278767,0.007822987672605,0.187751704142521,460182.2411924119,False,False,False,0.0,0,0,0,0,0
0x9fc6e809c86ac9d366054e5dd3972563300e0fdc,usdc,656,2.0401198492900265,0.00029991003148811666,0.6615853658536586,0.000458844599695,0.0275306759817054,0.6607362235609301,130763.2258064516,False,False,False,0.0,0,0,0,0,0
0xcd7c33aaa9dace84a77c1d02ec2b4dddf80b670f,usdc,1152,1.5959983315136124,1.5989617310539752,0.0069444444444444,4.819524471978923e-06,0.0002891714683187,0.0069401152396496,12449361.0,False,False,False,0.0,0,0,0,0,0
0x2d407ddb06311396fe14d4b49da5f0471447d45c,usdc,1443,2.4561831585611738,1.8331307328542552,0.0672210672210672,4.665635881799049e-05,0.0027993815290794,0.0671851566979063,1285998.3402061856,False,False,False,0.0,0,0,0,0,0
0xbc830346ca94089cb09169226f07d587b2eb6e2a,usdc,609,2.5738792784955007,0.0,0.7274220032840722,0.0005048460663944,0.0302907639836662,0.7269783356079896,118848.10835214448,False,False,False,0.0,0,0,0,0,0
0x067b19b7d697e2f1b284146dcf892cbb1032f3b8,usdc,345,2.2776988274492576,0.0,0.0927536231884058,6.422981427547766e-05,0.0038537888565286,0.0924909325566878,934145.625,False,False,False,0.0,0,0,0,0,0
0x23b921b4e3993c492b35ea463c47ee251bc6b1c8,usdc,170,1.7692139959706803,1.6715834208311506,0.0647058823529411,4.480429078473493e-05,0.002688257447084,0.0645181787300183,1339157.4545454546,False,False,False,0.0,0,0,0,0,0
0x6175cc27ae17327dfd86c3d4fc25de5beedc7d82,usdc,205,2.3080074316767822,1.7249983378763416,0.1658536585365853,0.0001148679694045,0.0068920781642747,0.165409875942593,522338.82352941175,False,False,False,0.0,0,0,0,0,0
0x3bdb66087e2760a9f7f6b4c0a3b49e69355e8a3c,usdc,675,2.164868693679855,2.2812130741617627,0.034074074074074,2.364486644248592e-05,0.0014186919865491,0.0340486076771797,2537548.695652174,False,False,False,0.0,0,0,0,0,0
0x26f07199c35b4bc4e37935484d14bbdbcc9d6f9f,usdc,488,2.373788135311019,0.004966234067181581,0.2172131147540983,0.0001507477515119,0.0090448650907174,0.2170767621772185,398015.8867924528,False,False,False,0.0,0,0,0,0,0
0x5d984056012857a59f097ab8c663157f0b965774,usdc,191,2.053844451014644,0.0009990011652101975,1.1099476439790577,0.0007681142722153,0.046086856332921,1.1060845519901044,78113.37735849057,False,False,False,0.0,0,0,0,0,0
0xd49c4badf382772821932e58195d12c143db3c91,usdc,1844,2.213766134679151,1.2370002055178868,0.022234273318872,1.5439951436708192e-05,0.0009263970862024,0.0222335300688597,3886022.5853658537,False,False,False,0.0,0,0,0,0,0
0x6bfe1cae59b1b5246ec75bb46fc3b7c0d371567e,usdc,472,2.140066034305048,2.25633731819947,0.048728813559322,3.382536990983333e-05,0.0020295221945899,0.0487085326701599,1773816.5217391304,False,False,False,0.0,0,0,0,0,0
0xdbc230cf4213c17931e1fc9c7c4c03594f20cde8,usdc,898,2.056618198986296,2.1581796741320596,0.1169265033407572,8.11781061565321e-05,0.0048706863693919,0.1168964728654062,739115.5428571429,False,False,False,0.0,0,0,0,0,0
0x698b9d56abec3faa97ffce6478a4c7ddbadd4116,usdc,1782,2.495188212317725,0.009901152270820435,0.2514029180695847,0.0001745010734834,0.0104700644090083,0.2512815458162014,343837.42633928574,False,False,False,0.0,0,0,0,0,0
0x5f94b5b3083d9e6f3fbc1086456ff3bc7b08716b,usdc,197,2.5419401811211753,0.0,0.0964467005076142,6.694831942100275e-05,0.0040168991652601,0.0964055799662439,896213.6842105263,False,False,False,0.0,0,0,0,0,0
0x87a62b0b5f0dcd16a3d92fb19b188c9ff9f067c2,usdc,1556,2.288779454845468,2.1668631596912014,0.1548843187660668,0.0001074963413701,0.0064497804822119,0.1547947315730864,558158.531120332,False,False,False,0.0,0,0,0,0,0
0x81e95169b49730219a580c9a898a7e0c4cb7bec5,usdc,332,2.0420024289240244,2.152793140171949,0.0180722891566265,1.2524129823459866e-05,0.0007514477894075,0.0180347469457822,4790752.0,False,False,False,0.0,0,0,0,0,0
0x64c7e437abd780ceecbe4b1beef05c4746f61482,usdc,283,2.286485067271374,1.9029566986732902,0.1448763250883392,0.0001003738313181,0.0060224298790862,0.1445383170980701,597765.3658536585,False,False,False,0.0,0,0,0,0,0
0x00345bb8270bf08b561d0419000f2928e4b97194,usdc,1252,2.164928009344164,0.0,0.0231629392971246,1.6073869740906957e-05,0.0009644321844544,0.023146372426906,3732766.3448275854,False,False,False,0.0,0,0,0,0,0
0xbdc771148feaaeb84de93084660a71cbf63069aa,usdc,1300,2.400983019584569,2.4369393158264763,0.1069230769230769,7.421557936823623e-05,0.0044529347620941,0.1068704342902601,808455.5899280575,False,False,False,0.0,0,0,0,0,0
0xc0cdb89c3d270ae2cda1ddc5cdfe2bfd71934fbb,usdc,130,2.3448135665400502,2.3755998553243822,0.0923076923076923,6.394713703338574e-05,0.0038368282220031,0.0920838773280754,938275.0,False,False,False,0.0,0,0,0,0,0
0x8126774049e0894c91a5c6ca9da8a7f72208bb38,usdc,136,2.151559235301626,2.0725946018902204,0.0661764705882353,4.569005692981093e-05,0.0027414034157886,0.0657936819789277,1313196.0,False,False,False,0.0,0,0,0,0,0
0x0c8f20da3247c28ee283bb334a6a356858f9d125,usdc,335,2.1349496414799685,1.9756677660700608,0.0417910447761194,2.893882167732717e-05,0.0017363293006396,0.0416719032153511,2073339.4285714289,False,False,False,0.0,0,0,0,0,0
0x846232dfa5fb36969893a8c05457a981c4e3c4c3,usdc,914,2.3285085092797715,0.0,0.0437636761487965,3.038965463221149e-05,0.0018233792779326,0.0437611026703845,1974356.1,False,False,False,0.0,0,0,0,0,0
0x83a69d9e4988d7bfafa9325294d172ff16a39534,usdc,402,2.1234671091057176,2.2621906197739428,0.0298507462686567,2.068324336697003e-05,0.0012409946020182,0.0297838704484368,2900899.0,False,False,False,0.0,0,0,0,0,0
0x263fc4d9eb6da1ed296ea6d189b41e546a188d8a,usdc,134,0.8638107404953049,0.5329511865600887,0.0597014925373134,4.126323260290534e-05,0.0024757939561743,0.0594190549481836,1454079.0,False,False,False,0.0,0,0,0,0,0
0x4db3f66327e7092e802db9363ff6a4fb5b3357b4,usdc,556,2.5437586693162255,2.489560175095412,0.039568345323741,2.743523911806181e-05,0.0016461143470837,0.039506744330009,2186968.363636364,False,False,False,0.0,0,0,0,0,0
0x12c13854a2475d76a4c1ae0c9591dbe8b91c7a0e,usdc,1894,2.306798067874372,0.0006595647351354347,0.1726504751847941,0.0001198614130818,0.0071916847849125,0.1726004348379017,500578.1131498471,False,False,False,0.0,0,0,0,0,0
0x113a80ee0cbaf4e6025bd73dc5fa8fae0b33890b,usdc,163,2.505573669614513,0.0,0.147239263803681,0.0001020798775041,0.0061247926502488,0.1469950236059716,587775.0,False,False,False,0.0,0,0,0,0,0
0x4151ec7df054f5821f0021a24a17b7bb1afe616f,usdc,507,2.4045825129951326,0.0,0.1065088757396449,7.39455771507071e-05,0.0044367346290424,0.1064816310970182,811407.5555555555,False,False,False,0.0,0,0,0,0,0
0x291f34a777edbba13554f72e79d74862f5e824e2,usdc,915,2.1720058605267174,1.6554695869869451,0.028415300546448,1.9726793021328303e-05,0.0011836075812796,0.0284065819507127,3041548.6153846155,False,False,False,0.0,0,0,0,0,0
0x7c588ff9f659c6fed3a77f1d32503a35911d71ce,usdc,478,2.541038242565134,2.272006317532587,0.0606694560669456,4.2118936906413466e-05,0.0025271362143848,0.0606512691452353,1424537.3793103448,False,False,False,0.0,0,0,0,0,0
0x8c96cb362bb43d6e4560e1237484fb06d6ae0cf7,usdc,850,1.9259679041073305,1.7182404735813999,0.0070588235294117,4.896342524620578e-06,0.0002937805514772,0.0070507332354536,12254044.666666666,False,False,False,0.0,0,0,0,0,0
0xd1116bf082416d2ea6364f18566ddaefed3e9717,usdc,392,2.293345568867942,2.4018232743234798,0.1556122448979592,0.0001080617489634,0.0064837049378078,0.1556089185073873,555238.0983606557,False,False,False,0.0,0,0,0,0,0
0xc2459d54b32af66bc1ab52c9c4877ecdc3080599,usdc,671,2.067259278602665,2.157289646824673,0.0938897168405365,6.516090502911864e-05,0.0039096543017471,0.0938317032419308,920797.5238095238,False,False,False,0.0,0,0,0,0,0
0x4ad237c40727a32ba9cd762ec241eb73b59740c7,usdc,644,2.371927066476253,0.0006985117971061995,0.2531055900621118,0.0001756679423248,0.0105400765394924,0.252961836947818,341553.4969325153,False,False,False,0.0,0,0,0,0,0
0x9e9c0431eafe5addf548bacfea974ccb550dad45,usdc,1789,2.2798221115024773,9.999000116652086e-05,0.0508664058133035,3.532155635445958e-05,0.0021192933812675,0.0508630411504218,1698679.3956043955,False,False,False,0.0,0,0,0,0,0
0x4e0f6ec190b5aecaeaf64c147c63587a7a272dff,usdc,429,2.0708959249153795,1.885937916364328,0.0372960372960372,2.588309060925884e-05,0.0015529854365555,0.0372716504773327,2318115.75,False,False,False,0.0,0,0,0,0,0
0x58aa175d11f14feeddad91163c40c6e0076652e2,usdc,366,2.252095946264294,0.00021995161241920364,0.1120218579234972,7.777536653064199e-05,0.0046665219918385,0.1119965278041244,771452.487804878,False,False,False,0.0,0,0,0,0,0
0x28aa4f9ffe21365473b64c161b566c3cdead0108,usdc,1506,2.431340757122757,1.7254630513334037,0.3160690571049137,0.0002194841978409,0.013169051870456,0.3160572448909462,273368.1995798319,False,False,False,0.0,0,0,0,0,0
0xd0c843d5d432a9a4bea396a9da444ef61292f068,usdc,359,1.8887472129018643,1.820765311126143,0.1002785515320334,6.957675301528253e-05,0.0041746051809169,0.1001905243420068,862357.0,False,False,False,0.0,0,0,0,0,0
0xf545737c04a9a212246d25c0c97503583f7710fe,usdc,1234,2.0755796640356636,2.0680965906034654,0.0178282009724473,1.2373260435582076e-05,0.0007423956261349,0.0178174950272381,4849166.5,False,False,False,0.0,0,0,0,0,0
0xa6118a318e008a54d4d604af48b0afd65187fb86,usdc,485,2.438899314133229,0.7573304587062276,0.0742268041237113,5.151769704445834e-05,0.0030910618226675,0.07418548374402,1164648.3333333333,False,False,False,0.0,0,0,0,0,0
0x168e49b2da3fb0045cffeee6dd35d3ec7569d5bb,usdc,967,2.197642132487603,2.0529976464005317,0.1840744570837642,0.0001277898204926,0.007667389229558,0.184017341509393,469520.9662921349,False,False,False,0.0,0,0,0,0,0
0x74e4d99e04567284dd4acb72a9ed4f232acbcd61,usdc,591,2.19925987457387,1.565568812654083,0.2013536379018612,0.0001398019746147,0.0083881184768868,0.2013148434452845,429178.487394958,False,False,False,0.0,0,0,0,0,0
0x274e174d637eb2626e6199956a30e90e2d2e1d57,usdc,271,2.068281643623346,1.9643360688507174,0.055350553505535,3.8301692730543e-05,0.0022981015638325,0.0551544375319819,1566510.4,False,False,False,0.0,0,0,0,0,0
0x256478da32fb4eab4764ac762d70a772ec586ba2,usdc,755,2.2563885385875535,1.9322145899705052,0.0357615894039735,2.482000440876819e-05,0.001489200264526,0.0357408063486261,2417404.888888889,False,False,False,0.0,0,0,0,0,0
0x0651f8948a06f40fb865d5289276b025118a5408,usdc,365,1.1088401604647609,1.257152019694057,0.0273972602739726,1.9015390676906072e-05,0.0011409234406143,0.0273821625747447,3155338.8,False,False,False,0.0,0,0,0,0,0
0x06b2ded2e7c3968bf9624ace4f7d7c82b57a06f1,usdc,300,2.401853688935751,0.0009990011652101975,2.8433333333333333,0.0019717100065323,0.118302600391938,2.839262409406513,30430.43845252052,False,False,False,0.0,0,0,0,0,0
0x80cbe92b007454b907565cfe4ccf58f59188dc24,usdc,530,2.3796903398421034,2.26371189830539,0.3396226415094339,0.0002355358112573,0.0141321486754381,0.3391715682105167,254738.3333333333,False,False,False,0.0,0,0,0,0,0
0x4e95b99b648a6e8f894b67cbccbdc5db22bc04d9,usdc,451,2.1976505345630306,2.0676458063831102,0.3946784922394678,0.0002739174566671,0.0164350474000309,0.3944411376007415,219044.08988764044,False,False,False,0.0,0,0,0,0,0
0x52f6d6e1db786c8ce34a1c7bddeec27dfc231a16,usdc,1499,2.3336640572922596,0.00011898584096565691,0.5703802535023349,0.0003960784007314,0.0237647040438878,0.5703528970533095,151485.16023391814,False,False,False,0.0,0,0,0,0,0
0x7d16deef38af20f225ce0daba3498747c7632a8a,usdc,511,2.3985696577925086,2.4600502266217963,0.060665362035225,4.205979002667405e-05,0.0025235874016004,0.0605660976384106,1426540.6451612904,False,False,False,0.0,0,0,0,0,0
0xad31711c2b23049b61d13de227a6d7c61253a342,usdc,351,2.393162094637678,1.026672031199051,0.0398860398860398,2.7626860570392056e-05,0.0016576116342235,0.0397826792213645,2171799.4285714286,False,False,False,0.0,0,0,0,0,0
0x4410040d43057271ca0b913ee6bc01f391e7b847,usdc,221,2.131405150522453,1.6409541926956488,0.0407239819004524,2.8239599826044064e-05,0.0016943759895626,0.0406650237495034,2124676.0,False,False,False,0.0,0,0,0,0,0
0x8d67d58e903b4a7465af7349d06c28cefbfa0195,usdc,696,1.8464519669478452,0.00013698123399936857,0.0172413793103448,1.1968675582266094e-05,0.0007181205349359,0.0172348928384631,5013086.0,False,False,False,0.0,0,0,0,0,0
0xee78b87e15a03cd595c9eb6206adb2c70bf92f0e,usdc,366,2.329565665614904,2.3891090866694302,0.087431693989071,6.05580729210035e-05,0.0036334843752602,0.087203625006245,990784.5,False,False,False,0.0,0,0,0,0,0
0x5b8262e8e2c062c3f32b11769408bf6d8d99d9b6,usdc,1561,2.2226437554972907,0.0004058352420377006,0.0108904548366431,7.55974707131878e-06,0.0004535848242791,0.010886035782699,7936773.470588235,False,False,False,0.0,0,0,0,0,0
0xe481d74f16d0fc1c13c06f2d5494319a01e6b8fa,usdc,968,2.239245454349373,2.299963433173816,0.1095041322314049,7.597426966507962e-05,0.0045584561799047,0.1094029483177146,789741.0566037736,False,False,False,0.0,0,0,0,0,0
0x811d42150eed5af031512c3e4ffda9a0d9edd001,usdc,911,1.8793205854475494,1.9763847732858002,0.3534577387486279,0.0002452192526661,0.014713155159969,0.3531157238392562,244678.99378881988,False,False,False,0.0,0,0,0,0,0
0x6d474957953f86c55d6625d8170f3d8a77ecf7bc,usdc,397,2.056609083420245,1.428662585804442,0.1234256926952141,8.551369999280987e-05,0.0051308219995685,0.1231397279896462,701641.9591836735,False,False,False,0.0,0,0,0,0,0
0xf82cde74960506fc07386f256495f099d0fd3e9e,usdc,693,2.0204784463590464,9.999000116652086e-05,0.0923520923520923,6.410093332962082e-05,0.0038460559997772,0.0923053439946539,936023.8125,False,False,False,0.0,0,0,0,0,0
0x30f2fea6e91f82e7c54737ae973834fb338cd084,usdc,427,1.7697793383990905,1.7890235001604364,0.0796252927400468,5.5234706890529686e-05,0.0033140824134317,0.0795379779223627,1086273.5294117648,False,False,False,0.0,0,0,0,0,0
0x3c7ae8622988e887481c6fe143d2352eedcd5e57,usdc,1411,2.3463924914440324,2.1212997645380995,0.1013465627214741,7.032985826508912e-05,0.0042197914959053,0.1012749959017283,853122.7202797203,False,False,False,0.0,0,0,0,0,0
0x214de0a79bb591c1f1ed5e1e47d168145518b472,usdc,875,2.097262070387841,1.543595914378741,0.4045714285714286,0.00028092611659,0.0168555669954031,0.4045336078896751,213579.28813559323,False,False,False,0.0,0,0,0,0,0
0xb347ad2b2dbcbd0e3482f82d5433343c9514ec6a,usdc,224,1.9956115750086953,1.9931472818006903,0.1517857142857142,0.0001052844755563,0.006317068533381,0.1516096448011455,569884.5882352941,False,False,False,0.0,0,0,0,0,0
0x6c7dd55ad86ff808b932c66241f0b3dd982f1346,usdc,699,2.164652140655462,2.085343499235546,0.4349070100143061,0.0003018010174268,0.0181080610456094,0.4345934650946275,198806.48684210525,False,False,False,0.0,0,0,0,0,0
0xd3b38632deb203deea8af7470ec2680e8a37fc77,usdc,595,2.1585966922085698,2.3742113756562206,0.880672268907563,0.0006107298711476,0.0366437922688591,0.8794510144526194,98243.106870229,False,False,False,0.0,0,0,0,0,0
0x83711f3f32a191054cb7db08f2f4f53c4c534abc,usdc,452,2.088427294919763,0.0,1.1017699115044248,0.0007650354819769,0.0459021289186177,1.1016510940468258,78427.73493975903,False,False,False,0.0,0,0,0,0,0
0x17966f7e987a42d00a633fa0219fded049682406,usdc,1719,2.483711370265157,1.881285526489572,0.0354857475276323,2.463501492191989e-05,0.0014781008953151,0.0354744214875646,2435557.6885245903,False,False,False,0.0,0,0,0,0,0
0x47c4dadb1005f21eaee1f6c26c00258454019a8e,usdc,377,2.06474362531857,1.5957092304038698,0.0663129973474801,4.593129419413437e-05,0.002755877651648,0.0661410636395535,1306298.92,False,False,False,0.0,0,0,0,0,0
0xa5dbd61d2674591bff8531341a7bda98e10aa739,usdc,245,1.9862613153128854,1.9693689524750135,0.2285714285714285,0.0001586095830777,0.009516574984663,0.2283977996319124,378287.3571428572,False,False,False,0.0,0,0,0,0,0
0xab7afccc70c9fe594849d7a2c3282af71e5e0ac5,usdc,1426,2.120821227790401,1.4323246769211777,0.1346423562412342,9.345296437670344e-05,0.0056071778626022,0.1345722687024529,642034.2083333334,False,False,False,0.0,0,0,0,0,0
0xa818228b1caa708e5b5a8e06c8b2bfc453e18000,usdc,477,2.3643851559924465,1.4984880121526971,0.2243186582809224,0.0001556718228472,0.0093403093708326,0.2241674248999844,385426.20560747664,False,False,False,0.0,0,0,0,0,0
0xe69f609c75f8640fa034166c63929f2875c01343,usdc,2022,1.828784269135496,2.0792658674943723,0.0192878338278931,1.338999429586243e-05,0.0008033996577517,0.0192815917860419,4480957.846153846,False,False,False,0.0,0,0,0,0,0
0x98fe967044e428cc279160435956200b14896071,usdc,1056,2.182921910606878,1.7696108745103478,0.0710227272727272,4.930631871540868e-05,0.0029583791229245,0.0710010989501884,1216882.5733333332,False,False,False,0.0,0,0,0,0,0
0x86633cfa735a4f39fbede993b098920d6e051335,usdc,180,1.792568501932613,1.5287581647681707,0.8777777777777778,0.0006091716576331,0.0365502994579914,0.8772071869917947,98494.40506329114,False,False,False,0.0,0,0,0,0,0
0xd369f5bab78ff512a55e9f06732eed9b28347c65,usdc,391,2.2272348872412726,2.1519252521271723,0.8695652173913043,0.0006033161092499,0.036198966554994,0.8687751973198569,99450.35294117648,False,False,False,0.0,0,0,0,0,0
0xc0b151af9646241eaacf2dfba6eda5a50c80199b,usdc,1235,2.1377345932035894,1.3039925283680076,0.0364372469635627,2.5295727430779577e-05,0.0015177436458467,0.0364258475003225,2371942.066666667,False,False,False,0.0,0,0,0,0,0
0x74e872b2774235b0d5b85cadf3e3b6c5eda9be32,usdc,511,2.443438671459288,2.323399793452165,0.1839530332681017,0.0001275016086905,0.0076500965214305,0.1836023165143339,470582.2978723404,False,False,False,0.0,0,0,0,0,0
0x35755d7b161b205ff7465924131057077ca80db8,usdc,851,2.1676123854939306,0.43700784907021556,0.0481786133960047,3.342638913958681e-05,0.0020055833483752,0.048134000361005,1794988.975609756,False,False,False,0.0,0,0,0,0,0
0x5ca96d732286cb108f4c9a052a6a169fcf75085b,usdc,136,2.275195035072979,2.45066078978306,0.6764705882352942,0.0004694736256606,0.0281684175396367,0.6760420209512812,127802.70652173914,False,False,False,0.0,0,0,0,0,0
0x43134dd29523c86c1ac6d0ccb920278b2b89eac0,usdc,679,2.2624397770493507,2.4098584725802117,0.01620029455081,1.1242006677751966e-05,0.0006745204006651,0.0161884896159628,5337125.454545454,False,False,False,0.0,0,0,0,0,0
0x22026501f432d0e30c6352c2852109a8a2078dea,usdc,563,2.500923924996432,2.602346604957728,0.0301953818827708,2.09534148889543e-05,0.0012572048933372,0.0301729174400941,2863495.0588235296,False,False,False,0.0,0,0,0,0,0
0x58ed2c3d05f0c31d9a94530003c684e7756dd072,usdc,186,1.9984172034851835,2.1619917790789955,0.0591397849462365,4.090216796363722e-05,0.0024541300778182,0.0588991218676376,1466914.9090909092,False,False,False,0.0,0,0,0,0,0
0x5c65efbce63fa52a2ae056aadca9e9655ea388ed,usdc,933,1.5796924781423507,1.6760930039022834,0.0085744908896034,5.949818634653469e-06,0.0003569891180792,0.0085677388339009,10084341.0,False,False,False,0.0,0,0,0,0,0
0x29501657cead09579991f0674f8d7a20e38a011c,usdc,337,2.2480176833689716,2.4249238523174084,1.3827893175074184,0.0009581736962609,0.0574904217756555,1.3797701226157333,62619.12660944206,False,False,False,0.0,0,0,0,0,0
0x02ec5d07150c9a9ee740e828d8682d1aaa8d8731,usdc,1379,2.3159279426886474,1.8010038805487991,0.3509789702683104,0.0002436785594502,0.0146207135670135,0.3508971256083258,246226.01239669425,False,False,False,0.0,0,0,0,0,0
0x5cdad1bdbe84091bba342395f801da647d7ac096,usdc,626,2.4528810946264707,2.5060976433105826,0.6996805111821086,0.0004855357998404,0.0291321479904249,0.6991715517701992,123574.82191780822,False,False,False,0.0,0,0,0,0,0
0xaa211df9dec064e00fe274b635076c8961922fbe,usdc,1264,2.1751632267242558,2.1546462599698346,0.055379746835443,3.8448176311911965e-05,0.0023068905787147,0.0553653738891532,1560542.157142857,False,False,False,0.0,0,0,0,0,0
0x1c5507310813a07c68f243960650380669450710,usdc,1782,2.2920801621476694,2.0676993593723383,0.1257014590347923,8.729111282165897e-05,0.0052374667692995,0.1256992024631889,687355.1964285715,False,False,False,0.0,0,0,0,0,0
0x144616fbf8eed40d403d2a0a5b2ecec74afc31bc,usdc,569,1.7219380858869897,0.870064813953402,0.0175746924428822,1.21869893651456e-05,0.0007312193619087,0.0175492646858096,4923283.2,False,False,False,0.0,0,0,0,0,0
0x296f036ef8541cb6dbfa0114f7d12db5523ce377,usdc,273,2.564343352034914,0.0,0.0476190476190476,3.2963315886441885e-05,0.0019777989531865,0.0474671748764763,1820205.2307692308,False,False,False,0.0,0,0,0,0,0
0xc819896513b7d6304d36b6d0c0a93fd065b0f578,usdc,1806,2.236308694797441,2.0521967508660732,0.1085271317829457,7.532455901714108e-05,0.0045194735410284,0.1084673649846831,796552.9540816327,False,False,False,0.0,0,0,0,0,0
0x564a1220288158326f04917c22b339eac112e36d,usdc,293,2.402770628278416,0.6180494102943366,0.3037542662116041,0.0002108670949716,0.0126520256983017,0.3036486167592429,284539.4157303371,False,False,False,0.0,0,0,0,0,0
0xc86c23e2699c4202e4e372e364c6d06252bf7b72,usdc,1517,2.539171162280758,0.000499750145742199,0.044166117336849,3.0666686673755455e-05,0.0018400012004253,0.0441600288102078,1956520.462686567,False,False,False,0.0,0,0,0,0,0
0xa03129d6ad2cd10ea72cbf79e6d3c0439d50d5cd,usdc,267,2.2106236807333866,9.999000116652086e-05,0.1722846441947565,0.0001195867497881,0.0071752049872874,0.1722049196948978,501727.8260869565,False,False,False,0.0,0,0,0,0,0
0xd8a7d78f5f13318ea5c982170d13fec69151d170,usdc,272,2.2237266423814748,2.158336320772569,0.1433823529411764,9.922043269267463e-05,0.0059532259615604,0.1428774230774514,604714.1538461539,False,False,False,0.0,0,0,0,0,0
0xbf16fdee32279772903ceefa843e0d950aba5d94,usdc,711,2.3397282062308746,0.009822718547958171,0.8452883263009845,0.0005863697235749,0.0351821834144982,0.8443724019479573,102324.51913477536,False,False,False,0.0,0,0,0,0,0
0x55a8482731074c449aa93e94f20057c57dbb8838,usdc,759,2.838642976206556,2.8798298782199003,0.3965744400527009,0.0002751228272608,0.0165073696356532,0.3961768712556788,218084.4119601329,False,False,False,0.0,0,0,0,0,0
0x48d93dabf29aa5d86424a90ee60f419f1837649f,usdc,1466,2.686852660407729,0.0,0.1030013642564802,7.151373558241454e-05,0.0042908241349448,0.1029797792386769,838999.6622516556,False,False,False,0.0,0,0,0,0,0
0x825ada826a91c6eba2131f6212d009f20a5a204f,usdc,157,2.048136347402513,2.067970345786057,0.1273885350318471,8.795198525221111e-05,0.0052771191151326,0.126650858763184,682190.4,False,False,False,0.0,0,0,0,0,0
0xf1067c20133a6889cff091422d1c011bf8f27d4c,usdc,512,1.3291886461325664,1.026672031199051,0.017578125,1.220138135905493e-05,0.0007320828815432,0.017569989157039,4917476.0,False,False,False,0.0,0,0,0,0,0
0x44ac80629c6c6d44407802b5eb92f508dac442dc,usdc,189,2.1360879254650977,1.058426896056863,0.0634920634920634,4.406648457415986e-05,0.0026439890744495,0.0634557377867901,1361579.0,False,False,False,0.0,0,0,0,0,0
0x82574dd376cd0ede9aa2b954d287546513c9d9d0,usdc,659,2.1725599564397293,2.0885147843715632,0.0303490136570561,2.1046979172681134e-05,0.0012628187503608,0.0303076500086608,2850765.4,False,False,False,0.0,0,0,0,0,0
0x1512490e869f18e42f65e05aa5dfa42350d21dcc,usdc,1100,2.440247761353956,2.1519252521271723,0.1690909090909091,0.0001174235159403,0.0070454109564221,0.1690898629541307,510970.9032258064,False,False,False,0.0,0,0,0,0,0
0x644b00e80a4f26a9104bd5a942fed4d1f24f2800,usdc,1197,2.1587990678719136,2.194198980845326,0.0133667502088554,9.276542456372204e-06,0.0005565925473823,0.0133582211371759,6467927.0625,False,False,False,0.0,0,0,0,0,0
0x9d3a82412b6e7a4592140cffbb3741d648682549,usdc,1945,2.2266820574647417,9.999000116652086e-05,0.0339331619537275,2.356379264026709e-05,0.001413827558416,0.0339318614019846,2546279.409090909,False,False,False,0.0,0,0,0,0,0
0x78b4a503eb8d26c36256ac963d313a6c1589d67d,usdc,627,2.112847994589219,9.999000116652086e-05,0.0542264752791068,3.762013270169868e-05,0.0022572079621019,0.0541729910904461,1594890.705882353,False,False,False,0.0,0,0,0,0,0
0xd676c097bb1dfe621d2aa4b5b267c84ea619e748,usdc,1017,2.037200111195099,2.085485846815888,0.0294985250737463,2.048310355615354e-05,0.0012289862133692,0.0294956691208611,2929243.6,False,False,False,0.0,0,0,0,0,0
0xb56374374dbbaf79d3d2b962a95ce7449a818f44,usdc,810,2.0612570197080706,1.9423647672548685,0.045679012345679,3.169124708312049e-05,0.0019014748249872,0.0456353957996935,1893267.2432432435,False,False,False,0.0,0,0,0,0,0
0x2a0b46cf0e8ac3b56605b37457a7e6a421490b65,usdc,1071,1.5307081003100824,1.3692015230584764,0.0093370681605975,6.479411179621405e-06,0.0003887646707772,0.0093303520986548,9260100.7,False,False,False,0.0,0,0,0,0,0
0x642d9efce0bcf8549e557f2d8328e34f2a2db002,usdc,797,2.4229926471661543,2.20160164167615,0.0915934755332496,6.355633107177755e-05,0.0038133798643066,0.0915211167433596,944044.4246575342,False,False,False,0.0,0,0,0,0,0
0x2f020d75e4e8bd8af539f9df87c82f66f58909fd,usdc,306,2.11793746226156,1.9991235767837494,0.0686274509803921,4.753105588656283e-05,0.0028518633531937,0.0684447204766504,1262332.5714285714,False,False,False,0.0,0,0,0,0,0
0x99fba4de1aa39ad8a1472276a0c334fbe0b53505,usdc,389,2.2690756638466962,2.2720930397111068,0.0745501285347043,5.174950811200306e-05,0.0031049704867201,0.0745192916812844,1159431.3103448276,False,False,False,0.0,0,0,0,0,0
0x57b6d465312899ef2890b97a3a6b21530c937c5e,usdc,1228,2.3713503202278297,0.0009980031607195146,0.1050488599348534,7.294278447148768e-05,0.0043765670682892,0.1050376096389422,822562.5116279069,False,False,False,0.0,0,0,0,0,0
0xb486f11ed817bb6c7e53021166b1519057cb5729,usdc,878,2.0379509074822684,1.6752938496919143,0.164009111617312,0.0001137667797605,0.0068260067856353,0.1638241628552491,527394.7291666666,False,False,False,0.0,0,0,0,0,0
0x097ba36cb9b421689a30911cc0d40b607d5d5d0f,usdc,703,1.766450031551988,0.0,0.0184921763869132,1.2830838228791612e-05,0.0007698502937274,0.0184764070494599,4676233.846153846,False,False,False,0.0,0,0,0,0,0
0x2620fae8ba885a38167876e2b865c76da9da46b4,usdc,1215,2.275758253595245,0.0,0.0230452674897119,1.5992498908773732e-05,0.0009595499345264,0.0230291984286341,3751758.892857143,False,False,False,0.0,0,0,0,0,0
0xa2a99dce6eec7a0bc86c190ebff27210980ed234,usdc,230,1.23117636425127,1.741822537465202,0.2521739130434782,0.0001745383460746,0.0104723007644779,0.2513352183474709,343764.0,False,False,False,0.0,0,0,0,0,0
0x8d45719cb5c409781217c8b28723de5765b87d83,usdc,997,2.17596930706247,2.126057576830448,0.0651955867602808,4.523598289996334e-05,0.0027141589739978,0.0651398153759472,1326377.723076923,False,False,False,0.0,0,0,0,0,0
0x8fc32f2ab3de2a24544d6c3b7a9d6c6ef6e6561c,usdc,631,2.2276735494950444,2.303444169471526,0.0887480190174326,6.153918174976443e-05,0.0036923509049858,0.0886164217196607,974988.5892857144,False,False,False,0.0,0,0,0,0,0
0x09437d2d45ddfeea802b20416f4ae9df2e334d05,usdc,486,2.2378679845516856,2.3492941722809397,0.3148148148148148,0.000218220405462,0.0130932243277242,0.3142373838653822,274951.3725490196,False,False,False,0.0,0,0,0,0,0
0xa2f72d2eddf79e4cf526f75070f3610b2f2da1b4,usdc,1641,2.494240344921536,0.0,0.2029250457038391,0.0001408402929444,0.0084504175766655,0.2028100218399731,426014.4504504505,False,False,False,0.0,0,0,0,0,0
0xa3d23392cc02ed92f74f16516fc080b990a46199,usdc,220,2.18364620415469,0.00010498897635034066,0.0772727272727272,5.354175564046648e-05,0.0032125053384279,0.0771001281222717,1120620.705882353,False,False,False,0.0,0,0,0,0,0
0xf655e1235d6b51f66d655ec381607f5549d060df,usdc,1610,2.3673353476964034,2.4233767783936093,0.0198757763975155,1.3794581509936933e-05,0.0008276748905962,0.0198641973743091,4349533.90625,False,False,False,0.0,0,0,0,0,0
0x7c1593c39b048bb19e255679ba8505ac7e5f4d12,usdc,743,1.6645364886288467,0.0,0.0107671601615074,7.472968870414049e-06,0.0004483781322248,0.0107610751733962,8028937.5,False,False,False,0.0,0,0,0,0,0
0xbd5e399b68755f5725d875f6e78c90ed9576e3cb,usdc,511,2.3008291595251844,1.223156202527103,1.2113502935420744,0.0008404112068223,0.0504246724093408,1.2101921378241796,71393.62197092084,False,False,False,0.0,0,0,0,0,0
0x9c35894d3f72d54cf068effe9e8b004087b710c3,usdc,479,2.3699734487921655,0.000499750145742199,0.231732776617954,0.0001606586134727,0.0096395168083646,0.231348403400752,373462.7027027027,False,False,False,0.0,0,0,0,0,0
0x898a126c54cd0b3a57530a35b6005cf1c47fd1f0,usdc,1871,2.209920700774975,2.2531214580854177,0.0197755211117049,1.3732774291474522e-05,0.0008239664574884,0.0197751949797233,4369109.891891892,False,False,False,0.0,0,0,0,0,0
0xb284f19ffa703daadf6745d3c655f309d17370a5,usdc,926,2.320144816042323,2.172163944100297,0.3542116630669546,0.0002459569698281,0.0147574181896877,0.3541780365525052,243945.10975609755,False,False,False,0.0,0,0,0,0,0
0x34443f194506b306200e6fad5c0a99e1d6c26199,usdc,996,2.035963414726148,1.5504460211620947,0.251004016064257,0.0001741731824854,0.0104503909491254,0.2508093827790097,344484.72,False,False,False,0.0,0,0,0,0,0
0xf68508780e526f186dcb70bbeab655b42b68c44a,usdc,470,2.059589277368383,2.069086332584731,0.102127659574468,7.089002525161775e-05,0.004253401515097,0.1020816363623295,846381.4166666666,False,False,False,0.0,0,0,0,0,0
0xd05a3dd9201dbe8c62e35732d10d0ee18d44cc6b,usdc,142,2.4295228274146536,0.0,0.0352112676056338,2.4384914906400944e-05,0.001463094894384,0.0351142774652173,2460537.6,False,False,False,0.0,0,0,0,0,0
0x742d35Cc6634C0532925a3b844Bc454e4438f44e,usdc,772,2.67906492297643,1.3953517823768404,0.0854922279792746,5.931639472795884e-05,0.0035589836836775,0.0854156084082607,1011524.7272727272,False,False,False,0.0,0,0,0,0,0
0x5994a8fae1446c212d6565e95145e8f0371e754d,usdc,472,2.210667312519776,2.0009813430815147,0.2330508474576271,0.00016182710451,0.0097096262706002,0.2330310304944053,370766.0727272728,False,False,False,0.0,0,0,0,0,0
0xd495697685a7fc3b76f7877ec8565c27204a7c4d,usdc,897,2.3132429405062793,2.216982856364856,0.2887402452619844,0.0002004357891954,0.0120261473517247,0.2886275364413933,299347.73745173746,False,False,False,0.0,0,0,0,0,0
0x3dffcec91ce00b1a575ee0f9c08209f59c344601,usdc,695,2.2109166145090047,2.3121919306039964,0.0158273381294964,1.097582245828888e-05,0.0006585493474973,0.0158051843399359,5466560.727272728,False,False,False,0.0,0,0,0,0,0
0x15ba20e2b5fd117ca2dbd8d94c07f037e5eb3364,usdc,645,2.469534980201187,1.392150407624979,0.0232558139534883,1.6145257373700496e-05,0.000968715442422,0.0232491706181287,3716261.6,False,False,False,0.0,0,0,0,0,0
0xd9d9cb8037d8a11a511398c3a790ded9bdf21b08,usdc,1307,2.4596688730996425,2.1979688386872795,0.3236419280795715,0.0002246910716877,0.0134814643012675,0.3235551432304214,267033.3073286052,False,False,False,0.0,0,0,0,0,0
0x0a6db4d1817242bf315072ff39b27f7f5cfe8dc2,usdc,494,2.3763992890532917,2.1138162239201175,0.1012145748987854,7.016029382008487e-05,0.004209617629205,0.1010308231009222,855184.56,False,False,False,0.0,0,0,0,0,0
0x4b2d4882c92a5d9a8ebeb0895dd079e62bfadc44,usdc,1721,2.455170039944026,2.1602940901054724,0.041255084253341,2.863304819701527e-05,0.0017179828918209,0.0412315894037019,2095480.704225352,False,False,False,0.0,0,0,0,0,0
0xed8da114c357f959322aa56f23a37698984b2b7c,usdc,893,2.3234075198569597,2.3890872825709972,0.0078387458006718,5.440818199567968e-06,0.000326449091974,0.0078347782073778,11027753.142857144,False,False,False,0.0,0,0,0,0,0
0x1e0fa0e83f3c55da84fc078f106530d07c8e211d,usdc,542,2.2972178904488803,1.3818875262575725,0.2084870848708487,0.0001445460473819,0.0086727628429163,0.2081463082299914,415092.6371681416,False,False,False,0.0,0,0,0,0,0
0x6d1725cf5b9b4915754cf33bd257822e5ccc9845,usdc,139,1.6040180727432543,1.58516220909631,0.1223021582733813,8.465275440144527e-05,0.0050791652640867,0.1218999663380811,708777.8823529412,False,False,False,0.0,0,0,0,0,0
0x26ca0fea5c32ef8297c0c98d12fd3b41bbf51b03,usdc,1604,2.4504475788982414,9.999900001166651e-06,0.5953865336658354,0.0004132837087067,0.0247970225224041,0.5951285405377007,145178.72041884816,False,False,False,0.0,0,0,0,0,0
0x67d21ebd269d61ef8cd9f0f3698869b3d818a4b5,usdc,792,2.357307664260385,2.381294072438374,0.0202020202020202,1.4028973835072371e-05,0.0008417384301043,0.0202017223225042,4276863.0625,False,False,False,0.0,0,0,0,0,0
0x968af8c01d117ac36abcd1374eee7799bf53cf42,usdc,1952,2.2853993411042577,0.0005177318380521928,0.1757172131147541,0.0001220024030323,0.0073201441819419,0.1756834603666064,491793.5918367347,False,False,False,0.0,0,0,0,0,0
0xadc8ebd41f6f37c94aa69d9df8642939f70f4b14,usdc,390,2.2375554400126516,9.999000116652086e-05,0.0641025641025641,4.447388813500707e-05,0.0026684332881004,0.0640423989144101,1349106.24,False,False,False,0.0,0,0,0,0,0
0x2bcce259cea9ffe4153eda976a4423b68acbce90,usdc,1053,2.454462270945564,0.0,0.3475783475783476,0.0002413543062751,0.0144812583765111,0.3475502010362672,248597.18032786885,False,False,False,0.0,0,0,0,0,0
0x22172faa23c6f8bf69cc6ed52e91ced0de11437f,usdc,1262,2.395208257019407,2.3471323108999953,0.2297939778129952,0.000159478716502,0.0095687229901254,0.2296493517630115,376225.7517241379,False,False,False,0.0,0,0,0,0,0
0x0094cfba72efcafe4d45c257a713414b9502a348,usdc,1977,2.474860995492117,2.3001126800052636,0.0804248861911987,5.584289574143658e-05,0.0033505737444861,0.0804137698676686,1074442.849056604,False,False,False,0.0,0,0,0,0,0
0x20b9344d97f596ef3d9fc85bbf78ee004be6285f,usdc,178,1.3002148859125893,1.2224863537537975,1.2640449438202248,0.0008757289957373,0.0525437397442404,1.2610497538617702,68514.34666666666,False,False,False,0.0,0,0,0,0,0
0x5b7beb30a2009d1b6d388ce319572556b24861af,usdc,1293,2.2100233185222846,1.527108265226384,0.0278422273781902,1.9332237660863683e-05,0.0011599342596518,0.0278384222316437,3103624.1666666665,False,False,False,0.0,0,0,0,0,0
0x5d85ff7dc567454a1f35e2f6bd6cff866d4604dc,usdc,597,2.260851498420737,0.09103759238300538,0.1390284757118928,9.642083535759004e-05,0.0057852501214554,0.1388460029149296,622272.1445783132,False,False,False,0.0,0,0,0,0,0
0xf1ccae9484753b579a416d5a2806e5a03c18f96d,usdc,896,2.176080962525326,0.0,0.1160714285714285,8.052070884238165e-05,0.0048312425305428,0.1159498207330295,745149.9230769231,False,False,False,0.0,0,0,0,0,0
0xf22ac3c430c4d0ff0995dc0c9bccc6bb4a67d8b6,usdc,812,2.278478472073138,0.0,0.4519704433497536,0.000313524186127,0.0188114511676255,0.4514748280230138,191372.79564032692,False,False,False,0.0,0,0,0,0,0
0x0ff1dc76ad77773233fa00c8bad5b9372a030af3,usdc,315,2.1416102888003823,2.120618973641254,0.0222222222222222,1.5405743261087733e-05,0.0009243445956652,0.0221842702959663,3894651.4285714286,False,False,False,0.0,0,0,0,0,0
0x591be26c53aa3ed600c1c994ecbc2deb545bebb4,usdc,522,2.3638318785780146,0.0,0.0613026819923371,4.256812429679454e-05,0.0025540874578076,0.0612980989873841,1409505.375,False,False,False,0.0,0,0,0,0,0
0xa76b0152fe8bc2ec3cbfac3d3ecee4a397747051,usdc,1243,2.2115879414155204,0.0,0.0635559131134352,4.410364669607021e-05,0.0026462188017642,0.0635092512423411,1360431.721518987,False,False,False,0.0,0,0,0,0,0
0x13fb4c7e6525a24417caa8b026d3ff900685ef51,usdc,1305,1.840350943604259,1.841042510839167,0.0061302681992337,4.255867921976287e-06,0.0002553520753185,0.0061284498076458,14098181.875,False,False,False,0.0,0,0,0,0,0
0x4aa24d7dd60760d672b8cbc07b4bc409b4338488,usdc,1241,1.9914943565069807,1.6574754011189932,0.0394842868654311,2.741126579342268e-05,0.0016446759476053,0.0394722227425286,2188881.0408163266,False,False,False,0.0,0,0,0,0,0
0x94a5ccd497590acaa9caad2031e8ef4bad37ccb6,usdc,859,2.2761122999049714,2.315768779895263,0.009313154831199,6.460630693228904e-06,0.0003876378415937,0.0093033081982496,9287019.0,False,False,False,0.0,0,0,0,0,0
0xc3e8681e1491658fe115179ee521af89f4593784,usdc,587,2.266864792995251,2.214910484678108,0.0494037478705281,3.4251744653952264e-05,0.0020551046792371,0.0493225123016912,1751735.5862068965,False,False,False,0.0,0,0,0,0,0
0x38407376bc9e65762a2bdf081ccd1048f923ceb0,usdc,2063,2.422397843924563,0.0,0.1454192922927775,0.0001009373824797,0.0060562429487878,0.1453498307709079,594427.9366666666,False,False,False,0.0,0,0,0,0,0
0xdd2f13379de8f85baf0f1a284102f5ede75b5d07,usdc,453,1.7791873481753089,1.7582116793788753,0.0309050772626931,2.144887782535343e-05,0.0012869326695212,0.0308863840685089,2797349.1428571427,False,False,False,0.0,0,0,0,0,0
0x392efece6d6d03be1b02c64d33a7f606d3399cc5,usdc,533,2.4255446273198262,0.0,0.2101313320825516,0.0001459147644114,0.0087548858646895,0.2101172607525502,411198.9642857143,False,False,False,0.0,0,0,0,0,0
0x0e245e7f432dc5f464b953796f4d2dbcdcd7a2a6,usdc,1528,2.052140154852955,1.8290738550946768,0.0229057591623036,1.5901434609257378e-05,0.0009540860765554,0.0228980658373306,3773244.4571428574,False,False,False,0.0,0,0,0,0,0
0x8738393e9dfc3f8973a338b8c690f458bd62584f,usdc,718,2.2425922871134714,2.2705422994776776,0.6573816155988857,0.0004563868241897,0.0273832094513843,0.6571970268332246,131467.42372881356,False,False,False,0.0,0,0,0,0,0
0x37c4cd7d1fcd69bec34ca3496c2114c1614d0207,usdc,606,2.23672528300157,1.3041239732403127,0.1749174917491749,0.0001213919117256,0.007283514703538,0.1748043528849131,494266.8679245283,False,False,False,0.0,0,0,0,0,0
0x411ec29a5619d17eee9623f1a9a74bcda5a2ca81,usdc,1309,2.5905308206450917,2.5974329446376183,0.1375095492742551,9.547428464234693e-05,0.0057284570785408,0.1374829698849795,628441.4722222222,False,False,False,0.0,0,0,0,0,0
0xabbf477f48bd6ef6677871d872db9d092a66ab11,usdc,456,2.20591895158714,1.7556362794594436,0.6118421052631579,0.0004243742305365,0.0254624538321905,0.6110988919725736,141384.64516129033,False,False,False,0.0,0,0,0,0,0
0xdeb8d3ab7aecfc9b939f0f2bbb6a46f569b26075,usdc,208,2.1173003090303846,0.00033488781884286804,1.9855769230769231,0.0013751741443286,0.0825104486597213,1.980250767833312,43630.83777239709,False,False,False,0.0,0,0,0,0,0
0xf3e8d03b200348308db705934f6ed428b8f289dd,usdc,1002,2.0620945985861763,1.2484412575662103,0.0528942115768463,3.67229747660504e-05,0.002203378485963,0.0528810836631125,1633854.566037736,False,False,False,0.0,0,0,0,0,0
0xc00f681cea47db9a130e073e6d0a16ad4622c389,usdc,748,2.417875059722891,0.0002089563296480693,0.2540106951871658,0.0001762955262319,0.0105777315739163,0.2538655577739925,340337.6210526316,False,False,False,0.0,0,0,0,0,0
0xe52e74f9ad5378aefe90c41b54774c437594a2d1,usdc,231,2.1726984250386843,2.0563771710698022,0.2294372294372294,0.0001589871856328,0.0095392311379702,0.2289415473112867,377388.90566037735,False,False,False,0.0,0,0,0,0,0
0x410597c10286798bb2961c5bc4dbd0db90ed8b1f,usdc,278,2.1018527120815174,2.0012393763817564,0.1151079136690647,7.986510783287029e-05,0.0047919064699722,0.1150057552793332,751266.75,False,False,False,0.0,0,0,0,0,0
0x73445f285fe090d4aa29253d07802b046cd7e2a2,usdc,461,2.343809318563542,0.0002469390085752899,0.0303687635574837,2.1063964942340405e-05,0.0012638378965404,0.0303321095169701,2848466.571428572,False,False,False,0.0,0,0,0,0,0
0x52fbbf693756d223ab33909808dd29a40b82cd53,usdc,342,2.200444887685131,2.209474660429385,0.1257309941520467,8.725058001344876e-05,0.0052350348008069,0.1256408352193662,687674.5116279069,False,False,False,0.0,0,0,0,0,0
0x1bff9534448036c5f2c8dcf9f71824f1106177e9,usdc,396,2.458162999034037,0.00027492439925462124,0.0555555555555555,3.8563326767050514e-05,0.002313799606023,0.0555311905445527,1555882.3636363635,False,False,False,0.0,0,0,0,0,0
0x62ebaab7534836c992b3638b3c5ce257e7190b99,usdc,168,2.3989749178915494,2.4997561050183887,0.0654761904761904,4.544294060442416e-05,0.0027265764362654,0.0654378344703707,1320337.0909090908,False,False,False,0.0,0,0,0,0,0
0xfc9b9542c8d9c5b6a15cad5754ed13e92aad9d7f,usdc,1414,2.31607206354419,0.00021095548995668148,0.086987270155587,6.0384986197775885e-05,0.0036230991718665,0.0869543801247972,993624.4715447156,False,False,False,0.0,0,0,0,0,0
0x3510b18fcad3df6d56ec31ad7ff834f775dbce5f,usdc,777,2.452024463251275,0.7412763113750153,0.0476190476190476,3.3032145634266296e-05,0.0019819287380559,0.0475662897133434,1816412.4324324324,False,False,False,0.0,0,0,0,0,0
0x2e385361b2c5f4fd378ccde0bab02ceebdf59b8b,usdc,124,2.0747253081232335,1.9763847732858002,0.1854838709677419,0.0001287165504859,0.0077229930291593,0.185351832699824,466140.5217391304,False,False,False,0.0,0,0,0,0,0
0x58d91559354fad3357604450444171059d752881,usdc,351,2.302725389472252,0.0,0.168091168091168,0.0001167128902463,0.0070027734147817,0.1680665619547628,514082.0338983051,False,False,False,0.0,0,0,0,0,0
0x451248229712d6f207ff9466d8d3a33cb59d103c,usdc,2065,2.1858247007569505,2.063382700423662,0.0871670702179176,6.05113206595734e-05,0.0036306792395744,0.0871363017497856,991550.0,False,False,False,0.0,0,0,0,0,0
0x5fe7d8dc42365b765576abc051a308aed2e0555d,usdc,262,2.468332701201663,2.047135695723699,0.0458015267175572,3.176014736708378e-05,0.001905608842025,0.0457346122086006,1889160.0,False,False,False,0.0,0,0,0,0,0
0x3d066fcb11ebc18916e526922227298bb41cd5d8,usdc,595,2.5055002002058577,2.4728667311367962,0.4336134453781513,0.0003010514396559,0.0180630863793593,0.4335140731046245,199301.48837209304,False,False,False,0.0,0,0,0,0,0
0x3b0fa4dfcc90e5f64677831a72ae7f09f6e6136e,usdc,1267,2.33798590126603,2.105182426343464,0.1033938437253354,7.176442751457281e-05,0.0043058656508743,0.1033407756209848,836068.8167938931,False,False,False,0.0,0,0,0,0,0
0xad0adf554eeac313b1c2fc06526c0ac969c584ad,usdc,379,2.0706864816576305,2.2686280540055863,0.0686015831134564,4.762732279369175e-05,0.0028576393676215,0.0685833448229161,1259781.076923077,False,False,False,0.0,0,0,0,0,0
0x256530ce969f76ece1cf66998aef0eab6a940fa8,usdc,2083,2.5743953351619235,0.0,0.3163706192990878,0.0002196475195042,0.0131788511702571,0.3162924280861717,273164.93323216995,False,False,False,0.0,0,0,0,0,0
0xc6e827ca96fa8c72268f5340ab0640f7ef6c22f8,usdc,1081,2.36440469962614,2.0773948263509694,0.0823311748381128,5.712739087224111e-05,0.0034276434523344,0.0822634428560272,1050284.269662921,False,False,False,0.0,0,0,0,0,0
0xf939833e5cd4c19aa739347eb9e1ecd34ac9cd87,usdc,212,2.068867731856215,1.8913978146103043,0.5094339622641509,0.0003528210328378,0.0211692619702702,0.5080622872864861,170057.88888888888,False,False,False,0.0,0,0,0,0,0
0xcf3c13502f390a8dfcad8d3c0b0d5d31e5cdecc5,usdc,288,2.117133768671609,1.9629116101764814,0.0416666666666666,2.884344977273765e-05,0.0017306069863642,0.0415345676727422,2080195.0,False,False,False,0.0,0,0,0,0,0
0x54bdea1d1a95889cd57465833532112135127d2f,usdc,555,1.9683634674198252,0.0,0.0342342342342342,2.3773059868072028e-05,0.0014263835920843,0.0342332062100237,2523865.263157895,False,False,False,0.0,0,0,0,0,0
0xb7c121a985f7f7fd6056bc2fbeb872afaf7c225c,usdc,591,2.0577438400191683,1.9172900776429251,0.0575296108291032,3.992273541659169e-05,0.0023953641249955,0.057488738999892,1502903.0294117648,False,False,False,0.0,0,0,0,0,0
0x98fe5c5d53c04040b0549a3eaf7d4dbee38a1cc3,usdc,137,2.16912496021953,2.0512404925299204,0.0510948905109489,3.546663451025138e-05,0.002127998070615,0.0510719536947619,1691730.857142857,False,False,False,0.0,0,0,0,0,0
0xceae7673553c90d0a3cd1a494da35ede63910cbf,usdc,460,2.444061044485962,2.1934276821422247,0.5217391304347826,0.0003622058699686,0.0217323521981217,0.5215764527549228,165651.65,False,False,False,0.0,0,0,0,0,0
0xd8fec4addeffd9d2e19cc0c99234b65818bbaeb1,usdc,1062,2.471864030330633,0.0009990011652101975,0.1318267419962335,9.152689746699311e-05,0.0054916138480195,0.13179873235247,655545.0,False,False,False,0.0,0,0,0,0,0
0xb49579d9d1b40b77e31d2b171b0dfe273a1f96da,usdc,303,1.9612375134403417,9.999000116652086e-05,0.0495049504950495,3.429209457485347e-05,0.0020575256744912,0.0493806161877889,1749674.4,False,False,False,0.0,0,0,0,0,0
0xb981290d9d804075986482f0302c03a3cd2aff32,usdc,1446,2.366785075146763,0.0,0.1286307053941908,8.927833156653968e-05,0.0053566998939923,0.1285607974558171,672055.5698924732,False,False,False,0.0,0,0,0,0,0
0xca80eadbefe9dc962e848079ed1f627963050432,usdc,371,1.9893731825904741,2.047538223727699,0.0835579514824797,5.7987475453527534e-05,0.0034792485272116,0.0835019646530796,1034706.1935483871,False,False,False,0.0,0,0,0,0,0
0x687a19e7fd7c3254f55e9bd405573e6055c3b134,usdc,194,1.9103610681358945,1.9194322072067609,0.056701030927835,3.925565566937316e-05,0.0023553393401623,0.0565281441638973,1528442.181818182,False,False,False,0.0,0,0,0,0,0
0x5c3c4a4998e2883d91957d1659b492d56b853f46,usdc,176,2.428709898980554,0.0,1.5909090909090908,0.0011035204667576,0.0662112280054576,1.5890694721309846,54371.44285714286,False,False,False,0.0,0,0,0,0,0
0x32870da25ebc291266dcd810159e033234a801dc,usdc,289,2.3839641515716923,2.3907744372529875,0.2006920415224913,0.000139362440861,0.008361746451664,0.2006819148399374,430532.0689655172,False,False,False,0.0,0,0,0,0,0
0xc02aaa39b223fe8d0a0e5c4f27ead9083c756cc2,usdc,411,0.7307554639161404,0.0,0.0462287104622871,3.207383328899267e-05,0.0019244299973395,0.0461863199361494,1870683.7894736845,False,False,False,0.0,0,0,0,0,0
0x87263a1ac2c342a516989124d0dba63df6d0e790,usdc,478,1.8800788232609829,1.8882238580209245,0.100418410041841,6.973289806122931e-05,0.0041839738836737,0.1004153732081702,860426.0208333334,False,False,False,0.0,0,0,0,0,0
0x088802c9b1396b104fe6b48d4cda45e0660e68f9,usdc,223,2.5188213005019846,2.482268834369803,0.1031390134529148,7.161383330167794e-05,0.0042968299981006,0.1031239199544162,837826.9565217391,False,False,False,0.0,0,0,0,0,0
0xb152d446b4f66367dcc5976fbe765a993730fb6c,usdc,1272,2.537882800975921,2.243691353571628,0.7342767295597484,0.0005095236553903,0.0305714193234209,0.733714063762103,117757.04496788008,False,False,False,0.0,0,0,0,0,0
0x223592a191ecfc7fdc38a9256c3bd96e771539a9,usdc,710,2.35051604293407,9.999000116652086e-05,0.4070422535211268,0.0002825247585537,0.0169514855132252,0.4068356523174068,212370.76816608995,False,False,False,0.0,0,0,0,0,0
0x9bf416407196a9dc37c76f153058c5c4bd2b9d1b,usdc,205,1.9377413901440717,9.999000116652086e-05,0.0585365853658536,4.045449274111552e-05,0.0024272695644669,0.0582544695472063,1483148.0,False,False,False,0.0,0,0,0,0,0
0x02a39a26ed5067c022cab41b42e119d20a49b27a,usdc,339,2.2618246896098597,0.0,0.0619469026548672,4.2936075135678e-05,0.0025761645081406,0.0618279481953763,1397426.2857142857,False,False,False,0.0,0,0,0,0,0
0x5d2ca9c220f66a5f181e53bac510fe1e1a0ba268,usdc,1374,2.249797585316372,0.0001939623725161756,0.1382823871906841,9.599002107949284e-05,0.0057594012647695,0.1382256303544696,625064.9736842106,False,False,False,0.0,0,0,0,0,0
0xfca0b98ca10c08e9657c662d0e0e43afe1eebdcc,usdc,535,2.2307427377889626,1.797982062793749,0.0093457943925233,6.4826392328289145e-06,0.0003889583539697,0.0093350004952736,9255489.6,False,False,False,0.0,0,0,0,0,0
0x3bc38718e39dc2412027e797cbf8e20e985a2b45,usdc,171,2.2128927924017967,0.0009780426523613567,0.0350877192982456,2.4329933360312528e-05,0.0014597960016187,0.03503510403885,2466098.0,False,False,False,0.0,0,0,0,0,0
0x075e72a5edf65f0a5f44699c7654c1a76941ddc8,usdc,1354,2.745934709276905,9.999000116652086e-05,0.0361890694239291,2.51278711637636e-05,0.0015076722698258,0.0361841344758195,2387786.836734694,False,False,False,0.0,0,0,0,0,0
0x93494cf5ac326a1c85477bbe8986d8352f3d0e03,usdc,1241,2.431780027867324,0.0009990011652101975,0.1144238517324738,7.94607324645552e-05,0.0047676439478733,0.1144234547489595,755089.9436619718,False,False,False,0.0,0,0,0,0,0
0xe78b4eff96dd4ca9e49995335532410f69394cfb,usdc,1192,1.9874807304053492,1.7254630513334037,0.084731543624161,5.882397992739432e-05,0.0035294387956436,0.0847065310954478,1019992.188118812,False,False,False,0.0,0,0,0,0,0
0x642b5a4872eea5a5fb67121794edd41d7d560db2,usdc,414,2.072687566626196,1.941425985916466,0.0265700483091787,1.8442438801281715e-05,0.0011065463280769,0.0265571118738456,3253365.8181818184,False,False,False,0.0,0,0,0,0,0
0x7592ca1ad468ddac5a97a5625c1c55e36338f786,usdc,784,2.320927005542228,1.9482283094726636,0.0204081632653061,1.4164112847611676e-05,0.0008498467708567,0.0203963225005608,4236057.75,False,False,False,0.0,0,0,0,0,0
0xe3e09f35cd91543a20728a25b259b2d826a48122,usdc,1704,2.189708508534736,2.153995742651871,0.0123239436619718,8.553672137271775e-06,0.0005132203282363,0.0123172878776713,7014531.19047619,False,False,False,0.0,0,0,0,0,0
0x7eec54ba858a2bdd9f1317ed9074f13d07f8a4e6,usdc,1367,2.3098624443575893,0.0,0.0351133869787856,2.4381660764950225e-05,0.001462899645897,0.0351095915015283,2460866.0,False,False,False,0.0,0,0,0,0,0
0xb63484510ef1998c020ceb3074623c90f9eced84,usdc,146,1.9323125574872964,0.0,2.4315068493150687,0.0016874981580125,0.1012498894807544,2.4299973475381065,35555.59436619718,False,False,False,0.0,0,0,0,0,0
0x18fa489086a9f994e0ffeb8d2c148df913afdabb,usdc,398,1.748737290189927,1.6313704001963978,0.0251256281407035,1.7413228864795043e-05,0.0010447937318877,0.0250750495653048,3445656.2,False,False,False,0.0,0,0,0,0,0
0x4d08babf6cceb890b0fe2889c5a4e7868409f7e6,usdc,1023,2.2857212633275403,2.0667013065789477,0.0068426197458455,4.750513869871753e-06,0.0002850308321923,0.0068407399726153,12630212.57142857,False,False,False,0.0,0,0,0,0,0
0x1defcd0d38b2d481b48c237fad367f381700d96d,usdc,837,2.3922264730726472,2.3483381697052104,0.1170848267622461,8.130320070790199e-05,0.0048781920424741,0.1170766090193788,737978.3265306122,False,False,False,0.0,0,0,0,0,0
0x09852a0d95bace7857ceccaedb5b366c58e01fee,usdc,1416,2.1429990374537824,0.0,0.0077683615819209,5.3910783387640414e-06,0.0003234647003258,0.0077631528078202,11129498.818181818,False,False,False,0.0,0,0,0,0,0
0x9b4da8243fced2f6b0ea59c098ccc6724f309ea0,usdc,1591,2.636260344078204,0.0,0.3645505971087366,0.0002531567169493,0.0151894030169602,0.3645456724070461,237007.3396551724,False,False,False,0.0,0,0,0,0,0
0x5c36d1620443c40d734efe85dd8be233d4cc05fc,usdc,445,2.1723548397651853,2.0907411873032014,0.0696629213483146,4.8274032058940415e-05,0.0028964419235364,0.0695146061648741,1242904.258064516,False,False,False,0.0,0,0,0,0,0
0xec260369cd81a0d99a120ab415c142a4e108cbd8,usdc,575,2.5944202280241306,0.0,0.0504347826086956,3.499379282516232e-05,0.0020996275695097,0.0503910616682337,1714589.7931034483,False,False,False,0.0,0,0,0,0,0
0x07dcc6df5e6cbddfceb85d2557a7bdfd7e072a70,usdc,641,2.0298082510765334,1.1715163707871388,0.0140405616224648,9.74721359653987e-06,0.0005848328157923,0.0140359875790174,6155605.333333333,False,False,False,0.0,0,0,0,0,0
0x377ba83da071adffd03752726cb8c0e74235a143,usdc,653,2.136430990687499,2.2339176351179253,0.0382848392036753,2.655342868492552e-05,0.0015932057210955,0.0382369373062927,2259595.2,False,False,False,0.0,0,0,0,0,0
0x9582e585629cdf48fa2463bc39cce51a115070ea,usdc,373,2.2673063758853886,2.155959238349373,0.0723860589812332,5.016040181825884e-05,0.0030096241090955,0.0722309786182927,1196162.6666666667,False,False,False,0.0,0,0,0,0,0
0xbd9df20889bd5bef96abdecdd7891df26bca2b67,usdc,1799,2.1800559572271183,0.0,0.0061145080600333,4.245562157297499e-06,0.0002547337294378,0.0061136095065083,14132404.090909092,False,False,False,0.0,0,0,0,0,0
0x73b96d53a0d601295b65189c8a2808ce3a9c03f9,usdc,1364,1.9026703045147504,0.0,0.1869501466275659,0.0001298195827681,0.0077891749660905,0.1869401991861737,462179.8862745098,False,False,False,0.0,0,0,0,0,0
0x0580bd38c03fa2d41aaddc020b5d475653612f62,usdc,749,2.301988722409967,0.0,0.1241655540720961,8.613376110014115e-05,0.0051680256660084,0.1240326159842032,696590.9677419355,False,False,False,0.0,0,0,0,0,0
0x96cfb27c106c360692086a7ba82ed71391a10b66,usdc,986,2.4891407116498088,2.232558032829281,0.1582150101419878,0.0001098623424848,0.0065917405490919,0.1582017731782077,546138.0,False,False,False,0.0,0,0,0,0,0
0xac38125fd389d4a1cffda13051f9e83174633c72,usdc,1142,1.9765463160911332,1.618038476522685,0.0122591943957968,8.512452562838014e-06,0.0005107471537702,0.0122579316904867,7048497.428571428,False,False,False,0.0,0,0,0,0,0
0xb85ce9eccd1360bd649ff41056470ec61dae5cae,usdc,651,2.4593533170221376,9.999000116652086e-05,0.1966205837173579,0.0001364415281962,0.0081864916917768,0.1964758006026451,439748.8125,False,False,False,0.0,0,0,0,0,0
0x7e7a632188163a562aff37c2b67fea292d5e83f3,usdc,853,2.0439955442260906,1.9763847732858002,0.0328253223915592,2.277266957580291e-05,0.0013663601745481,0.0327926441891561,2634737.214285714,False,False,False,0.0,0,0,0,0,0
0x5926a5244bc6bec6c5b1892288db2e4b858f7583,usdc,917,2.336199914564852,0.00021295464227111109,0.2868047982551799,0.0001991660169159,0.011949961014956,0.2867990643589459,301256.21292775666,False,False,False,0.0,0,0,0,0,0
0xb50bab0ff3f28250556fd6f030911c69e0c524df,usdc,839,2.110606991272288,2.2093583349384005,0.0286054827175208,1.985439859516894e-05,0.0011912639157101,0.0285903339770432,3022000.375,False,False,False,0.0,0,0,0,0,0
0x33cb0c602d9d2965c5538731bab28f122988f74e,usdc,1511,2.3194830826751276,9.999000116652086e-05,0.172071475843812,0.0001194621977267,0.0071677318636052,0.1720255647265255,502250.9307692308,False,False,False,0.0,0,0,0,0,0
0x7bd456937104ca5efffbd895ccbba52421021c29,usdc,262,2.1180607034278647,9.999000116652086e-05,0.0229007633587786,1.5898621907453062e-05,0.0009539173144471,0.0228940155467324,3773912.0,False,False,False,0.0,0,0,0,0,0
0x2ab8d9ace993ced73832c5488b12481e7dfd40ef,usdc,1369,2.3644959425663745,0.00046778109551713263,0.4952520087655223,0.000343838033218,0.020630281993083,0.4951267678339925,174500.76548672566,False,False,False,0.0,0,0,0,0,0
0x15a24d5d19caef1a33f0740b3c21c941655a20ae,usdc,469,2.5303198032520906,2.4255996420169277,0.2878464818763326,0.0001995115956139,0.0119706957368362,0.2872966976840694,300734.4,False,False,False,0.0,0,0,0,0,0
0x57757e3d981446d585af0d9ae4d7df6d64647806,usdc,1400,2.4698079377770603,1.841959644551232,0.0185714285714285,1.289185964348124e-05,0.0007735115786088,0.0185642778866129,4654099.692307692,False,False,False,0.0,0,0,0,0,0
0xaebb1ac559b767b848ea9645e86dfc99c8d0a69a,usdc,1090,2.0554267195567544,0.0,0.0146788990825688,1.01893421773427e-05,0.0006113605306405,0.0146726527353734,5888505.75,False,False,False,0.0,0,0,0,0,0
0x6420e944e915bbfe8d3775ab062cfe778a62e179,usdc,1246,2.1921245882617684,2.2699029714046093,0.0168539325842696,1.1695358087313664e-05,0.0007017214852388,0.0168413156457316,5130240.523809524,False,False,False,0.0,0,0,0,0,0
0x75afb9aca7bd9cdf8086a82fbfa63e88c625ffa5,usdc,396,2.1656722307669023,2.15342715819447,0.0732323232323232,5.075751211179254e-05,0.0030454507267075,0.0730908174409812,1182091.0344827587,False,False,False,0.0,0,0,0,0,0
0x4cd5b35a4236df247668dfac08cc43122aa4e1aa,usdc,143,2.354428610329991,0.00012698387338937157,0.4475524475524475,0.0003093263838005,0.0185595830280346,0.4454299926728313,193969.875,False,False,False,0.0,0,0,0,0,0
0x54426307974b659b48e70b1faa44f17aa0e3c4cf,usdc,1301,2.3933529198040375,2.1519252521271723,0.123750960799385,8.593653956631707e-05,0.005156192373979,0.1237486169754965,698189.6211180125,False,False,False,0.0,0,0,0,0,0
0x0d4f6652622cc1d7bc3ea2ec527403feecec33bd,usdc,433,2.5112073433080484,2.384011879121923,0.0877598152424942,6.092487161686593e-05,0.0036554922970119,0.0877318151282869,984819.4736842106,False,False,False,0.0,0,0,0,0,0
0xf5754fac98119037edacab8e4deaa594da9b0ce1,usdc,776,2.1109533281170814,0.9982395305741621,0.0115979381443298,8.046696589649051e-06,0.0004828017953789,0.0115872430890946,7456476.0,False,False,False,0.0,0,0,0,0,0
0xf13b7d8be8c2aea9f9d0d7fe68c67882ff911060,usdc,245,2.090767766693699,0.0,0.1714285714285714,0.0001189912938036,0.0071394776282202,0.1713474630772848,504238.5714285714,False,False,False,0.0,0,0,0,0,0
0xded9c761c6d80e7a5bee15023ad43306e01e0654,usdc,261,2.109436961658127,1.9137341713012654,0.0229885057471264,1.5948937880481852e-05,0.0009569362728289,0.0229664705478938,3762006.0,False,False,False,0.0,0,0,0,0,0
0x7666e5e58b917a8c36c52dace73393a183ee03b9,usdc,244,2.156194195610263,2.068274356255497,0.1270491803278688,8.787794603727159e-05,0.0052726767622362,0.1265442422936711,682765.1612903225,False,False,False,0.0,0,0,0,0,0
0x4e602240a05ae0ba1931eff73f545757a7c0bf65,usdc,1149,2.538118507099246,2.467692263236671,0.0269799825935596,1.873112367235482e-05,0.0011238674203412,0.0269728180881909,3203224.806451613,False,False,False,0.0,0,0,0,0,0
0x3da4858f4fa84ab151b2d2b187b624abb49d4afc,usdc,978,1.8218834026284474,1.9208205582689395,0.0132924335378323,9.222382865096402e-06,0.0005533429719057,0.0132802313257388,6505910.769230769,False,False,False,0.0,0,0,0,0,0
0x4c7a572ad38aed2c1d33fbfeba7bd69a83ec0e30,usdc,802,2.606905139268175,2.6956749001751574,0.084788029925187,5.885141765275968e-05,0.0035310850591655,0.0847460414199739,1019516.6470588236,False,False,False,0.0,0,0,0,0,0
0xeb09254aa4eba8fd8e45ad12410a296b676b4e75,usdc,490,2.389728334859613,1.9467479443233564,0.0224489795918367,1.5577179828061923e-05,0.0009346307896837,0.0224311389524091,3851788.363636364,False,False,False,0.0,0,0,0,0,0
0xda5571a3511b0d38269b4bb093c1ed5a59487594,usdc,311,1.9136172237104767,2.1769217109727035,0.752411575562701,0.0005221463696769,0.0313287821806171,0.7518907723348109,114910.30769230767,False,False,False,0.0,0,0,0,0,0
0x56c33c6981cd2fa3a1fafeda69663355956a2113,usdc,729,2.1430978402410967,0.0009990011652101975,0.0699588477366255,4.856215088812556e-05,0.0029137290532875,0.0699294972789008,1235530.1176470588,False,False,False,0.0,0,0,0,0,0
0x06664234e830378b776a9f3f1e196b5144f55849,usdc,529,2.142723073418464,0.04017708216422741,0.0434782608695652,3.0185129335404823e-05,0.0018111077601242,0.0434665862429829,1987733.7391304348,False,False,False,0.0,0,0,0,0,0
0x9c4be5d376c4bcc374e89fe6428fbc8be1150a62,usdc,1782,2.0593380278349995,0.8903770009874697,0.0768799102132435,5.338464632632842e-05,0.0032030787795797,0.0768738907099129,1123918.6569343065,False,False,False,0.0,0,0,0,0,0
0x16a10d1e0575169755f1b84ecd81eceab8e4d846,usdc,378,2.2730749534003882,0.0009990011652101975,0.201058201058201,0.0001396219038842,0.0083773142330568,0.2010555415933651,429732.0,False,False,False,0.0,0,0,0,0,0
0x203cf11d3063ceda85dfa017177ffcad1ccc10f8,usdc,264,2.6766317284907433,2.731344212371063,0.0946969696969697,6.558039303641154e-05,0.0039348235821846,0.0944357659724326,914907.6,False,False,False,0.0,0,0,0,0,0
0x9fcd2488b579e60bb307dff81a21a0ba4db0b6ed,usdc,547,2.130841680990646,0.0,0.6124314442413162,0.0004250573192967,0.0255034391578028,0.6120825397872683,141157.4328358209,False,False,False,0.0,0,0,0,0,0
0xa0beaa6ec671f4cc8b6d6ca52c46d6c252f525a8,usdc,1984,2.3644806187947753,2.179106516938051,0.1612903225806451,0.0001119864158611,0.0067191849516667,0.1612604388400013,535779.26875,False,False,False,0.0,0,0,0,0,0
0xbafc4696a29ed4511b76d0e98d930378ed468c02,usdc,1386,2.1481316973699554,0.0,0.0259740259740259,1.803238044502545e-05,0.0010819428267015,0.0259666278408366,3327347.722222222,False,False,False,0.0,0,0,0,0,0
0x319ca3532a12b367bb038165ba37b15756e45688,usdc,716,2.1351787105264766,2.212309191119956,0.0195530726256983,1.357533106353798e-05,0.0008145198638122,0.0195484767314946,4419781.714285715,False,False,False,0.0,0,0,0,0,0
0x60ac32d416507c844b43e29b2e12dd23f5277420,usdc,1368,2.683011487814726,0.0001749693812512128,0.1133040935672514,7.864694177688253e-05,0.0047188165066129,0.1132515961587108,762903.1548387096,False,False,False,0.0,0,0,0,0,0
0xd6216fc19db775df9774a6e33526131da7d19a2c,usdc,468,2.716297788248198,1.96779157969034,0.1559829059829059,0.0001081618326229,0.0064897099573783,0.1557530389770794,554724.3287671233,False,False,False,0.0,0,0,0,0,0
0xb440b4f55c3f0e42bab4df0016d5051ccdff5bf2,usdc,1275,1.947015385227118,2.009338285668842,0.0901960784313725,6.263469409415109e-05,0.003758081645649,0.0901939594955775,957935.547826087,False,False,False,0.0,0,0,0,0,0
0x8f125b08cd0c7e3876e804d3e12b893d0686c6e9,usdc,244,1.5330841939522701,1.8109624274661087,0.0532786885245901,3.687859566307715e-05,0.0022127157397846,0.0531051777548311,1626960.0,False,False,False,0.0,0,0,0,0,0
0x4e63de28138c18c4f76dbd49f05053918ebc5864,usdc,1558,2.40654641882886,2.216874362494454,0.0994865211810012,6.90478282947116e-05,0.0041428696976826,0.0994288727443847,868962.8838709678,False,False,False,0.0,0,0,0,0,0
0x6a16f888978b31762e05f2a295e2201f3308665a,usdc,169,2.3059472043295703,1.8410740844298052,0.301775147928994,0.0002086807936744,0.0125208476204661,0.3005003428911865,287520.4705882353,False,False,False,0.0,0,0,0,0,0
0x8d352f812112df85ef934ba2cc7bacc17094c362,usdc,501,2.045023588198558,1.8407902932261149,0.0758483033932135,5.260499957916e-05,0.0031562999747496,0.0757511993939904,1140576.0,False,False,False,0.0,0,0,0,0,0
0x8eb596f1dca53b2b92a994f96ef067e0af5e0756,usdc,1362,2.37848453356016,0.0004977521400005924,0.1967694566813509,0.0001366015851577,0.0081960951094653,0.1967062826271675,439233.5559701492,False,False,False,0.0,0,0,0,0,0
0xcadfff8ee9b994860490d00be322d17e6a12a42b,usdc,1283,2.0284961918851043,1.8396220178029477,0.0226032735775526,1.569375714607114e-05,0.0009416254287642,0.0225990102903424,3823176.275862069,False,False,False,0.0,0,0,0,0,0
0x7376b927836243f21b327164055891eb4290f213,usdc,1378,2.3733033740394913,0.0,0.0761973875181422,5.291438222819911e-05,0.0031748629336919,0.0761967104086067,1133907.219047619,False,False,False,0.0,0,0,0,0,0
0x4d3615794742d41339300fa2cd302fdd113610e1,usdc,461,2.089700735768373,1.5224670302876946,0.0997830802603036,6.921289887694548e-05,0.0041527739326167,0.0996665743828014,866890.4347826086,False,False,False,0.0,0,0,0,0,0
0xa7888f85bd76deef3bd03d4dbcf57765a49883b3,usdc,1202,2.595413317235102,0.0,0.8061564059900166,0.0005594400103643,0.0335664006218617,0.8055936149246817,107250.1052631579,False,False,False,0.0,0,0,0,0,0
0x61ff7abab0ae6d9c056d2e334c51b926786bf305,usdc,833,1.9611054817791462,1.7585509609170316,0.0216086434573829,1.5000475848428303e-05,0.0009000285509056,0.0216006852217367,3999873.111111111,False,False,False,0.0,0,0,0,0,0
0x7e24712fa3fd3f54447c329db75ae25db35966af,usdc,176,2.4042280199034587,2.38979481691246,0.0454545454545454,3.1487558871895226e-05,0.0018892535323137,0.0453420847755291,1905514.5,False,False,False,0.0,0,0,0,0,0
0xfc7cad56e395c556ab4c77de1e7caebdb148597d,usdc,386,2.1151110309507244,1.9791908937658431,0.0984455958549222,6.82915727869704e-05,0.0040974943672182,0.0983398648132373,878585.7105263158,False,False,False,0.0,0,0,0,0,0
0xf85e00b624ef375d4633f280cded8f725af3c614,usdc,702,1.8685982330251127,0.0,0.1168091168091168,8.103692477124857e-05,0.0048622154862749,0.1166931716705979,740403.2195121951,False,False,False,0.0,0,0,0,0,0
0x9ba831f068ea0bd605071e83377589a6249fba81,usdc,311,2.7373833807899484,2.5910168809497347,0.067524115755627,4.678912420228721e-05,0.0028073474521372,0.0673763388512935,1282349.2857142857,False,False,False,0.0,0,0,0,0,0
0x477d7e84de6b16551481217b3d177a3bbdb5828c,usdc,1358,2.3169326019177707,1.9350391949188648,0.2172312223858615,0.000150754595741,0.0090452757444645,0.2170866178671485,397997.81694915256,False,False,False,0.0,0,0,0,0,0
0xa00caeca8896a6441c6d8ff904b0162dc4f84d62,usdc,1824,2.0361342198169448,0.000499750145742199,0.1140350877192982,7.918931462028913e-05,0.0047513588772173,0.1140326130532163,757677.9807692308,False,False,False,0.0,0,0,0,0,0
0xe972e34eff5b1c3d6fe07e13dac3e482e70a3e9d,usdc,1722,2.1593174231030408,1.7724788288521796,0.0226480836236933,1.5722477153678527e-05,0.0009433486292207,0.022640367101297,3816192.5384615385,False,False,False,0.0,0,0,0,0,0
0xd76e34c56cc3a9ee687854cc746959e90dd7dfe7,usdc,1022,2.451623325266371,2.4232516503154407,0.0782778864970645,5.4325047333809865e-05,0.0032595028400285,0.0782280681606862,1104462.9125,False,False,False,0.0,0,0,0,0,0
0x1369096adef99586a91a66bd158525f709b3965e,usdc,264,2.0302727190303362,0.0006216133965306691,1.0833333333333333,0.0007511470751225,0.0450688245073552,1.0816517881765249,79877.83216783217,False,False,False,0.0,0,0,0,0,0
0xa0c68c638235ee32657e8f720a23cec1bfc77c77,usdc,791,2.062070645373417,2.0540618954058387,0.0316055625790139,2.193565386520918e-05,0.0013161392319125,0.0315873415659012,2735272.92,False,False,False,0.0,0,0,0,0,0
0xc3a8dea2823c3c616507c14c1cf6a947a3f95f79,usdc,233,2.3477628100397783,0.0,0.5021459227467812,0.000348124560753,0.0208874736451854,0.5012993674844519,172352.10256410256,False,False,False,0.0,0,0,0,0,0
0xad874b7e33409aad51f0f6cfff0be91d88e7fa4d,usdc,325,2.25309595299179,0.0,0.0615384615384615,4.26638087603305e-05,0.0025598285256198,0.0614358846148759,1406344.2,False,False,False,0.0,0,0,0,0,0
0x90c05aaa614b6657f94097333b0a46007bcf55c0,usdc,531,2.20363709879904,2.101385438077835,0.0357815442561205,2.48320006245466e-05,0.0014899200374727,0.0357580808993471,2416237.052631579,False,False,False,0.0,0,0,0,0,0
0xac36ecba718dfc330b321d398ab6bdd2ade4358b,usdc,781,2.276057822354253,9.999000116652086e-05,0.0140845070422535,9.77813239804608e-06,0.0005866879438827,0.0140805106531863,6136141.090909091,False,False,False,0.0,0,0,0,0,0
0xc04032bcbcce4d43ef978cc808f1d2da5c0db3c3,usdc,1296,2.0526742645658342,1.7946353028541102,0.0354938271604938,2.463386754076673e-05,0.001478032052446,0.035472769258704,2435671.1304347827,False,False,False,0.0,0,0,0,0,0
0xe24cfc3d8a4696398f3c2ad1fa2036cdf2f1c86e,usdc,802,2.468677828128719,2.5321546449619263,0.0112219451371571,7.787005218735534e-06,0.0004672203131241,0.0112132875149791,7705144.444444444,False,False,False,0.0,0,0,0,0,0
0xf864f0b0faa88601594942d815acf52a9953f518,usdc,1048,2.5151913780813437,2.4255953313421013,0.5066793893129771,0.0003516342516395,0.0210980550983721,0.506353322360932,170631.8418079096,False,False,False,0.0,0,0,0,0,0
0x59d2813672cf51113a3512f4b26436b8785b2fae,usdc,402,2.3114300974599877,2.203859909826328,0.0348258706467661,2.417008558282018e-05,0.0014502051349692,0.034804923239261,2482407.4285714286,False,False,False,0.0,0,0,0,0,0
0x6c7b2dc32869963d8c77ba391251ac332f0a99c1,usdc,289,1.7855480927813365,0.0009990011652101975,0.2491349480968858,0.0001729342523187,0.0103760551391256,0.2490253233390145,346952.6666666667,False,False,False,0.0,0,0,0,0,0
0x59bb9d4a00e5f6bf2cd1286f93afa0cf0326325f,usdc,1255,2.6106388250735346,2.7065735191544507,0.1880478087649402,0.000130511939257,0.0078307163554253,0.1879371925302081,459728.05508474575,False,False,False,0.0,0,0,0,0,0
0x6557dadc6cf2eaf50a48ef607552e799ef18c47b,usdc,649,2.189531281550037,0.0,0.0970724191063174,6.73320102415194e-05,0.0040399206144911,0.0969580947477879,891106.619047619,False,False,False,0.0,0,0,0,0,0
0x984bf0ac5ecb54c0ff6d21861877af8ec155ab2b,usdc,306,1.6568163824178341,1.7817168158593812,0.022875816993464,1.5874587133170893e-05,0.0009524752279902,0.022859405471766,3779625.857142857,False,False,False,0.0,0,0,0,0,0
0x02ed53b14669368be0ab26855f9708d3e3e13f58,usdc,596,1.901244434258452,1.9258083166343347,0.0184563758389261,1.2816829102498047e-05,0.0007690097461498,0.0184562339075971,4681345.090909091,False,False,False,0.0,0,0,0,0,0
0x067cd091d9bd71ada076abea29147a1b3c801e88,usdc,1934,2.2400653927358376,9.999000116652086e-05,0.1783867631851085,0.000123864066284,0.0074318439770403,0.1783642554489687,484401.9884057971,False,False,False,0.0,0,0,0,0,0
0xa6e2e910515e6cf485462eeb6e454df33c60cb0e,usdc,1576,1.9975759466072374,2.1820969572477322,0.0196700507614213,1.365164256673457e-05,0.000819098554004,0.0196583652960977,4395075.516129033,False,False,False,0.0,0,0,0,0,0
0x34373f929a5a5d66045e60c375f0c162e2be5c16,usdc,613,2.0168081126261126,2.067970345786057,0.9102773246329527,0.0006311289063825,0.0378677343829527,0.9088256251908656,95067.74193548386,False,False,False,0.0,0,0,0,0,0
0x0f0f2efb66ae2abc016df95b06de658d12af97e4,usdc,342,1.5606510011126449,1.2720465018311566,0.023391812865497,1.620629971282437e-05,0.0009723779827694,0.023337071586467,3702264.0,False,False,False,0.0,0,0,0,0,0
0x583da185806075ef49a087c2aaa85f118d79802e,usdc,351,1.9775614882785062,2.1380321939467577,0.2307692307692307,0.0001600250350277,0.0096015021016621,0.230436050439891,374941.3333333333,False,False,False,0.0,0,0,0,0,0
0x123432244443b54409430979df8333f9308a6040,usdc,1896,2.582543299191196,2.2491611054254506,0.0580168776371308,4.028727906456161e-05,0.0024172367438736,0.0580136818529687,1489303.8545454545,False,False,False,0.0,0,0,0,0,0
0xc4e860a8eebe24441a6d460db9f39fca2c479146,usdc,427,2.120594044871757,2.0338895939112147,0.8805620608899297,0.0006112417766847,0.036674506601086,0.8801881584260655,98160.82978723403,False,False,False,0.0,0,0,0,0,0
0xb4291d4be640b4cae3b644a22ae6d9e265a9c3f0,usdc,877,2.288384028739169,0.00027792274105701236,0.2063854047890536,0.0001432243715021,0.0085934622901307,0.2062430949631391,418923.11602209945,False,False,False,0.0,0,0,0,0,0
0x73e0eb1fc6c84d572e6194f913df2a9904b650eb,usdc,1227,2.3129132274795525,2.3234107621942104,0.1043194784026079,7.2392657548315e-05,0.0043435594528989,0.1042454268695736,828813.3359375,False,False,False,0.0,0,0,0,0,0
0x600b3e0c328f63c9b9d2f89214f96925774afd4e,usdc,358,2.500928841367549,0.0010878155836644967,0.0446927374301676,3.101177866118275e-05,0.0018607067196709,0.0446569612721031,1934748.75,False,False,False,0.0,0,0,0,0,0
0x405ba5a1c8c850c61658b079e7537cf29742b946,usdc,266,2.1753644997016606,2.2294012669472845,0.0827067669172932,5.7301007924729394e-05,0.0034380604754837,0.0825134514116103,1047102.0,False,False,False,0.0,0,0,0,0,0
0xc0ac56cf556b41da25354cc0199200bf36f79ccc,usdc,1660,2.3551553551496007,1.94500316230561,0.1608433734939759,0.0001116463429668,0.0066987805780133,0.1607707338723198,537411.2434456929,False,False,False,0.0,0,0,0,0,0
0x8bc4e6bd2c4b75bff9879d7d90982f6e96977a0f,usdc,354,2.0897263240560733,0.0,1.4039548022598871,0.0009734199553049,0.0584051973182965,1.4017247356391178,61638.35010060362,False,False,False,0.0,0,0,0,0,0
0xe49846b332238a54869329f064abcf7d816b0f09,usdc,1159,2.4065342190577814,2.1251571410655945,0.453839516824849,0.0003149371643476,0.018896229860861,0.4535095166606649,190514.19391634985,False,False,False,0.0,0,0,0,0,0
0xc27609764f3460a187c1de0f907852e143b35ece,usdc,654,2.4394582678414096,9.999000116652086e-05,0.7415902140672783,0.0005143460116973,0.0308607607018436,0.7406582568442487,116652.98969072165,False,False,False,0.0,0,0,0,0,0
0xfc06c6c7edbd7920ce914ea2ab4b5a61c11b8b85,usdc,385,2.3174063230052444,1.4294649416664955,0.161038961038961,0.0001117663664718,0.0067059819883092,0.1609435677194217,536834.1290322581,False,False,False,0.0,0,0,0,0,0
0xf21a5102cf8e4cafc0187bde1b5b8ec228900077,usdc,234,2.080778359921376,1.7387883148916718,0.1495726495726495,0.0001035409220348,0.0062124553220921,0.1490989277302114,579481.0285714286,False,False,False,0.0,0,0,0,0,0
0x2b26da567c2a8c220daf91be8e37a429d33aef0b,usdc,1028,2.384377150081875,1.923986536715873,0.3200389105058365,0.0002222352215941,0.013334113295651,0.3200187190956255,269984.2066869301,False,False,False,0.0,0,0,0,0,0
0x1cf0df2a5a20cd61d68d4489eebbf85b8d39e18a,usdc,1440,2.5662875155418443,0.0,0.0881944444444444,6.123720072186606e-05,0.0036742320433119,0.0881815690394871,979796.5826771654,False,False,False,0.0,0,0,0,0,0
0x90f080ae4218a4c088bbf00a74af9850d1773366,usdc,2285,2.1122802481759764,1.419476999329466,0.2109409190371991,0.0001464530840533,0.0087871850431982,0.2108924410367577,409687.5145228216,False,False,False,0.0,0,0,0,0,0
0x6fbdc86916c3461c393eafb6229e405b3c8e9c73,usdc,480,2.0408465459221796,0.0012095355478181865,0.55,0.0003818029254781,0.0229081755286885,0.5497962126885261,157149.13636363635,False,False,False,0.0,0,0,0,0,0
0x18bf06a234a0a24445bf1ab4c864d2551fda8fab,usdc,128,1.160167517269372,1.0132461910639305,0.1015625,7.049463373157379e-05,0.0042296780238944,0.1015122725734662,851128.6153846154,False,False,False,0.0,0,0,0,0,0
0xec0c8cbd4152798bddc482d7ed649c53a3b733f7,usdc,1152,1.6744604815242785,1.7712303379264827,0.0121527777777777,8.43802613353128e-06,0.0005062815680118,0.012150757632285,7110667.714285715,False,False,False,0.0,0,0,0,0,0
0x73a209a883d2e178779b8bf9b47ef52ddf40a764,usdc,290,2.2107420414187033,1.9887108421782274,0.0482758620689655,3.346881829730734e-05,0.0020081290978384,0.0481950983481225,1792713.4285714286,False,False,False,0.0,0,0,0,0,0
0xd666f8000cfb88604dedee49d62a5d2621df22a8,usdc,1784,2.0696054631200207,1.3623485065630132,0.0112107623318385,7.780930798255934e-06,0.0004668558478953,0.0112045403494885,7711159.7,False,False,False,0.0,0,0,0,0,0
0xc97e5de8d97df875b8316a0f6f423d1582f4321c,usdc,401,2.1526033148254755,1.8984034321896082,0.0997506234413965,6.91397016068758e-05,0.0041483820964125,0.0995611703139011,867808.2,False,False,False,0.0,0,0,0,0,0
0xa1cb4a11e5b620f39a96254fe382982dc6fd482b,usdc,143,2.6902512938923064,2.4521990008939483,0.0839160839160839,5.793586113932802e-05,0.0034761516683596,0.0834276400406323,1035628.0,False,False,False,0.0,0,0,0,0,0
0xfe6f001edcecf20febd0d5ba1e2a59aeccec0336,usdc,830,1.907557497083348,1.3724268670739235,0.080722891566265,5.60432893981362e-05,0.0033625973638881,0.0807023367333161,1070600.9701492535,False,False,False,0.0,0,0,0,0,0
0x5fc13c5a541041f8fa12fab492d064435eb8d2f5,usdc,553,2.3162440364448194,1.947168383637879,0.0180831826401446,1.2536459157344346e-05,0.0007521875494406,0.0180525011865758,4786040.4,False,False,False,0.0,0,0,0,0,0
0xbe4302e4d5b6a841f21209a3ad438fb19bf0a5a0,usdc,177,1.9892062909217838,0.1595386786239563,0.1751412429378531,0.0001209907188409,0.0072594431304592,0.1742266351310212,495905.8064516129,False,False,False,0.0,0,0,0,0,0
0x476199353f65c8b7dc44392405da949e16679761,usdc,1141,2.2745535395685414,0.0,0.0832602979842243,5.779245945078264e-05,0.0034675475670469,0.083221141609127,1038197.7263157896,False,False,False,0.0,0,0,0,0,0
0x8b7ee466b4a3b3746736904ac7667e433dc8a468,usdc,1487,2.2322832246785778,2.3257075946343013,0.0228648285137861,1.5874480421057832e-05,0.0009524688252634,0.0228592518063232,3779651.2647058815,False,False,False,0.0,0,0,0,0,0
0xf6c584360c778a3ede67c73314d45de46521268b,usdc,1313,2.3825997233508023,2.0386400661805735,0.1028179741051028,7.139628003697693e-05,0.0042837768022186,0.1028106432532467,840379.9185185186,False,False,False,0.0,0,0,0,0,0
0x50ccb9647e58850fc2fb292bc90962673bacaf82,usdc,130,1.9217605468443888,2.047057514052884,0.1307692307692307,9.023603623879215e-05,0.0054141621743275,0.1299398921838607,664922.8235294118,False,False,False,0.0,0,0,0,0,0
0x8631e9e8708eaa58cfbc9fa97f1708b119351365,usdc,195,2.1085769958399347,2.3075061830168795,0.5282051282051282,0.0003662961977743,0.0219777718664604,0.527466524795052,163801.8640776699,False,False,False,0.0,0,0,0,0,0
0xf5617a5d8a4cc8af7ed302652ab3a36adb3044b8,usdc,996,1.9736544397892606,1.9820091851367403,0.0060240963855421,4.183089942568964e-06,0.0002509853965541,0.0060236495172993,14343464.0,False,False,False,0.0,0,0,0,0,0
0x67ca64e6d0a97bae9d85b6b005a0ccdd876ab896,usdc,1599,2.0839089686755403,2.00167405602251,0.0193871169480925,1.3457446003788618e-05,0.0008074467602273,0.0193787222454556,4458498.29032258,False,False,False,0.0,0,0,0,0,0
0x2a578a939bdc5486fa8c4f0ef865b71cca03ab7a,usdc,1746,2.4213091166194673,2.3487787520771373,0.1111111111111111,7.715507906417013e-05,0.0046293047438502,0.1111033138524049,777654.5721649484,False,False,False,0.0,0,0,0,0,0
0xe1ad324434c29e5e53cbcaab7ee44ead6be7b587,usdc,326,2.415930913834453,1.2234274119063953,0.0950920245398773,6.601036746055135e-05,0.003960622047633,0.0950549291431939,908948.129032258,False,False,False,0.0,0,0,0,0,0
0x6c08d93ef6a2f2ebff2f2a7db718bb3e0674048d,usdc,1545,2.2500666654942227,2.2878580073643144,0.0368932038834951,2.5604628023039048e-05,0.0015362776813823,0.0368706643531762,2343326.3684210526,False,False,False,0.0,0,0,0,0,0
0x705b6a9eba17d4ec242e17afd0372d671f02e6a4,usdc,536,2.1664287203134758,2.2448511323270397,0.2145522388059701,0.0001489026650469,0.008934159902817,0.2144198376676093,402947.7913043478,False,False,False,0.0,0,0,0,0,0
0x81aa6141923ea42fcaa763d9857418224d9b025a,usdc,1236,2.368334253586583,2.305087708646282,0.5752427184466019,0.0003991869312674,0.0239512158760441,0.57482918102506,150305.5218002813,False,False,False,0.0,0,0,0,0,0
0x2f49b721cc086be9495d5067958f69098d3c72ab,usdc,343,2.06498865657432,1.718295942279022,0.0262390670553935,1.818664652214906e-05,0.0010911987913289,0.0261887709918946,3299123.888888889,False,False,False,0.0,0,0,0,0,0
0xa5d686f970af18a72acd2939e7165cdb55ee9c64,usdc,453,2.2760826056225008,1.9856886170110946,0.0838852097130242,5.824942095476933e-05,0.0034949652572861,0.0838791661748678,1030053.1578947369,False,False,False,0.0,0,0,0,0,0
0x1e07a042f4bf22753dd5867dca57da9e39383bc6,usdc,258,2.35018574655451,1.5619728419991459,0.0310077519379844,2.1452552317411964e-05,0.0012871531390447,0.0308916753370732,2796870.0,False,False,False,0.0,0,0,0,0,0
0xb8d30056170ca6cefba517e161b57fcfa4da816c,usdc,264,2.1366385524450497,1.7783332269022314,0.1704545454545454,0.0001180394796592,0.0070823687795544,0.1699768507093058,508304.5111111111,False,False,False,0.0,0,0,0,0,0
0x0562d91995abb08b611a6d94c2f0305562470c20,usdc,1467,2.2018344564940984,1.93901765846757,0.0102249488752556,7.095892863308118e-06,0.0004257535717984,0.0102180857231636,8455595.533333333,False,False,False,0.0,0,0,0,0,0
0xda5e1988097297dcdc1f90d4dfe7909e847cbef6,usdc,321,1.5047493205020932,1.1622831138840006,0.0373831775700934,2.594018021507868e-05,0.0015564108129047,0.0373538595097132,2313014.0,False,False,False,0.0,0,0,0,0,0
0x509ae6bac2645bf537f331fab9829d697023be33,usdc,1072,2.3073874307568953,2.5109889650236377,0.2938432835820895,0.0002040092546369,0.0122405552782181,0.2937733266772345,294104.3047619048,False,False,False,0.0,0,0,0,0,0
0x55302eb96760a51652e1ab844ec521ac8f9bbfff,usdc,472,2.301266398932286,2.2531209847743163,0.010593220338983,7.355917618724695e-06,0.0004413550571234,0.0105925213709635,8156698.2,False,False,False,0.0,0,0,0,0,0
0x0a5a0abb987ad1d7f1c64c799af3f485d2c89656,usdc,776,2.2461773808723855,2.3763178469301405,0.0515463917525773,3.575765623939143e-05,0.0021454593743634,0.0514910249847236,1677962.325,False,False,False,0.0,0,0,0,0,0
0xd3fb1e9bc68f45c848b83ccda958f2cd4bf3b62b,usdc,494,1.99463366281099,2.214901945068529,0.1902834008097166,0.0001319240106471,0.0079154406388265,0.189970575331838,454807.2765957447,False,False,False,0.0,0,0,0,0,0
0xb78994cb15815d77a0320dbe8196f113043e70d1,usdc,1575,2.2599346275063383,0.0006685527880294429,0.2273015873015873,0.0001577803252297,0.0094668195137858,0.2272036683308597,380275.5502793296,False,False,False,0.0,0,0,0,0,0
0x4ab1995082ad07ab03470f4d117a7af3c9358574,usdc,489,2.134057053573517,0.0,0.3087934560327198,0.0002143191294158,0.0128591477649495,0.3086195463587889,279956.34437086096,False,False,False,0.0,0,0,0,0,0
0x1f255b27342aa6be87af089dddcebafdda929dc5,usdc,157,2.2304984644903647,2.2645658395579362,0.0764331210191082,5.300409544977509e-05,0.0031802457269865,0.0763258974476761,1131988.0,False,False,False,0.0,0,0,0,0,0
0xfda505b79a723f7ba3a34c80a0a1b0df80e101c2,usdc,274,1.9993747598659584,2.2145776548302916,0.22992700729927,0.0001591702530503,0.009550215183023,0.2292051643925532,376954.8571428572,False,False,False,0.0,0,0,0,0,0
0xc9ca169bca5f5638b054635989418ed0fabf5cbc,usdc,956,2.151799662988151,0.0009990011652101975,0.5460251046025104,0.0003790032765631,0.0227401965937915,0.5457647182509971,158309.97701149425,False,False,False,0.0,0,0,0,0,0
0x8d30e4b4c8d461d99ee3fd67b3f7f0ddaf9d3dd6,usdc,193,2.1485552893074105,1.9758350139108563,0.0310880829015544,2.150929915712824e-05,0.0012905579494276,0.0309733907862646,2789491.1666666665,False,False,False,0.0,0,0,0,0,0
0x2277a804087a5703820fcade98ec1018021225d2,usdc,1495,2.26597635961913,2.2934812367043746,0.0193979933110367,1.3465518915362668e-05,0.0008079311349217,0.0193903472381222,4455825.310344827,False,False,False,0.0,0,0,0,0,0
0x1188a624abca42900c05deb18e4bad8eaf12b106,usdc,327,2.3069324906816897,2.186206023617281,0.1957186544342507,0.000135745416259,0.0081447249755446,0.1954733994130707,442003.875,False,False,False,0.0,0,0,0,0,0
0x41671afb7e8454e5e8124f8c3da37a6f7071b772,usdc,302,1.95430785414159,2.10567997121854,0.0827814569536423,5.7299996653680194e-05,0.0034379997992208,0.0825119951812994,1047120.48,False,False,False,0.0,0,0,0,0,0
0x38a4d889a1979133fbc1d58f970f0953e3715c26,usdc,1026,2.4833074196763096,2.390973478368129,0.0662768031189083,4.6023223499060855e-05,0.0027613934099436,0.0662734418386476,1303689.6470588236,False,False,False,0.0,0,0,0,0,0
0x3dec42c1644f614b8c6f16c78c04a08207826e37,usdc,579,2.2857717392588093,2.2178891100021008,0.0345423143350604,2.397168895590929e-05,0.0014383013373545,0.0345192320965093,2502952.55,False,False,False,0.0,0,0,0,0,0
0xd645e5aa81f827100d6a1cf715d30ebbcaf18577,usdc,516,2.4017639063168335,0.000499750145742199,0.1240310077519379,8.609820684340836e-05,0.0051658924106045,0.123981417854508,696878.625,False,False,False,0.0,0,0,0,0,0
0x6f0fafb5bad7fc809a1dee13a1230e3b8ba95add,usdc,211,2.4432939257981374,0.0,0.943127962085308,0.0006523131548945,0.0391387892936726,0.9393309430481448,91980.36180904522,False,False,False,0.0,0,0,0,0,0
0x1af331dc34dd7c5c62af28b5685328318b61888a,usdc,1375,2.3150181304194435,2.2294012669472845,0.021090909090909,1.4645001132546754e-05,0.0008787000679528,0.0210888016308673,4096961.103448276,False,False,False,0.0,0,0,0,0,0
0x258cfc0522ecbd7efe3e1c1ac6a558b86da824a7,usdc,334,2.3835728358826804,2.369861399629956,0.0449101796407185,3.1140191898318555e-05,0.0018684115138991,0.0448418763335787,1926770.4,False,False,False,0.0,0,0,0,0,0
0x5c366cb78a11f644fe2265f54becab9f5384f238,usdc,293,2.1356966788867084,0.000499750145742199,0.3720136518771331,0.0002580756365234,0.0154845381914059,0.3716289165937425,232489.9816513761,False,False,False,0.0,0,0,0,0,0
0x7ed234afbe5ce1dd0fd331a01d7d17671a0bed05,usdc,127,1.958879497383631,0.0,0.9212598425196852,0.0006386762697375,0.0383205761842531,0.9196938284220766,93944.30769230767,False,False,False,0.0,0,0,0,0,0
0xe14767042159e5bd2bf16f81a0fe387ab153fbb4,usdc,257,2.5416337231224717,2.5483117486106814,0.1361867704280155,9.446958835011832e-05,0.0056681753010071,0.1360362072241704,635125.0285714286,False,False,False,0.0,0,0,0,0,0
0xe9a71041a30aa685d19164561d699a8f33fa0730,usdc,1020,2.3698567587919026,2.267656105316814,0.1215686274509803,8.442095665828084e-05,0.0050652573994968,0.1215661775879244,710724.0,False,False,False,0.0,0,0,0,0,0
0x82ccea8020dde8df2932f6920c39e1259ff5eea1,usdc,419,2.514593756823483,2.5602178662837605,0.0906921241050119,6.28620478299125e-05,0.0037717228697947,0.090521348875074,954470.9736842106,False,False,False,0.0,0,0,0,0,0
0x9e732b997b11a12dc3e2b18bb04aa3e6da9b92e0,usdc,312,2.448130670019836,2.0678262532879077,0.8493589743589743,0.0005896816831517,0.0353809009891075,0.8491416237385819,101749.81132075471,False,False,False,0.0,0,0,0,0,0
0xe1e143d8557960c8f4cddb8f78ae1dbb60e58578,usdc,1513,2.455802807905211,0.0,0.0138797091870456,9.63780641598411e-06,0.000578268384959,0.0138784412390171,6225483.0,False,False,False,0.0,0,0,0,0,0
0x588806a760bbc9ef3e817b2b8be14c03f8eac951,usdc,634,2.352999638710784,2.3302531709562393,0.0252365930599369,1.7523496270452384e-05,0.0010514097762271,0.0252338346294514,3423974.25,False,False,False,0.0,0,0,0,0,0
0x68a17b587caf4f9329f0e372e3a78d23a46de6b5,usdc,1880,2.266050868677293,1.9059467517398927,0.1627659574468085,0.0001129764136446,0.0067785848186762,0.1626860356482305,531084.3039215687,False,False,False,0.0,0,0,0,0,0
0xdfc52347ddeeafa69ff9e5148496850d6f12a1fa,usdc,425,2.2121703241705526,0.0,0.0117647058823529,8.155369576883115e-06,0.0004893221746129,0.0117437321907116,7357116.0,False,False,False,0.0,0,0,0,0,0
0xe2da7fe4f82af891c3d23a7ecabd1f7d7562bf09,usdc,1541,2.3807887523818514,2.4093450537978707,0.1278390655418559,8.87690168374022e-05,0.0053261410102441,0.1278273842458591,675911.5076142132,False,False,False,0.0,0,0,0,0,0
0x1a93c570251ec9ce34216af5eee618097026bd06,usdc,1457,2.022127056219684,1.8259424477501103,0.1146190803019903,7.956991081451811e-05,0.004774194648871,0.114580671572906,754053.8802395209,False,False,False,0.0,0,0,0,0,0
0xb2de88dfd98a2880b664f4e15fd3f8d0164c0a43,usdc,1551,2.1601881591773404,2.1374896786138087,0.0090264345583494,6.267329211902825e-06,0.0003760397527141,0.00902495406514,9573455.92857143,False,False,False,0.0,0,0,0,0,0
0x2db04d075c2a96e65d8beef44879ed8d07167384,usdc,2303,2.273142169866013,9.999000116652086e-05,0.0225792444637429,1.5676669180511012e-05,0.0009406001508306,0.0225744036199358,3827343.634615385,False,False,False,0.0,0,0,0,0,0
0x902b5924759bdcca3ff85099c2a11c4a79f4bed0,usdc,408,2.24519293809086,2.265388660132196,0.1029411764705882,7.131942521524316e-05,0.0042791655129145,0.1026999723099501,841285.5238095238,False,False,False,0.0,0,0,0,0,0
0x48260a95ec90269512e76171f47df467660c9ee0,usdc,461,2.493951095902261,0.6021000201963744,0.1952277657266811,0.0001355349428659,0.0081320965719598,0.1951703177270368,442690.26666666666,False,False,False,0.0,0,0,0,0,0
0xcc25092a06a3d86b45df6009d3e2b418cb1ce642,usdc,175,1.3691556395148152,1.212772625495501,0.0914285714285714,6.343195416406992e-05,0.0038059172498441,0.0913420139962606,945895.5,False,False,False,0.0,0,0,0,0,0
0xe7e8de7033a288378f9d915d12ef630275d63e46,usdc,595,1.8269574720906594,1.601597123793037,0.0100840336134453,7.002630577079783e-06,0.0004201578346247,0.0100837880309948,8568208.666666666,False,False,False,0.0,0,0,0,0,0
0x91358342aaf02de8ad831d5e13927ab614f9f33d,usdc,844,2.504974833977151,0.0009990011652101975,0.1303317535545023,9.041711717680278e-05,0.0054250270306081,0.130200648734596,663591.1636363637,False,False,False,0.0,0,0,0,0,0
0xadb402b65a1e8f320e075a19354b37950ae9bdc4,usdc,336,2.236452594736899,2.318118637222454,0.1726190476190476,0.0001198730503061,0.0071923830183703,0.1726171924408881,500529.5172413793,False,False,False,0.0,0,0,0,0,0
0xe9c0bb0233e01cf6405366d323d88b4df86bd86f,usdc,815,2.4792037862271803,2.5726670138524446,0.1288343558282208,8.946798247654534e-05,0.0053680789485927,0.1288338947662252,670630.9714285714,False,False,False,0.0,0,0,0,0,0
0x56ca872c65c4b4f589b4a9f86355a1c2bb82323a,usdc,1041,2.2578574802339144,2.4355756113475535,0.1498559077809798,0.0001039714586793,0.0062382875207612,0.1497189004982698,577081.4487179487,False,False,False,0.0,0,0,0,0,0
0x6e7b43d981ba792927509afc0b786ea51553befb,usdc,1756,2.3410664533678913,9.999000116652086e-05,0.0028473804100227,1.976692945261946e-06,0.0001186015767157,0.0028464378411772,30353728.0,False,False,False,0.0,0,0,0,0,0
0x4590cf786dc97c2a26400aad92ce82ff5d028003,usdc,259,2.3719158927868254,2.4696515690851513,0.0656370656370656,4.550998489068501e-05,0.0027305990934411,0.0655343782425864,1318392.0,False,False,False,0.0,0,0,0,0,0
0xfff8f8474454240b6a9c94c87b3a5e38a532fcd8,usdc,863,2.558972708042962,0.004013835076647002,0.0162224797219003,1.1263419358503214e-05,0.0006758051615101,0.0162193238762446,5326979.142857143,False,False,False,0.0,0,0,0,0,0
0xb954b47cfd3db45f4ec7a74f2670fc85bcb75918,usdc,672,1.999236323477456,1.9923453744383013,0.0327380952380952,2.270706625323292e-05,0.0013624239751939,0.0326981754046554,2642349.272727273,False,False,False,0.0,0,0,0,0,0
0x50a07e36379ae24cca0e6bb89045e6f5aff4da40,usdc,424,2.085695315854276,0.0,0.0872641509433962,6.057113670741849e-05,0.0036342682024451,0.0872224368586826,990570.8108108108,False,False,False,0.0,0,0,0,0,0
0xc470aab250173785384ae4435733d163f39201fd,usdc,1410,2.251582048684834,0.0,0.0404255319148936,2.805365466525305e-05,0.0016832192799151,0.0403972627179643,2138758.7719298247,False,False,False,0.0,0,0,0,0,0
0x8ed3d0bb5757fdca32b0e40470e20d7fca958bde,usdc,408,2.103958813149078,2.1053178981185416,0.0784313725490196,5.434681539125589e-05,0.0032608089234753,0.0782594141634084,1104020.53125,False,False,False,0.0,0,0,0,0,0
0x36cc7b13029b5dee4034745fb4f24034f3f2ffc6,usdc,646,2.5033790418392177,2.2531209847743163,0.5139318885448917,0.0003564026774858,0.0213841606491509,0.5132198555796235,168348.90361445784,False,False,False,0.0,0,0,0,0,0
0x61d840289bed0884bb7c440947c913482a949bee,usdc,908,2.403700954334345,0.0,0.1762114537444934,0.0001223030084552,0.0073381805073159,0.1761163321755824,490584.825,False,False,False,0.0,0,0,0,0,0
0x15042264c733d3dc0d715c02b55890d72aea876b,usdc,173,2.710897032363951,2.7851226662208344,0.0520231213872832,3.601282056412083e-05,0.0021607692338472,0.0518584616123339,1666073.3333333333,False,False,False,0.0,0,0,0,0,0
0x1daae9340a7bd2b04f58a7020a27466a9d730f38,usdc,291,2.445415141852617,1.976472741560294,0.1374570446735395,9.521995810321844e-05,0.0057131974861931,0.1371167396686345,630120.0,False,False,False,0.0,0,0,0,0,0
0x037894e66d4c55b2af2f7c7be09ffca1fd808b40,usdc,1489,2.2641541341659828,2.1603050800270336,0.051040967092008,3.54280813134756e-05,0.0021256848788085,0.0510164370914048,1693571.8157894737,False,False,False,0.0,0,0,0,0,0
0x5abf14ddcb863e2709201aaf932f826a181cd2e7,usdc,1962,1.8085698241236459,1.9763847732858002,0.0168195718654434,1.168009156531095e-05,0.0007008054939186,0.0168193318540477,5136946.03030303,False,False,False,0.0,0,0,0,0,0
0x07effc25352088e044d2e91e57d06877c5d49e46,usdc,1364,2.103838143196903,0.0049751449277728975,0.0095307917888563,6.616482569118428e-06,0.0003969889541471,0.0095277348995305,9068262.384615384,False,False,False,0.0,0,0,0,0,0
0x7cbd13bb95b9d8a26f65234aa2867652426e133d,usdc,1445,2.449902105094674,2.519416873683907,0.0643598615916955,4.468473943355462e-05,0.0026810843660132,0.0643460247843186,1342740.2903225806,False,False,False,0.0,0,0,0,0,0
0x28c2eb07bf7e9812761ef7c78e1b456d2648210c,usdc,965,2.2082880008940853,0.0003328891540624464,0.0549222797927461,3.8103355856011295e-05,0.0022862013513606,0.0548688324326562,1574664.452830189,False,False,False,0.0,0,0,0,0,0
0xbf00f8e3bd28b0e1c53c8d3260f0a593ef6c2023,usdc,347,2.284390109969726,2.2938100811575355,0.1844380403458213,0.0001279503041018,0.0076770182461132,0.184248437906717,468932.0625,False,False,False,0.0,0,0,0,0,0
0x2431d049ade7839017a3311e96533a1f3b01c9cf,usdc,421,2.239171978432805,2.316378999256307,0.0736342042755344,5.110512356889168e-05,0.0030663074141335,0.073591377939204,1174050.5806451612,False,False,False,0.0,0,0,0,0,0
0xa89c95f3b69c6435fa022fce66efa46289e24476,usdc,635,2.317826253434742,2.3034548786892914,0.2299212598425196,0.0001594209771872,0.0095652586312355,0.2295662071496522,376362.01369863015,False,False,False,0.0,0,0,0,0,0
0x58c4f15d64cb094d1a78aa63ea6bb0a3d4e99be0,usdc,1451,2.3986622748240056,1.9752193009851962,0.0096485182632667,6.696962983095192e-06,0.0004018177789857,0.009643626695657,8959285.0,False,False,False,0.0,0,0,0,0,0
0x1bb9c7911b3998332b710a9d47e4a7bccdd66911,usdc,674,2.1866094086745558,2.100577651859118,0.0415430267062314,2.881645666673871e-05,0.0017289874000043,0.0414956976001037,2082143.571428572,False,False,False,0.0,0,0,0,0,0
0xb4cb93017d9c2df6f93b05be304ae77edba06cfa,usdc,369,2.3760420898254915,0.0003568726040587601,0.1869918699186991,0.000129664345988,0.0077798607592843,0.1867166582228242,462733.2173913043,False,False,False,0.0,0,0,0,0,0
0x3dbd3a47192eb10f31bfb21ccab159278fddb784,usdc,1262,2.11204184806254,0.0001829665181482177,0.0158478605388272,1.1000517005965084e-05,0.0006600310203579,0.0158407444885897,5454289.1,False,False,False,0.0,0,0,0,0,0
0xa7393d2f073eadd425b254a60e72c464e8fa4c20,usdc,1445,2.533793399832987,2.0704686325376875,0.2283737024221453,0.0001584983196776,0.0095098991806597,0.2282375803358339,378552.9090909091,False,False,False,0.0,0,0,0,0,0
0xafbd82b33e0fb070da19684be3f3db03d62edb21,usdc,1003,2.355801279826396,2.5224222728947288,0.9521435692921236,0.0006609058742698,0.0396543524561892,0.9517044589485408,90784.48586387436,False,False,False,0.0,0,0,0,0,0
0x0f9f949a30b97c42ace87aae6f24ee2607003e37,usdc,131,2.589144526598517,2.3774078122915436,2.786259541984733,0.0019280911791677,0.1156854707500644,2.7764512980015468,31118.8602739726,False,False,False,0.0,0,0,0,0,0
0xb9a6afafc208b8637172a72129e36c25ee6d9527,usdc,1183,2.3798022292566507,2.0982001761542146,0.0092983939137785,6.455444521909779e-06,0.0003873266713145,0.00929584011155,9294480.0,False,False,False,0.0,0,0,0,0,0
0x88529d2289d47e9339938f25f2e56a33c91671cb,usdc,1647,2.481560561187144,2.5461284432787914,0.25197328476017,0.0001748822201608,0.0104929332096496,0.2518303970315927,343088.05060240964,False,False,False,0.0,0,0,0,0,0
0xc5f1f580084ccf817c4834a09709bddc6469f5dd,usdc,1333,2.314842441516801,2.3299783100386167,0.1305326331582895,9.063686776487296e-05,0.0054382120658923,0.130517089581417,661982.275862069,False,False,False,0.0,0,0,0,0,0
0x01baea860c7661561c31b1f765cfe8e064ff6de6,usdc,834,2.5841711857032283,0.012345993612272737,0.3177458033573141,0.0002205404066643,0.0132324243998582,0.3175781855965975,272058.9886792453,False,False,False,0.0,0,0,0,0,0
0x20cf6f56ef057157ab8a48c82ed97258148c403c,usdc,2074,2.378507051526491,2.4357650353323983,0.2974927675988428,0.0002065230684956,0.0123913841097391,0.2973932186337386,290524.4457050243,False,False,False,0.0,0,0,0,0,0
0x7f41c4d5fad289d1b788a8a94d38e180445b7724,usdc,1147,2.2114736779888076,2.288833369083929,0.059285091543156,4.116645389260302e-05,0.0024699872335561,0.0592796936053483,1457497.4117647058,False,False,False,0.0,0,0,0,0,0
0x0a7b9483030994016567b3b1b4bbb865578901cb,usdc,879,2.64129930679119,9.999000116652086e-05,0.0409556313993174,2.841675571899049e-05,0.0017050053431394,0.0409201282353463,2111430.333333333,False,False,False,0.0,0,0,0,0,0
0xa19bf15dc155545ea4f346b1452bb6680a07476c,usdc,379,2.4072997839836736,2.3292587962742926,0.021108179419525,1.4622207843717844e-05,0.000877332470623,0.0210559792949536,4103347.5,False,False,False,0.0,0,0,0,0,0
0xf18d63dd58de86d46f00e0edd32a2de89257bdc8,usdc,412,2.1486302155324597,9.999000116652086e-05,0.0169902912621359,1.1790470537466914e-05,0.000707428232248,0.0169782775739523,5088855.428571428,False,False,False,0.0,0,0,0,0,0
0xc44a25eb35b2d4f5fa30870bec5f246e5601499c,usdc,846,2.115584672548153,0.00039384483532165084,0.0425531914893617,2.9540415144583103e-05,0.0017724249086749,0.0425381978081996,2031115.6666666667,False,False,False,0.0,0,0,0,0,0
0x8247540f034b9132c57e8fb7fff367d5e13419f6,usdc,222,2.0400685029948558,0.0,3.905405405405405,0.0027008235175375,0.1620494110522558,3.889185865254139,22215.446366782005,False,False,False,0.0,0,0,0,0,0
0x6c9243262d3c985869bd90f5c3eab94c7afa17c3,usdc,161,1.9135950870010414,1.223156202527103,0.2608695652173913,0.0001808850966184,0.0108531057971089,0.2604745391306145,331702.28571428574,False,False,False,0.0,0,0,0,0,0
0xd1b98c3e40a056e647011510f40d7d6d005cb3e3,usdc,304,2.1620380943896613,0.0008263167301960175,1.0986842105263157,0.0007615159913798,0.0456909594827892,1.0965830275869428,78790.20359281437,False,False,False,0.0,0,0,0,0,0
0x46e088980de404471dabefb6e17897306e97ccb6,usdc,704,2.2922128625565743,0.00035187614686083197,0.1335227272727272,9.270504037304508e-05,0.0055623024223827,0.1334952581371849,647214.0,False,False,False,0.0,0,0,0,0,0
0x0da5f7aa948275245db81eea25d092f67cbe5937,usdc,610,2.0150771674376227,1.936111675424384,0.1426229508196721,9.903665790666558e-05,0.0059421994743999,0.1426127873855984,605836.275862069,False,False,False,0.0,0,0,0,0,0
0xe09f1e66b2a69a07c81df693fadc93d55893cee9,usdc,1232,1.7225507053351399,0.7813798435638561,0.0146103896103896,1.0141136449554326e-05,0.0006084681869732,0.0146032364873582,5916496.666666667,False,False,False,0.0,0,0,0,0,0
0xb7abe0f0a1c31a88fdcdef71033cf7ae7d12f2d3,usdc,2136,1.9740461052060856,1.4951684578004494,0.0341760299625468,2.372434649310556e-05,0.0014234607895863,0.034163058950072,2529047.534246576,False,False,False,0.0,0,0,0,0,0
0x30f05af4f61828f6f9af4b0b8cce69e6ed37fa62,usdc,262,2.2919354349664096,2.241991300989741,0.099236641221374,6.874956700993854e-05,0.0041249740205963,0.0989993764943115,872732.7692307692,False,False,False,0.0,0,0,0,0,0
0xa601ed8ae6433f82c55d45d376627bfc2b5c158e,usdc,219,2.1306463648163283,2.0001593710711196,0.0410958904109589,2.85240680539893e-05,0.0017114440832393,0.0410746579977445,2103486.777777778,False,False,False,0.0,0,0,0,0,0
0xa92a40457e419c5ec245a646da09112cdcc6cfb6,usdc,1974,2.0380398070599917,1.1079627642417846,0.0374873353596757,2.6021011756011804e-05,0.0015612607053607,0.037470256928657,2305828.864864865,False,False,False,0.0,0,0,0,0,0
0x9dfc840576e285ee2d08358098d26cb02c0782cc,usdc,585,2.201458521038411,2.0339729175112624,0.9658119658119658,0.0006695875696104,0.0401752541766265,0.9642061002390367,89607.3982300885,False,False,False,0.0,0,0,0,0,0
0xf65640b4966129b5dadb7375d9953044c5ddedfa,usdc,1056,2.0886713534609562,0.0,0.1287878787878787,8.940889707277352e-05,0.0053645338243664,0.1287488117847939,671074.1544117647,False,False,False,0.0,0,0,0,0,0
0x31d3243cfb54b34fc9c73e1cb1137124bd6b13e1,usdc,624,2.5452528401078633,2.4918861210737893,1.2836538461538465,0.0008906771125337,0.0534406267520263,1.2825750420486328,67364.47940074907,False,False,False,0.0,0,0,0,0,0
0xc88abb271a37b84b5485615c386d9f30c1e5b7cf,usdc,351,2.0392876036932686,2.1529317204616647,0.0256410256410256,1.7792665625993422e-05,0.0010675599375596,0.0256214385014305,3372176.0,False,False,False,0.0,0,0,0,0,0
0x65cffa79286e372ca15ddedbf6bb203821980b73,usdc,490,2.484424613508947,2.5970548258822577,0.0489795918367346,3.40032998785728e-05,0.0020401979927143,0.0489647518251448,1764534.625,False,False,False,0.0,0,0,0,0,0
0x56cd9308a7b217932c15399ede0202c4ffa633bb,usdc,992,2.0823932140743153,0.0009990011652101975,0.034274193548387,2.379136373496421e-05,0.0014274818240978,0.0342595637783484,2521923.529411765,False,False,False,0.0,0,0,0,0,0
0xae1b8ce1580f4a7c9d9af4d4a99f7819c18c2c7b,usdc,504,2.5990790077990362,2.533332957490836,0.1130952380952381,7.844564226199798e-05,0.0047067385357198,0.1129617248572771,764860.8421052631,False,False,False,0.0,0,0,0,0,0
0x18ff26ff07d30e262353de5a362faae55a5061f2,usdc,733,2.5016649132117625,0.0002589329392630805,0.1391541609822646,9.656921759619904e-05,0.0057941530557719,0.1390596733385266,621316.0,False,False,False,0.0,0,0,0,0,0
0x7a46980a7cce4ff1bd0401c2658f0ea3d19a0255,usdc,252,1.873433061753707,0.0009990011652101975,0.0674603174603174,4.679660708082214e-05,0.0028077964248493,0.0673871141963839,1282144.2352941176,False,False,False,0.0,0,0,0,0,0
0x14e479b77393f49f2ff535d1bbc29b1a435a25d0,usdc,248,2.292302421733706,0.00019996000933093387,1.314516129032258,0.000911970252985,0.0547182151791014,1.3132371642984346,65791.61963190183,False,False,False,0.0,0,0,0,0,0
0xec6a5154ba367f393c565b3597034540ba00c836,usdc,1100,2.4151457343968827,2.340124589136373,0.0272727272727272,1.893366483235218e-05,0.0011360198899411,0.0272644773585871,3168958.6,False,False,False,0.0,0,0,0,0,0
0x3457c815a155516c7160241071659d378fd76931,usdc,186,2.1197065360382465,1.4531708331040256,0.0967741935483871,6.688923440068733e-05,0.0040133540640412,0.0963204975369897,897005.3333333334,False,False,False,0.0,0,0,0,0,0
0xd25bb04823962458c2bbb772898163415301d236,usdc,606,2.474290944209792,2.4093450282818294,0.5891089108910891,0.0004085765832743,0.024514594996459,0.5883502799150161,146851.29411764705,False,False,False,0.0,0,0,0,0,0
0x29f278e2e83151384362a33c3e7a1e8af6f4c54a,usdc,143,2.1719390490943096,0.0,0.0559440559440559,3.8732704636982566e-05,0.0023239622782189,0.0557750946772549,1549078.5,False,False,False,0.0,0,0,0,0,0
0xb34132c542ec0280026a2eaa846ef9458d4036f0,usdc,1998,1.9767938164655532,1.710264576770034,0.0095095095095095,6.601136566322577e-06,0.0003960681939793,0.0095056366555045,9089343.842105264,False,False,False,0.0,0,0,0,0,0
0x55988b57ecfa0fc0c7cd518a7196e438d9dc027e,usdc,553,1.7851066520566414,1.8165006928281544,0.0180831826401446,1.2540483816881849e-05,0.0007524290290129,0.0180582966963098,4784504.4,False,False,False,0.0,0,0,0,0,0
0x0f3eced5762fd890dd0eba31123e1fa50e4ce77d,usdc,199,1.9656394693171098,1.915934445473429,0.0552763819095477,3.819927240804047e-05,0.0022919563444824,0.0550069522675782,1570710.5454545454,False,False,False,0.0,0,0,0,0,0
0xd9a4f67357a524bff393c1fc5a3eb01f0439d2ef,usdc,287,2.13720731534131,1.6144954397020792,0.1881533101045296,0.0001304196614885,0.0078251796893113,0.1878043125434732,460053.3333333333,False,False,False,0.0,0,0,0,0,0
0x48f59e729553045351d4cc83e088cd8b586dfb9a,usdc,500,2.414626324539258,1.9108604173712915,0.348,0.0002416129077946,0.0144967744676809,0.3479225872243426,248331.10344827583,False,False,False,0.0,0,0,0,0,0
0x815f45ba8faf19c5213c471cb381833852aa1781,usdc,640,2.2918899165751863,2.36235025329959,0.025,1.735905047729794e-05,0.0010415430286378,0.024997032687309,3456410.25,False,False,False,0.0,0,0,0,0,0
0x4527106ae1a661a9d2ffc22575bacdaacb5e51e0,usdc,380,2.519524682999012,2.3890872825709972,0.0894736842105263,6.199349566674582e-05,0.0037196097400047,0.0892706337601139,967843.4705882352,False,False,False,0.0,0,0,0,0,0
0xbf2bc9f66955db1c62cfec5a564b3e62c752008a,usdc,1110,2.151226971627426,2.2262839891669914,0.1531531531531531,0.0001062927053087,0.0063775623185273,0.1530614956446563,564479.0,False,False,False,0.0,0,0,0,0,0
0xa87d2fc358be7b28772b8eff9d2fd2628ecc70b3,usdc,893,2.313178287924606,1.6460036866178116,0.0526315789473684,3.6544033357186304e-05,0.0021926420014311,0.0526234080343482,1641854.8936170214,False,False,False,0.0,0,0,0,0,0
0x6b4c09c219f8f3990813d8bd1085ca7e3e17421d,usdc,1417,1.9905132239900905,1.7314843058964942,0.123500352858151,8.570498200121917e-05,0.0051422989200731,0.1234151740817556,700075.9885714286,False,False,False,0.0,0,0,0,0,0
0x29d6d6d84c9662486198667b5a9fbda3e698b23f,usdc,1985,2.210498310165993,9.999000116652086e-05,0.1561712846347607,0.0001084103502415,0.0065046210144931,0.1561109043478344,553452.6903225806,False,False,False,0.0,0,0,0,0,0
0xfc1b8c7f285eb84981777397dbfa5780b29cc6d3,usdc,304,2.312037162260267,1.8678835944344412,0.0460526315789473,3.1945120109088026e-05,0.0019167072065452,0.0460009729570867,1878221.142857143,False,False,False,0.0,0,0,0,0,0
0x3d4d413fb99aee248b8009da95aa7f1be2fcfe43,usdc,229,2.26509723428877,0.0011147561633247994,0.0698689956331877,4.839436568597501e-05,0.0029036619411585,0.069687886587804,1239813.75,False,False,False,0.0,0,0,0,0,0
0x4c2bcbd252c670c78e702e420730aff4db8f86a5,usdc,1049,2.4630421032816385,0.00019796080505380341,0.1506196377502383,0.0001045930377578,0.0062755822654693,0.1506139743712634,573651.9493670886,False,False,False,0.0,0,0,0,0,0
0xda70761a63d5d0dde3bde3b179126127cccb44b3,usdc,1620,2.179546805487669,2.388414326817329,0.019753086419753,1.3714437062894727e-05,0.0008228662237736,0.0197487893705684,4374951.71875,False,False,False,0.0,0,0,0,0,0
0x2affb7f6c7f666043a5418dc4cb0b4f80bc767bd,usdc,909,2.545213557876649,2.6713139340707976,0.0473047304730473,3.2827825536750216e-05,0.001969669532205,0.0472720687729203,1827717.7674418604,False,False,False,0.0,0,0,0,0,0
0xd7d95996393b3e144ecea674324226e0529ed543,usdc,1279,2.0661826294363,1.9331340712768021,0.0867865519937451,6.024082000455442e-05,0.0036144492002732,0.0867467808065583,996002.3783783783,False,False,False,0.0,0,0,0,0,0
0x3471884f189fd7c63fe8c83601d28ce0cc1b3853,usdc,1902,2.462391835158144,2.075128135275169,0.3774973711882229,0.0002620368494124,0.0157222109647482,0.3773330631539585,228975.4289693593,False,False,False,0.0,0,0,0,0,0
0x74f5234f3b9254aad76c867b50c412e2680acb6f,usdc,1027,1.981567556126799,1.9367308585473972,0.2687439143135345,0.00018657929708,0.0111947578248044,0.2686741877953074,321579.0869565217,False,False,False,0.0,0,0,0,0,0
0x7c7c4408a1b66f72163b455d25a67a313733fa5b,usdc,671,2.3491845854332394,2.0993966813418297,0.2131147540983606,0.000147990628778,0.0088794377266818,0.2131065054403632,405431.07692307694,False,False,False,0.0,0,0,0,0,0
0xff287f4a133544f1ab5dd27b50da37b23af3d312,usdc,1014,2.119170953557787,1.8067007921520721,0.2297830374753451,0.0001594983236931,0.0095698994215892,0.2296775861181421,376179.50214592274,False,False,False,0.0,0,0,0,0,0
0xbd52889a4cb198a0e2ce36b52cdf75c4e65875a8,usdc,1743,2.1804684408870463,2.1270362322553,0.0177854274239816,1.234809855447648e-05,0.0007408859132685,0.0177812619184461,4859047.70967742,False,False,False,0.0,0,0,0,0,0
0x2301f29579c0966f4c9632101ebb8b54187d0ac1,usdc,185,2.3466237993306676,0.0001499775039366884,1.5675675675675675,0.0010864645992369,0.0651878759542156,1.564509022901175,55224.99310344827,False,False,False,0.0,0,0,0,0,0
0xaceb3fbec7ec9308e1402b18806327f71f5ab58b,usdc,155,2.127949943158504,1.945335537879307,0.2709677419354839,0.0001877229209686,0.011263375258119,0.2703210061948564,319620.0,False,False,False,0.0,0,0,0,0,0
0xb6ecc1fb0bccadad267d545a8c58943a94d0db37,usdc,665,2.3463765583867455,2.1785446652960667,0.0676691729323308,4.693023998855875e-05,0.0028158143993135,0.0675795455835246,1278493.3555555556,False,False,False,0.0,0,0,0,0,0
0x181bf32ea075b8894d36cc7554d0db8a6defadf5,usdc,310,2.3807343875494316,0.0,0.0838709677419354,5.807896237019352e-05,0.0034847377422116,0.0836337058130786,1033076.3076923076,False,False,False,0.0,0,0,0,0,0
0x2eca594e41cab2511855c5c0319e3ad4459b08dc,usdc,2005,2.5905642666018744,1.940101561968263,0.2463840399002493,0.0001710766285118,0.0102645977107107,0.2463503450570577,350720.028340081,False,False,False,0.0,0,0,0,0,0
0x8f1ef1ae7aa7bdbbe6fbddea1bed2b4fc630f3e2,usdc,1622,2.1454946522121023,1.4636636566069892,0.0197287299630086,1.369396416490708e-05,0.0008216378498944,0.0197193083974661,4381492.40625,False,False,False,0.0,0,0,0,0,0
0x6ea6a87feb060f1bb55b3db4becd951cefd0594d,usdc,1652,2.183225153588759,9.999000116652086e-05,0.0332929782082324,2.3113614889942003e-05,0.0013868168933965,0.0332836054415164,2595872.618181818,False,False,False,0.0,0,0,0,0,0
0x2e3c5e879b6a875246fb801dbf147e9b3e297178,usdc,434,1.8025463472267997,1.3922172241946056,0.0368663594470046,2.5599344656776785e-05,0.0015359606794066,0.0368630563057585,2343810.0,False,False,False,0.0,0,0,0,0,0
0x418aa6bf98a2b2bc93779f810330d88cde488888,usdc,1412,2.690287057794755,0.0,0.646600566572238,0.0004488926315364,0.0269335578921863,0.6464053894124732,133662.25191675793,False,False,False,0.0,0,0,0,0,0
0x2b930761f11dd3afc29e5c40bef8bb9bf12ab61e,usdc,1877,1.9575616876561428,1.9886733224854418,0.1523708044752264,0.0001057851070116,0.0063471064206991,0.1523305540967807,567187.5909090909,False,False,False,0.0,0,0,0,0,0
0xa0f77c56b545818b64646e2de834b044573ce078,usdc,2063,2.001321859153032,1.6715583964924847,0.0247212796897721,1.715955006852212e-05,0.0010295730041113,0.0247097520986718,3496595.1764705884,False,False,False,0.0,0,0,0,0,0
0x274d231d26eaf8004337ab45d62882987bea1a4d,usdc,582,2.0573782087040033,0.0,0.2336769759450171,0.0001620793831449,0.0097247629886961,0.2333943117287077,370188.9705882353,False,False,False,0.0,0,0,0,0,0
0x426a04b46e1052712b021213a63fe40e5376f8cf,usdc,220,2.3873683253930675,2.3805434468874282,4.131818181818182,0.0028638884253434,0.1718333055206044,4.123999332494505,20950.536853685368,False,False,False,0.0,0,0,0,0,0
0x75d679cd192b91a334dabac8e7ee7240777e4ffc,usdc,858,2.2683614928352154,2.4411190106902936,0.4090909090909091,0.0002840234617944,0.0170414077076684,0.4089937849840437,211250.15384615384,False,False,False,0.0,0,0,0,0,0
0x2dca56abf520d3d21e36eb35e96b6dcc9a4a33f3,usdc,778,2.5735383071560696,2.536753300899959,0.0167095115681233,1.1597676943675497e-05,0.0006958606166205,0.0167006547988927,5173449.846153846,False,False,False,0.0,0,0,0,0,0
0x054b905ca86e9a2520b4239f716c9a26db8e545c,usdc,553,2.233250479388417,1.7611805295009408,0.3037974683544304,0.0002106373623287,0.0126382417397241,0.3033178017533804,284849.75,False,False,False,0.0,0,0,0,0,0
0x970e18861858aba4ac27449246533457c0f56bb3,usdc,1297,1.9211991370615353,1.7248753667297048,0.038550501156515,2.676978363527612e-05,0.0016061870181165,0.0385484884347976,2241333.02,False,False,False,0.0,0,0,0,0,0
0x040fbe8495361d52cbdb939fd30bafe9c500c833,usdc,938,2.2402951290414257,0.0,0.0469083155650319,3.2562620509448115e-05,0.0019537572305668,0.0468901735336052,1842603.5454545447,False,False,False,0.0,0,0,0,0,0
0x1d5cfacf8fb3efb83a6b2976b748f30f563d6958,usdc,1258,2.1138868793710945,1.799022542662944,0.4014308426073132,0.0002786736440538,0.0167204186432299,0.4012900474375199,215305.6138613861,False,False,False,0.0,0,0,0,0,0
0x1fc5654b365b35774ce2a6fb38c7fc9ebe85a7cf,usdc,374,2.2828333424874647,2.198240681363022,0.7513368983957219,0.0005216681002741,0.0313000860164483,0.7512020643947598,115015.65836298931,False,False,False,0.0,0,0,0,0,0
0xc3eadaa863df9362d02723f1d5404bb73f307fdd,usdc,721,2.0078204313873886,1.9823221775970696,0.0166435506241331,1.1548428720788247e-05,0.0006929057232472,0.016629737357935,5195512.0,False,False,False,0.0,0,0,0,0,0
0x23c521c034448f2c73b39f85d92daadc44879029,usdc,503,2.3191106672633666,0.00021495378659159805,0.1491053677932405,0.000103368945543,0.006202136732582,0.1488512815819693,580445.12,False,False,False,0.0,0,0,0,0,0
0xb1ba9fd684a05b065b0f92a4dac6bbe3ab815624,usdc,1325,2.141502688566518,2.0493672505261173,0.0158490566037735,1.1004866308211389e-05,0.0006602919784926,0.0158470074838243,5452133.476190476,False,False,False,0.0,0,0,0,0,0
0x4d224452801aced8b2f0aebe155379bb5d594381,usdc,1386,2.08722998659543,0.09103759238300538,0.0036075036075036,2.503934829253554e-06,0.0001502360897552,0.0036056661541251,23962285.0,False,False,False,0.0,0,0,0,0,0
0xdf2528771f0486982217dc2aaed68edda60e6ae5,usdc,147,2.4967181649954195,0.011408595853501638,0.1224489795918367,8.491951988390558e-05,0.0050951711930343,0.122284108632824,706551.3333333334,False,False,False,0.0,0,0,0,0,0
0x53c41808840457f99948cb12749645a5dc43b276,usdc,401,2.3401948662485377,2.3233712058732223,0.6508728179551122,0.000451500226269,0.0270900135761447,0.6501603258274736,132890.2988505747,False,False,False,0.0,0,0,0,0,0
0xed860a089b437dc2cb53c618aa54e50d37debf67,usdc,1089,2.2876392971036017,1.6783265108396688,0.0202020202020202,1.4029122098032252e-05,0.0008417473258819,0.0202019358211664,4276817.863636363,False,False,False,0.0,0,0,0,0,0
0x1a255bbb5aac4c33e5f602ea2c6b122bbcbc42a4,usdc,341,2.513827775578269,0.0,0.126099706744868,8.753180661577608e-05,0.0052519083969465,0.1260458015267175,685465.1162790698,False,False,False,0.0,0,0,0,0,0
0xbe0eb53f46cd790cd13851d5eff43d12404d33e8,usdc,1416,2.9523372179551925,0.8697416861919438,0.0247175141242937,1.7164156950882003e-05,0.0010298494170529,0.02471638600927,3495656.685714286,False,False,False,0.0,0,0,0,0,0
0x9cde23f1931935d7ed5a37e1a65dac5c2da582fb,usdc,163,2.653265687903299,2.1806497349702365,0.0552147239263803,3.8315448533412345e-05,0.0022989269120047,0.0551742458881137,1565948.0,False,False,False,0.0,0,0,0,0,0
0x860a80d33e85e97888f1f0c75c6e5bbd60b48da9,usdc,1283,2.627515539281745,2.691914824192527,0.0374123148869836,2.5973764549772383e-05,0.0015584258729863,0.0374022209516722,2310023.25,False,False,False,0.0,0,0,0,0,0
0xb51ff2f65b935142aab32abefa1c0e29a4161d31,usdc,494,2.380640608262761,0.7961623571786274,0.0607287449392712,4.211837453399529e-05,0.0025271024720397,0.0606504593289532,1424556.4,False,False,False,0.0,0,0,0,0,0
0x89639b0c40b8517145d238df4a5a83247ebb66a5,usdc,197,2.1632082289543133,0.5458710998642679,0.2588832487309644,0.00017971630196,0.0107829781176021,0.2587914748224508,333859.5294117647,False,False,False,0.0,0,0,0,0,0
0xfd340ac1badbbbacaf8bdf214bd16d8f5cf59006,usdc,180,2.274354699844037,9.999000116652086e-05,0.1222222222222222,8.48472133089796e-05,0.0050908327985387,0.1221799871649306,707153.4545454546,False,False,False,0.0,0,0,0,0,0
0xdded8131035d0d046d3d91c3e9e3fae77f5aa676,usdc,205,2.2342926855826164,0.0,0.0439024390243902,3.034553448601408e-05,0.0018207320691608,0.0436975696598602,1977226.6666666667,False,False,False,0.0,0,0,0,0,0
0x72bed203c9a5eff37e1f55be91f742def6e0e5c7,usdc,1955,2.3433973984695844,1.4035796457903287,0.018925831202046,1.3142556068379016e-05,0.0007885533641027,0.0189252807384657,4565321.972972973,False,False,False,0.0,0,0,0,0,0
0x0c060bf9a8207f42c0ba643c2caae3413218dd19,usdc,161,2.3664473495124945,2.5741210301703505,0.3478260869565217,0.000241260759799,0.0144756455879438,0.3474154941106525,248693.57142857145,False,False,False,0.0,0,0,0,0,0
0xad88a3370844e254eb94ca6c3890af4b0219c750,usdc,1068,2.392109083643436,0.0,0.0786516853932584,5.4605967886230286e-05,0.0032763580731738,0.0786325937561716,1098781.0,False,False,False,0.0,0,0,0,0,0
0x88350964c2d91a6aaf5c7430a35f7ab27a7007d3,usdc,840,2.2316799434473578,2.2720930397111068,0.0166666666666666,1.1572946375154802e-05,0.0006943767825092,0.0166650427802229,5184505.142857143,False,False,False,0.0,0,0,0,0,0
0x782ec8676b4f827bae16433191876223fdfd1edc,usdc,900,1.824498736996064,1.1322369431755863,0.0377777777777777,2.623285952674069e-05,0.0015739715716044,0.0377753177185066,2287207.7647058824,False,False,False,0.0,0,0,0,0,0
0x04b20e0c1e1c4338f9885c089d18c4671d833241,usdc,725,2.5278017791024436,2.611434543748162,0.0082758620689655,5.744535893200652e-06,0.000344672153592,0.0082721316862089,10444708.0,False,False,False,0.0,0,0,0,0,0
0x8c74f447daf0b68e63b677e06e909b06d6e236f5,usdc,1121,2.3935883680827055,2.2971634511169916,0.0597680642283675,4.147537910585748e-05,0.0024885227463514,0.0597245459124347,1446641.3880597015,False,False,False,0.0,0,0,0,0,0
0xff3191021525036d260ecc8466d07a839dd8cc3e,usdc,338,2.044095788304279,0.0009890210306163943,0.0887573964497041,6.151645442122859e-05,0.0036909872652737,0.0885836943665691,975348.8,False,False,False,0.0,0,0,0,0,0
0x9296759fb1e2000ab4c99ea9ed9efcb6ca95020f,usdc,1254,2.5023103298111598,0.0,0.0119617224880382,8.305161226756842e-06,0.0004983096736054,0.0119594321665298,7224423.266666667,False,False,False,0.0,0,0,0,0,0
0x3f07d11ffcc42cd1dab841fb3d080d4682892f27,usdc,1205,1.955347694557712,0.0,0.0763485477178423,5.298998892394036e-05,0.0031793993354364,0.0763055840504741,1132289.347826087,False,False,False,0.0,0,0,0,0,0
0xdd3b529d78492cd6f208e971d55a0ff3d4fd8ee7,usdc,511,2.314396754525524,9.999000116652086e-05,0.0313111545988258,2.170246624113556e-05,0.0013021479744681,0.0312515513872352,2764662.75,False,False,False,0.0,0,0,0,0,0
0x2ca40605844f48c60431e2820ffa84526e795f9f,usdc,462,1.9763882504679482,1.9763952042576594,0.0129870129870129,8.999455532940257e-06,0.0005399673319764,0.0129592159674339,6667070.0,False,False,False,0.0,0,0,0,0,0
0x05d90f7d6d0a1dc67c2b8fe63044b71a09e14549,usdc,1710,2.0676811146994387,1.5054591841187797,0.0046783625730994,3.24744699755495e-06,0.0001948468198532,0.0046763236764791,18476052.125,False,False,False,0.0,0,0,0,0,0
0x2e0934d577b8194239fca1297741b0c096d97b51,usdc,655,2.3074370866086418,2.152540561388906,0.0259541984732824,1.8007406340301846e-05,0.0010804443804181,0.0259306651300346,3331962.3529411764,False,False,False,0.0,0,0,0,0,0
0x86e82f7ea96e61e437e190b9e6716f7b1a8fbda8,usdc,591,2.3465414509671034,2.0647592070431644,0.2182741116751269,0.0001515199714187,0.0090911982851228,0.2181887588429472,395987.4031007752,False,False,False,0.0,0,0,0,0,0
0xe987bb7626030ffef2cff16d647b4aab576e2d89,usdc,263,2.2765623473817413,2.253095769484376,0.0874524714828897,6.065874340402099e-05,0.0036395246042412,0.0873485905017902,989140.1739130436,False,False,False,0.0,0,0,0,0,0
0x01076e09dcb258c16537670307f9bdced007bf37,usdc,1085,2.5360291106150443,2.4489909193624917,0.0635944700460829,4.413285135284939e-05,0.0026479710811709,0.0635513059481031,1359531.463768116,False,False,False,0.0,0,0,0,0,0
0xd50d97f3cca3c2a52d82afa541eedb04dc79499b,usdc,1029,2.5687630906265344,2.6600002606889355,0.0524781341107871,3.641853638758064e-05,0.0021851121832548,0.0524426923981161,1647512.6666666667,False,False,False,0.0,0,0,0,0,0
0xa556f623c5009158c6d96c64729c52a24702c8d9,usdc,1217,2.373548738401649,0.0,0.161873459326212,0.0001123250323803,0.0067395019428239,0.1617480466277744,534164.1015228427,False,False,False,0.0,0,0,0,0,0
0x918476a51d4a7bfea75cac597809c628d6c6013e,usdc,270,1.9844187125853658,2.0219463075767714,0.0888888888888888,6.155743385525488e-05,0.0036934460313152,0.088642704751567,974699.5,False,False,False,0.0,0,0,0,0,0
0x233a235d6c9dfffda2c3b8c551a7d93889ff7985,usdc,233,2.3890720873420253,0.0,1.145922746781116,0.0007932391072227,0.0475943464333652,1.1422643144007658,75639.23595505618,False,False,False,0.0,0,0,0,0,0
0x813c47c6a8c4787b45b5cc001b46d5d362e09d34,usdc,1376,2.209935047942753,0.00013498177786991125,0.1090116279069767,7.569554746173905e-05,0.0045417328477043,0.1090015883449042,792649.0,False,False,False,0.0,0,0,0,0,0
0xc27a139dd44d178e7437ceba06e5c113de9f53e1,usdc,232,2.037061811266774,1.9752491676472554,0.293103448275862,0.0002030032540227,0.0121801952413649,0.2923246857927575,295561.76470588235,False,False,False,0.0,0,0,0,0,0
0xd27633e088309b4e3c6d5792329d0a1af683579f,usdc,1790,2.4972013040044603,0.0014967569212813974,0.3564245810055866,0.0002474107012664,0.0148446420759862,0.3562714098236694,242511.74137931035,False,False,False,0.0,0,0,0,0,0
0x8ab3862142b06e79cdcb7b74f0434d2545574bcf,usdc,1370,2.0782191770403253,2.0475609497341734,0.0854014598540146,5.92871410439143e-05,0.0035572284626348,0.0853734831032365,1012023.8376068376,False,False,False,0.0,0,0,0,0,0
0xed2c8163b3fb18805793a5b3ad65d1c9ce20ede6,usdc,135,2.161134070170239,1.6855399671467128,0.0518518518518518,3.598720089495027e-05,0.002159232053697,0.0518215692887284,1667259.4285714286,False,False,False,0.0,0,0,0,0,0
0x8d200da448b51b946462bcdc4a3165c64c8d40fb,usdc,212,2.2184365277313547,2.2106061731546127,0.1981132075471698,0.0001369713801562,0.0082182828093743,0.1972387874249837,438047.7142857143,False,False,False,0.0,0,0,0,0,0
0x26efb1fc25521d78a9199e74f027f72e90a9ff55,usdc,1029,2.3650754709781303,0.0,0.0281827016520894,1.955791557400864e-05,0.0011734749344405,0.0281633984265724,3067811.5862068967,False,False,False,0.0,0,0,0,0,0
0xde748ca4a5214772ad640083f4fcf81601c8db62,usdc,672,2.6903880352922624,2.6956747101603242,0.4107142857142857,0.0002851871323565,0.0171112279413952,0.4106694705934868,210388.1739130435,False,False,False,0.0,0,0,0,0,0
0x02bbd6bf072564aee06cc476a246581b0c893df3,usdc,1222,2.223389832242074,2.115141482757016,0.0736497545008183,5.1143872486733273e-05,0.0030686323492039,0.0736471763808959,1173161.066666667,False,False,False,0.0,0,0,0,0,0
0x9131114bdbb12889f8283cd6a0deff2ff7bc0467,usdc,537,2.419959200489823,2.4297262729538454,0.0148975791433892,1.0334234105366646e-05,0.0006200540463219,0.0148812971117279,5805945.5,False,False,False,0.0,0,0,0,0,0
0xced586a61da0bb11af135e994d8a0127fadc0498,usdc,542,2.4144721150596555,2.273979372025435,0.0387453874538745,2.689549180327869e-05,0.0016137295081967,0.0387295081967213,2230857.1428571427,False,False,False,0.0,0,0,0,0,0
0xb95b95f5e81414619aa6dac8cf386a15d1e031e7,usdc,250,2.4269467817642982,2.3890872825709972,0.136,9.416696578526388e-05,0.0056500179471158,0.1356004307307799,637166.1176470588,False,False,False,0.0,0,0,0,0,0
0x1cb7ebb11222c8a61e9165ad31bd6c15ecd5c67b,usdc,1206,2.124184078308768,0.0011526700743511205,0.0679933665008291,4.721565764103224e-05,0.0028329394584619,0.0679905470030864,1270764.8902439023,False,False,False,0.0,0,0,0,0,0
0xba27360f71224ad8a023523d096a6ad6c35908c1,usdc,1274,2.0456652945677316,2.2364469121231716,0.0094191522762951,6.536075811434976e-06,0.000392164548686,0.0094119491684663,9179820.083333334,False,False,False,0.0,0,0,0,0,0
0xf8d66c0a0663af5c385b7d70ccd24719f1db44bf,usdc,437,2.2271252858638535,1.5848445860775742,0.3112128146453089,0.0002156748688665,0.0129404921319904,0.3105718111677716,278196.5294117647,False,False,False,0.0,0,0,0,0,0
0xba76bcab8c0ea0a4ce8418ea53de1d341d49c740,usdc,205,2.238868906963825,2.273669605875408,0.0292682926829268,2.025744511751681e-05,0.001215446707051,0.0291707209692242,2961874.0,False,False,False,0.0,0,0,0,0,0
0xdcc9afee5452bed2afe7af6a4a0168a4ac673e87,usdc,323,2.2843101447988468,0.0,0.0433436532507739,3.005131476648626e-05,0.0018030788859891,0.0432738932637402,1996584.857142857,False,False,False,0.0,0,0,0,0,0
0xc9b77e5217992ad61124022f66a17b3b88888888,usdc,127,1.9531153878923138,0.8852245306926215,0.0629921259842519,4.373974849644615e-05,0.0026243849097867,0.0629852378348824,1371750.0,False,False,False,0.0,0,0,0,0,0
0xfe0dd0e80997bce29ee3d7a677c4c7a250d5b144,usdc,595,2.417551091561861,2.36235025329959,0.1478991596638655,0.0001026756097122,0.0061605365827363,0.1478528779856725,584364.6818181818,False,False,False,0.0,0,0,0,0,0
0xa3d276fac48a55dff8e559a7e1ec5f09918eb166,usdc,339,2.095765056807516,2.227035387637618,0.0383480825958702,2.6558059186064943e-05,0.0015934835511638,0.0382436052279335,2259201.230769231,False,False,False,0.0,0,0,0,0,0
0x3d6f6a379bc81ab25521d2c372860aa2d72ddfa3,usdc,676,2.1492686099199685,0.0,0.1109467455621301,7.700491537775838e-05,0.0046202949226655,0.110887078143972,779171.04,False,False,False,0.0,0,0,0,0,0
0x804dc1e4d33c43d502d530d360ca8c26020914c3,usdc,305,2.4968217434747864,0.0,0.2098360655737705,0.0001454357710186,0.008726146261119,0.2094275102668564,412553.25,False,False,False,0.0,0,0,0,0,0
0xb657111ca34672af7658fb08a5692368a8bff9e1,usdc,670,2.228804345213721,2.325880950512186,0.0388059701492537,2.6943007042694786e-05,0.0016165804225616,0.0387979301414804,2226922.923076923,False,False,False,0.0,0,0,0,0,0
0xdcdb735824c684b0b9117688c474f6aa2fbb453e,usdc,440,2.294910011291856,0.00019896040819167144,0.0681818181818181,4.729415926591897e-05,0.0028376495559551,0.0681035893429233,1268655.6,False,False,False,0.0,0,0,0,0,0
0x0772f014009162efb833ef34d3ea3f243fc735ba,usdc,609,2.6125846158578323,2.5143724995116146,0.0623973727422003,4.329173984489709e-05,0.0025975043906938,0.0623401053766518,1385945.6842105263,False,False,False,0.0,0,0,0,0,0
0x7eeb8cd6c157193687b56c546ebdbc2e0c405acc,usdc,295,2.017877967090042,2.012033526440284,0.0440677966101694,3.0509871586297407e-05,0.0018305922951778,0.0439342150842682,1966576.6153846155,False,False,False,0.0,0,0,0,0,0
0x09d1ee2a07036c7355f9e3dbf54308bd388fdf1d,usdc,252,2.504535466005277,2.080523316016308,0.1666666666666666,0.0001153633809161,0.006921802854969,0.166123268519256,520095.7142857143,False,False,False,0.0,0,0,0,0,0
0x8f688a91695f7d2a1e93e57cedcbf5c5202f617b,usdc,1733,2.412406598010106,2.526762946426977,0.2804385458742066,0.0001946637499147,0.0116798249948855,0.2803157998772537,308223.7962962963,False,False,False,0.0,0,0,0,0,0
0x9b1acd4336ebf7656f49224d14a892566fd48e68,usdc,1600,2.4232179032847463,1.716502332643077,0.590625,0.000410026571385,0.0246015942831043,0.590438262794505,146331.97989417988,False,False,False,0.0,0,0,0,0,0
0xe29ddae4ae0c119946a884bf256cc94c80264906,usdc,294,2.574959288295188,0.0,0.0204081632653061,1.415938559594022e-05,0.0008495631357564,0.0203895152581539,4237472.0,False,False,False,0.0,0,0,0,0,0
0x4696747747c7abc154ea844d8175763f80184929,usdc,136,1.6605744939868194,0.0,0.9852941176470588,0.0006834691260674,0.0410081475640446,0.984195541537071,87787.4328358209,False,False,False,0.0,0,0,0,0,0
0x28785741a33013484597c4f20367a6b40055af4d,usdc,562,2.6250307181821086,2.7068321927930974,0.5106761565836299,0.0003545086584107,0.0212705195046464,0.5104924681115138,169248.33449477353,False,False,False,0.0,0,0,0,0,0
0xc2554811c4d2ee494bc23481cfe40d9713c9eb6c,usdc,1655,2.063976222536688,0.0001499775039366884,0.0362537764350453,2.5171299608672294e-05,0.0015102779765203,0.0362466714364881,2383667.15,False,False,False,0.0,0,0,0,0,0
0xbe55ed27fca3d239fad1fca6e43d37f9be627a0b,usdc,676,1.9232013386755256,1.8490541215157925,0.0088757396449704,6.161862262660471e-06,0.0003697117357596,0.008873081658231,9737316.0,False,False,False,0.0,0,0,0,0,0
0xbde4381338072d6be15519ef329cb8dfb8acc436,usdc,969,2.3189192791750273,1.7043933605696049,0.0464396284829721,3.224854791955062e-05,0.001934912875173,0.0464379090041528,1860548.888888889,False,False,False,0.0,0,0,0,0,0
0xe652682041c304125818ce3aef25062bffb158e2,usdc,948,2.3072416381446414,1.223156202527103,0.0073839662447257,5.124233940751484e-06,0.000307454036445,0.0073788968746821,11709067.285714284,False,False,False,0.0,0,0,0,0,0
0xf236c8a129aa8a9c4756ba8eb816bd28db06a8a8,usdc,143,2.0165069535236415,1.77073964639405,0.3076923076923077,0.0002125194054769,0.0127511643286177,0.3060279438868269,282327.1590909091,False,False,False,0.0,0,0,0,0,0
0xa8c602638e910a5eee8bcf190acf3e2d4c022338,usdc,307,2.2877669181632343,1.0760335951172666,0.0618892508143322,4.286812096391001e-05,0.0025720872578346,0.0617300941880304,1399641.4736842106,False,False,False,0.0,0,0,0,0,0
0x3f2af394c178fed9f4cea733b086517272a954ae,usdc,181,2.028927189887732,2.016071555801817,0.0718232044198895,4.964507589586449e-05,0.0029787045537518,0.0714889092900448,1208579.076923077,False,False,False,0.0,0,0,0,0,0
0xb0632bfc3a0ad392cdcc0c08bcb08f7ed727b2a4,usdc,329,2.1754676212518564,2.223122712705612,0.1033434650455927,7.175944881989476e-05,0.0043055669291936,0.1033336063006484,836126.8235294118,False,False,False,0.0,0,0,0,0,0
0x22aa3f5d1daffe1a9df298e79a0cf2f98c1b92ff,usdc,1678,2.490012131643699,9.999000116652086e-05,0.3629320619785459,0.000251990055951,0.015119403357062,0.3628656805694881,238104.63382594413,False,False,False,0.0,0,0,0,0,0
0x7a5b6f12a70db56c43a56f2340c4b2738fde9e37,usdc,1735,2.4544376526800615,1.5504460211620947,0.1746397694524495,0.0001212543979563,0.0072752638773824,0.1746063330571783,494827.4125412541,False,False,False,0.0,0,0,0,0,0
0xecc78ef29562e1d1c60553eb11e5ae2342d66a08,usdc,407,2.049375891325251,2.17752581681183,0.1105651105651105,7.677407834140692e-05,0.0046064447004844,0.1105546728116259,781513.7777777778,False,False,False,0.0,0,0,0,0,0
0x1ad95af27e2672a255461b1c7962e0cbd940f0ac,usdc,318,2.5146017893363775,2.516336855577946,0.0251572327044025,1.741561048245595e-05,0.0010449366289473,0.0250784790947365,3445185.0,False,False,False,0.0,0,0,0,0,0
0xd8d5b0f7219aed171efb5ae2ac3b9941206f7349,usdc,784,2.5115313581100915,0.00038085490349326953,0.1849489795918367,0.0001283938251247,0.0077036295074866,0.1848871081796784,467312.19310344825,False,False,False,0.0,0,0,0,0,0
0x6d0e97f76eab06f3a8db778be441284d367d3248,usdc,376,2.301840451657161,1.7704390908687953,0.1090425531914893,7.560669764697205e-05,0.0045364018588183,0.1088736446116397,793580.487804878,False,False,False,0.0,0,0,0,0,0
0x40fbc035470957bb9cf7909def82e470060b75bd,usdc,496,2.362458305533563,2.135227904283046,0.0262096774193548,1.8170966429838405e-05,0.0010902579857903,0.0261661916589673,3301970.769230769,False,False,False,0.0,0,0,0,0,0
0x66e237350e9094971aa726320be670a931858530,usdc,1296,2.278431551988697,1.9763847732858002,0.0393518518518518,2.732451526577805e-05,0.0016394709159466,0.0393473019827204,2195830.3529411764,False,False,False,0.0,0,0,0,0,0
0xb520f068a908a1782a543aacc3847adb77a04778,usdc,913,2.2837244149326077,1.9551582448875102,0.348302300109529,0.0002417270807,0.0145036248420032,0.3480869962080774,248213.8113207548,False,False,False,0.0,0,0,0,0,0
0xfda93e97caa77d7d1aaec698a1a5419d73013313,usdc,1772,2.4605710654245248,1.9116406519050677,0.1969525959367946,0.00013671073884,0.0082026443304039,0.1968634639296941,438882.85959885386,False,False,False,0.0,0,0,0,0,0
0x8f70b3ac45a6896532fb90b992d5b7827ba88d3c,usdc,1643,2.3550777349805427,2.151306421240429,0.4552647595861229,0.000316004268536,0.0189602561121654,0.4550461466919697,189870.85294117648,False,False,False,0.0,0,0,0,0,0
0xaf93da0f0ae450db3b7d4238012d1925492ee7ed,usdc,1243,2.3735062043585526,2.5268146603549972,0.0120675784392598,8.378300993572475e-06,0.0005026980596143,0.0120647534307443,7161356.466666667,False,False,False,0.0,0,0,0,0,0
0x50e39e289ee71e8219d28f3d51502082b8db91b3,usdc,306,2.367013511508782,2.382803884643311,0.0392156862745098,2.7213405141950223e-05,0.001632804308517,0.0391873034044083,2204795.75,False,False,False,0.0,0,0,0,0,0
0x023306083ebbb1f5bc68865af4fb7a5ff13bdac3,usdc,301,2.550788755465593,0.0,0.1727574750830564,0.0001195753053079,0.0071745183184768,0.1721884396434448,501775.8461538461,False,False,False,0.0,0,0,0,0,0
0xadb207914e98a7f54a7a212519d6900ea0e74c4c,usdc,302,2.3483771215570464,2.398202328865551,1.1688741721854303,0.0008116995102209,0.0487019706132585,1.1688472947182045,73918.98016997168,False,False,False,0.0,0,0,0,0,0
0x0d859da18d7c420348913ad69c7b61a7253d92f9,usdc,489,2.5370361436864446,2.6080148652851407,0.4642126789366053,0.0003223133408189,0.0193388004491372,0.464131210779294,186154.255506608,False,False,False,0.0,0,0,0,0,0
0x7f4b8d9e2ceecc3e571f2170ae539be1438faa4e,usdc,162,2.3943251780427186,2.451408266796615,0.1604938271604938,0.0001108157917617,0.006648947505707,0.1595747401369683,541439.0769230769,False,False,False,0.0,0,0,0,0,0
0xc6bf7b9910d542267bea27754cdfc58400bbd2ad,usdc,132,2.3558186586013665,2.363361564814891,0.1590909090909091,0.0001102022053035,0.0066121323182135,0.1586911756371261,544453.7142857143,False,False,False,0.0,0,0,0,0,0
0xbd3a5cf75d866d8c6c4b0b8c6d1844a45cdfd606,usdc,385,2.409381708295502,0.0,0.2779220779220779,0.0001926807949109,0.0115608476946553,0.2774603446717277,311395.85046728974,False,False,False,0.0,0,0,0,0,0
0xedfaa2fdc18e5917adc1cad8444e50d0a4298eae,usdc,780,2.293632636406847,0.0049751449277728975,0.0307692307692307,2.136711426616338e-05,0.0012820268559698,0.0307686445432752,2808053.5,False,False,False,0.0,0,0,0,0,0
0x224a56f24faeec339a458c9f741ddf881443d0a8,usdc,195,1.817038131531233,0.0,0.2153846153846154,0.0001495418678064,0.0089725120683847,0.2153402896412348,401225.4285714286,False,False,False,0.0,0,0,0,0,0
0x17d705eaad033812100b134c116fd8f51df236b5,usdc,1856,2.1972942342842035,0.0,0.3954741379310345,0.0002745756131205,0.016474536787231,0.3953888828935447,218519.0422343324,False,False,False,0.0,0,0,0,0,0
0x6ea158145907a1fac74016087611913a96d96624,usdc,496,2.2479783577319816,2.3222297505633915,0.8971774193548387,0.0006220673717136,0.0373240423028179,0.8957770152676301,96452.57528089888,False,False,False,0.0,0,0,0,0,0
0xef9e6a1b532b303853776d320a71e48d43f4677f,usdc,479,1.9003283836595704,1.9867042344443626,0.081419624217119,5.650170968378457e-05,0.003390102581027,0.0813624619446497,1061914.7692307692,False,False,False,0.0,0,0,0,0,0
0x8e2ac159cdbe7a9f4a56b0f90aabf21080268e57,usdc,488,2.4328418021658402,1.9717313388245645,0.2930327868852459,0.000203094651197,0.0121856790718205,0.2924562977236924,295428.75524475524,False,False,False,0.0,0,0,0,0,0
0x1effd55a8646f7dc67c7578c20ce575cefeb1120,usdc,1925,2.5277185871820835,2.3585062657420433,0.2155844155844155,0.0001496761018173,0.0089805661090398,0.215533586616956,400865.59759036143,False,False,False,0.0,0,0,0,0,0
0xda714bfafbc2b139bf6e91d9809fac5a104a9798,usdc,718,2.333142852751263,0.0,0.0793871866295264,5.508516262782898e-05,0.0033051097576697,0.0793226341840737,1089222.5263157894,False,False,False,0.0,0,0,0,0,0
0xa7100d168db1a0c1656b963b5da0aa88b6fa59f6,usdc,1198,2.2970726176902425,0.000499750145742199,0.0333889816360601,2.318573103740496e-05,0.0013911438622442,0.0333874526938631,2587798.5,False,False,False,0.0,0,0,0,0,0
0x35f940b0401b202a0bb5d15cb8a031024d86ab9f,usdc,241,2.3602405924786902,0.0,0.0622406639004149,4.320308850239085e-05,0.0025921853101434,0.0622124474434428,1388789.6,False,False,False,0.0,0,0,0,0,0
0xa6912731e019f7a19447e40bf4270676fc76c5c2,usdc,1650,2.1008442553735036,1.5969596258528775,0.3,0.0002082114647794,0.0124926878867659,0.2998245092823826,288168.5696969697,False,False,False,0.0,0,0,0,0,0
0x448c40c91644f45dae180a61f085b3d9555fe7d4,usdc,517,2.4789836090598136,2.3890872826076808,0.2379110251450677,0.0001651015575922,0.0099060934555353,0.2377462429328479,363412.68292682926,False,False,False,0.0,0,0,0,0,0
0x0ec1a29bc97a7d025bcfa53985feea0f971c0b75,usdc,722,2.282960795888969,1.7701971868381017,0.3573407202216066,0.0002480692663236,0.0148841559794164,0.3572197435059937,241867.9302325581,False,False,False,0.0,0,0,0,0,0
0x45e282f7a41f8398582581b8bbf8d408be767484,usdc,462,2.262858048974179,0.0007494379917264788,0.9805194805194806,0.000680175278016,0.0408105166809608,0.9794524003430606,88212.55629139073,False,False,False,0.0,0,0,0,0,0
0x08221878806b40c937ad8e355c41793a3e59ff08,usdc,206,2.234718393905816,0.0,0.3009708737864077,0.0002085845319093,0.0125150719145637,0.3003617259495306,287653.1612903226,False,False,False,0.0,0,0,0,0,0
0x0999a13d74291eab3a3f7c1b57434004cd6a464a,usdc,2134,2.242468489213172,1.7640939343176614,0.0955951265229615,6.637476555920353e-05,0.0039824859335522,0.095579662405253,903957.9950980392,False,False,False,0.0,0,0,0,0,0
0x7ea1bbb279324ce80df2fe1aab658515c312d4d9,usdc,1301,2.349151286287743,2.5032812200042445,0.0784012298232129,5.443406411153348e-05,0.003266043846692,0.0783850523206082,1102250.9705882352,False,False,False,0.0,0,0,0,0,0
0xacc6bf34c7235ef8c8adb9546e494193c28d596a,usdc,844,2.090015846075211,2.1977836815235747,0.2654028436018957,0.0001841225532866,0.0110473531971977,0.2651364767327452,325869.91071428574,False,False,False,0.0,0,0,0,0,0
0x7d544a853dbcd39a53315e7002f4951a6d2f080d,usdc,1713,2.5475328254105283,2.5275235921463493,0.4903677758318739,0.0003403559641213,0.0204213578472825,0.4901125883347815,176286.025,False,False,False,0.0,0,0,0,0,0
0x0e763e265aea7b961d7e6210900c05e465a182cb,usdc,1259,1.917189682500858,1.7254976128217663,0.0548054011119936,3.803080077810284e-05,0.0022818480466861,0.054764353120468,1577668.5942028984,False,False,False,0.0,0,0,0,0,0
0xb595fb7c2e80a8a162ef3ac45f5015ce351f7dbb,usdc,369,2.103498271410639,0.00024194145252956384,0.4010840108401084,0.0002783846018705,0.0167030761122311,0.4008738266935471,215529.16216216216,False,False,False,0.0,0,0,0,0,0
0x6bfbaca23600e11017db34e71998947c97e73eeb,usdc,216,2.227236832081158,2.2531209847743163,0.1666666666666666,0.0001154277096294,0.0069256625777647,0.1662159018663538,519805.8611111111,False,False,False,0.0,0,0,0,0,0
0x8b23a2a8ec37698d48459e34b41d81bd54ac28b6,usdc,743,2.371639451181757,0.001893409336482612,0.044414535666218,3.0823958024120774e-05,0.0018494374814472,0.0443864995547339,1946537.818181818,False,False,False,0.0,0,0,0,0,0
0x80bffee5c265061934b16fdfb1638d8d232061da,usdc,1353,2.2906346720430424,0.447419314387694,0.0886917960088691,6.156028913328799e-05,0.0036936173479972,0.0886468163519347,974654.2916666666,False,False,False,0.0,0,0,0,0,0
0x732f61a9ff3b06a94c69770f84db73ddb41ddcc2,usdc,1119,2.4408736999214034,2.502548642616312,0.0053619302949061,3.720472470239941e-06,0.0002232283482143,0.0053574803571455,16126984.0,False,False,False,0.0,0,0,0,0,0
0x5e67dbf6d2d1af434eed4c20cf7eca2591d4d4a6,usdc,1843,2.6386766074973216,0.0009990011652101975,0.2034725990233315,0.0001412688460096,0.0084761307605785,0.2034271382538863,424722.0933333333,False,False,False,0.0,0,0,0,0,0
0x1390047a78a029383d0adcc1adb5053b8fa3243f,usdc,208,2.4376577957704186,2.50255932963674,0.1778846153846154,0.0001230852754748,0.0073851165284895,0.17724279668375,487466.9189189189,False,False,False,0.0,0,0,0,0,0
0xaa707c3a9a1c5656af5a8d73e198c90ea930155a,usdc,677,2.297606939396997,0.09103759238300538,0.208271787296898,0.0001446174611738,0.008677047670428,0.2082491440902741,414887.6595744681,False,False,False,0.0,0,0,0,0,0
0x22e2ffc908f95dbec15dac835894db4d84bd49da,usdc,376,1.9284375186762268,1.795731656444039,0.1223404255319148,8.484254698801579e-05,0.0050905528192809,0.1221732676627427,707192.3478260869,False,False,False,0.0,0,0,0,0,0
0xbbda5e55b588a596f8b64898efa0043a6d7a7db1,usdc,620,1.9745840409314237,1.2640959365574653,0.0306451612903225,2.127257468017244e-05,0.0012763544808103,0.0306325075394483,2820533.052631579,False,False,False,0.0,0,0,0,0,0
0x1e9c0bb00ff504e2c4ed9368656e876616e25666,usdc,1804,2.1863570834597152,0.011119207966935895,0.0498891352549889,3.462898359482683e-05,0.0020777390156896,0.0498657363765506,1732652.6444444444,False,False,False,0.0,0,0,0,0,0
0x78db09d0292366b18ba68ccecfe1aa2d539241e5,usdc,145,2.051066014807497,2.0218800563362778,0.6482758620689655,0.0004483526379352,0.0269011582761127,0.6456277986267054,133823.2340425532,False,False,False,0.0,0,0,0,0,0
0x6a359f3da0ca90f18e1b7a12e1ef42a5706b0c5a,usdc,219,2.4418770356916846,0.0009990011652101975,2.2739726027397262,0.0015763594200769,0.0945815652046196,2.2699575649108725,38062.38554216868,False,False,False,0.0,0,0,0,0,0
0x56a2b7581abb55b500732871b77f4198d5f9ae58,usdc,1304,2.4477708695149634,2.5214072383139112,0.2691717791411043,0.0001868814493566,0.011212886961401,0.2691092870736257,321059.1538461539,False,False,False,0.0,0,0,0,0,0
0x154f70af355ddcdfe03b13f6599a385bea1a3b84,usdc,371,2.4915615057037663,1.8374939233269694,0.045822102425876,3.179590767964688e-05,0.0019077544607788,0.0457861070586915,1887035.294117647,False,False,False,0.0,0,0,0,0,0
0xc16a206fe031481447b61f15134283314657193b,usdc,253,2.4625251015910328,2.5745278364926856,0.1027667984189723,7.111305608358519e-05,0.0042667833650151,0.1024028007603626,843726.9230769231,False,False,False,0.0,0,0,0,0,0
0x7587bf25de6765de33a79b93364c47ac1d65f43c,usdc,937,2.4530705932422925,2.5035031705175648,0.0651013874066168,4.520558462381691e-05,0.002712335077429,0.0650960418582963,1327269.6393442622,False,False,False,0.0,0,0,0,0,0
0x74803d685dff969f9690f11963e97e5b98573b99,usdc,189,2.3186001144399366,0.0009980031607195146,0.5925925925925926,0.0004113457985801,0.0246807479148073,0.5923379499553763,145862.67857142858,False,False,False,0.0,0,0,0,0,0
0xdcfb68df7f9538d6c9058bbb1a7b5147c6534fe2,usdc,1304,2.4632360182883484,2.3116175606183824,0.4125766871165644,0.0002864254513609,0.0171855270816595,0.4124526499598286,209478.5910780669,False,False,False,0.0,0,0,0,0,0
0x1e8e749b2b578e181ca01962e9448006772b24a2,usdc,1492,2.2383568587496376,1.9631415402181525,0.0978552278820375,6.793070088322629e-05,0.0040758420529935,0.0978202092718458,883253.0684931506,False,False,False,0.0,0,0,0,0,0
0xa55cee7d0d7b59385ef616f3fdd56708ab09759c,usdc,594,1.7404060470148057,1.5818282894329827,0.0134680134680134,9.337589095189952e-06,0.0005602553457113,0.0134461282970735,6425641.5,False,False,False,0.0,0,0,0,0,0
0x98384bc01cc1f99a1db015f64472adcb5313dd39,usdc,1069,2.2227328534656694,0.0,0.0944808231992516,6.56113503218659e-05,0.0039366810193119,0.0944803444634869,914475.9207920792,False,False,False,0.0,0,0,0,0,0
0x19317be29d9fb86af1b72594e6e09ec0208fbcf4,usdc,1428,2.268861230647777,0.0,0.0133053221288515,9.23442187456334e-06,0.0005540653124738,0.0132975674993712,6497428.947368421,False,False,False,0.0,0,0,0,0,0
0x11aef592b765d280ba29f631078d7bd78911467e,usdc,180,2.3399295270689655,0.0,0.6944444444444444,0.0004806926897024,0.0288415613821491,0.6921974731715796,124819.872,False,False,False,0.0,0,0,0,0,0
0xc006544b93e86e8999623c1d12d2e352c61c8123,usdc,875,2.607965620765859,0.01088444543151579,0.0445714285714285,3.093744136016223e-05,0.0018562464816097,0.0445499155586336,1939397.6153846155,False,False,False,0.0,0,0,0,0,0
0x6dd9253d7bd33e90b6d57a4db3158108265ce06d,usdc,247,2.453488270852019,1.3211249440682997,0.0242914979757085,1.681025425509561e-05,0.0010086152553057,0.0242067661273376,3569250.0,False,False,False,0.0,0,0,0,0,0
0x20a15454931586330173e09899be5199bbf78d54,usdc,552,2.008930704485547,2.16412506352229,0.0126811594202898,8.79219594639574e-06,0.0005275317567837,0.0126607621628098,6824233.714285715,False,False,False,0.0,0,0,0,0,0
0x5cf385d2b9df282acb3ebfcc9b299b71edf04b07,usdc,484,1.9489759386130991,1.9248428539065676,0.0206611570247933,1.4325589222228904e-05,0.0008595353533337,0.0206288484800096,4188309.4,False,False,False,0.0,0,0,0,0,0
0xc13e63f178476406d265c6b5414302f9c6e1f825,usdc,1199,2.0556541886301174,2.1179272289544824,0.0266889074228523,1.852175982648816e-05,0.0011113055895892,0.0266713341501429,3239433.0,False,False,False,0.0,0,0,0,0,0
0x9ba1fe40211d2b116240ff0996f4bca1f649b5ca,usdc,1021,2.383335861158401,2.4448701936267265,0.0313418217433888,2.17466146976942e-05,0.0013047968818616,0.0313151251646796,2759050.125,False,False,False,0.0,0,0,0,0,0
0x76ec5a0d3632b2133d9f1980903305b62678fbd3,usdc,161,2.3840393224312733,2.528289923481903,2.459627329192547,0.0017075678025154,0.1024540681509282,2.458897635622279,35137.69696969697,False,False,False,0.0,0,0,0,0,0
0x218c0564750861dbe29b3ec9612385e74dd4693f,usdc,1564,2.1580864502797206,0.0,0.047314578005115,3.2854047293415875e-05,0.0019712428376049,0.0473098281025188,1826259.0135135136,False,False,False,0.0,0,0,0,0,0
0x2f609c9e378c8a43a29634b53ab640433755c942,usdc,163,1.9901422085398806,1.0780190333958983,0.2024539877300613,0.000140131315782,0.0084078789469259,0.2017890947262216,428169.8181818182,False,False,False,0.0,0,0,0,0,0
0x80e151f26ea3573ca42a257558827b145d1c3006,usdc,365,1.9187070850954036,0.9408539746597868,0.5698630136986301,0.0003952636769783,0.0237158206187016,0.5691796948488401,151797.40384615384,False,False,False,0.0,0,0,0,0,0
0x6cb8f6f6508b681bde91d1ccc458feea2a2ac511,usdc,589,2.423761819723285,0.0,0.2920203735144312,0.0002025707643277,0.0121542458596655,0.2917019006319737,296192.79069767444,False,False,False,0.0,0,0,0,0,0
0xf2e42a8c7038359e4662b5210be590ac5ca055f1,usdc,229,1.9058830710567045,2.027010828400661,0.0655021834061135,4.544765944553856e-05,0.0027268595667323,0.0654446296015755,1320200.0,False,False,False,0.0,0,0,0,0,0
0x4716917e04c3dd46ac7f6a1a9d213d4b32f154db,usdc,489,2.3287364388550955,0.0009990011652101975,0.0368098159509202,2.5550746337300512e-05,0.001533044780238,0.0367930747257127,2348268.0,False,False,False,0.0,0,0,0,0,0
0xe211590bdb24ea4f30c07bb487aa07f7dd18e975,usdc,390,1.9667280625422918,1.808093703889908,0.0897435897435897,6.228706721166071e-05,0.0037372240326996,0.0896933767847914,963281.8285714284,False,False,False,0.0,0,0,0,0,0
0x5004451e331fca06a5479c3e05a05b5e3f72ad17,usdc,1464,2.300640329623021,2.198893427125127,0.0594262295081967,4.124868851691352e-05,0.0024749213110148,0.0593981114643554,1454591.7011494252,False,False,False,0.0,0,0,0,0,0
0x0f9d76acdbc4417b026f876be1e2042e45f3bcd2,usdc,336,2.342260425414908,0.011142678125472434,0.3482142857142857,0.0002412453704601,0.0144747222276061,0.3473933334625473,248709.4358974359,False,False,False,0.0,0,0,0,0,0
0x1e3685ee600983bac782b182f245efd3bbb26455,usdc,722,2.3847820404071283,2.3013164699169826,0.0235457063711911,1.6344134926410053e-05,0.0009806480955846,0.0235355542940304,3671041.647058824,False,False,False,0.0,0,0,0,0,0
0x1d328a6f8a5e0da67d0643c8bccdd6fbde76bfb2,usdc,692,2.2026745175769733,9.999000116652086e-05,0.0563583815028901,3.912290852943607e-05,0.0023473745117661,0.0563369882823879,1533628.3076923075,False,False,False,0.0,0,0,0,0,0
0xe9f99c2bd0b48a1db04c353ce1c43c1412f1a283,usdc,139,2.1084451204405394,0.0029900373500019216,0.0719424460431654,4.993747827719696e-05,0.0029962486966318,0.0719099687191636,1201502.4,False,False,False,0.0,0,0,0,0,0
0xc0f030eac8b588817f8da16b9a2cdccc6451b25c,usdc,1853,2.365834127503857,1.7254630513334037,0.1910415542363734,0.0001326199023624,0.0079571941417443,0.1909726594018641,452420.7824858757,False,False,False,0.0,0,0,0,0,0
0x2157ac0c1fc09d71380a47fae5caf7a9f1b66a0f,usdc,448,2.5236998032256683,0.0,0.1450892857142857,0.0001006452132362,0.0060387127941743,0.1449291070601842,596153.5384615385,False,False,False,0.0,0,0,0,0,0
0x9057cb12392539c553ebe2148627f3d79f310553,usdc,394,2.0519513058669325,1.6853704905634923,0.1979695431472081,0.0001372683596431,0.0082361015785861,0.1976664378860672,437100.0,False,False,False,0.0,0,0,0,0,0
0xd7189a81961cb3cc0dd6ec6a1f90bc5f95dfd7f0,usdc,1512,2.354059803291142,2.5806771516231573,0.0892857142857142,6.197743315961467e-05,0.0037186459895768,0.0892475037498451,968094.3037037036,False,False,False,0.0,0,0,0,0,0
0xfb7cc4982e6b341d072b98c50295da9cda16f56e,usdc,1206,2.1207957451624324,2.1121802968027814,0.0398009950248756,2.7629769568585228e-05,0.0016577861741151,0.0397868681787627,2171570.770833333,False,False,False,0.0,0,0,0,0,0
0x1059ebd217b1b0674403fcf59c5c0054e019c48a,usdc,535,2.112622078129789,0.0,0.0654205607476635,4.540780490108494e-05,0.002724468294065,0.0653872390575623,1321358.7428571428,False,False,False,0.0,0,0,0,0,0
0xda9d3aeb95d6f3218ea27b50f19ad04d17609de8,usdc,1389,2.164027363285885,2.138593671914288,0.0151187904967602,1.0499050973284108e-05,0.000629943058397,0.0151186334015291,5714802.238095238,False,False,False,0.0,0,0,0,0,0
0x99a12829e47453be9104ef2f1c765d7d40a0cfe4,usdc,396,2.2107594139849795,2.003932072941799,0.0808080808080808,5.601361597648362e-05,0.003360816958589,0.0806596070061364,1071168.125,False,False,False,0.0,0,0,0,0,0
0x2d86499a410a9ac2139833ba8d6942b8a8700a7b,usdc,845,2.3404471523116,2.210224434164478,0.1597633136094674,0.0001109262340543,0.0066555740432612,0.1597337770382695,540900.0,False,False,False,0.0,0,0,0,0,0
0x6dca94b6173c28a4900ea257121e6002c0b96968,usdc,1443,2.7505952754645575,2.5289519072128104,0.009009009009009,6.252795219914415e-06,0.0003751677131948,0.0090040251166767,9595708.461538462,False,False,False,0.0,0,0,0,0,0
0xf8ce9f1bd06c7559ff45336d55b1c9de46ce019d,usdc,1117,2.0418226079938164,2.275822304921103,0.0143240823634735,9.943779115851368e-06,0.000596626746951,0.0143190419268259,6033923.25,False,False,False,0.0,0,0,0,0,0
0xdbf41b9428a82c13fb150c3f1dd255b975ae1aff,usdc,134,2.330789326369591,0.0,1.0597014925373134,0.0007350459559013,0.044102757354083,1.0584661764979926,81627.54929577465,False,False,False,0.0,0,0,0,0,0
0x0e0e4a5f087ffc897ade063f2d19b6fe9125471b,usdc,522,2.2903909992236615,1.9018116385055035,0.2854406130268199,0.0001979043917242,0.0118742635034549,0.284982324082919,303176.6979865772,False,False,False,0.0,0,0,0,0,0
0xb91fad57cd7adc64cb40d1f0887c12dabeab73d3,usdc,261,2.257857437641956,0.00010498897635034066,0.057471264367816,3.982993150313913e-05,0.0023897958901883,0.0573551013645203,1506404.8,False,False,False,0.0,0,0,0,0,0
0x97605e1a5f8463256921a80b52f16fd4c036ad32,usdc,810,2.4341696118326506,1.8727419334622954,0.0654320987654321,4.542631438969361e-05,0.0027255788633816,0.0654138927211588,1320820.3396226414,False,False,False,0.0,0,0,0,0,0
0x2bb0a22bbf1575d97f88100051703aa4ed7bb539,usdc,551,1.411398409179908,1.2447483404577147,0.0199637023593466,1.3854497547753934e-05,0.0008312698528652,0.0199504764687656,4330723.636363637,False,False,False,0.0,0,0,0,0,0
0x1d0a4fee04892d90e2b8a4c1836598b081bb949f,usdc,1604,2.3162255502374274,1.873866006687491,0.3572319201995012,0.0002480653374948,0.0148839202496925,0.3572140859926213,241871.7609075044,False,False,False,0.0,0,0,0,0,0
0xea186d012735101570ed2bc4d217665fa8683dfc,usdc,389,2.2839602354542823,0.0,0.3316195372750642,0.0002302831232818,0.0138169873969081,0.3316076975257953,260548.83720930232,False,False,False,0.0,0,0,0,0,0
0x782864f786b95c4731ef8c015c729454703a6548,usdc,1164,2.218909804685958,2.066700029059681,0.0068728522336769,4.771760909806204e-06,0.0002863056545883,0.0068713357101209,12573974.5,False,False,False,0.0,0,0,0,0,0
0xd92c48ed889385cd971e5379bd6cdcdfaceaa146,usdc,305,2.0035628118239153,1.2399975560640213,0.140983606557377,9.772442983476843e-05,0.0058634657900861,0.1407231789620665,613971.3488372093,False,False,False,0.0,0,0,0,0,0
0xe942d05d00c90421591e8babb7a912ef677397b4,usdc,972,2.1921982277427663,0.0,0.0164609053497942,1.142885715000018e-05,0.000685731429,0.0164575542960002,5249868.75,False,False,False,0.0,0,0,0,0,0
0x29100f4d2147946781c26a5d989b0e0df56874e2,usdc,276,2.0645674792442277,0.0002669287331990639,0.8731884057971014,0.0006058107557803,0.0363486453468203,0.872367488323689,99040.82987551868,False,False,False,0.0,0,0,0,0,0
0x1ab97e1fdb7e9af072655e26d43aaed1e0915066,usdc,590,1.9919728289960166,0.0,0.2050847457627118,0.0001422434304695,0.0085346058281718,0.2048305398761236,421812.0991735537,False,False,False,0.0,0,0,0,0,0
0xebced2d753d655e321af6ac3de9c4e1ebfaab435,usdc,469,2.38830675873963,2.3931481103810746,0.0618336886993603,4.289025920802101e-05,0.0025734155524812,0.0617619732595502,1398919.0344827587,False,False,False,0.0,0,0,0,0,0
0xe113a406a1a2c1d05f144a1c3475b2af2e38cceb,usdc,714,2.1820561923107293,2.329013292418898,0.0238095238095238,1.6514987035006575e-05,0.0009908992221003,0.0237815813304094,3633063.705882353,False,False,False,0.0,0,0,0,0,0
0xe70fdbfea3acc4043fa0ad40796465799b1ffea9,usdc,255,1.9126211767262242,2.006205356459497,0.1803921568627451,0.0001251910524321,0.0075114631459313,0.1802751155023536,479267.4782608696,False,False,False,0.0,0,0,0,0,0
0x625cbab891707e015df3653deac3713b13b04e88,usdc,179,2.3301109054486715,0.0,0.0391061452513966,2.71407667499242e-05,0.0016284460049954,0.0390827041198908,2210696.571428572,False,False,False,0.0,0,0,0,0,0
0x01531b74921065e6252b0d02f4ab453135096b66,usdc,478,1.956847998072169,2.0479698813356166,0.0251046025104602,1.7409195449990708e-05,0.0010445517269994,0.0250692414479866,3446454.5,False,False,False,0.0,0,0,0,0,0
0xaebbe5f04015c5521988918d39e738d78db90425,usdc,313,2.5727607153158614,9.799039709792284e-05,0.2779552715654952,0.0001929552268465,0.0115773136107955,0.2778555266590933,310952.9655172414,False,False,False,0.0,0,0,0,0,0
0x50edbd6283298d4bfb1f06aa7082af8aa74248b6,usdc,478,2.529579309438006,9.999900001166651e-06,0.1882845188284518,0.0001305667117557,0.0078340027053422,0.1880160649282144,459535.2,False,False,False,0.0,0,0,0,0,0
0xe45159bf408b8880dfaa3c15eaa2f18e39adbaf2,usdc,463,2.003110300847477,2.006296787328891,0.0453563714902807,3.144824562217958e-05,0.0018868947373307,0.0452854736959385,1907896.571428572,False,False,False,0.0,0,0,0,0,0
0xc44c2fe95553d1daf6f3b6364f2c1c4b1c7b9cf4,usdc,1289,1.9990105948301777,1.9184991880950835,0.0504266873545384,3.499366237856122e-05,0.0020996197427136,0.0503908738251281,1714596.1846153846,False,False,False,0.0,0,0,0,0,0
0x153e3b90d367a0f19649c67c13229ddaa91fc42c,usdc,351,2.193464600815629,2.301316483682715,0.905982905982906,0.0006283008019726,0.0376980481183576,0.9047531548405836,95495.6603773585,False,False,False,0.0,0,0,0,0,0
0xd98176d78a30fa0b1ae7b2873d84a2ec97f0d6f4,usdc,379,2.33880719526271,0.0009990011652101975,0.7678100263852242,0.0005325573734489,0.0319534424069397,0.7668826177665532,112663.9175257732,False,False,False,0.0,0,0,0,0,0
0x2e10dcfefcda2f726af7a3d091ecf0a1d6293188,usdc,182,1.815247405408792,1.495675095094372,0.1648351648351648,0.0001143630018915,0.0068617801134938,0.1646827227238522,524645.2,False,False,False,0.0,0,0,0,0,0
0xe221e551a8291300791f2993bd2da99a9a7b4a85,usdc,827,2.4456155933136543,2.469775946198685,0.030229746070133,2.096859592100979e-05,0.0012581157552605,0.030194778126254,2861421.92,False,False,False,0.0,0,0,0,0,0
0x31b13fa1c6e786854f62fd0d6cb41d9b64639cf8,usdc,1324,2.610017303397069,0.0009990011652101975,0.2477341389728096,0.0001719650409402,0.0103179024564131,0.2476296589539151,348908.125,False,False,False,0.0,0,0,0,0,0
0x8e40a1e32673e0f793961b12fdd77e936ddb2360,usdc,339,1.9980334329319251,0.0,0.0206489675516224,1.430446188862219e-05,0.0008582677133173,0.0205984251196159,4194495.428571428,False,False,False,0.0,0,0,0,0,0
0xe23a287adbcc5b6772bfcc1daa1cf99199f9c9f7,usdc,673,2.2674340368418924,9.999000116652086e-05,0.0163447251114413,1.1334277306901524e-05,0.000680056638414,0.0163213593219381,5293676.727272728,False,False,False,0.0,0,0,0,0,0
0xfcd06ed5fbba5e69f45e2982496b990bc75a8ac2,usdc,1234,2.1969740565183313,2.217521792569152,0.006482982171799,4.5007267407856976e-06,0.0002700436044471,0.0064810465067314,13331180.375,False,False,False,0.0,0,0,0,0,0
0x8d10bb06cc54f61666f772f9d09cca714400a8c8,usdc,1179,2.0974554494366737,2.1575788237414684,0.0737913486005089,5.121869286834452e-05,0.0030731215721006,0.0737549177304161,1171447.3103448276,False,False,False,0.0,0,0,0,0,0
0x8c3e09ec45f8ae9e21b481526b49378353c33412,usdc,284,2.258228410240639,1.9330849997048611,0.1267605633802817,8.780372160952027e-05,0.0052682232965712,0.1264373591177092,683342.3333333334,False,False,False,0.0,0,0,0,0,0
0x0b89475f65320bc013ba4f64ba22d8de6cd839bf,usdc,365,2.6428365288967846,0.0,0.0356164383561643,2.4704749735184088e-05,0.001482284984111,0.035574839618665,2428682.769230769,False,False,False,0.0,0,0,0,0,0
0x52bd9009bacd679f210178b9430dfa0b84317978,usdc,1297,2.418893075531396,2.2883925448108564,0.195065535851966,0.0001354444005732,0.0081266640343936,0.195039936825448,442986.1976284585,False,False,False,0.0,0,0,0,0,0
0x06a19d0b42cae9f1d88de78b29242fb38e941a1c,usdc,516,2.2799365493953787,9.999000116652086e-05,0.6453488372093024,0.0004477735970634,0.0268664158238079,0.6447939797713906,133996.28828828828,False,False,False,0.0,0,0,0,0,0
0x55038f72943144983baab03a0107c9a237bd0da9,usdc,1413,2.3564353711190935,2.0125776064889465,0.1620665251238499,0.0001124801876464,0.0067488112587854,0.1619714702108502,533427.2751091704,False,False,False,0.0,0,0,0,0,0
0x01206255a7423f72b27d85a4c57c4ace566273d8,usdc,987,2.1682030462816124,2.05057787421227,0.0081053698074974,5.6242536000320025e-06,0.0003374552160019,0.008098925184046,10668082.25,False,False,False,0.0,0,0,0,0,0
0x2d38342fa9e183cb5330056d6c3728f93e5e80b0,usdc,829,2.526539387528655,0.00019996000933093387,0.4065138721351025,0.0002822216758306,0.0169333005498381,0.406399213196116,212598.83679525225,False,False,False,0.0,0,0,0,0,0
0xd533a949740bb3306d119cc777fa900ba034cd52,usdc,1926,2.174285596628874,9.999000116652086e-05,0.0031152647975077,2.1623633463699616e-06,0.0001297418007821,0.0031138032187727,27747418.166666668,False,False,False,0.0,0,0,0,0,0
0xf7f7d74ce9fc6626d629c6e90d9aaa359417dcb5,usdc,1695,2.464227859163014,2.2499161315730056,0.1657817109144543,0.0001150621869149,0.0069037312148951,0.1656895491574837,521457.1494661922,False,False,False,0.0,0,0,0,0,0
0x61e07007f6500decc32d0adad8ba726f4c25aa1d,usdc,453,2.4286006121803907,2.469775946198685,0.1898454746136865,0.0001317011779904,0.007902070679428,0.189649696306272,455576.7906976744,False,False,False,0.0,0,0,0,0,0
0xd4109cb8aba902d0e32e7c2ff9bde8c5680f7095,usdc,238,2.0552686287088635,1.7641185837256885,0.0714285714285714,4.942050101922516e-05,0.0029652300611535,0.0711655214676842,1214071.0588235294,False,False,False,0.0,0,0,0,0,0
0x43cad463b82efd79a17f4e8ab1aaa1e1164bc092,usdc,1736,2.260960980450509,0.00032489441503319607,0.0501152073732718,3.478729660694039e-05,0.0020872377964164,0.0500937071139941,1724767.5402298851,False,False,False,0.0,0,0,0,0,0
0xcc9788780b02a68f69d53138bd50b8fe458f3633,usdc,192,2.544763756127848,0.0005926485941022198,0.265625,0.0001839501675389,0.0110370100523356,0.264888241256055,326175.29411764705,False,False,False,0.0,0,0,0,0,0
0x9986e762da03b2122c0f7d7a7c5491ad0b7c2fdf,usdc,1562,1.91468297426512,1.2007893931790692,0.0128040973111395,8.88736750323704e-06,0.0005332420501942,0.0127978092046613,6751155.5,False,False,False,0.0,0,0,0,0,0
0xc0944c170b822eea7d6f817de4ebd96a69bf472c,usdc,218,2.1847848916547696,2.1979688386872795,0.128440366972477,8.899692833458778e-05,0.0053398157000752,0.1281555768018064,674180.5714285715,False,False,False,0.0,0,0,0,0,0
0x6749c8e2cf3feca809314338e68489fdcd250ff8,usdc,400,1.645427192343968,1.4202373511360809,0.0475,3.291509222808842e-05,0.0019749055336853,0.0473977328084473,1822872.0,False,False,False,0.0,0,0,0,0,0
0x933a7591bf3a6a246b06ecf9927642d54ac347a1,usdc,184,1.6637240712296406,1.7913058361600047,0.1467391304347826,0.0001015611834661,0.0060936710079684,0.1462481041912419,590776.8888888889,False,False,False,0.0,0,0,0,0,0
0x66260d1a24c3dabadd3778e7892c1b185b3d319c,usdc,1705,2.0418308740313176,1.5845104965605323,0.0439882697947214,3.054180635074919e-05,0.0018325083810449,0.0439802011450788,1964520.346666667,False,False,False,0.0,0,0,0,0,0
0xf54cfcf2a5c63bd1f4e30becb123b632786666f7,usdc,375,2.2429373799883936,2.208920918334849,0.104,7.204773328594193e-05,0.0043228639971565,0.1037487359317563,832781.2307692308,False,False,False,0.0,0,0,0,0,0
0xaa77a3a7321081d7027207fda62c42d764af1dff,usdc,1308,2.0698460921927073,1.572029002960595,0.0076452599388379,5.305485195242518e-06,0.0003183291117145,0.0076398986811492,11309050.5,False,False,False,0.0,0,0,0,0,0
0x2c452073377ec65b4b8c7dfa995624d60028cd53,usdc,1815,2.3678819078764466,2.0691014681285558,0.1856749311294765,0.000128910453501,0.0077346272100627,0.1856310530415066,465439.36795252224,False,False,False,0.0,0,0,0,0,0
0x72d0455d25db9c36af5869bbf426312ba923c643,usdc,1129,2.1361926525700086,2.177110834151288,0.0549158547387068,3.813563961279286e-05,0.0022881383767675,0.0549153210424217,1573331.4193548388,False,False,False,0.0,0,0,0,0,0
0x9b6c59a22738b9ca8ac1c5582ef322e8ada72923,usdc,366,2.2247739909972593,0.00034987754999894305,0.5163934426229508,0.0003585364882014,0.0215121892920896,0.5162925430101509,167346.9841269841,False,False,False,0.0,0,0,0,0,0
0xa39b8f2900b86b1a50ed34b197f206a444ed532b,usdc,1242,1.81045845373264,1.2539621316093497,0.0233494363929146,1.6212305771801677e-05,0.0009727383463081,0.0233457203113944,3700892.4482758623,False,False,False,0.0,0,0,0,0,0
0x01974549c9b9a30d47c548a16b120b1caa7b586c,usdc,1865,2.4530286483524497,9.999000116652086e-05,0.1983914209115281,0.0001377443491683,0.0082646609501024,0.1983518628024586,435589.55675675673,False,False,False,0.0,0,0,0,0,0
0x6eaf9ad720223f69e5c1b2b31b3d00d61431dc34,usdc,1484,2.371996966641051,2.261577659734186,0.0316711590296495,2.1993559739768767e-05,0.0013196135843861,0.031670726025267,2728071.340425532,False,False,False,0.0,0,0,0,0,0
0x4af3bee5863498f1f137193f475967808d39fa36,usdc,1998,2.1701303333457287,1.223156202527103,0.049049049049049,3.4049793491476944e-05,0.0020429876094886,0.0490317026277268,1762125.224489796,False,False,False,0.0,0,0,0,0,0
0x7041d2afb03ee57b380a47ede69b99d1d1b50eeb,usdc,1049,2.3802041046993003,2.329915683383109,0.0114394661582459,7.942197130517269e-06,0.000476531827831,0.0114367638679448,7554584.583333333,False,False,False,0.0,0,0,0,0,0
0x8d6edfa5c0903e27d03642d82d402ffefc8d263b,usdc,248,1.9464698502316875,1.929716310215922,0.0362903225806451,2.510128367964737e-05,0.0015060770207788,0.0361458484986922,2390316.0,False,False,False,0.0,0,0,0,0,0
0x0bcc01fcb0b1b346652c333a7c21703bc1f1c7d6,usdc,1377,2.2426242239786696,1.7942711172374473,0.0108932461873638,7.560676952771643e-06,0.0004536406171662,0.0108873748119911,7935797.333333333,False,False,False,0.0,0,0,0,0,0
0x09cf50574504d9dcf127e848a6058e8e0bb814aa,usdc,1467,2.5380465506490975,0.0009990011652101975,0.2297205180640763,0.0001594730128323,0.0095683807699428,0.2296411384786273,376239.2077151336,False,False,False,0.0,0,0,0,0,0
0xc8e77992c7e27cd76d6383d719284574a0710662,usdc,1445,2.363728111076918,0.00019996000933093387,0.2027681660899654,0.000140716214153,0.0084429728491826,0.2026313483803844,426390.09556314,False,False,False,0.0,0,0,0,0,0
0x5403b4e9ba94e2a0a05c60a096f1295b58bc5dd1,usdc,689,2.428568024355102,2.1323604825828126,0.0754716981132075,5.2348694655097605e-05,0.0031409216793058,0.0753821203033405,1146160.3846153845,False,False,False,0.0,0,0,0,0,0
0x331a3b7f3d26259436672b0db276d132b3b464ec,usdc,450,2.0545896305188593,9.999000116652086e-05,0.4355555555555555,0.0003023694658674,0.0181421679520454,0.4354120308490905,198432.7346938776,False,False,False,0.0,0,0,0,0,0
0xdf18fa5627df9113b070f641f26bc8d55e281d25,usdc,335,1.873929680594011,1.3973634811730353,0.0298507462686567,2.072291330451789e-05,0.001243374798271,0.0298409951585057,2895345.8,False,False,False,0.0,0,0,0,0,0
0x38800828167bb108eb6bad6898a3434ec11e05d7,usdc,1374,2.1227002033517794,2.320459688630011,0.0407569141193595,2.8290172535447523e-05,0.0016974103521268,0.0407378484510444,2120877.839285714,False,False,False,0.0,0,0,0,0,0
0x795ced6b33ab9eb84f7f7dd385a9c9343b229c12,usdc,654,2.0927251053558726,0.0,0.0596330275229357,4.140415723218092e-05,0.0024842494339308,0.0596219864143405,1449129.8461538462,False,False,False,0.0,0,0,0,0,0
0x3a9f97c69130aa2a64ad278d08cf18d6351e6fc0,usdc,979,2.5691609780846045,0.9764311287718755,0.3891726251276813,0.0002702536681792,0.0162152200907569,0.3891652821781679,222013.6377952756,False,False,False,0.0,0,0,0,0,0
0x54b55662901af57b31fb6b52af8175b652a5816e,usdc,1941,2.6353642400419486,9.999000116652086e-05,0.1705306543019062,0.0001184154990218,0.0071049299413124,0.170518318591498,506690.4290030212,False,False,False,0.0,0,0,0,0,0
0x07427c476501e03b1802541625cefd1df24484d2,usdc,1004,2.4810130050552015,2.6062318958341666,0.0278884462151394,1.9352988135927094e-05,0.0011611792881556,0.027868302915735,3100296.4285714286,False,False,False,0.0,0,0,0,0,0
0x4298e663517593284ad4fe199b21815bd48a9969,usdc,1521,2.1479287775447715,2.2363170944739506,0.0269559500328731,1.871468074728816e-05,0.0011228808448372,0.0269491402760949,3206039.1951219514,False,False,False,0.0,0,0,0,0,0
0xf966921c6a34f895d54809b5ad17b546bde1a88a,usdc,141,2.4512710230397117,2.4128636315447305,3.5106382978723403,0.0024343535979746,0.1460612158784771,3.5054691810834493,24647.2,False,False,False,0.0,0,0,0,0,0
0xa73b2ec30bf671daac4f7ac0428cbd3641251bd9,usdc,327,0.8811136217453478,0.0019960093100605814,0.0397553516819571,2.757720663261518e-05,0.0016546323979569,0.0397111775509658,2175709.846153846,False,False,False,0.0,0,0,0,0,0
0xe62562810069c1db8a7ec8eb9261734a83a62858,usdc,251,2.224714288375765,1.7554672234004491,0.0717131474103585,4.9642573471008734e-05,0.0029785544082605,0.0714853057982525,1208640.0,False,False,False,0.0,0,0,0,0,0
0x6929834248a6dab22aa18d35055a6a361d039658,usdc,977,2.412458526874732,0.0009990011652101975,0.0696008188331627,4.83060832561028e-05,0.0028983649953661,0.069560759888788,1242079.5882352942,False,False,False,0.0,0,0,0,0,0
0x8f8097a2af8ecb317f05ff284069afaa87763952,usdc,424,2.1523347821415695,2.198447282474522,0.0165094339622641,1.1442219895274264e-05,0.0006865331937164,0.0164767966491949,5243737.714285715,False,False,False,0.0,0,0,0,0,0
0xed2a18a533c452293934f5c7a55ebaa5c2b6e6d8,usdc,1646,2.413718984174895,1.6740274440568017,0.0176184690157958,1.2234461902912203e-05,0.0007340677141747,0.0176176251401935,4904179.724137931,False,False,False,0.0,0,0,0,0,0
0x83458d60b4ab2d54aae17e91c729906169e98cce,usdc,401,2.146938946736239,2.0543344434346236,0.0224438902743142,1.558034715783307e-05,0.0009348208294699,0.0224356999072796,3851005.3333333335,False,False,False,0.0,0,0,0,0,0
0xefa9df56b2c0e1c7a21f805c1843f711a64bd5b2,usdc,240,1.8008616912024937,2.137595925252281,0.2208333333333333,0.0001531044969968,0.0091862698198104,0.2204704756754508,391889.2075471698,False,False,False,0.0,0,0,0,0,0
0x6813cec8ae3b7b0f09d2db373711b99a5e0a7349,usdc,135,2.4430199210825134,2.4697733250252805,0.074074074074074,5.10679326066707e-05,0.0030640759564002,0.0735378229536058,1174905.6,False,False,False,0.0,0,0,0,0,0
0xba1ad1824abcce316f7199170b2fa817bd8c02b5,usdc,174,2.0099857094573608,1.6918934640041845,0.0402298850574712,2.784205757578409e-05,0.001670523454547,0.040092562909129,2155013.1428571427,False,False,False,0.0,0,0,0,0,0
0xb9a2742ac71b5809282eed4667110f7d8ef0d203,usdc,237,2.556550752190872,2.544979356230101,0.0337552742616033,2.342333162928596e-05,0.0014053998977571,0.0337295975461717,2561548.5,False,False,False,0.0,0,0,0,0,0
0x85cb0c6c226683f5a53105be446eef62235459bf,usdc,724,2.1699250263748393,2.1582276180410918,0.042817679558011,2.9725398684718232e-05,0.001783523921083,0.0428045741059942,2018475.8709677416,False,False,False,0.0,0,0,0,0,0
0x54e3ae2c3ba2808a21a34914f017749830712d63,usdc,1248,1.89110966893534,0.5714296562372507,0.0456730769230769,3.170831024745833e-05,0.0019024986148474,0.0456599667563399,1892248.421052632,False,False,False,0.0,0,0,0,0,0
0x28e37ec68c911a9e12a72a9bb693a6ad8c60d11f,usdc,892,2.3017224021273073,1.9172340894587216,0.1670403587443946,0.0001159276499426,0.0069556589965613,0.1669358159174732,517564.1879194631,False,False,False,0.0,0,0,0,0,0
0xa99718a2b2a84832c57874134b145657ed3a0840,usdc,1188,2.3285118370237226,2.2612031086218707,0.0235690235690235,1.6366875038743462e-05,0.0009820125023246,0.0235683000557905,3665941.107142857,False,False,False,0.0,0,0,0,0,0
0xe815291a9211ca7308878070d44140ebbf1e46c0,usdc,1310,2.2682642346355997,0.0035563150413934473,0.0290076335877862,2.0139585701869334e-05,0.0012083751421121,0.0290010034106918,2979207.263157895,False,False,False,0.0,0,0,0,0,0
0x59eaa54d1c8c33b0b008ca005979485163664415,usdc,1102,2.525393925809431,1.6180202251524491,0.1542649727767695,0.0001070533955888,0.0064232037353322,0.1541568896479744,560467.9764705882,False,False,False,0.0,0,0,0,0,0
0x142db2db4cec0d4424c95f41d05b41c53251a8a8,usdc,432,2.0169769567117104,0.35291400856750493,0.3935185185185185,0.0002727963908716,0.0163677834522993,0.3928268028551833,219944.2588235294,False,False,False,0.0,0,0,0,0,0
0x1c813bedc2419c849aca246ae3523744640a025b,usdc,1772,2.502883306290186,9.999000116652086e-05,0.0536117381489842,3.7227367091523447e-05,0.0022336420254914,0.0536074086117937,1611717.5263157894,False,False,False,0.0,0,0,0,0,0
0x21c9aba2392dd5e15ce74bf9c8685ac4907b5fab,usdc,638,2.116908285379103,0.0,0.0438871473354232,3.0432932925906408e-05,0.0018259759755543,0.0438234234133052,1971548.392857143,False,False,False,0.0,0,0,0,0,0
0xfe247664a66f71c4d014c0343bbe5002dfa9a104,usdc,652,2.289045021906858,0.0,0.0153374233128834,1.0641979921918376e-05,0.0006385187953151,0.0153244510875624,5638048.6,False,False,False,0.0,0,0,0,0,0
0xb0bf6f6fd3c8bd194d94d39a41fcb99fdffb5273,usdc,1154,2.01108538600914,0.9739403350758499,0.0641247833622183,4.452326533146609e-05,0.0026713959198879,0.0641135020773111,1347610.054054054,False,False,False,0.0,0,0,0,0,0
0x0fda4ac09a12c10fae30e429f4d6b47c9a83c87e,usdc,2063,2.305050841575192,2.067970345786057,0.0353853611245758,2.457301979708509e-05,0.0014743811878251,0.0353851485078025,2441702.342465753,False,False,False,0.0,0,0,0,0,0
0x5ecefd51d18390b2be78d953a492fdbdc4cc9ec4,usdc,1389,2.1141445696398184,1.499899813778565,0.1454283657307415,0.0001009601434593,0.0060576086075619,0.1453826065814868,594293.9257425743,False,False,False,0.0,0,0,0,0,0
0xf8d4a17c09fb377706ec80d4d0d2e3aa2b17cf17,usdc,123,2.033528417219723,0.00029991003148811666,0.065040650406504,4.505585236098298e-05,0.0027033511416589,0.0648804273998155,1331680.5,False,False,False,0.0,0,0,0,0,0
0x44ba339389930997334b3b69d04fd5624e2574bf,usdc,132,2.242744365560806,0.0,0.0378787878787878,2.620182532395937e-05,0.0015721095194375,0.0377306284665014,2289916.8,False,False,False,0.0,0,0,0,0,0
0x13e9363758de918ee531482a7b19e615aeede423,usdc,1254,2.2424360227414963,2.1519252521271723,0.0861244019138756,5.977030934234286e-05,0.0035862185605405,0.0860692454529737,1003842.8888888888,False,False,False,0.0,0,0,0,0,0
0x022885692db44c78c4af5088a37ce811937b1934,usdc,1705,2.2244540381834006,1.972519862515367,0.01524926686217,1.0586073747190592e-05,0.0006351644248314,0.0152439461959544,5667823.730769231,False,False,False,0.0,0,0,0,0,0
0xac7faadbf9a8379729a62f1099e0ab04ae639863,usdc,657,2.724377573256012,2.7670045450559213,0.1035007610350076,7.186761309267265e-05,0.0043120567855603,0.1034893628534486,834868.4117647059,False,False,False,0.0,0,0,0,0,0
0x0b3225e01e5e4209419173b6a8d2f747d96de11a,usdc,388,2.170802069207173,2.109599866397226,1.711340206185567,0.0011858002562328,0.0711480153739717,1.707552368975322,50598.74096385542,False,False,False,0.0,0,0,0,0,0
0xd6c4487ab2a6f1cbc0189f723c4638acf3f61789,usdc,124,2.0639169609829717,2.4696065581852698,2.879032258064516,0.0019850051487808,0.1191003089268517,2.858407414244441,30226.62184873949,False,False,False,0.0,0,0,0,0,0
0x27cf093eece9abbefbbf99341aa4b9071ddfb693,usdc,206,2.0537519755159597,0.0,0.0242718446601941,1.679844486716798e-05,0.00100790669203,0.0241897606087218,3571759.2,False,False,False,0.0,0,0,0,0,0
0x54821d1b461aa887d37c449f3ace8ddddfcb8c0a,usdc,913,2.3448377541390473,0.0,0.3044906900328587,0.0002112235374137,0.012673412244826,0.3041618938758242,284059.25179856113,False,False,False,0.0,0,0,0,0,0
0xf4f3188ace9340400da211bda856b72a6092b9da,usdc,861,2.214015991845592,1.8019043626821978,0.0058072009291521,4.028150758429624e-06,0.0002416890455057,0.0058005370921386,14895172.4,False,False,False,0.0,0,0,0,0,0
0x0157bc9388314e65ae98079516b90e4ae9ea9f1e,usdc,249,1.7704515658843376,1.9145425985939513,0.036144578313253,2.5020489000437024e-05,0.0015012293400262,0.0360295041606293,2398034.6666666665,False,False,False,0.0,0,0,0,0,0
0x7b2bd490e61348c84d76013f259e8bdbedb133bb,usdc,1265,1.969266378383766,1.8410740844298052,0.0347826086956521,2.4151631627970463e-05,0.0014490978976782,0.0347783495442774,2484304.2045454546,False,False,False,0.0,0,0,0,0,0
0x9c9b224929cec19026c7460a038ba3f9da8ce330,usdc,200,2.072567821995356,0.0,0.195,0.0001351886297349,0.0081113177840989,0.1946716268183737,443824.3076923077,False,False,False,0.0,0,0,0,0,0
0xe9909fad43cd0fc1c5c1af8e4a68b6303e29bda8,usdc,183,2.264752520460514,2.2279730422488373,0.0655737704918032,4.5439605463052304e-05,0.0027263763277831,0.0654330318667953,1320434.0,False,False,False,0.0,0,0,0,0,0
0x9abde6fae4c59d730a73142542d9a908bd291644,usdc,686,2.273653361510161,2.2114677512427092,0.3032069970845481,0.0002105492886774,0.0126329573206469,0.3031909756955263,284968.9038461539,False,False,False,0.0,0,0,0,0,0
0xd7068f910eaf2eefd18fbe04d36555d4d698c300,usdc,1008,1.9263591059254863,1.9646051150606212,0.0267857142857142,1.8596388663972072e-05,0.0011157833198383,0.0267787996761197,3226432.888888889,False,False,False,0.0,0,0,0,0,0
0x0b4c34bdb46e58d3b964956da35e83d9ef5d6980,usdc,1128,2.2998941658897616,1.850645718575949,0.026595744680851,1.846780577187056e-05,0.0011080683463122,0.0265936403114936,3248897.066666667,False,False,False,0.0,0,0,0,0,0
0x7df57ddc1de4af04e5654710d09cc81758a705c8,usdc,128,2.0009112466729833,2.1723203758079266,0.0703125,4.84671500875954e-05,0.0029080290052557,0.0697926961261373,1237951.888888889,False,False,False,0.0,0,0,0,0,0
0x1543c5a76e27677cfd2e73b473ffb411e41d1878,usdc,364,2.1770261659575407,2.1396069221994747,0.0192307692307692,1.3326631941271436e-05,0.0007995979164762,0.0191903499954308,4502262.857142857,False,False,False,0.0,0,0,0,0,0
0x7413c68a05e4e91973ec65b3d3e5b2589fd21a69,usdc,163,2.1120118766523364,0.0,0.1165644171779141,8.047969285560588e-05,0.0048287815713363,0.1158907577120724,745529.6842105263,False,False,False,0.0,0,0,0,0,0
0x8e78bf269edf7db2b2db8f3905e44d3219e20aa5,usdc,1223,2.4601876261866567,2.504691553012929,0.0466067048242027,3.236300588204256e-05,0.0019417803529225,0.0466027284701412,1853968.701754386,False,False,False,0.0,0,0,0,0,0
0xd480796daaac00953943b19de5ca233c1e5d85a1,usdc,450,2.0852644687010002,2.1519181316055414,0.0222222222222222,1.5430984305454482e-05,0.0009258590583272,0.0222206173998544,3888280.8,False,False,False,0.0,0,0,0,0,0
0x1c9052ccb2aa40a1daa8ca3ec99bd8f58d43eae2,usdc,1143,2.392919590100327,2.3637700850851133,0.1749781277340332,0.0001214371110597,0.0072862266635821,0.1748694399259719,494082.9,False,False,False,0.0,0,0,0,0,0
0x252019c2b80334ee0d04854e1cf01ec15f949b62,usdc,1219,2.307170906219192,2.033116131124068,0.0254306808859721,1.765287137477288e-05,0.0010591722824863,0.0254201347796729,3398880.483870968,False,False,False,0.0,0,0,0,0,0
0x5a2a4a9d322f8ead0279546a6cfc394e3a330d09,usdc,1401,2.2892466847562063,2.2137325198494797,0.0856531049250535,5.944539870363291e-05,0.0035667239222179,0.0856013741332313,1009329.5916666668,False,False,False,0.0,0,0,0,0,0
0x9952aed08a5d0a86bf90e460223b5a83e391ab6e,usdc,1771,2.54232630655651,0.0,0.1445511010728402,0.0001003312400617,0.0060198744037076,0.1444769856889831,598019.12109375,False,False,False,0.0,0,0,0,0,0
0xd30e8021c3fbb2c97cea15ec1acdf9a88203ade2,usdc,1151,2.0681117714447663,0.0,0.2224152910512597,0.0001543645552932,0.0092618733175921,0.222284959622212,388690.265625,False,False,False,0.0,0,0,0,0,0
0x315388deb1608bdcf532ce0bf6fc130542f5132c,usdc,1078,2.1581183393268146,2.1243361435022505,0.0816326530612244,5.6679646413043065e-05,0.0034007787847825,0.081618690834782,1058581.056818182,False,False,False,0.0,0,0,0,0,0
0x04882e8d2d48a5ca23d87e28341e2a0928fef70f,usdc,872,2.4149369805021728,0.0062408483021412645,0.1135321100917431,7.878392005867253e-05,0.0047270352035203,0.1134488448844884,761576.7272727273,False,False,False,0.0,0,0,0,0,0
0xfd402515105cf033e5f551071a09943a89cf8de2,usdc,540,1.7454930861257898,1.0451677434214817,0.0296296296296296,2.0561567243778453e-05,0.0012336940346267,0.0296086568310409,2918065.5,False,False,False,0.0,0,0,0,0,0
0x42f9134e9d3bf7eee1f8a5ac2a4328b059e7468c,usdc,1637,2.383164502885169,2.077760937681532,0.0824679291386683,5.724665512211302e-05,0.0034347993073267,0.0824351833758427,1048096.1703703704,False,False,False,0.0,0,0,0,0,0
0x0cdf071dec3f9c652e25c847970a39af3e3c2e6f,usdc,1059,2.610085239297014,2.181768341868778,0.0415486307837582,2.883060667688676e-05,0.0017298364006132,0.0415160736147169,2081121.6590909087,False,False,False,0.0,0,0,0,0,0
0x259a7e320a7b0e1ca185a2485073c53d0a6304b2,usdc,1229,2.453165598255713,2.3230160907787814,0.1082180634662327,7.510771462773002e-05,0.0045064628776638,0.1081551090639312,798852.6917293234,False,False,False,0.0,0,0,0,0,0
0x1f8bdef10e0033045a58b878617ef51ef490cced,usdc,596,1.88320014345769,1.8412747984645574,0.0385906040268456,2.678701412141505e-05,0.0016072208472849,0.0385733003348376,2239891.304347826,False,False,False,0.0,0,0,0,0,0
0xfcb13e419dbb2ecc2502f7d7e5c6e255bcca0232,usdc,1685,2.470669303210857,0.012962149976227329,0.0255192878338278,1.7715662544973578e-05,0.0010629397526984,0.0255105540647619,3386833.534883721,False,False,False,0.0,0,0,0,0,0
0x534864021c0a771e006c999bdc7ddd595bfe9af8,usdc,616,2.0479005416124147,2.028285728324102,0.2012987012987013,0.0001397050870678,0.0083823052240689,0.2011753253776544,429476.12903225806,False,False,False,0.0,0,0,0,0,0
0x05295e68b2adadb08080f53260c43bc2bf58a6bc,usdc,376,2.3723143865947702,2.4082175168087803,0.0398936170212766,2.7669018041306525e-05,0.0016601410824783,0.0398433859794813,2168490.4,False,False,False,0.0,0,0,0,0,0
0x7fe497926d9c49184c0b8998fa12162f3a10d4a2,usdc,688,2.112818109089208,0.0,0.1380813953488372,9.57761121471734e-05,0.0057465667288304,0.1379176014919297,626461.0105263158,False,False,False,0.0,0,0,0,0,0
0x1c4bc8f676f0cb3e173660b78454267f59705255,usdc,441,2.410264834701895,2.4506786106924485,0.0634920634920634,4.408561552493844e-05,0.0026451369314963,0.0634832863559113,1360988.142857143,False,False,False,0.0,0,0,0,0,0
0x8c9cfcbf44003f3c4d856c036c66a48ce3f03597,usdc,700,2.4181698245908203,0.005262187474317518,0.6542857142857142,0.0004541994407595,0.02725196644557,0.6540471946936811,132100.55895196507,False,False,False,0.0,0,0,0,0,0
0x18c2f8a7e2696d28661d59785b18c6794cd8d8e1,usdc,1713,2.415023691096903,0.0,0.1056625802685347,7.337347028813614e-05,0.0044024082172881,0.105657797214916,817734.2541436465,False,False,False,0.0,0,0,0,0,0
0xb88d1550d4502643064c210b70f33d2a9cdfbdb6,usdc,1578,1.9692593398239218,0.00011998560201564949,0.0792141951837769,5.500099196122369e-05,0.0033000595176734,0.0792014284241621,1090889.416,False,False,False,0.0,0,0,0,0,0
0xc503c55832e0c9f708f5f7abdb8bc093d3e8cc88,usdc,1215,2.23698468639808,2.1993701356411686,0.0296296296296296,2.056637179028086e-05,0.0012339823074168,0.0296155753780044,2917383.8055555555,False,False,False,0.0,0,0,0,0,0
0x704c8c855765b4c053cc2dc02b3f318caf2ab732,usdc,1806,2.537080642493393,2.3234107621942104,0.1843853820598006,0.0001279766746817,0.0076786004809053,0.1842864115417282,468835.4354354354,False,False,False,0.0,0,0,0,0,0
0xd3b0ad9b5324d6d5ef2896c724f197664cf9d1a0,usdc,145,2.4768483786176603,0.0029810909699431233,0.0758620689655172,5.242453964105395e-05,0.0031454723784632,0.0754913370831176,1144502.181818182,False,False,False,0.0,0,0,0,0,0
0xff0ec908c2999ba9a2718eba1c04ddb72750a767,usdc,1140,2.5976768531104644,0.0,0.1350877192982456,9.373790613621724e-05,0.005624274368173,0.1349825848361528,640082.5714285715,False,False,False,0.0,0,0,0,0,0
0x7ea6b477bb6e7cf1506d8f425b741294f39c4878,usdc,587,2.3535845145426393,0.0,0.2282793867120954,0.0001582659344859,0.009495956069156,0.2279029456597457,379108.7462686568,False,False,False,0.0,0,0,0,0,0
0x2f36a7758b662cb2485a9abd58e0cdd3a52aa9e8,usdc,312,2.6961910749727998,2.422399942889816,0.0192307692307692,1.3340685038988708e-05,0.0008004411023393,0.0192105864561437,4497520.166666667,False,False,False,0.0,0,0,0,0,0
0x388ce12d44dbc86a0111a98385de96fd7cb7179a,usdc,723,1.97478662646919,2.0309608214217407,0.0373443983402489,2.5903325718395163e-05,0.0015541995431037,0.037300789034489,2316304.888888889,False,False,False,0.0,0,0,0,0,0
0xc12ba8a3914f8704e70b129e492d5538d0aa0204,usdc,722,1.8105145591505167,1.6876518994921847,0.0221606648199446,1.5386667433435595e-05,0.0009232000460061,0.0221568011041472,3899479.875,False,False,False,0.0,0,0,0,0,0
0xf369af914dbed0ad7afdddebc631ee0fda1b4891,usdc,394,2.596218977817958,0.00020095960847159577,0.0913705583756345,6.341739426382622e-05,0.0038050436558295,0.0913210477399097,946112.6666666666,False,False,False,0.0,0,0,0,0,0
0x59133b015d9792846d0c3df717594e70d927d25b,usdc,255,1.9880736745099739,1.9760491824854634,0.0431372549019607,2.9934888895299183e-05,0.0017960933337179,0.0431062400092308,2004350.1818181816,False,False,False,0.0,0,0,0,0,0
0xb8b31cbcee619583045c0b80f76f9610d7d67f6b,usdc,1196,2.2135808255833096,1.5118817480243725,0.0484949832775919,3.3658970330314046e-05,0.0020195382198188,0.0484689172756522,1782585.7241379311,False,False,False,0.0,0,0,0,0,0
0xbf87afdc02dd6c6a2e9a712b8b94bbddf43df425,usdc,346,1.9716030736826673,0.0029910313823347722,1.216763005780347,0.0008447796630031,0.0506867797801887,1.2164827147245296,71024.43705463182,False,False,False,0.0,0,0,0,0,0
0x3caaac04356dc43efbba82e249dc3f4a001986a5,usdc,596,1.8197936813136038,1.6554728044723503,0.0083892617449664,5.822976393420782e-06,0.0003493785836052,0.0083850860065259,10304008.8,False,False,False,0.0,0,0,0,0,0
0x968379e658dda80c8e363e4186fff148c8509a49,usdc,901,2.235520252869659,1.833438324075889,0.0432852386237513,3.003775514762401e-05,0.0018022653088574,0.0432543674125785,1997486.1538461533,False,False,False,0.0,0,0,0,0,0
0xe6563194f9baa6e3064086a98bf73608fc17cbfd,usdc,848,2.190857671476761,2.244421242389904,0.0094339622641509,6.544515556211219e-06,0.0003926709333726,0.0094241024009441,9167981.875,False,False,False,0.0,0,0,0,0,0
0x3a72a7a88c75e08610c5111f1cc89d33213dc10b,usdc,563,2.7035555641900406,2.6318328908079858,0.0213143872113676,1.4789607359341487e-05,0.0008873764415604,0.0212970345974517,4056902.8333333335,False,False,False,0.0,0,0,0,0,0
0x5eb94026737af1277f7c6007bb807205e28b2ff7,usdc,1344,2.4997577715725976,0.0,0.3266369047619047,0.0002267872937433,0.0136072376246009,0.3265737029904229,264565.08656036446,False,False,False,0.0,0,0,0,0,0
0x1e03b43ab0ecad289a8f1a8b8e844dde66a0c6c1,usdc,1286,1.9845935449351146,1.6945556996893545,0.1010886469673405,7.019235359596103e-05,0.0042115412157576,0.1010769891781838,854793.9615384615,False,False,False,0.0,0,0,0,0,0
0xc5399cfc64433b67edf0145fc82823e5798168ef,usdc,1070,1.7767543130164603,1.3973634811730353,0.0663551401869158,4.6063336438824e-05,0.0027638001863294,0.0663312044719065,1302554.366197183,False,False,False,0.0,0,0,0,0,0
0xffeb6a7a62c8a3a3337718e8cb11b4b2a513b87d,usdc,318,2.085629224840658,1.9080351197085699,0.0471698113207547,3.266499305760014e-05,0.001959899583456,0.0470375900029442,1836828.8,False,False,False,0.0,0,0,0,0,0
0xc745947f591ee6757efe848f32450a3af5b16ed0,usdc,386,2.1837075932489967,0.2925540203418557,0.0595854922279792,4.129271327237572e-05,0.0024775627963425,0.059461507112221,1453040.8695652173,False,False,False,0.0,0,0,0,0,0
0xfbcf58d1b08ab9539579191211f4d27f6c62ece1,usdc,1567,2.1076613308360583,9.999000116652086e-05,0.0082961072112316,5.758337927514973e-06,0.0003455002756508,0.0082920066156215,10419673.307692308,False,False,False,0.0,0,0,0,0,0
0x597b31d928b5f615437f2921172784702f271f69,usdc,1169,2.3000106665037214,2.041078000890582,0.0359281437125748,2.494198267185447e-05,0.0014965189603112,0.0359164550474704,2405582.619047619,False,False,False,0.0,0,0,0,0,0
0x76c25533fbde5c0314eee2b66ef7edcd2693cdf0,usdc,221,2.24562825560459,0.0,0.0633484162895927,4.398634412527814e-05,0.0026391806475166,0.0633403355404005,1364059.7142857143,False,False,False,0.0,0,0,0,0,0
0xb09847e13de56db6603f575bdbfd5c4fcb2d92fa,usdc,504,2.439337759955888,0.011711490521969091,0.1884920634920635,0.0001308086979247,0.0078485218754827,0.1883645250115869,458685.0947368421,False,False,False,0.0,0,0,0,0,0
0xdf1b68447f23a1080e89604fcca5929f1a27d175,usdc,977,2.395242439652047,2.2809703728174067,0.0358239508700102,2.4868629687345905e-05,0.0014921177812407,0.0358108267497781,2412678.1714285715,False,False,False,0.0,0,0,0,0,0
0x0f076b3aa01cf7d692087591be98e69145164d5a,usdc,562,2.0414323300945787,1.8816907389565014,0.0302491103202846,2.097677747340885e-05,0.0012586066484045,0.0302065595617087,2860305.882352941,False,False,False,0.0,0,0,0,0,0
0xc8994fb5e7623c511034076b7006873598a78dd9,usdc,1151,2.16966139404218,2.0252925891440583,0.0086880973066898,6.030330330339385e-06,0.0003618198198203,0.0086836756756887,9949703.7,False,False,False,0.0,0,0,0,0,0
0x99e8aa72ba1ed7404a6363f4ddc4a607bc946b50,usdc,149,2.351194044706502,2.3890414156679687,0.0402684563758389,2.780519679128029e-05,0.0016683118074768,0.0400394833794436,2157870.0,False,False,False,0.0,0,0,0,0,0
0xe7d05a4f406aeaa8ae95d02624e01328bc328c55,usdc,468,2.5370759974024146,2.332910685621372,0.3482905982905983,0.0002413634815571,0.0144818088934298,0.347563413442317,248587.7300613497,False,False,False,0.0,0,0,0,0,0
0x2049347755cfeb82125e41085961a748acced5ca,usdc,362,2.284116291687401,0.0,0.080110497237569,5.559082697680981e-05,0.0033354496186085,0.0800507908466061,1079314.7586206896,False,False,False,0.0,0,0,0,0,0
0x583d286bb64e1aafd4933f172a1c7b9c21d4c026,usdc,196,2.1970285025782155,2.2094406408357954,0.336734693877551,0.0002327428248208,0.0139645694892493,0.3351496677419855,257795.2727272728,False,False,False,0.0,0,0,0,0,0
0xe4f79f0daf5a6a3830d60aef9daf8c6b7a2fe5d4,usdc,972,2.498234626610921,0.0009990011652101975,0.2685185185185185,0.0001864322201734,0.0111859332104071,0.2684623970497708,321832.7816091954,False,False,False,0.0,0,0,0,0,0
0x5cfaf0250534992d931272e0cea6e5986c669da0,usdc,1605,2.609335570370434,0.0,0.0834890965732087,5.7943903397250335e-05,0.003476634203835,0.0834392208920404,1035484.2611940298,False,False,False,0.0,0,0,0,0,0
0x68b53aa18d1b8437b7cd9524040c776e2261e06d,usdc,1400,2.364469540339327,1.9357602723452525,0.5478571428571428,0.0003803203507237,0.0228192210434274,0.5476613050422595,157761.73924380704,False,False,False,0.0,0,0,0,0,0
0x8153192a410623681cb95eec64a099dd054c4fe7,usdc,395,2.0846823335515166,2.15186713491,0.0177215189873417,1.22981651488974e-05,0.0007378899089338,0.0177093578144122,4878776.571428572,False,False,False,0.0,0,0,0,0,0
0x248dea0471aa1e56e4349fad0a7bdc1bcd37178e,usdc,806,2.1753076700512946,0.6966264069353414,0.009925558312655,6.887382006232392e-06,0.0004132429203739,0.0099178300889746,8711583.0,False,False,False,0.0,0,0,0,0,0
0x2cab97e06e40a0e09b971306acf44f306e0f0aca,usdc,431,2.2147313547825886,2.213445345433857,0.1647331786542923,0.0001141725800558,0.006850354803353,0.1644085152804721,525520.2253521127,False,False,False,0.0,0,0,0,0,0
0x6331eb1bc1504fc255440b621057dab068796259,usdc,716,2.218882231777706,2.082052952602355,0.0446927374301676,3.100986733978752e-05,0.0018605920403872,0.044654208969294,1934868.0,False,False,False,0.0,0,0,0,0,0
0x9a78943c6fa0cbab07d3a649b4921c10b3186e91,usdc,380,2.60495958620305,2.6831505197100305,0.0526315789473684,3.646228341403652e-05,0.0021877370048421,0.0525056881162125,1645536.0,False,False,False,0.0,0,0,0,0,0
0x8b338b8380755d416d892a0d7793bef75f6105ea,usdc,940,2.498316168768609,2.6318328908079858,0.1319148936170212,9.152631647320168e-05,0.0054915789883921,0.1317978957214104,655549.1612903225,False,False,False,0.0,0,0,0,0,0
0x7d3da3a3b24d39cee393f886d47be7ff17883aa4,usdc,585,2.2847647109529743,2.211357975515632,0.0564102564102564,3.915818446993524e-05,0.0023494910681961,0.0563877856367067,1532246.7272727273,False,False,False,0.0,0,0,0,0,0
0xc6d76ff64fc1d39a81a36eb055c77315548c3155,usdc,758,2.14019276431392,2.284622815694963,0.41688654353562,0.0002891771957059,0.0173506317423584,0.4164151618166038,207485.2405063291,False,False,False,0.0,0,0,0,0,0
0xa2d4dc9a092ba5138f6288c0393de1db5a577ac5,usdc,218,2.252830658599299,2.4671983743303727,0.1192660550458715,8.258189106178079e-05,0.0049549134637068,0.1189179231289643,726551.5384615385,False,False,False,0.0,0,0,0,0,0
0x18e226459ccf0eec276514a4fd3b226d8961e4d1,usdc,520,2.2879130776998307,1.6250696841077727,0.0615384615384615,4.273204099177863e-05,0.0025639224595067,0.0615341390281612,1404098.625,False,False,False,0.0,0,0,0,0,0
0xdff16a2f7f3f8de56ce9c2aa970ca18f391d9c36,usdc,741,2.0984226025463837,9.999000116652086e-05,0.0620782726045884,4.309984585246436e-05,0.0025859907511478,0.0620637780275486,1392116.347826087,False,False,False,0.0,0,0,0,0,0
0x954d65e5310607e12f93f6156de92cd37ffcae8e,usdc,808,2.184573898721042,2.114370978046401,0.042079207920792,2.9221625286171386e-05,0.0017532975171702,0.0420791404120867,2053273.8823529407,False,False,False,0.0,0,0,0,0,0
0xf083733fd811e6d16badbea7c9b566555fc65bad,usdc,848,2.2194722461436727,0.0,0.2358490566037736,0.0001636471048372,0.0098188262902346,0.2356518309656324,366642.6,False,False,False,0.0,0,0,0,0,0
0x2c967961bd5a9ab8f566f037cd583c8dccf7119a,usdc,294,2.2556775056531686,2.252594279948129,0.0204081632653061,1.4130906836815343e-05,0.0008478544102089,0.0203485058450141,4246012.0,False,False,False,0.0,0,0,0,0,0
0x3d9665bc3ad68ad1c914f9c328fb010bfd1de191,usdc,298,2.341374843552577,1.985599608963705,0.0302013422818791,2.09580141117295e-05,0.0012574808467037,0.0301795403208904,2862866.6666666665,False,False,False,0.0,0,0,0,0,0
0x0564d8d85ac8118572a06fa820c3b54cd8b80b9c,usdc,300,2.390996366205128,1.9910449336285287,0.1266666666666666,8.781173164734808e-05,0.0052687038988408,0.1264488935721812,683280.0,False,False,False,0.0,0,0,0,0,0
0x3537d607aa2cd5ab1c131c97ac0691f6b69cc07b,usdc,1554,2.2724243460541014,2.1766025354368237,0.0334620334620334,2.322351135784901e-05,0.0013934106814709,0.0334418563553025,2583588.6346153845,False,False,False,0.0,0,0,0,0,0
0xe1d843e798c561d5c5060abd0fb9fe805779959a,usdc,990,2.531241255135621,9.999000116652086e-05,0.0171717171717171,1.1920524043065907e-05,0.0007152314425839,0.0171655546220149,5033335.764705882,False,False,False,0.0,0,0,0,0,0
0xa96d168dc8f195762011004fb19cbeb53f54ae71,usdc,550,2.052302627739246,0.0,1.0836363636363635,0.0007511648095923,0.0450698885755394,1.0816773258129468,79875.94630872483,False,False,False,0.0,0,0,0,0,0
0xa317c2f83a4c4c82209e8879f26a933aa62ddb4f,usdc,490,1.7295022457433096,0.0,0.0408163265306122,2.8336424483039126e-05,0.0017001854689823,0.0408044512555763,2117416.05,False,False,False,0.0,0,0,0,0,0
0xcead03574e4b930ee871bf8bb49922148a63a8e6,usdc,1414,2.3625165423556327,1.947867540121006,0.0367751060820367,2.5525202517324925e-05,0.0015315121510394,0.0367562916249478,2350617.980769231,False,False,False,0.0,0,0,0,0,0
0x1ebef03483030dd746c0bba924e828ce2c0534ea,usdc,1203,2.3493140400285455,0.0,0.3225270157938487,0.0002238979044021,0.0134338742641303,0.3224129823391295,267979.28350515466,False,False,False,0.0,0,0,0,0,0
0x42990d54109da9c56081fc299f8c99a3f02c7360,usdc,497,2.2733345165260386,0.0,0.0643863179074446,4.462945834342145e-05,0.0026777675006052,0.0642664200145268,1344403.5,False,False,False,0.0,0,0,0,0,0
0x4b069fdab2356d5199f2f7f633f6b17f6bb8dd25,usdc,988,2.237504963440824,1.4610925093196132,0.0394736842105263,2.7405205890568645e-05,0.0016443123534341,0.0394634964824188,2189365.0512820515,False,False,False,0.0,0,0,0,0,0
0xad863edf716d09f0c6b17c0b078b137d60b742a4,usdc,492,2.1220286900266503,2.024213825142463,0.065040650406504,4.515844971042144e-05,0.0027095069826252,0.0650281675830068,1328655.0,False,False,False,0.0,0,0,0,0,0
0x3eede1a442a1ac1190ee81e1d706e5867a027000,usdc,511,1.7686648408410077,1.6313704001963978,0.0430528375733855,2.986592642610477e-05,0.0017919555855662,0.0430069340535908,2008978.3636363635,False,False,False,0.0,0,0,0,0,0
0x1016ecec3270451d02f059f3e3a46e850b3a6083,usdc,331,2.0549461838842222,2.119264440738926,0.4561933534743202,0.0003165189787714,0.0189911387262857,0.4557873294308569,189562.0927152318,False,False,False,0.0,0,0,0,0,0
0x80f8246479f38d3e4655b6f638d233b60d9a712c,usdc,261,2.280655272946121,2.2539993322508662,0.0344827586206896,2.3927820930568908e-05,0.0014356692558341,0.0344560621400192,2507541.333333333,False,False,False,0.0,0,0,0,0,0
0xbbd3ba4007b5c2bb70940f569fdf68217d7c1b5f,usdc,1056,2.1262541435325604,1.3051868040463694,0.0445075757575757,3.090609977251796e-05,0.001854365986351,0.0445047836724258,1941364.340425532,False,False,False,0.0,0,0,0,0,0
0xfaf285ec18d86c32057f84805b5209d7a14eebca,usdc,1185,2.1459992398988605,2.188328327800579,0.0396624472573839,2.754290129186756e-05,0.001652574077512,0.0396617778602892,2178419.744680851,False,False,False,0.0,0,0,0,0,0
0xf852d35d15b721772287463b78bc3c511050ff75,usdc,384,2.3454707572464266,9.999000116652086e-05,0.296875,0.0002058408979863,0.01235045387918,0.2964108931003214,291487.2631578947,False,False,False,0.0,0,0,0,0,0
0x8c9ee3a18aa126c30847183ac15c4a296e466be3,usdc,498,2.2855291908680417,9.999000116652086e-05,0.2128514056224899,0.0001477858198669,0.0088671491920158,0.2128115806083812,405992.9433962264,False,False,False,0.0,0,0,0,0,0
0x4c792bc90970865420578cefe8a21a9a0018b633,usdc,1493,2.0554746621552913,1.945047123513961,0.1232417950435365,8.55732168047288e-05,0.0051343930082837,0.1232254321988094,701153.9619565217,False,False,False,0.0,0,0,0,0,0
0xfbfcfee2bf2529e9926e3b047a065cbcf3b907be,usdc,519,2.660032776869759,2.518171247147971,0.1560693641618497,0.0001082825163038,0.0064969509782322,0.1559268234775745,554106.074074074,False,False,False,0.0,0,0,0,0,0
0x62f5d0e79b18ebadb84c3c3be21d6d2bea99eb60,usdc,1357,2.3691500242109194,2.254165719932239,0.0700073691967575,4.8593924976759954e-05,0.0029156354986055,0.0699752519665343,1234722.242105263,False,False,False,0.0,0,0,0,0,0
0xd0b1fa1c78a1322bc77fe21132c8fa1f786ac740,usdc,371,2.181444917862198,0.0,0.0754716981132075,5.229172207099125e-05,0.0031375033242594,0.0753000797822273,1147409.142857143,False,False,False,0.0,0,0,0,0,0
0x92a62b38525b09de012debc082e98e16d65ebcfd,usdc,464,2.10314806286397,0.0,0.1293103448275862,8.962846313177984e-05,0.0053777077879067,0.1290649869097629,669430.2,False,False,False,0.0,0,0,0,0,0
0xf9d7adfb5bc41283d67db9d71add65162e242f62,usdc,208,2.3846714103611384,0.0,0.6442307692307693,0.0004456502869123,0.0267390172147389,0.641736413153734,134634.71641791044,False,False,False,0.0,0,0,0,0,0
0xcbbd242a7f23e065532a99699b3c76eca3781ad6,usdc,202,2.269245623902843,2.1680359357696948,0.099009900990099,6.846853015182897e-05,0.0041081118091097,0.0985946834186337,876315.0,False,False,False,0.0,0,0,0,0,0
0x3c922e98eb4ea36eb6b3bc3d78b0ebcbb60a7059,usdc,1313,2.5804264879586882,2.695898329225398,0.0624523990860624,4.334237394762491e-05,0.0026005424368574,0.0624130184845798,1384326.5731707318,False,False,False,0.0,0,0,0,0,0
0x5638484ba2d2f1d1d35020572b0aa439a9869192,usdc,819,2.550683984909046,0.0,0.2478632478632478,0.0001720818770657,0.0103249126239434,0.2477979029746429,348671.2315270936,False,False,False,0.0,0,0,0,0,0
0xf7595b72e67264fdc8c5b12d67cdf9bf0cdb4716,usdc,372,2.1522358604919294,2.3013414950833138,0.064516129032258,4.468316840899993e-05,0.0026809901045399,0.0643437625089599,1342787.5,False,False,False,0.0,0,0,0,0,0
0xbe3d19e56d1dd610a4e18201366346e3db967daa,usdc,283,2.2688725065234787,2.365037550670918,0.03886925795053,2.6926466268481347e-05,0.0016155879761088,0.0387741114266131,2228290.909090909,False,False,False,0.0,0,0,0,0,0
0x7683850ed0b52bda5a23572dfef73aeb84ee4e5d,usdc,971,2.163482485027897,0.0,0.03913491246138,2.7172490684841155e-05,0.0016303494410904,0.0391283865861712,2208115.5789473685,False,False,False,0.0,0,0,0,0,0
0x800c1b69f63e78ac5a58dc633bdd4d64e84103d3,usdc,757,2.4643677784824702,2.474904349625434,0.0488771466314399,3.394131711390926e-05,0.0020364790268345,0.0488754966440293,1767756.972972973,False,False,False,0.0,0,0,0,0,0
0x4a1cbee11dedbd0df56bf0b2908e117c9f693407,usdc,1649,2.235725142202769,9.999000116652086e-05,0.0442692540933899,3.07272189871652e-05,0.0018436331392299,0.0442471953415178,1952666.1369863013,False,False,False,0.0,0,0,0,0,0
0xca13e01bab0b7833072985d885b5f129539ca7af,usdc,821,2.0194121292618057,2.085471625216958,0.3313032886723508,0.0002298048821371,0.0137882929282278,0.3309190302774691,261091.0588235294,False,False,False,0.0,0,0,0,0,0
0xb229ecf127fa0b6819b0369a616aaefaf6c1c314,usdc,1299,2.3580318047171414,9.999000116652086e-05,0.0200153964588144,1.389341352540372e-05,0.0008336048115242,0.0200065154765813,4318593.115384615,False,False,False,0.0,0,0,0,0,0
0x712a13a421f777f3d13ce1a51cb8304c47323397,usdc,1380,2.4394936573237973,1.7590444185348315,0.0717391304347826,4.980291418985553e-05,0.0029881748513913,0.0717161964333919,1204748.7777777778,False,False,False,0.0,0,0,0,0,0
0x6e0490c7de450b7ff747324ed445e72f92c4a988,usdc,1764,2.430187232470434,0.00233254862264908,0.0175736961451247,1.2201819111482297e-05,0.0007321091466889,0.0175706195205345,4917299.580645162,False,False,False,0.0,0,0,0,0,0
0xc672604d798d8cbd0cf2cc654099f82bd02647ab,usdc,570,2.5102793683845888,0.00016697211643247958,0.0368421052631578,2.5580594220150003e-05,0.001534835653209,0.036836055677016,2345528.0,False,False,False,0.0,0,0,0,0,0
0xe71cab44917bf40b072b47138a76006558cb29c6,usdc,229,2.590936871542639,2.591944460993873,4.296943231441048,0.002973666730532,0.1784200038319201,4.282080091966083,20177.10975609756,False,False,False,0.0,0,0,0,0,0
0xf91dc62ecb1d2cfc6ee72e1e7a27288c20bb5486,usdc,1084,2.6443305170515243,1.8507802107573492,0.1236162361623616,8.582812418535339e-05,0.0051496874511212,0.1235924988269088,699071.5522388059,False,False,False,0.0,0,0,0,0,0
0xb2bc33a6018a198c9389799f70c046eb35a97bb2,usdc,433,1.9300634499590135,2.0554232031366197,0.0277136258660508,1.923096030761844e-05,0.0011538576184571,0.0276925828429705,3119969.0,False,False,False,0.0,0,0,0,0,0
0x2e8dd7074e8fc80a47f0bbfab3c3b58d54796430,usdc,192,1.4570488490816773,9.999000116652086e-05,1.078125,0.0007465722595388,0.0447943355723287,1.0750640537358909,80367.30434782608,False,False,False,0.0,0,0,0,0,0
0x38e6c18ac5700ff11304024fc74308abe0bb7485,usdc,281,2.1399337087955557,2.164254273388362,0.0676156583629893,4.686796209713903e-05,0.0028120777258283,0.0674898654198802,1280192.2105263155,False,False,False,0.0,0,0,0,0,0
0x6ef2376fa6e12dabb3a3ed0fb44e4ff29847af68,usdc,1793,2.6440938818340776,2.408901675673403,0.3084216397099832,0.0002140637703584,0.0128438262215086,0.3082518293162075,280290.3074141049,False,False,False,0.0,0,0,0,0,0
0x326d9f47ba49bbaac279172634827483af70a601,usdc,1707,2.6318332305535224,0.5265890341390445,0.0105448154657293,7.318541143150976e-06,0.000439112468589,0.0105386992461374,8198355.222222222,False,False,False,0.0,0,0,0,0,0
0xb718727e7c8a4646d41d8b0be5e8e2c028b9efaa,usdc,1834,2.501027410933653,0.0009990011652101975,0.0981461286804798,6.812201702833445e-05,0.0040873210217,0.0980957045208015,880772.5111111111,False,False,False,0.0,0,0,0,0,0
0x2c1ca67fa77c30ef23a8a71f42ef7631252ce2e3,usdc,496,2.3494239025176262,0.0009990011652101975,0.0403225806451612,2.796319707706293e-05,0.0016777918246237,0.0402670037909706,2145677.4,False,False,False,0.0,0,0,0,0,0
0x7479648e52b3df79eeb75753d30611c06c6ebfa2,usdc,951,2.357733685725511,0.0,0.2502628811777077,0.0001736441203152,0.0104186472189143,0.2500475332539434,345534.3025210084,False,False,False,0.0,0,0,0,0,0
0x5611e99fdb06ae212a468489a60660a83072cbd4,usdc,682,1.7663263929439985,1.7272161148848966,0.0102639296187683,7.119032598050267e-06,0.000427141955883,0.0102514069411923,8428111.42857143,False,False,False,0.0,0,0,0,0,0
0x5d16c4efea50aa82a420b87be59d1d7370eea82b,usdc,173,2.458332852326132,2.544011429110739,0.1791907514450867,0.0001242854588418,0.007457127530512,0.1789710607322899,482759.6129032258,False,False,False,0.0,0,0,0,0,0
0xa9cd2041f97a303727199bfba14d03b223c8a829,usdc,229,2.1342700469893496,2.0784822784775163,0.0393013100436681,2.7244112698602016e-05,0.0016346467619161,0.0392315222859869,2202310.6666666665,False,False,False,0.0,0,0,0,0,0
0x70d6eb2b3b9a2a7d6d67c3f24c246bffc05b48ca,usdc,1264,2.1956236902622206,1.8066731544106627,0.0245253164556962,1.7027184183335096e-05,0.0010216310510001,0.0245191452240025,3523777.0,False,False,False,0.0,0,0,0,0,0
0x8679363d3ad84555c95b6e7f0d9f38ba5df5b32b,usdc,1651,1.9562120685276163,0.0,0.0205935796486977,1.4299481441922698e-05,0.0008579688865153,0.0205912532763686,4195956.352941177,False,False,False,0.0,0,0,0,0,0
0x76f84e77a90b1c5c06b17c72e73d3ed5f258babf,usdc,274,2.3317209047111893,0.0001579750406007738,0.7262773722627737,0.0005030717714041,0.0301843062842512,0.7244233508220294,119267.27638190954,False,False,False,0.0,0,0,0,0,0
0xbfa5cd11cdab834a10846a08e37a028ec5ef88e4,usdc,549,2.370931888601881,2.1905610659465364,0.4972677595628415,0.0003452536476111,0.0207152188566666,0.4971652525599989,173785.27472527474,False,False,False,0.0,0,0,0,0,0
0x110173d15cd98cd5b33422b314f6d3c4a9be1934,usdc,228,2.515311932835198,0.0,0.4035087719298245,0.0002797600874797,0.0167856052487857,0.4028545259708587,214469.4782608696,False,False,False,0.0,0,0,0,0,0
0xa9988390d379aa5296a08d23f989353c2c2aa592,usdc,213,2.0006574221638513,0.0,3.211267605633803,0.0022267611108542,0.1336056666512573,3.206535999630175,26944.964912280702,False,False,False,0.0,0,0,0,0,0
0x4241a228e5e71ec7f064a9f5721c1bfcb1b58973,usdc,1903,2.260431482715363,2.0679751173917884,0.0662112454019968,4.5979638342897246e-05,0.0027587783005738,0.066210679213772,1304925.4444444445,False,False,False,0.0,0,0,0,0,0
0x0c395460f743880e3daf790d045a4306e7f329f0,usdc,355,2.5644316991271574,2.361761161132267,1.3915492957746478,0.0009638915305934,0.0578334918356045,1.3880038040545102,62247.66801619433,False,False,False,0.0,0,0,0,0,0
0x32a73b06236d6896a0c278696762d5a8df24c83f,usdc,592,2.4668132920285384,2.179956315289636,0.0354729729729729,2.4626746476088483e-05,0.0014776047885653,0.0354625149255674,2436375.4285714286,False,False,False,0.0,0,0,0,0,0
0xe027e699692a6b17c45e06d494ab30d17f6a80a9,usdc,247,2.457493717868955,2.5328759801384373,0.020242914979757,1.4026853382164238e-05,0.0008416112029298,0.0201986688703165,4277509.6,False,False,False,0.0,0,0,0,0,0
0x4706501efaaaa4ccd2ad5f157af19a9bff221492,usdc,435,1.7383644908608091,1.7233616080955003,0.0413793103448275,2.869778080061069e-05,0.0017218668480366,0.0413248043528793,2090754.0,False,False,False,0.0,0,0,0,0,0
0x15a4bc976bf38b8671e5d067a8c78d018fdbebc7,usdc,1389,2.204539699369028,1.9085054025106725,0.0172786177105831,1.1992997688416325e-05,0.0007195798613049,0.0172699166713195,5002919.333333333,False,False,False,0.0,0,0,0,0,0
0xd7ae1f1660c4a1f898a4875a46d5dbc6c03c292e,usdc,1606,2.202287576845766,1.3250024513091783,0.1014943960149439,7.044343501290962e-05,0.0042266061007745,0.1014385464185898,851747.2208588957,False,False,False,0.0,0,0,0,0,0
0xd0b4ee02e9ba15b9dac916d2ccabad50f836b24d,usdc,737,2.1348409509724005,1.7069019660256768,0.0081411126187245,5.650510288166608e-06,0.0003390306172899,0.0081367348149599,10618510.0,False,False,False,0.0,0,0,0,0,0
0xb05af8dd49720bf81381a13ae0ba872ae509c136,usdc,124,1.8286383272227245,1.0923241696490018,0.0403225806451612,2.7934178137371347e-05,0.0016760506882422,0.0402252165178147,2147906.4,False,False,False,0.0,0,0,0,0,0
0x1f3c815c15bea6e3db724d85aae1dffc9991e6d2,usdc,246,2.199919398224506,2.221705446230827,0.089430894308943,6.203662868145093e-05,0.003722197720887,0.0893327453012893,967170.5454545454,False,False,False,0.0,0,0,0,0,0
0x64152d46857775e2892417227477c819afda46b1,usdc,258,2.3858198363537424,2.4838415520853463,0.0930232558139534,6.449874731339203e-05,0.0038699248388035,0.0928781961312845,930250.625,False,False,False,0.0,0,0,0,0,0
0x27c27cfb0e14ebddae33f4289fd3d889b513e895,usdc,1882,2.353297863585687,0.0,0.4819341126461211,0.000334549504594,0.0200729702756453,0.4817512866154888,179345.65490628444,False,False,False,0.0,0,0,0,0,0
0x09c0b648f6714c4fd049c6c199a457b666fd621b,usdc,183,2.4109981158903557,2.505686913899728,0.1475409836065573,0.0001020629569679,0.0061237774180793,0.1469706580339045,587872.4444444445,False,False,False,0.0,0,0,0,0,0
0xb2a968029778e7c68c30a4a16f97f5805dd7d28f,usdc,175,2.2200070088662582,2.2761978124788333,0.2685714285714285,0.0001858130546717,0.0111487832803041,0.2675707987272991,322905.1914893617,False,False,False,0.0,0,0,0,0,0
0xb7b8426784739272e089175a26ee2e3f0a2c54a0,usdc,196,2.106267410450847,2.176902150654178,0.0306122448979591,2.1221074790848623e-05,0.0012732644874509,0.030558347698822,2827378.0,False,False,False,0.0,0,0,0,0,0
0x7b94b38b7211f4cfee6de70ff66ab5ca5439cd7a,usdc,948,2.292865805600593,1.9481528259802983,0.1856540084388185,0.0001288696781948,0.0077321806916904,0.1855723366005701,465586.6363636364,False,False,False,0.0,0,0,0,0,0
0xda88debb766ec71d811fd7d57a0a9a69b1cc5e7a,usdc,555,2.2321144511746223,2.0662903803746433,0.0774774774774774,5.377516677805213e-05,0.0032265100066831,0.077436240160395,1115756.6511627906,False,False,False,0.0,0,0,0,0,0
0x2481fef92f6358a410f4b42a7672f23cac514c2a,usdc,2022,2.164738812432141,0.0,0.1904055390702275,0.0001321616208237,0.0079296972494225,0.1903127339861423,453989.5896103896,False,False,False,0.0,0,0,0,0,0
0xd9c5291b52a85e46cf4a72d886ca0df7a5100322,usdc,526,1.9580530001909144,0.0006515752190991114,1.8136882129277567,0.0012578374214807,0.075470245288845,1.8112858869322823,47700.91823899371,False,False,False,0.0,0,0,0,0,0
0xf16b4b87e6f214b60abc8e52e207c5009e14d019,usdc,687,2.402947429908614,0.0,0.0393013100436681,2.7256478006747897e-05,0.0016353886804048,0.0392493283297169,2201311.5555555555,False,False,False,0.0,0,0,0,0,0
0x653c6c4859c69e5df0f86184f3203aeb2b3a3773,usdc,1418,2.0770206702378164,1.9317676786849227,0.0211565585331452,1.4685972182108892e-05,0.0008811583309265,0.0211477999422368,4085531.366666666,False,False,False,0.0,0,0,0,0,0
0x32edcd3486807bffc3476878de5392db4be58477,usdc,270,2.2199449378506086,2.2562213284391404,0.1925925925925926,0.000133630747407,0.0080178448444229,0.1924282762661513,448998.4615384616,False,False,False,0.0,0,0,0,0,0
0xb040cc5ba746ebda82ab82294dc01d455cd9c0a5,usdc,1227,2.4108071311766333,2.396378070111224,0.3186634066829666,0.0002212168078606,0.0132730084716419,0.3185522033194063,271227.1304347826,False,False,False,0.0,0,0,0,0,0
0x76149d87a6ba9ea3c864d0643210e71393dd7777,usdc,1741,2.3293628774044897,2.255625487960309,0.0804135554279149,5.582253161254886e-05,0.0033493518967529,0.0803844455220703,1074834.8071428572,False,False,False,0.0,0,0,0,0,0
0x4bf90c248a98dc62075c2baaa99a017de21e4f9f,usdc,927,2.1301625271437463,1.7163798514467992,0.0194174757281553,1.3471299396635468e-05,0.0008082779637981,0.019398671131155,4453913.333333333,False,False,False,0.0,0,0,0,0,0
0x5b9a8301c36b4b0b9886de97cae68e5c44d30b44,usdc,685,1.6370034680497414,0.0,0.018978102189781,1.3167538492766565e-05,0.0007900523095659,0.0189612554295838,4556660.307692308,False,False,False,0.0,0,0,0,0,0
0x1bd330dd2cd274166b9eec79ea7a8a0faa729889,usdc,1960,2.32949514932684,1.9399174959298617,0.0775510204081632,5.3830607897131976e-05,0.0032298364738279,0.07751607537187,1114607.5131578948,False,False,False,0.0,0,0,0,0,0
0x6e4a483e592fa2f317118e72dab58b208c747fae,usdc,1398,2.368515411194687,0.00019896040819167144,0.2718168812589413,0.000188627205778,0.0113176323466801,0.271623176320323,318087.7315789474,False,False,False,0.0,0,0,0,0,0
0x52781b21f84cbb89e20aadfb5ec848635ae50a10,usdc,485,2.4240198820701915,2.3623502551834354,0.1257731958762886,8.716457357375894e-05,0.0052298744144255,0.1255169859462128,688353.0491803279,False,False,False,0.0,0,0,0,0,0
0x411bc4ff02bb2215445c35e1e4a9faad1f80fbda,usdc,1570,2.4195044081772683,0.0,0.0554140127388535,3.847778123373448e-05,0.002308666874024,0.0554080049765776,1559341.471264368,False,False,False,0.0,0,0,0,0,0
0x339b07af597a2c6128d067633611baf3f0725b1a,usdc,237,2.47236296231425,0.00034887824857167345,0.430379746835443,0.0002984157633738,0.0179049458024312,0.429718699258349,201061.76470588235,False,False,False,0.0,0,0,0,0,0
0xdd41ef8f9ce193abed960ab9d30db0a0dee1dd29,usdc,651,2.2354511070609413,2.0680226162449395,0.0076804915514592,5.328863151348275e-06,0.0003197317890808,0.0076735629379415,11259437.2,False,False,False,0.0,0,0,0,0,0
0x4ab010562aaf2417e9bfa776ebc2579ba9c1eadf,usdc,1060,2.474356138931984,0.0,0.2726415094339622,0.0001892817784784,0.0113569067087094,0.2725657610090277,316987.723183391,False,False,False,0.0,0,0,0,0,0
0xf6b91068c3d52a956ae682a250d89ba2ac02d06c,usdc,1703,1.821308860183843,0.023474953277781013,0.0481503229594832,3.342687967904977e-05,0.0020056127807429,0.0481347067378316,1794962.6341463414,False,False,False,0.0,0,0,0,0,0
0xf34e1e2229cee10b07273ceb7a64fdb2676851fb,usdc,915,2.4749006999997447,1.72455685434895,0.0131147540983606,9.10282896960148e-06,0.000546169738176,0.0131080737162261,6591357.5,False,False,False,0.0,0,0,0,0,0
0x9e22480599947c131312a498c32feb8f0b50c133,usdc,703,2.0126217623721536,1.8881973445212277,0.2446657183499288,0.0001698028864911,0.0101881731894668,0.2445161565472044,353350.88372093026,False,False,False,0.0,0,0,0,0,0
0x3a23b10845e911b6944d9dc2f1f480fca3af35d6,usdc,1448,2.421158131176372,2.1957237639416722,0.1001381215469613,6.951673063550941e-05,0.0041710038381305,0.1001040921151335,863101.5793103449,False,False,False,0.0,0,0,0,0,0
0x794e31c25fb4655056be42bbe10f02d342b7d868,usdc,263,2.239866850563961,0.19553538859220326,0.0760456273764258,5.261501906242141e-05,0.0031569011437452,0.0757656274498868,1140358.8,False,False,False,0.0,0,0,0,0,0
0x534717f4de8996ab93b2525157a8e5fddfe6a68e,usdc,747,2.3404963014130455,1.8410740844298052,0.0629183400267737,4.364431922755127e-05,0.002618659153653,0.0628478196876738,1374749.3617021276,False,False,False,0.0,0,0,0,0,0
0x6b75d8af000000e20b7a7ddf000ba900b4009a80,usdc,474,2.3614122217337763,9.999000116652086e-05,0.820675105485232,0.0005688742986686,0.0341324579201195,0.8191789900828684,105471.45501285348,False,False,False,0.0,0,0,0,0,0
0xa9d196151abcec4079cca7bad824fe648175f812,usdc,647,2.0162590022903752,1.3883717980300232,0.0139103554868624,9.65327992709843e-06,0.0005791967956259,0.0139007230950217,6215504.0,False,False,False,0.0,0,0,0,0,0
0xf4ca35df279677654515d41aca6bc75e79731a4b,usdc,1374,2.673387248484239,2.64522321276215,0.0589519650655021,4.091548963705359e-05,0.0024549293782232,0.0589183050773571,1466437.2962962964,False,False,False,0.0,0,0,0,0,0
0x30123e49fe5f703b6675943c1520a422d1705db6,usdc,973,2.3410034293659434,0.017682654415626022,0.2425488180883864,0.0001683367170875,0.0101002030252557,0.2424048726061368,356428.47881355934,False,False,False,0.0,0,0,0,0,0
0x153228085fcb51584c64b89adb990628817b7cbe,usdc,285,2.0462663454755052,2.0397026463923047,0.0385964912280701,2.6775364911711884e-05,0.0016065218947027,0.0385565254728651,2240865.8181818184,False,False,False,0.0,0,0,0,0,0
0x5acfbbf0aa370f232e341bc0b1a40e996c960e07,usdc,1892,2.2479609091607924,0.00028092106487690333,0.1178646934460888,8.182715561853596e-05,0.0049096293371121,0.1178311040906918,733252.9103139014,False,False,False,0.0,0,0,0,0,0
0xeb3648865b1471996e5f65ae845f9eb9226b9a02,usdc,1482,2.3905740071533765,2.5404210886247602,0.4473684210526316,0.0003106637559966,0.0186398253597994,0.4473558086351872,193134.85671191555,False,False,False,0.0,0,0,0,0,0
0xe73b055d8c4d47c8a998e1275bacbc3fb3801329,usdc,602,2.1065102089183467,2.071439491045468,0.048172757475083,3.343800582190273e-05,0.0020062803493141,0.0481507283835399,1794365.3793103448,False,False,False,0.0,0,0,0,0,0
0xc3e47bb4d4eaf990769f7e3e64221e846ad3d8ba,usdc,179,2.280443200065038,0.0,3.6145251396648046,0.0025100615837984,0.1506036950279055,3.614488680669732,23903.79598145286,False,False,False,0.0,0,0,0,0,0
0x8eb8a3b98659cce290402893d0123abb75e3ab28,usdc,221,2.487180892850602,9.999000116652086e-05,0.8687782805429864,0.0006016356970513,0.0360981418230815,0.8663554037539561,99728.125,False,False,False,0.0,0,0,0,0,0
0xbc50b6690dc7735957d785e2cc5a8505de8b301a,usdc,182,2.0802573571600034,1.9089798563370792,0.0329670329670329,2.284508065455725e-05,0.0013707048392734,0.0328969161425624,2626386.0,False,False,False,0.0,0,0,0,0,0
0x5c844eca4422b9c3751a8e87c372c0bdc1c6773d,usdc,1746,2.078067463956532,9.999000116652086e-05,0.0206185567010309,1.4310856529807306e-05,0.0008586513917884,0.0206076334029225,4192621.1666666665,False,False,False,0.0,0,0,0,0,0
0x262486c18cc96d19983c70e0b76e4a8780082fef,usdc,188,2.2380263391072566,0.0,4.6861702127659575,0.0032398663159814,0.1943919789588886,4.665407495013327,18519.282633371167,False,False,False,0.0,0,0,0,0,0
0x0ca4f2a4c62e08cf0918818c898068cbda3814d9,usdc,150,1.9444374356779563,2.2930495205577697,0.2466666666666666,0.0001712859874174,0.0102771592450454,0.2466518218810904,350291.35135135136,False,False,False,0.0,0,0,0,0,0
0xeba88149813bec1cccccfdb0dacefaaa5de94cb1,usdc,396,2.454488813653404,2.4979624755752523,0.0176767676767676,1.2271939159231916e-05,0.0007363163495539,0.0176715923892939,4889202.857142857,False,False,False,0.0,0,0,0,0,0
0x8e3d504acfa412b7fdc91f7a95dff264344a4b6f,usdc,225,2.01072311557041,2.133098198449631,0.0666666666666666,4.629321960700966e-05,0.0027775931764205,0.0666622362340939,1296086.1333333333,False,False,False,0.0,0,0,0,0,0
0x08ee24d316768d033bc596876aeaea2ac8742c5c,usdc,846,2.1264530800149863,0.0,0.1264775413711583,8.782649293546673e-05,0.005269589576128,0.126470149827072,683165.1588785046,False,False,False,0.0,0,0,0,0,0
0x758157cd334a8d3ae91cde40a8ee796773f5dee2,usdc,827,1.9805714976240194,2.25523505469816,0.060459492140266,4.194881439226907e-05,0.0025169288635361,0.0604062927248674,1430314.56,False,False,False,0.0,0,0,0,0,0
0x0279582676affc46622add562a35bc9042fb425d,usdc,415,2.158037604853055,1.9344692551404812,0.0771084337349397,5.353987231409701e-05,0.0032123923388458,0.0770974161322997,1120660.125,False,False,False,0.0,0,0,0,0,0
0x6c1498b3de7af66f71130246ea9afde2dfb5885a,usdc,1658,2.3295126141125624,0.00010498897635034066,0.008443908323281,5.861447849351747e-06,0.0003516868709611,0.0084404849030665,10236378.714285716,False,False,False,0.0,0,0,0,0,0
0x35a21f7c053aed0dcf9e24bfb100aca163aeddb2,usdc,660,2.1081926512501363,0.00029991003148811666,0.1666666666666666,0.0001156662586802,0.0069399755208136,0.1665594124995268,518733.8181818182,False,False,False,0.0,0,0,0,0,0
0x1d0407ce8e3213b47bbca862915ce309c474f98c,usdc,325,2.0815329480920894,2.0472297850184633,0.0584615384615384,4.0594543409668166e-05,0.00243567260458,0.0584561425099221,1478031.1578947369,False,False,False,0.0,0,0,0,0,0
0xde0ef68f05ecd799d222cb76d095b3737613be5e,usdc,1397,2.3687263460786596,2.3822143600617376,0.0565497494631352,3.92431473868547e-05,0.0023545888432112,0.0565101322370707,1528929.3544303798,False,False,False,0.0,0,0,0,0,0
0xd25dc2a9f64084d674c14b33f3ee260260037146,usdc,164,2.1366076210979803,2.225499733719113,0.0304878048780487,2.115057432269516e-05,0.0012690344593617,0.030456827024681,2836802.4,False,False,False,0.0,0,0,0,0,0
0x2f2da03fc78cea055c48afbbe62c3d6f9afbabbc,usdc,208,2.058026830195619,2.3966250596744403,0.6826923076923077,0.0004725806698531,0.0283548401911888,0.680516164588532,126962.45070422535,False,False,False,0.0,0,0,0,0,0
0x8d755954245cc44bf20bc7ff66b7406c82116d48,usdc,121,2.095659552988229,1.663860323606652,0.0661157024793388,4.581297996254789e-05,0.0027487787977528,0.0659706911460689,1309672.5,False,False,False,0.0,0,0,0,0,0
0xf01bcb0090cd0f734688ce77ae067da58e9d8005,usdc,1483,2.3587655296372723,2.2856605879639136,0.0478759271746459,3.324017371502052e-05,0.0019944104229012,0.0478658501496295,1805044.718309859,False,False,False,0.0,0,0,0,0,0
0xd6ae43e2446cc17378926291f5197a1e87d772dd,usdc,1190,2.141170698823515,2.0087650062684026,0.0319327731092436,2.2159210154003207e-05,0.0013295526092401,0.0319092626217646,2707677.736842105,False,False,False,0.0,0,0,0,0,0
0x794d0d72a516b6b548a8528a3ed0fe415982edd7,usdc,200,2.1994101250263176,0.0,0.18,0.0001248655094408,0.0074919305664523,0.1798063335948572,480517.0,False,False,False,0.0,0,0,0,0,0
0x078fb3254e4e689cb1904ae152a82085569df930,usdc,193,2.31966048045054,0.000499750145742199,1.4196891191709844,0.0009854980721643,0.0591298843298613,1.4191172239166714,60882.9197080292,False,False,False,0.0,0,0,0,0,0
0xb024dc3dd08461626541a22d6cf804414be3c39d,usdc,730,1.9854123551347593,1.1890907780935427,0.0465753424657534,3.232675426836759e-05,0.001939605256102,0.0465505261464493,1856047.7647058824,False,False,False,0.0,0,0,0,0,0
0x6a33d28d7f1e7ccad132304a6abd87336a7754fa,usdc,1334,2.2671360354071664,0.0,0.0779610194902548,5.412995603120828e-05,0.0032477973618724,0.0779471366849399,1108443.5384615385,False,False,False,0.0,0,0,0,0,0
0xaf8dce0cd3616767d728ac3cda5e452963a8c758,usdc,526,1.7994034247365285,9.999000116652086e-05,0.0171102661596958,1.1862296139850671e-05,0.000711737768391,0.0170817064413849,5058042.666666667,False,False,False,0.0,0,0,0,0,0
0xad9e877dd444f86f9ad613a8fc4afca4db0ba61f,usdc,1317,2.3368755103759504,2.2974901308923363,0.0326499620349278,2.2657119881368023e-05,0.001359427192882,0.0326262526291699,2648174.1860465114,False,False,False,0.0,0,0,0,0,0
0xe2c3da7fca5d851c28539fa98db2167d1bdf95bb,usdc,1491,2.5898163420483007,0.0018963979832083947,0.1234071093226022,8.566780693828533e-05,0.0051400684162971,0.1233616419911309,700379.7826086957,False,False,False,0.0,0,0,0,0,0
0x6e5073b5ede43bf9646b122269ad7a6ecbf496b7,usdc,973,1.798339246811836,1.12189025417282,0.1233299075025693,8.560272091101839e-05,0.0051361632546611,0.1232679181118664,700912.3,False,False,False,0.0,0,0,0,0,0
0x46cc4b82fa4831336be588048a08995644a618d2,usdc,638,2.30143127184168,2.2631772454223222,0.0423197492163009,2.938487658351835e-05,0.0017630925950111,0.0423142222802664,2041866.6666666667,False,False,False,0.0,0,0,0,0,0
0xb4d9728c065781188d8b87d6369509e7b47d12d1,usdc,1386,2.3388574397428257,2.2430986276681097,0.0043290043290043,3.0051430268189566e-06,0.0001803085816091,0.0043274059586192,19965771.83333333,False,False,False,0.0,0,0,0,0,0
0x1520be562430d63313d1c69f6ac31bc15b576036,usdc,124,2.0645225546382333,1.6920895459931111,0.0967741935483871,6.710831393716649e-05,0.0040264988362299,0.0966359720695197,894077.0,False,False,False,0.0,0,0,0,0,0
0x2456576254de0dd367d79db77cd143663d044b00,usdc,121,2.2839230640114705,0.00021095548995668148,5.785123966942149,0.0039884358152419,0.2393061489145187,5.743347573948449,15043.49142857143,False,False,False,0.0,0,0,0,0,0
0xe8325513e31e9a66afa49ba20875c999faef306c,usdc,138,2.3032844657202163,1.9157342089424234,0.0652173913043478,4.503602882305845e-05,0.0027021617293835,0.0648518815052041,1332266.6666666667,False,False,False,0.0,0,0,0,0,0
0x8dfa5ece3aaa642ae4f70381ba74479371577d64,usdc,677,2.194890482948801,2.272093053454971,0.3899556868537666,0.0002705328266991,0.0162319696019478,0.3895672704467481,221784.54545454544,False,False,False,0.0,0,0,0,0,0
0x10031a8001d7ac0bf507cad46ff5e835c339d89a,usdc,1612,2.216559225491848,1.8773313943620564,0.0496277915632754,3.446233052960496e-05,0.0020677398317762,0.0496257559626311,1741031.4125,False,False,False,0.0,0,0,0,0,0
0x3fc3e6514fd4925f55fb3ae17bbfbca2eb126608,usdc,523,2.2031245960909676,2.2986349300824616,0.034416826003824,2.386933079634761e-05,0.0014321598477808,0.0343718363467405,2513685.888888889,False,False,False,0.0,0,0,0,0,0
0x63c0e7af793eb9e74296133665185d9c09fd62c6,usdc,1080,2.3567469657569537,2.4942370934934206,0.0694444444444444,4.819174454211626e-05,0.0028915046725269,0.0693961121406474,1245026.52,False,False,False,0.0,0,0,0,0,0
0x70631b7376f4956185dac1b9cb4e9f83ccbc2764,usdc,1736,2.0694415925951786,0.0,0.0138248847926267,9.596971195890578e-06,0.0005758182717534,0.0138196385220824,6251972.5,False,False,False,0.0,0,0,0,0,0
0x31b9fee7f23360dc2f587afa5799787e9beeb1b9,usdc,1086,1.9882156972277554,1.9149938977261756,0.0138121546961325,9.585648214123444e-06,0.0005751388928474,0.0138033334283377,6259357.6,False,False,False,0.0,0,0,0,0,0
0xc73a5b24d3c8322c54be8be99c6ac82a29c5bc44,usdc,467,2.1620305289681436,2.148951014412899,0.0428265524625267,2.9684944775612987e-05,0.0017810966865367,0.0427463204768827,2021226.6,False,False,False,0.0,0,0,0,0,0
0x8f26758ca707204e8fe33b794b7113db075179af,usdc,235,2.1488992663358033,0.0,0.1659574468085106,0.0001149983841252,0.0068999030475161,0.1655976731403876,521746.4615384616,False,False,False,0.0,0,0,0,0,0
0x3759fa6d9bac4257d5a468caf1210d0eb81a5b9c,usdc,1144,1.9763232844348197,1.6075378333356116,0.0122377622377622,8.492613993830075e-06,0.0005095568396298,0.0122293641511153,7064962.571428572,False,False,False,0.0,0,0,0,0,0
0xdad1eaa2776850afb54d38b9fae8fffba529682d,usdc,305,2.1976353835620888,2.1979688386872795,0.0590163934426229,4.090741742383266e-05,0.0024544450454299,0.058906681090319,1466726.6666666667,False,False,False,0.0,0,0,0,0,0
0x16d23446d679419bad8350cc967b5a026fff2c88,usdc,996,2.3825075673970706,2.329008274183286,0.0863453815261044,5.993503808482557e-05,0.0035961022850895,0.0863064548421488,1001083.8720930232,False,False,False,0.0,0,0,0,0,0
0x6378a11d808dde4924b95a9777723c931cf1319c,usdc,2037,2.1834822966742427,2.0472080901913925,0.1232204221894943,8.552777383267196e-05,0.0051316664299603,0.1231599943190476,701526.5019920318,False,False,False,0.0,0,0,0,0,0
0x017b37f2485d19b20198b334e14c3eb913335b61,usdc,1483,2.193401202206939,9.999000116652086e-05,0.0107889413351314,7.487686149142446e-06,0.0004492611689485,0.0107822680547651,8013156.375,False,False,False,0.0,0,0,0,0,0
0x01fdc5f97190995a21dbf95647d672f0e00ab913,usdc,1673,2.115657316479816,2.012033526440284,0.0472205618649133,3.278438644840372e-05,0.0019670631869042,0.0472095164857013,1830139.4810126584,False,False,False,0.0,0,0,0,0,0
0x14489301dff5aefb38c8a9337bdd71c5326bdc95,usdc,954,2.1820478463842674,2.2720930397111068,0.0251572327044025,1.745671601203456e-05,0.001047402960722,0.0251376710573297,3437072.583333333,False,False,False,0.0,0,0,0,0,0
0xb4b07b3397760c90ac7471a79c4b0eb876cf7fd4,usdc,1384,2.2316261564544964,2.3315768667232883,0.0086705202312138,6.02000331718905e-06,0.0003612001990313,0.0086688047767522,9966771.916666666,False,False,False,0.0,0,0,0,0,0
0x07eab39dd47429b6d65226fbaf67294b34828675,usdc,152,2.0781989025936243,2.1690630976773724,0.0328947368421052,2.2711519191687947e-05,0.0013626911515012,0.0327045876360306,2641831.2,False,False,False,0.0,0,0,0,0,0
0x42d10f9a788e33798e11646eb90576877a62cd37,usdc,234,2.465222130621289,0.00011498677677408452,0.0683760683760683,4.735476294205672e-05,0.0028412857765234,0.0681908586365616,1267032.0,False,False,False,0.0,0,0,0,0,0
0x764de8d8bd5aa31fa6ceb61216a0b5be2f52adde,usdc,142,2.161622393041052,0.0011297225244702447,0.0985915492957746,6.801557751055212e-05,0.0040809346506331,0.097942431615195,882150.8571428572,False,False,False,0.0,0,0,0,0,0
0xb997c93638f7548455ac40c78994aa170cd90467,usdc,1390,2.1054025846030138,1.901288668173,0.0086330935251798,5.992261892604984e-06,0.0003595357135562,0.0086288571253511,10012913.5,False,False,False,0.0,0,0,0,0,0
0xed320bf569e5f3c4e9313391708ddbfc58e296bb,usdc,1751,2.571088167987103,2.6759689749709916,0.1330668189605939,9.23675204797392e-05,0.0055420512287843,0.1330092294908244,649578.982832618,False,False,False,0.0,0,0,0,0,0
0xb484965f48cfe8a3fb43d35eae5693f350172a6f,usdc,654,2.180718734106979,2.193865721733022,0.1253822629969418,8.693920765302519e-05,0.0052163524591815,0.1251924590203562,690137.4146341464,False,False,False,0.0,0,0,0,0,0
0x8413f65e93d31f52706c301bcc86e0727fd7c025,usdc,1229,2.046488043886957,1.448822238365871,0.1065907241659886,7.399802647451683e-05,0.004439881588471,0.1065571581233042,810832.4351145038,False,False,False,0.0,0,0,0,0,0
0xbf5e54c93b80fd641299f646cbbc466839d84e46,usdc,371,2.25105301231954,0.0005746695966348995,0.6037735849056604,0.0004183548717611,0.0251012923056694,0.6024310153360678,143418.9107142857,False,False,False,0.0,0,0,0,0,0
0x5e8c9735a3eb81b3b6c2d40567c0eb1316025d6d,usdc,713,2.4648681510499006,0.0,0.0098176718092566,6.808836469061911e-06,0.0004085301881437,0.0098047245154491,8812078.285714285,False,False,False,0.0,0,0,0,0,0
0x6ea410746848f6eb8ee5545484c1750dc721c3de,usdc,568,2.2522587309274917,0.0008592611412684973,0.079225352112676,5.496673291175885e-05,0.0032980039747055,0.0791520953929327,1091569.3333333333,False,False,False,0.0,0,0,0,0,0
0x7723000de847d13856aa46993e6d1d499d13af1b,usdc,2058,2.4208104903373044,0.0,0.1788143828960155,0.0001241455658937,0.0074487339536233,0.1787696148869605,483303.60869565216,False,False,False,0.0,0,0,0,0,0
0xad285fdedfc0d5f944a33e478356524293c7ec68,usdc,1568,2.3236936097309555,2.266315115117774,0.0446428571428571,3.098710622083421e-05,0.00185922637325,0.0446214329580012,1936289.2285714287,False,False,False,0.0,0,0,0,0,0
0x4faa5e036d998770d0d0232d0d8b985979de852e,usdc,1172,2.4009963349571426,2.3234107621942104,0.068259385665529,4.737111060976685e-05,0.002842266636586,0.0682143992780642,1266594.75,False,False,False,0.0,0,0,0,0,0
0xafb455084960495d9041593aeaa7d814280acbb5,usdc,262,2.099456367519102,1.2903748769310062,0.0725190839694656,5.017407764200849e-05,0.0030104446585205,0.0722506718044922,1195836.6315789474,False,False,False,0.0,0,0,0,0,0
0x61e56f52f65b81e5d295fc6ff34cc552a855e4db,usdc,257,2.2206286419492725,2.2480707344754256,0.0194552529182879,1.3466772892571242e-05,0.0008080063735542,0.0193921529653025,4455410.4,False,False,False,0.0,0,0,0,0,0
0xdbcbafaa145337dfaae2beda0f46437a2680782a,usdc,417,2.160203644393522,2.17752581681183,0.0359712230215827,2.496445893196719e-05,0.001497867535918,0.0359488208620327,2403416.8,False,False,False,0.0,0,0,0,0,0
0x71920ed2b05fc516fad7750406502ea06be27fd0,usdc,456,2.1863215033367793,2.1609784430923122,0.3245614035087719,0.0002253832733935,0.0135229964036139,0.3245519136867343,266213.1891891892,False,False,False,0.0,0,0,0,0,0
0xf73319bcb14104f858a3589955fa22395c7851ae,usdc,911,2.57014884488506,2.1427096307787092,0.0197585071350164,1.3720166308233677e-05,0.000823209978494,0.0197570394838564,4373124.833333333,False,False,False,0.0,0,0,0,0,0
0x9c156e778bcb111b7e803f8773b6b3a627a1ac84,usdc,880,2.1152990398610405,1.9509723851678624,0.0079545454545454,5.517852855260256e-06,0.0003310711713156,0.0079457081115747,10873794.857142856,False,False,False,0.0,0,0,0,0,0
0x157d6308f65662554d0faeb9beda0270d4c7993c,usdc,397,2.2796804977223384,2.309110112095143,0.0125944584382871,8.73396923616548e-06,0.0005240381541699,0.0125769157000782,6869728.8,False,False,False,0.0,0,0,0,0,0
0x4ea3bf404aafe9066d3ad2a5323bdb4f5be5d281,usdc,634,2.3293879368370742,2.412863620384798,0.029968454258675,2.0786545372433626e-05,0.001247192722346,0.0299326253363044,2886482.5263157897,False,False,False,0.0,0,0,0,0,0
0x598c19f78e90f31a7fe73c950a91e6edef6b614a,usdc,133,1.9345927182766356,2.041097935830066,1.112781954887218,0.0007714971423328,0.0462898285399729,1.1109558849593506,77770.86486486487,False,False,False,0.0,0,0,0,0,0
0xd02ef49b631a5efdea309ff00a00528442119515,usdc,283,2.584095092518393,2.6956747101603242,0.1060070671378091,7.350058800470403e-05,0.0044100352802822,0.1058408467267738,816320.0,False,False,False,0.0,0,0,0,0,0
0x0dda86e32fd9eeb5f69314dd8b1d75e813c3cf08,usdc,751,2.4880983943052306,0.0,0.0119840213049267,8.322040786321893e-06,0.0004993224471793,0.0119837387323035,7209770.0,False,False,False,0.0,0,0,0,0,0
0x3386f8f72dfcc2008d65606b43485ca1652ffabe,usdc,1325,2.4088319475294533,2.2618817203321577,0.250566037735849,0.0001739468502779,0.0104368110166757,0.2504834644002183,344932.9487951807,False,False,False,0.0,0,0,0,0,0
0xcaf317ae59b580d436d9f218f4ae40423c6ce4db,usdc,183,2.3370922077972116,1.9483423711624641,0.2295081967213114,0.0001593342559545,0.0095600553572729,0.2294413285745502,376566.8571428572,False,False,False,0.0,0,0,0,0,0
0xf44953b194dd0dcb943b3c7f0800b851935f4f3c,usdc,331,2.3188791192414597,1.8751011492578453,0.1389728096676737,9.646829569461997e-05,0.0057880977416771,0.1389143458002527,621966.0,False,False,False,0.0,0,0,0,0,0
0x064bf9d1b078621b3a60ba7bb42cae9585d96e66,usdc,799,2.3272973252966977,2.3508216506819264,0.0963704630788485,6.684982941138987e-05,0.0040109897646833,0.0962637543524013,897534.077922078,False,False,False,0.0,0,0,0,0,0
0x0d944216235930c2d254bd9b87942e0eabf79473,usdc,1835,2.0560847790620542,9.999000116652086e-05,0.0174386920980926,1.210898976256182e-05,0.0007265393857537,0.017436945258089,4954996.34375,False,False,False,0.0,0,0,0,0,0
0x88c69e649630b7587fbd87e6d03bcb81ce65c8cd,usdc,1757,2.0222998313355305,2.059516856364384,0.0227660785429709,1.580535203201311e-05,0.0009483211219207,0.0227597069260988,3796182.45,False,False,False,0.0,0,0,0,0,0
0xf64421ab9dc6861ce95ba2f4d969564b108badc2,usdc,903,2.6946718863249326,2.2531209847743163,0.2425249169435216,0.0001682599113155,0.0100955946789301,0.242294272294323,356591.1780821918,False,False,False,0.0,0,0,0,0,0
0x4e7efe6906c7eb3ffe7c827a03f8b66d34e92416,usdc,1268,2.0814215341947353,1.9626971747754087,0.0410094637223974,2.8457286707163574e-05,0.0017074372024298,0.0409784928583155,2108423.076923077,False,False,False,0.0,0,0,0,0,0
0x1d24c1ea359c4c2689fa29e5b5fa5a427d9c04b9,usdc,181,2.256439319809756,2.2060889463639883,0.1988950276243093,0.0001380932367175,0.0082855942030505,0.1988542608732121,434489.0555555556,False,False,False,0.0,0,0,0,0,0
0x63ff337dd86e0daa0fcb863cedabf9619e7d05f7,usdc,369,2.044686701632736,2.036753708317309,0.024390243902439,1.691012867856363e-05,0.0010146077207138,0.0243505852971316,3548169.333333333,False,False,False,0.0,0,0,0,0,0
0xe078cfc04bc30d419af771dd04c26d024e3bc1f3,usdc,375,2.58243226548518,2.7413984640023243,1.848,0.0012824702783349,0.0769482167000947,1.846757200802275,46784.70995670996,False,False,False,0.0,0,0,0,0,0
0xd61efddae077f3f2c991e3d103b989a12b005838,usdc,696,1.582416928001636,1.7372611826073323,0.007183908045977,4.9838731831539504e-06,0.0002990323909892,0.0071767773837416,12038829.6,False,False,False,0.0,0,0,0,0,0
0xbebc0741b16dd0210a7b96c512195f91528a2d55,usdc,711,1.5247937346101426,1.4106875164899007,0.0182841068917018,1.2689479965588734e-05,0.0007613687979353,0.0182728511504477,4728326.153846154,False,False,False,0.0,0,0,0,0,0
0x9b32bf5d8d88dd5cef0d32cdfff2eab50d2e04b3,usdc,1748,2.199316424018536,0.0,0.040045766590389,2.7797871851850475e-05,0.001667872311111,0.0400289354666646,2158438.6142857145,False,False,False,0.0,0,0,0,0,0
0xfda9365e2cdf21d72cb0dc4f5ff46f29e4ac59ce,usdc,889,2.145365563525454,2.1519252715910073,0.0427446569178852,2.965793937573784e-05,0.0017794763625442,0.0427074327010624,2023067.0526315789,False,False,False,0.0,0,0,0,0,0
0x15ff263fbd47df34b91759975e6d8604c2cea9e0,usdc,691,2.229751001513692,2.171275531817457,0.0911722141823444,6.33060467524199e-05,0.0037983628051451,0.0911607073234846,947776.761904762,False,False,False,0.0,0,0,0,0,0
0x89621572c496e8791c58b2546dabe4fde75dc56e,usdc,138,1.7016956280776765,0.4136234413048254,0.1884057971014492,0.0001306401366696,0.0078384082001808,0.1881217968043412,459276.9230769231,False,False,False,0.0,0,0,0,0,0
0xa04ed42626cb11397109499508af2efe4932f588,usdc,1017,1.8966897059025236,1.1062071049627444,0.0226155358898721,1.5703710581979513e-05,0.0009422226349187,0.0226133432380505,3820753.0434782607,False,False,False,0.0,0,0,0,0,0
0x2b23e4e377f2494955089040c1d56a116cf55956,usdc,1441,2.0953925177267916,0.0,0.0353920888272033,2.456267876272104e-05,0.0014737607257632,0.0353702574183182,2442730.31372549,False,False,False,0.0,0,0,0,0,0
0x8c0980804efa6555a56f61a92237c2bab53a92e5,usdc,333,2.21621501238092,2.183298474190692,0.2342342342342342,0.0001622679568217,0.0097360774093046,0.2336658578233126,369758.7692307693,False,False,False,0.0,0,0,0,0,0
0x12a04abeca22856d140d56c0378ca7ba798b531e,usdc,1897,2.1668023449745983,0.0,0.044280442804428,3.074849393236126e-05,0.0018449096359416,0.0442778312626002,1951315.0833333333,False,False,False,0.0,0,0,0,0,0
0x420eb87916504753d1e5aa099f3f24a914f9cf26,usdc,898,2.0097372959040176,0.00012498437727820924,0.032293986636971,2.240845797200983e-05,0.0013445074783205,0.0322681794796941,2677560.413793104,False,False,False,0.0,0,0,0,0,0
0xc9e439a8fd8273d3ed80378233d7a3a6a77e006d,usdc,604,1.7878517513253438,0.0005097400546608126,0.0496688741721854,3.4485438178874586e-05,0.0020691262907324,0.0496590309775794,1739864.8,False,False,False,0.0,0,0,0,0,0
0xeabceada673109ed2f80c1d09f80d4e9a43f1fa7,usdc,1284,2.416829815247553,2.0211338045801526,0.0358255451713395,2.48611986219798e-05,0.0014916719173187,0.0358001260156509,2413399.3260869565,False,False,False,0.0,0,0,0,0,0
0x720a4fab08cb746fc90e88d1924a98104c0822cf,usdc,1799,2.2991777118138432,1.8757103667584751,0.1867704280155642,0.0001296840749268,0.0077810444956096,0.1867450678946307,462662.8214285714,False,False,False,0.0,0,0,0,0,0
0xb342fc9411e11adf8a5a6051c57ec8076ae51111,usdc,1343,1.9510713254429615,1.603912036162441,0.0096798212956068,6.720749224987756e-06,0.0004032449534992,0.0096778788839823,8927576.076923076,False,False,False,0.0,0,0,0,0,0
0xc19a3f5d8bb5f10718527e2296aeb2f5c8dc2974,usdc,188,1.959454057940265,1.958391774797945,0.1968085106382978,0.0001366333277243,0.0081979996634634,0.1967519919231239,439131.5135135135,False,False,False,0.0,0,0,0,0,0
0x1fa7eacb5ac4904e4b2e158f5e296e2c0c2e036b,usdc,1431,1.9523775344735768,2.11470608121291,0.0097833682739343,6.793071878617639e-06,0.000407584312717,0.0097820235052094,8832528.357142856,False,False,False,0.0,0,0,0,0,0
0xfa04eb1b64262ed5730847fdb33a8bc3bd60ac87,usdc,883,2.3122792832653385,1.5879267550909537,0.7168742921857305,0.0004977816866353,0.0298669011981204,0.71680562875489,120534.76777251186,False,False,False,0.0,0,0,0,0,0
0x2e3a5ea84cb76919f26eda71e2dee9b2a6ae224c,usdc,1436,2.260873247992785,2.3309427220787704,0.0654596100278551,4.544012056005207e-05,0.0027264072336031,0.0654337736064749,1320419.0319148935,False,False,False,0.0,0,0,0,0,0
0x3989b2f4802dd8be9658a79670203ef8b904b4e6,usdc,248,2.2448469891775025,2.3463950041907258,0.0282258064516129,1.9598356873759705e-05,0.0011759014124255,0.0282216338982139,3061481.1428571427,False,False,False,0.0,0,0,0,0,0
0x825060ef0e11aed1cc1a5395664974471f8f91bf,usdc,158,1.7612899037616667,2.067970345786057,0.3860759493670886,0.0002664649105027,0.0159878946301641,0.3837094711239402,225170.3606557377,False,False,False,0.0,0,0,0,0,0
0x37655f5492e241af56ea21b693ed8ecae13739c8,usdc,245,2.2090744572294816,1.906838592693828,0.1346938775510204,9.321454598866736e-05,0.00559287275932,0.134228946223681,643676.3636363636,False,False,False,0.0,0,0,0,0,0
0x454685dec7796c2c747294f7aa7a30b2c5ab05f7,usdc,1328,2.1468103682317174,1.5974778282942133,0.0233433734939759,1.6202987825728295e-05,0.0009721792695436,0.0233323024690487,3703020.741935484,False,False,False,0.0,0,0,0,0,0
0xe679e44bf0484fd96a8a5a1cf910f24af1ac1fa5,usdc,1264,2.1680352838596733,9.999000116652086e-05,0.0474683544303797,3.294996898675697e-05,0.0019769981392054,0.04744795534093,1820942.5333333327,False,False,False,0.0,0,0,0,0,0
0x1b634637510d9d0b02cc5efc00b0ffd3ea5573e7,usdc,1721,1.8701722677908752,1.4189976347439885,0.0063916327716443,4.4376411371592576e-06,0.0002662584682295,0.0063902032375093,13520696.727272728,False,False,False,0.0,0,0,0,0,0
0xdf972e94caffb4f4d95ccab43945124038ea03ee,usdc,147,2.2449726640340835,0.0006316008702761009,2.8639455782312924,0.0019800881209763,0.1188052872585797,2.8513268942059145,30301.681710213776,False,False,False,0.0,0,0,0,0,0
0x308b02c6a4e346f1f6fb5c7d79d0de2c4f3abb82,usdc,1413,2.317419354519403,1.0284290297495386,0.0431705590941259,2.9977380100983963e-05,0.001798642806059,0.0431674273454169,2001509.1311475409,False,False,False,0.0,0,0,0,0,0
0x4add4d2c14e0d25ed469b866e05fc5fc2a45413e,usdc,682,2.120314365877874,2.0741145497784483,0.0219941348973607,1.5255725626384836e-05,0.000915343537583,0.0219682449019941,3932949.6,False,False,False,0.0,0,0,0,0,0
0x43880403d18918b83d8c8a28c4cbc7c9a20a64db,usdc,300,2.1957063077052448,2.1602646517627817,0.2333333333333333,0.0001615227068621,0.0096913624117278,0.2325926978814681,371464.8,False,False,False,0.0,0,0,0,0,0
0x94798db2625bc003d9e035f56eeba8b9bbda084d,usdc,239,1.9516541866738628,2.049720832128464,0.0292887029288702,2.026842341778896e-05,0.0012161054050673,0.0291865297216161,2960269.714285714,False,False,False,0.0,0,0,0,0,0
0x036fc845f77f35d33b459bf740cd63be6bbc1808,usdc,167,1.5384620908152344,1.4395687003478859,0.9281437125748504,0.0006414484983069,0.0384869098984193,0.9236858375620652,93538.29677419354,False,False,False,0.0,0,0,0,0,0
0xb0215d3de15a2db3fb97698ce9a3d399bf579287,usdc,463,2.179397716364799,2.064639548138888,0.1555075593952483,0.000107873507525,0.0064724104515045,0.1553378508361095,556207.0,False,False,False,0.0,0,0,0,0,0
0xa8aa944c2eceba54d3f84a852d3880fc1c4fffff,usdc,834,1.772722195404357,1.9607071662881268,0.4928057553956834,0.0003418751661546,0.0205125099692794,0.4923002392627075,175502.65693430658,False,False,False,0.0,0,0,0,0,0
0x88c204fab3f5fc35c29ad9f3c3628a568b0f3553,usdc,374,2.1269864384692463,9.999000116652086e-05,0.03475935828877,2.410134429882701e-05,0.0014460806579296,0.0347059357903108,2489487.6923076925,False,False,False,0.0,0,0,0,0,0
0x9c51c0b611166bdf1e8c88a07954a156e9414e8e,usdc,189,1.843123915928952,1.9088731404788994,0.0476190476190476,3.302875924163033e-05,0.0019817255544978,0.0475614133079476,1816598.6666666667,False,False,False,0.0,0,0,0,0,0
0xa26a9cee0478ca4f3f77c57aaf8fffb53fbba596,usdc,429,2.032650352465785,1.2098779351772162,0.0139860139860139,9.70581669594588e-06,0.0005823490017567,0.013976376042162,6181860.0,False,False,False,0.0,0,0,0,0,0
0x69d3158a17e11fbbdb2a0e7e8bd05ac3628e3630,usdc,493,2.3320101325561797,2.513944460912805,0.0608519269776876,4.218275411060979e-05,0.0025309652466365,0.060743165919278,1422382.2333333334,False,False,False,0.0,0,0,0,0,0
0xfa7b06943390a03bea6655114ff779741d1fffd8,usdc,851,2.139825301175803,1.7158178603228817,0.044653349001175,3.099610721520859e-05,0.0018597664329125,0.0446343943899003,1935726.947368421,False,False,False,0.0,0,0,0,0,0
0x478fff36d2cf0bd999f25ff4de726835ffe778d7,usdc,197,2.353672853206709,2.4541615133583976,0.0355329949238578,2.4577150131979296e-05,0.0014746290079187,0.0353910961900501,2441292.0,False,False,False,0.0,0,0,0,0,0
0x27b759fa2a620587d0e48fb34894ececbf265be6,usdc,1658,2.2176132978824983,1.8114920222656925,0.0470446320868516,3.265912774434284e-05,0.0019595476646605,0.0470291439518536,1837158.6794871795,False,False,False,0.0,0,0,0,0,0
0x2166a9bc96623091fb062ecf5d34ede55df74ef7,usdc,592,2.2439476823828746,1.9763847732858002,0.0101351351351351,7.029399290967925e-06,0.000421763957458,0.0101223349789938,8535580.0,False,False,False,0.0,0,0,0,0,0
0x3dcc17604849b0ea5fba18f0fd3c66c0a53f3bef,usdc,218,1.9771283759914422,0.9729223476341867,0.0275229357798165,1.91124801309842e-05,0.001146748807859,0.0275219713886172,3139310.0,False,False,False,0.0,0,0,0,0,0
0xbd7feac7e39f48852fc05cceb823015040a083e1,usdc,277,2.1245433980418054,2.17752581681183,0.0288808664259927,1.9995802547781843e-05,0.0011997481528669,0.0287939556688058,3000629.75,False,False,False,0.0,0,0,0,0,0
0x3ff4885919aa025de3a75cc128cc87a212c13371,usdc,660,2.3840105170367285,0.0,0.0515151515151515,3.573567456656306e-05,0.0021441404739937,0.0514593713758508,1678994.4705882352,False,False,False,0.0,0,0,0,0,0
0x5611a1bc0b017676bfab0a801a6157c738de13ff,usdc,131,2.349917687453354,0.0,4.557251908396947,0.0031426378575737,0.1885582714544254,4.52539851490621,19092.24120603015,False,False,False,0.0,0,0,0,0,0
0xd64b7e6e69dc21683b76a34d3faffb649e428e56,usdc,365,2.1869638908920908,2.321877016543319,0.6027397260273972,0.0004180561358811,0.0250833681528699,0.602000835668879,143521.39545454545,False,False,False,0.0,0,0,0,0,0
0x4cd2539dbc558d4dbe60f80a5ffdd552458e334b,usdc,356,2.341396055236384,1.7066572846627543,0.0140449438202247,9.737124891869228e-06,0.0005842274935121,0.0140214598442916,6161983.2,False,False,False,0.0,0,0,0,0,0
0xada3227eac864faa6c1f2e148b36467b740b936b,usdc,1683,2.3072734847366925,2.3555441217779394,0.0683303624480095,4.743429610976214e-05,0.0028460577665857,0.0683053863980574,1264907.5652173914,False,False,False,0.0,0,0,0,0,0
0x8065a40f0594285168e51535b4156b02523bfd8e,usdc,1057,2.0371434799735377,1.7085065591599766,0.0397350993377483,2.759076065570232e-05,0.0016554456393421,0.0397306953442113,2174641.023809524,False,False,False,0.0,0,0,0,0,0
0xa897e088eb56548ba06d2d6bf9ba9d92657969ab,usdc,1286,2.2394774671895497,0.014766244938137435,0.0069984447900466,4.859254833271318e-06,0.0002915552899962,0.0069973269599106,12347572.222222222,False,False,False,0.0,0,0,0,0,0
0x7bdc2f3352429c8a9aa518dfcde3813bda522f68,usdc,360,2.668753368542255,2.7269055661426798,2.3583333333333334,0.0016361206096466,0.0981672365788005,2.356013677891212,36672.11307420495,False,False,False,0.0,0,0,0,0,0
0x41f5e06e873ca78ef648f0de9a11b70b16968825,usdc,299,1.8685872851562408,0.0,0.0434782608695652,3.0099769157924226e-05,0.0018059861494754,0.0433436675874108,1993370.7692307688,False,False,False,0.0,0,0,0,0,0
0x8ac2f2283010523c9c2b2cdde6afb05afef2b930,usdc,230,2.1374403296131463,2.001148501048697,0.2739130434782608,0.0001898805139191,0.0113928308351487,0.27342794004357,315988.1904761905,False,False,False,0.0,0,0,0,0,0
0x2a2b31ed1fc4b330bc8ef71c68e1b7013d4a23ee,usdc,1309,2.326649438980403,0.0035056742502002853,0.1222307104660045,8.488192371794143e-05,0.0050929154230764,0.1222299701538356,706864.28125,False,False,False,0.0,0,0,0,0,0
0xf56562a7e747d58e31e9a1043d47ecbe4876c6dd,usdc,1058,2.2367530240768803,2.2531209847743163,0.0217391304347826,1.5087757284254418e-05,0.0009052654370552,0.0217263704893263,3976734.173913044,False,False,False,0.0,0,0,0,0,0
0xa75bffd82ffe8a5064a5b6122448221acebcf950,usdc,205,1.6651110702425813,0.00029991003148811666,2.1219512195121952,0.0014675598427045,0.0880535905622744,2.113286173494587,40884.19310344828,False,False,False,0.0,0,0,0,0,0
0x1740e7cde8fd07bfcfc26d82994ec36cb16eb430,usdc,543,1.7089516254498034,1.7031490562788072,0.012891344383057,8.94288917665119e-06,0.000536573350599,0.0128777604143777,6709241.142857143,False,False,False,0.0,0,0,0,0,0
0xfcf551fcfbbcb821c2607e4ae0bc3bab2632e0b9,usdc,150,1.9681590142786456,1.696412959743625,0.3533333333333333,0.0002449496466716,0.0146969788003013,0.352727491207232,244948.30188679244,False,False,False,0.0,0,0,0,0,0
0x1203c7a179b83ae712e33efe24eb06ceb95e831b,usdc,192,2.2559884827784313,1.6564965213914926,0.03125,2.15907021800132e-05,0.0012954421308007,0.031090611139219,2778974.0,False,False,False,0.0,0,0,0,0,0
0xcb2f76a22ece940b2457b9e53d979fd4690ddc8a,usdc,532,2.3015035377986814,0.0,0.1372180451127819,9.517936094230175e-05,0.0057107616565381,0.1370582797569145,630388.7671232877,False,False,False,0.0,0,0,0,0,0
0x7161b18682f5f2a810aed8cc15a10adb0291e14b,usdc,609,2.0958473937451934,2.266676282924852,0.0262725779967159,1.8229417677203043e-05,0.0010937650606321,0.0262503614551723,3291383.25,False,False,False,0.0,0,0,0,0,0
0xcbf44e812274be008de07d56f39cbb25cdee9d84,usdc,276,2.2021206693755455,0.0,1.3043478260869563,0.0009026130648226,0.0541567838893597,1.2997628133446328,66473.66666666667,False,False,False,0.0,0,0,0,0,0
0x1d97c0bb5dc445cdf3ae37827beefe79963dd5bc,usdc,267,2.324237522238905,1.941249888514688,0.0786516853932584,5.460766473182175e-05,0.0032764598839093,0.0786350372138233,1098746.857142857,False,False,False,0.0,0,0,0,0,0
0xfd80e18690ba7e185a663b9f9e21d533204408a9,usdc,714,2.0282541357116637,0.0,0.0350140056022409,2.429242954612413e-05,0.0014575457727674,0.0349810985464187,2469905.28,False,False,False,0.0,0,0,0,0,0
0xfba2a83201137ad76409a3550c9ae26b79748251,usdc,1844,2.243452705594524,0.0009990011652101975,0.0206073752711496,1.4305542789845498e-05,0.0008583325673907,0.0205999816173775,4194178.5,False,False,False,0.0,0,0,0,0,0
0x1e89bc19bcbdd9b7ac7dfe7b16cc5512dabb3591,usdc,375,2.062034802156675,9.999000116652086e-05,0.064,4.434617660199639e-05,0.0026607705961197,0.0638584943068748,1352991.5,False,False,False,0.0,0,0,0,0,0
0xc4f2621b1e421ded8b1bfe30ee45c7b2142c9a39,usdc,332,2.2556630039615717,9.999000116652086e-05,0.1867469879518072,0.0001295126272722,0.007770757636336,0.1864981832720655,463275.2903225807,False,False,False,0.0,0,0,0,0,0
0x055f2d78daa839a991a575dc22b3b7e9ab5e0374,usdc,290,2.064759819879642,2.0799573807437146,0.0379310344827586,2.630696594108866e-05,0.0015784179564653,0.0378820309551676,2280764.727272727,False,False,False,0.0,0,0,0,0,0
0xe4fb9ca52e39b83be69e74e7fac8f807a9c16ef9,usdc,1893,2.3559772160598214,2.135832339514454,0.1405176967776017,9.757968091701127e-05,0.0058547808550206,0.1405147405204962,614882.1090225563,False,False,False,0.0,0,0,0,0,0
0xd7fcf5b4feacae6d5bf8574d000452ad871fa38b,usdc,569,2.094213183630849,2.2294012669472845,0.1388400702987697,9.638139116900012e-05,0.00578288347014,0.1387892032833602,622526.8101265823,False,False,False,0.0,0,0,0,0,0
0xb8cbbf78c7ad1cdf4ca0e111b35491f3bfe027ac,usdc,799,2.629994384518088,0.011222859475731628,0.0613266583229036,4.257081564683668e-05,0.0025542489388102,0.0613019745314448,1409416.2653061224,False,False,False,0.0,0,0,0,0,0
0x3f2d63a2b13bd3e62c721be5396e46249a163bcb,usdc,947,2.319460274673667,0.012018105465325744,0.0179514255543822,1.246427518773398e-05,0.000747856511264,0.0179485562703369,4813757.647058823,False,False,False,0.0,0,0,0,0,0
0x2555b3491361eac119da80b6dfe00c82874bcad9,usdc,183,2.1838583976594856,0.00025693397079732473,0.1584699453551912,0.000109517526203,0.0065710515721807,0.1577052377323376,547857.5172413794,False,False,False,0.0,0,0,0,0,0
0xadf5e32eb413e62dc072aa5fd12f19a115ac3c12,usdc,1865,2.5041770474406277,2.527612509617192,0.3935656836461126,0.0002733074841382,0.0163984490482923,0.3935627771590159,219532.9564032697,False,False,False,0.0,0,0,0,0,0
0x2f735a43c6b1d3adc25530da3ca8cc54b309b581,usdc,482,2.4024383968315126,9.999000116652086e-05,0.0871369294605809,6.045366154873645e-05,0.0036272196929241,0.0870532726301804,992495.7142857144,False,False,False,0.0,0,0,0,0,0
0x9ab126670c6de5bab51cfe02b18c336d2cd76878,usdc,547,2.1623757450693515,0.004987025827584418,0.926873857404022,0.0006434875757398,0.038609254544393,0.9266221090654326,93241.89349112424,False,False,False,0.0,0,0,0,0,0
0xa35c257be5c33e1e3b900ab6e56188ca3723b0ce,usdc,746,2.3985875540426274,2.4975013980937266,0.0576407506702412,4.00019256740964e-05,0.0024001155404457,0.0576027729706988,1499927.7906976745,False,False,False,0.0,0,0,0,0,0
0x37aee7f1a6c0f7aab7d187f22d22a00dc8809bef,usdc,1295,1.97871997529807,1.413303140011059,0.0069498069498069,4.824569495399616e-06,0.0002894741697239,0.0069473800733754,12436342.777777778,False,False,False,0.0,0,0,0,0,0
0x3461086b0a0ab5bd9432b76f7f904fc7f8bf76af,usdc,466,2.327856244998324,2.150344958558502,0.0643776824034334,4.4685960475565865e-05,0.0026811576285339,0.0643477830848148,1342703.6,False,False,False,0.0,0,0,0,0,0
0x8f8888e07d5bf2c5f4f7c14ecef37cd6d49d4581,usdc,508,2.521180374249124,2.572666674601536,1.5492125984251968,0.0010743009467771,0.0644580568066315,1.5469933633591575,55850.271918678525,False,False,False,0.0,0,0,0,0,0
0x9a85ccbd818bf53440bb5eaab217ac48743f33b5,usdc,734,2.1006834665850675,0.0,0.0626702997275204,4.3504758474821526e-05,0.0026102855084892,0.062646852203743,1379159.4782608696,False,False,False,0.0,0,0,0,0,0
0x28f70931aa7ffc66a133edb0ea61649e16cecae3,usdc,2410,2.1909846961032593,0.0005047451251573894,0.0269709543568464,1.872262302450764e-05,0.0011233573814704,0.0269605771552909,3204679.1692307694,False,False,False,0.0,0,0,0,0,0
0xa0f4c77c6f2a7b71f7971c9c5b8263c57ac95b16,usdc,294,2.1573802518565968,2.134244639046658,0.1224489795918367,8.489296647623917e-05,0.0050935779885743,0.1222458717257844,706772.3333333334,False,False,False,0.0,0,0,0,0,0
0x24100bd8dacf707f36580010fb4dc02ce028032c,usdc,348,2.1089343752855223,1.9226527683535044,0.2672413793103448,0.0001852017803267,0.0111121068196074,0.2666905636705798,323970.96774193546,False,False,False,0.0,0,0,0,0,0
0x8844126ca5defee105ae50e5089933768ccf9999,usdc,1101,2.072029160983379,2.0682226935789534,0.1207992733878292,8.381521832288899e-05,0.0050289130993733,0.1206939143849601,715860.4511278196,False,False,False,0.0,0,0,0,0,0
0x58ae4bd58dd2eb1510b897d8eb93424404a19862,usdc,405,2.474407937765541,2.246622640485106,0.145679012345679,0.0001009312705946,0.006055876235681,0.1453410296563444,594463.9322033898,False,False,False,0.0,0,0,0,0,0
0x9bd03673f9f3db5037cd839e96675b047eed143f,usdc,301,2.4105331621866664,1.7242224510223751,0.0465116279069767,3.229464527100282e-05,0.0019376787162601,0.046504289190244,1857893.142857143,False,False,False,0.0,0,0,0,0,0
0xd230e99093bfed207d1410a4fc03e61381602e09,usdc,1972,1.8933161820477662,1.5826977842829386,0.1115618661257606,7.744452907997184e-05,0.0046466717447983,0.1115201218751594,774748.0772727273,False,False,False,0.0,0,0,0,0,0
0xb52a22661e63ed768b5cbdaef6f367ef7a04969d,usdc,234,2.0785600283340018,2.0679269123986437,0.4188034188034188,0.0002899986565368,0.0173999193922101,0.4175980654130439,206897.51020408163,False,False,False,0.0,0,0,0,0,0
0xfe359dea9cd4d7908c6e6cf0e44090140407efcf,usdc,1356,2.6136372958550407,0.0005986414495544716,0.6002949852507374,0.0004168486930141,0.0250109215808517,0.6002621179404415,143937.11916461916,False,False,False,0.0,0,0,0,0,0
0x7f958997444a86314397d85b41de5d6bca955b09,usdc,335,2.2984705606509896,0.0,0.6179104477611941,0.0004280163365771,0.0256809801946295,0.6163435246711098,140181.5652173913,False,False,False,0.0,0,0,0,0,0
0x4fa2284e1afd73780003db95b46a7389e2196cc4,usdc,151,2.41581513634318,0.0009990011652101975,0.0993377483443708,6.865874680393533e-05,0.0041195248082361,0.0988685953976668,873887.2,False,False,False,0.0,0,0,0,0,0
0xbac3d507e41b0d3d398e589d9ea4ec1bf4178002,usdc,212,2.1564751318962307,0.0,3.957547169811321,0.0027369089956555,0.1642145397393314,3.9411489537439546,21922.541120381407,False,False,False,0.0,0,0,0,0,0
0xd3aee2deac7037d2a3375f3d04ae448530c661c0,usdc,1182,2.4384796620037954,0.0,0.2927241962774958,0.000203122640754,0.0121873584452406,0.2924966026857744,295388.0462427746,False,False,False,0.0,0,0,0,0,0
0x3ac37743d425845d6ff40a557ddd0e227227c636,usdc,303,2.524681399960469,0.0,0.0957095709570957,6.629116910191467e-05,0.0039774701461148,0.0954592835067571,905097.9310344828,False,False,False,0.0,0,0,0,0,0
0xd751257c1e18f06df9aa9ff7bd3d8e360c7b63db,usdc,1699,2.3822533472772527,2.311275823021208,0.0470865214832254,3.269005235373178e-05,0.0019614031412239,0.0470736753893737,1835420.7375,False,False,False,0.0,0,0,0,0,0
0x319467e00f7372463993e91c1e6e24d46f3dd7b3,usdc,836,1.9170806550803614,1.943651139579606,0.0107655502392344,7.4698583951393795e-06,0.0004481915037083,0.0107565960890007,8032280.777777778,False,False,False,0.0,0,0,0,0,0
0x47ac0fb4f2d84898e4d9e7b4dab3c24507a6d503,usdc,1730,2.9974391211537,0.009831542959069602,0.0202312138728323,1.4047155552006456e-05,0.0008428293331203,0.0202279039948892,4271327.371428572,False,False,False,0.0,0,0,0,0,0
0x4301e578b58cd472002b28236f3170cf1f05a65b,usdc,316,1.4302033767234466,1.200683717291646,0.0284810126582278,1.9760355194580217e-05,0.0011856213116748,0.0284549114801955,3036382.6666666665,False,False,False,0.0,0,0,0,0,0
0x21372497c0008bd30d76837d96abae7390d66dbb,usdc,788,1.845636151316119,1.2208214355405855,0.016497461928934,1.1445598454245517e-05,0.0006867359072547,0.0164816617741135,5242189.846153846,False,False,False,0.0,0,0,0,0,0
0x84a80148c7fcb5dcb4d70766a37d78a431e5ea4d,usdc,276,2.3961455575594823,2.2720930397111068,0.1594202898550724,0.0001104393830856,0.0066263629851363,0.1590327116432727,543284.4545454546,False,False,False,0.0,0,0,0,0,0
0x97e388ec219369cf5bc402ef8a49911e5db72a48,usdc,472,2.207201583499268,2.279412473393474,1.527542372881356,0.0010588584301873,0.0635315058112382,1.5247561394697189,56664.79889042996,False,False,False,0.0,0,0,0,0,0
0xbda3911932e2002a2987bc0128cca28b98b23d95,usdc,2023,2.0117496183944414,0.0,0.0583292140385566,4.049419759329028e-05,0.0024296518555974,0.058311644534338,1481693.7627118644,False,False,False,0.0,0,0,0,0,0
0x895be97bdb9f8a244c472b18ea96dee39ddf8fe5,usdc,462,1.5469625311356416,1.753736852954787,0.0129870129870129,9.003433909693156e-06,0.0005402060345815,0.0129649448299581,6664124.0,False,False,False,0.0,0,0,0,0,0
0xab38b7556069ba58a122ccc01c41e49391a19236,usdc,576,2.0858228835127735,2.0923374206266945,0.0364583333333333,2.531641296807938e-05,0.0015189847780847,0.0364556346740343,2370004.0,False,False,False,0.0,0,0,0,0,0
0x9bc7d4623e81c4a782c42d2a73e0a0489a0ebf5d,usdc,1250,2.38758989242527,0.0,0.0336,2.331783604041381e-05,0.0013990701624248,0.0335776838981958,2573137.571428572,False,False,False,0.0,0,0,0,0,0
0x08cd10b37dbf601614fcc45b3e4073e2295eae70,usdc,717,1.853548410094042,0.0,0.7782426778242678,0.0005398650685628,0.0323919041137718,0.7774056987305238,111138.8817204301,False,False,False,0.0,0,0,0,0,0
0x20c6030731e670c1aa124f648fd12cffee7212bd,usdc,317,2.4466530095679038,0.0,0.0630914826498422,4.381093827695961e-05,0.0026286562966175,0.0630877511188218,1369521.0,False,False,False,0.0,0,0,0,0,0
0xa44ffbe36fb1265c60b1860d5a94c58ad9f895bf,usdc,240,2.27315238526049,2.2955408979409513,0.2041666666666666,0.0001417741208413,0.0085064472504789,0.2041547340114958,423208.4081632653,False,False,False,0.0,0,0,0,0,0
0xe50c7d6e87c4dada912dda3b1c31ba64e83c9f15,usdc,662,2.180466092121558,1.9539894255178158,0.0362537764350453,2.514841230738149e-05,0.0015089047384428,0.0362137137226293,2385836.5,False,False,False,0.0,0,0,0,0,0
0xeab23c1e3776fad145e2e3dc56bcf739f6e0a393,usdc,1641,2.6551084335456903,0.0,0.1773308957952468,0.0001231308658749,0.0073878519524962,0.1773084468599094,487286.4295532646,False,False,False,0.0,0,0,0,0,0
0xbbb6e8eabfbf4d1a6ebf16801b62cf7bdf70ce57,usdc,1825,2.558202483137154,1.9452147084160696,0.423013698630137,0.0002936648354542,0.0176198901272545,0.4228773630541082,204314.55440414508,False,False,False,0.0,0,0,0,0,0
0x921ce68992b14913ad67795a2d6c268fbaf8798b,usdc,162,2.263743363694159,2.3623816450064177,0.037037037037037,2.561812260150327e-05,0.0015370873560901,0.0368900965461647,2342092.0,False,False,False,0.0,0,0,0,0,0
0xa85b93983767729fcceac60e32a0bf87cd632108,usdc,788,2.1639751660746196,2.1226767487524763,0.0507614213197969,3.5223695120602414e-05,0.0021134217072361,0.0507221209736674,1703398.8,False,False,False,0.0,0,0,0,0,0
0xcfdd7568504e341f805b8acf43e720fb364efed1,usdc,1165,2.7192301713857323,2.7114274201699433,0.0515021459227467,3.575406459406777e-05,0.002145243875644,0.0514858530154575,1678130.8833333333,False,False,False,0.0,0,0,0,0,0
0xc6d09c90be8e6e74ef0a4b47a8552a31f76dbc06,usdc,1760,2.0779464608268294,2.013056087870876,0.096590909090909,6.704125111278617e-05,0.0040224750667671,0.0965394016024121,894971.3647058824,False,False,False,0.0,0,0,0,0,0
0x8fb31a1ece417146d7bc2e04f62df02172f07c77,usdc,1357,1.734116384689713,0.49475222094537946,0.0257921886514369,1.7905927373558573e-05,0.0010743556424135,0.0257845354179243,3350845.714285714,False,False,False,0.0,0,0,0,0,0
0x2121faf3131f86f4d872035c2b5f8efd4a478c7b,usdc,616,2.407842164460687,0.0,0.0357142857142857,2.479737165894868e-05,0.0014878422995369,0.035708215188886,2419611.272727273,False,False,False,0.0,0,0,0,0,0
0x79d25082fa1a1fcc98efe13f58608e69ea3cfe0e,usdc,322,2.4598765524756177,2.58860062673448,0.031055900621118,2.152723690595052e-05,0.001291634214357,0.0309992211445687,2787166.8,False,False,False,0.0,0,0,0,0,0
0x0e1c2dd530cf92e74b71d322ef9f9e77192589db,usdc,201,2.0318269622836898,1.261492145840653,0.0696517412935323,4.829571327248994e-05,0.0028977427963493,0.0695458271123855,1242346.2857142857,False,False,False,0.0,0,0,0,0,0
0x21ad72659cc3a0af5416979b07552b88bed1863c,usdc,455,1.8552209523400438,0.7621234186156703,0.0219780219780219,1.5245873247029495e-05,0.0009147523948217,0.0219540574757224,3935491.2,False,False,False,0.0,0,0,0,0,0
0x6f9ac5b3fa4308620c6763d9aa5a65446e75f5b5,usdc,1247,2.4898365129366775,0.0,0.1619887730553328,0.000112477818692,0.0067486691215229,0.1619680589165496,533438.5099009901,False,False,False,0.0,0,0,0,0,0
0xaf4807d083287f205d897e6d00c6fde1bf0a241a,usdc,1627,2.298292140087376,0.0001499775039366884,0.0633066994468346,4.3952847413742986e-05,0.0026371708448245,0.0632921002757899,1365099.2718446602,False,False,False,0.0,0,0,0,0,0
0x365b469b8b7b2ef372fc1c80fa9c0e6a0145a78a,usdc,835,2.2006333160166442,2.2531209847743163,0.0167664670658682,1.1642041807902653e-05,0.0006985225084741,0.0167645402033798,5153735.142857143,False,False,False,0.0,0,0,0,0,0
0xa22e1d34ef59379e17434acc0e16c0753373112b,usdc,239,1.7687813226226985,1.9822617987252846,0.2384937238493724,0.0001651686545825,0.0099101192749501,0.2378428625988042,363265.0526315789,False,False,False,0.0,0,0,0,0,0
0x5c9e2a6fec34b510996a8e2a3d1e2c47a382a8b9,usdc,1574,2.3471871704259226,2.5273820989649267,0.0819567979669631,5.690312965595706e-05,0.0034141877793574,0.0819405067045781,1054423.550387597,False,False,False,0.0,0,0,0,0,0
0x7156dc0c7383c44d3ffd86359665bd97d3941971,usdc,150,0.7159261017622316,1.1950472464910926,0.1733333333333333,0.0001195965364843,0.0071757921890582,0.1722190125373969,501686.7692307693,False,False,False,0.0,0,0,0,0,0
0xc4318bad1a999afc7a37f18ea7b5dbfbb3be71de,usdc,302,1.904830860654666,2.0109522823400483,0.0695364238410596,4.818111694841913e-05,0.0028908670169051,0.0693808084057235,1245301.142857143,False,False,False,0.0,0,0,0,0,0
0xa97356e3014b2b59f7dd488cc8c80e64f69e1f97,usdc,842,2.483082739197772,1.5032131375781812,0.0617577197149643,4.284610880703415e-05,0.002570766528422,0.0616983966821291,1400360.5384615385,False,False,False,0.0,0,0,0,0,0
0x5c1fbb2767285c672404e62476f62b646677fb6c,usdc,290,1.9397349640379846,1.6004138164604336,0.2896551724137931,0.0002005667443146,0.0120340046588789,0.2888161118130947,299152.28571428574,False,False,False,0.0,0,0,0,0,0
0xa8d6b42a88bd1aeb61e6b7dce475c964bd72eb18,usdc,1787,2.278586412912226,2.295840238905394,0.0442081701175153,3.06965489929356e-05,0.0018417929395761,0.0442030305498272,1954617.1139240507,False,False,False,0.0,0,0,0,0,0
0xa9d13ec89283abe01c2fc0bb75366b3cdad8e0cc,usdc,1354,2.024490350886547,2.079938185422248,0.0103397341211226,7.176785763717657e-06,0.000430607145823,0.0103345714997534,8360288.571428572,False,False,False,0.0,0,0,0,0,0
0x48032fc61438a43fdddabad47d23f43ac228a131,usdc,865,1.7774183390278226,1.6734888160092363,0.0543352601156069,3.7725956405169066e-05,0.0022635573843101,0.0543253772234434,1590416.9361702127,False,False,False,0.0,0,0,0,0,0
0x25efbcdc294dd23ebe7559e788ed63cad11f8763,usdc,353,2.250375762590829,0.001857544180997234,0.0736543909348441,5.111250294388358e-05,0.003066750176633,0.0736020042391923,1173881.076923077,False,False,False,0.0,0,0,0,0,0
0xbdd55dbfd8388b184693b399a63ecb58131d2edd,usdc,760,2.2616770536048643,0.000499750145742199,0.0710526315789473,4.929538635350343e-05,0.0029577231812102,0.0709853563490449,1217152.4444444445,False,False,False,0.0,0,0,0,0,0
0xf8d86851cb015e2e9a03684859dea66d9bf80610,usdc,1064,2.2197337983988303,2.2325272044468774,0.0648496240601503,4.5033269796538376e-05,0.0027019961877923,0.0648479085070152,1332348.2898550725,False,False,False,0.0,0,0,0,0,0
0xed4d5412a1e8a565da5dc53712c6ad27c0107402,usdc,219,2.0192864317470294,1.8390931626007243,0.2465753424657534,0.0001708035929484,0.0102482155769081,0.2459571738457947,351280.6666666667,False,False,False,0.0,0,0,0,0,0
0x84379b34ceb2fce8c345ea47700546333c929933,usdc,576,2.4256118503650197,2.4697730696735456,0.0138888888888888,9.64292257697463e-06,0.0005785753546184,0.0138858085108434,6222180.0,False,False,False,0.0,0,0,0,0,0
0x13209ae23da7f9ee1d568f8da2b5fc1a45a276a3,usdc,276,1.977448303329975,1.5957092304038698,0.1050724637681159,7.29513316510924e-05,0.0043770798990655,0.105049917577573,822466.1379310344,False,False,False,0.0,0,0,0,0,0
0x2a406b59111acc7a6c9c17d0f9a1b1b3f28ddcb3,usdc,241,2.31936411739653,2.252910652762062,0.0207468879668049,1.4403368544608264e-05,0.0008642021126764,0.0207408507042359,4165692.2,False,False,False,0.0,0,0,0,0,0
0xa9a6c3d8b32ede7dad849aa88d710c41c9e6fb49,usdc,268,1.9861533842573937,2.0545730247502716,0.0335820895522388,2.329404045700319e-05,0.0013976424274201,0.0335434182580845,2575766.111111111,False,False,False,0.0,0,0,0,0,0
0x12a5e5a8d759f2b2a6c57ae771c553b14c8d2667,usdc,1091,1.9702099271272353,2.1512955489184606,0.1054078826764436,7.316721068078399e-05,0.004390032640847,0.1053607833803289,820039.4608695653,False,False,False,0.0,0,0,0,0,0
0xf37cf8fe1c67e71ebe5e24ee6776d898eec8a411,usdc,764,2.5940345439997925,0.0,0.1204188481675392,8.360275532872149e-05,0.0050161653197232,0.1203879676733589,717679.695652174,False,False,False,0.0,0,0,0,0,0
0x0549c41564fa450e7749d678ee5cb1101f81e79a,usdc,1459,2.4284924051574057,0.0001939623725161756,0.1124057573680603,7.805145556485818e-05,0.0046830873338914,0.1123940960133957,768723.6524390244,False,False,False,0.0,0,0,0,0,0
0xbd1897a4f3b1a758a0b5b30e7694aeb6d821ff45,usdc,243,2.071450459159674,1.9701090397659757,0.0534979423868312,3.713061995139602e-05,0.0022278371970837,0.0534680927300102,1615917.0,False,False,False,0.0,0,0,0,0,0
0x43dc2f545bb046b8f3c46f4baeec9ee7b4f24b9b,usdc,675,2.3256347542572304,2.237817018213264,0.0651851851851851,4.5262292930153287e-05,0.0027157375758091,0.0651777018194207,1325606.7272727273,False,False,False,0.0,0,0,0,0,0
0x1678e5b7e07570976aac473b74876d7f480da0d8,usdc,480,1.972845348410282,1.945148620221189,0.0104166666666666,7.22240470831452e-06,0.0004333442824988,0.0104002627799729,8307482.4,False,False,False,0.0,0,0,0,0,0
0xfd5fec17d6da5acf25af4aae9e8df6c6022ad249,usdc,235,2.5200750203554136,1.9276770037104143,0.0553191489361702,3.835063930515722e-05,0.0023010383583094,0.0552249205994263,1564511.076923077,False,False,False,0.0,0,0,0,0,0
0x889fb825ae76fac6bed4d9bd254521f2acf2e72a,usdc,201,2.4279705557639497,9.699059206465607e-05,0.044776119402985,3.106254616239499e-05,0.0018637527697436,0.0447300664738487,1931586.6666666667,False,False,False,0.0,0,0,0,0,0
0xddd6ee4245d4ea92fe56908c0176be7dd984b95f,usdc,133,2.0510333950916864,0.0,0.0827067669172932,5.705098283284062e-05,0.0034230589699704,0.0821534152792904,1051690.9090909092,False,False,False,0.0,0,0,0,0,0
0x09eb6bb6603db4e5c470e654bfd0ef4be3c251f5,usdc,540,2.203817871177567,2.1460332106119404,0.0407407407407407,2.829029650545398e-05,0.0016974177903272,0.0407380269678537,2120868.5454545454,False,False,False,0.0,0,0,0,0,0
0x028c49bba8175e11502079d0874b0e37880c7d17,usdc,310,2.122585548677754,2.0092430515690047,0.1129032258064516,7.821851302584071e-05,0.0046931107815504,0.1126346587572106,767081.8285714285,False,False,False,0.0,0,0,0,0,0
0xdc6e3a90847e35b18442920a848929560fd78f44,usdc,341,2.510133755722285,2.526797460526796,0.0527859237536656,3.6592833171647225e-05,0.0021955699902988,0.052693679767172,1639665.3333333333,False,False,False,0.0,0,0,0,0,0
0x9d0920d3d7c9f28baf0abed7f2e26a5126cc0786,usdc,894,2.6520599902873205,2.6443273708338655,0.3881431767337807,0.0002692887579471,0.0161573254768273,0.3877758114438565,222809.15273775216,False,False,False,0.0,0,0,0,0,0
0xc1e18ba58af96f79db60e034ada09548af46c4dc,usdc,701,1.4587087176670743,1.410687230375246,0.0156918687589158,1.0893947421848306e-05,0.0006536368453108,0.0156872842874615,5507645.454545454,False,False,False,0.0,0,0,0,0,0
0x51a1a0f00bc52eb6aedf822b4513606fe892677e,usdc,200,2.303232025035823,2.3079303584199744,0.04,2.76454826244686e-05,0.0016587289574681,0.0398094949792347,2170336.5,False,False,False,0.0,0,0,0,0,0
0x9bcacdac3ebe81fab43af47c4918bff6c9b3c717,usdc,228,2.1945531325389815,2.031844508925805,0.2236842105263158,0.0001547304746827,0.0092838284809654,0.2228118835431701,387771.0588235294,False,False,False,0.0,0,0,0,0,0
0x0f924c28480ff77ad01ddb9dfcd2d558dee56f05,usdc,1784,2.099835261392959,0.001497753930131495,0.0964125560538116,6.692625797062063e-05,0.0040155754782372,0.0963738114776937,896509.1104651163,False,False,False,0.0,0,0,0,0,0
0x4e470a6b51174d938f58475b3bf718c42e564a07,usdc,661,2.472597125797363,0.0003548740271721143,0.4009077155824508,0.0002780536162918,0.0166832169775131,0.4003972074603149,215785.72075471692,False,False,False,0.0,0,0,0,0,0
0x1c4e90fc8bdade442aed58f8011db5a17a2e7199,usdc,1967,2.3862590147182927,2.2609178735104245,0.2389425521098118,0.000165891845858,0.0099535107514858,0.2388842580356598,361681.42978723405,False,False,False,0.0,0,0,0,0,0
0x2bd842b0dfea21b1e4174de72ebb362ded30a963,usdc,147,2.437196637762052,0.03370148612888402,0.2925170068027211,0.0002028998637267,0.0121739918236073,0.2921758037665765,295712.37209302327,False,False,False,0.0,0,0,0,0,0
0x41dda7be30130cebd867f439a759b9e7ab2569e9,usdc,1152,2.467163121305528,0.0,0.4956597222222222,0.0003441718327602,0.0206503099656129,0.4956074391747109,174331.52364273206,False,False,False,0.0,0,0,0,0,0
0x2e6a4c895e3a466f86cc00d9f8b33a1eece3fc5a,usdc,2421,2.2966502797176953,0.0,0.0289136720363486,2.007068369135332e-05,0.0012042410214811,0.0289017845155487,2989434.785714286,False,False,False,0.0,0,0,0,0,0
0xf532b7077c3d0b707fedac917b30a2a4762f61fc,usdc,1215,2.5515039004259785,2.738598786674986,0.0888888888888888,6.171378671423886e-05,0.0037028272028543,0.0888678528685039,972230.0833333334,False,False,False,0.0,0,0,0,0,0
0x55e55b3072dd043e8da57c7bf25486b5bc4f3ad3,usdc,589,2.099764330843552,2.2161425003389685,0.0186757215619694,1.2965618950360068e-05,0.0007779371370216,0.0186704912885184,4627623.2727272725,False,False,False,0.0,0,0,0,0,0
0x030da9c8eca21beba771f027574f31de074c3981,usdc,877,2.255297111195938,9.999000116652086e-05,0.041049030786773,2.8499600530599227e-05,0.0017099760318359,0.0410394247640628,2105292.6666666665,False,False,False,0.0,0,0,0,0,0
0xc193db82ae41d9a5cfdfc6587050c1f8816d4dfd,usdc,242,2.3975491280588908,0.0,0.0702479338842975,4.872959090075216e-05,0.0029237754540451,0.0701706108970831,1231284.705882353,False,False,False,0.0,0,0,0,0,0
0x1cfd3cbfb5c530205d69291a4f8e6019bbe754b6,usdc,1225,2.3586577337567602,1.8711478481824593,0.0726530612244897,5.045249701359482e-05,0.0030271498208156,0.0726515956995765,1189237.4719101123,False,False,False,0.0,0,0,0,0,0
0xd93cac570ebf525b4f1f725606dc8bc4d81aba63,usdc,1798,2.13254779494881,2.4106870784248673,0.0400444938820912,2.779964121602864e-05,0.0016679784729617,0.0400314833510812,2158301.236111111,False,False,False,0.0,0,0,0,0,0
0x04099b2c9862ac78f35aff16174c2900275be4c7,usdc,1170,2.140944025217369,2.1623971969329436,0.0222222222222222,1.5429360377546954e-05,0.0009257616226528,0.0222182789436676,3888690.0384615385,False,False,False,0.0,0,0,0,0,0
0x82cf0918a9c8764fb104c4bf656fb371335463fe,usdc,1740,1.9365596051653602,1.5478723292154248,0.0160919540229885,1.1171154663645542e-05,0.0006702692798187,0.0160864627156495,5370975.678571428,False,False,False,0.0,0,0,0,0,0
0x750831f6bc81eb3f08149155bedd084fc51d715e,usdc,344,1.432437531415432,1.448822238365871,0.0843023255813953,5.848394293096516e-05,0.0035090365758579,0.0842168778205898,1025922.6206896552,False,False,False,0.0,0,0,0,0,0
0x777999be819ffecee44a995560a9d0e97780a30c,usdc,1543,2.6184915794856223,0.0,0.2534024627349319,0.0001758728665575,0.0105523719934529,0.2532569278428713,341155.5242966752,False,False,False,0.0,0,0,0,0,0
0xa9b809cfe8d95edbdd61603ba40081ba6da4f24b,usdc,1381,2.311993019590747,0.5424011979447607,0.1527878349022447,0.0001060891884097,0.0063653513045848,0.1527684313100368,565561.8720379147,False,False,False,0.0,0,0,0,0,0
0x65da6725d8be6090b07af197969ca64720a79853,usdc,818,2.3535339522208276,2.280288884282257,0.5916870415647921,0.0004106086339797,0.0246365180387838,0.5912764329308124,146124.54545454544,False,False,False,0.0,0,0,0,0,0
0xe6108271e13b553ad87bfe0da92a528a595f900e,usdc,741,2.3589424958154583,2.3767637700488784,0.0985155195681511,6.833263502996714e-05,0.004099958101798,0.0983989944431526,878057.7534246575,False,False,False,0.0,0,0,0,0,0
0x285b7eea81a5b66b62e7276a24c1e0f83f7409c1,usdc,1933,2.491711304300647,2.4217408282476645,0.0719089498189343,4.993274346837506e-05,0.0029959646081025,0.07190315059446,1201616.330935252,False,False,False,0.0,0,0,0,0,0
0xbd251f2d6e8132d44d076f12e0520f2bc74b0013,usdc,1178,2.231342888838395,1.223156202527103,0.0339558573853989,2.358017734356628e-05,0.0014148106406139,0.0339554553747354,2544510.125,False,False,False,0.0,0,0,0,0,0
0x74bb592ec37c2d36c941027356cdb138ad0a8613,usdc,628,2.4742968592002303,2.3437465368220596,0.0254777070063694,1.7687636342196806e-05,0.0010612581805318,0.0254701963327633,3392200.0,False,False,False,0.0,0,0,0,0,0
0xe2763df5eafe829705f2b49a713b887d3b208c02,usdc,1069,2.3404531311062864,2.0859025770350583,0.0701590271281571,4.868419547976766e-05,0.002921051728786,0.0701052414908654,1232432.8133333332,False,False,False,0.0,0,0,0,0,0
0xd6383db7b1671d32d0d84a39dd3a8be3cc0e9e44,usdc,685,2.1482439752280253,0.0009990011652101975,0.348905109489051,0.0002421647543081,0.014529885258489,0.3487172462037382,247765.2050209205,False,False,False,0.0,0,0,0,0,0
0xf6bbee8a2cb5718dca165f46c4a65043aa9c68be,usdc,297,2.23469578186459,2.2709925591017246,0.0303030303030303,2.102440232296285e-05,0.0012614641393777,0.0302751393450665,2853826.6666666665,False,False,False,0.0,0,0,0,0,0
0x406c6d9e9c31e6e36bb92f05db5231eee8d01ff0,usdc,601,2.439653445864316,2.2654161872837912,0.0099833610648918,6.9315761017740215e-06,0.0004158945661064,0.0099814695865545,8656040.0,False,False,False,0.0,0,0,0,0,0
0x13e31718324fa0e157680f03997b43d6d10ca429,usdc,319,2.2477170680800684,2.3834609267322255,0.0376175548589341,2.6043000466169707e-05,0.0015625800279701,0.0375019206712843,2303882.0,False,False,False,0.0,0,0,0,0,0
0x5885974b108dd3f7c052a88d0259c3dc4eff448c,usdc,157,2.144868572234691,0.0005097400546608126,0.4522292993630573,0.0003124326179653,0.0187459570779189,0.4499029698700544,192041.4084507042,False,False,False,0.0,0,0,0,0,0
0xa82bcc5b1942c3bf74c8eef18e1a6e0d8fafa4cb,usdc,194,2.50548684766434,2.526762962410275,0.0979381443298969,6.798548974957723e-05,0.0040791293849746,0.0978991052393912,882541.2631578947,False,False,False,0.0,0,0,0,0,0
0x4089b14047465512c3c0e377b47bcd5129a58bcf,usdc,634,2.5628104229754505,0.00032089699757334385,0.0993690851735015,6.894673897246158e-05,0.0041368043383476,0.0992833041203446,870236.9523809524,False,False,False,0.0,0,0,0,0,0
0x0512b5c95b8937c4ab804eedf79205f2bf103995,usdc,416,2.0365450666274456,1.8638987936395413,0.03125,2.1652303971698773e-05,0.0012991382383019,0.0311793177192462,2771067.6923076925,False,False,False,0.0,0,0,0,0,0
0xc0116352469870b2101c0db11736365c138c875d,usdc,741,2.2885879677920253,1.91451981504271,0.020242914979757,1.4042303656765657e-05,0.0008425382194059,0.0202209172657425,4272803.2,False,False,False,0.0,0,0,0,0,0
0x0aed1a70f26732b25545e4536482c17225560543,usdc,372,1.6568987821833974,1.514861144363331,0.0483870967741935,3.3578005063563165e-05,0.0020146803038137,0.0483523272915309,1786884.0,False,False,False,0.0,0,0,0,0,0
0x4ae901fbdb69ea08d63224964fc5e9696f0fe6d0,usdc,1658,2.4803836062263627,0.0,0.195416164053076,0.0001356971469193,0.0081418288151593,0.1954038915638235,442161.1018518519,False,False,False,0.0,0,0,0,0,0
0xc2ba2b009a9a8f12fdabed184412120fb072d620,usdc,356,2.0035571521291033,1.7613486395430595,0.0393258426966292,2.730679604713322e-05,0.0016384077628279,0.0393217863078718,2197255.214285714,False,False,False,0.0,0,0,0,0,0
0x5097fc0715e89840acc4311e97dc9ffea0ce75f0,usdc,361,2.000252175307625,0.0,0.3573407202216066,0.0002475905029657,0.0148554301779427,0.3565303242706252,242335.6279069768,False,False,False,0.0,0,0,0,0,0
0xfc04a9718a53ebe53bec31c95538d1d0fd05b6a5,usdc,252,2.460512091481265,0.0,1.1706349206349207,0.0008117017120027,0.0487021027201637,1.1688504652839304,73918.77966101695,False,False,False,0.0,0,0,0,0,0
0x17e32fdb2c47b2e46245e3ad25228cd3faff230f,usdc,2050,2.3510365216227984,2.114335044401967,0.08,5.554565819234107e-05,0.0033327394915404,0.0799857477969711,1080192.4390243902,False,False,False,0.0,0,0,0,0,0
0x31cc7d6cd8a3c863ef090984d5908e194cf8f372,usdc,983,2.0573344912205345,2.1501411829170802,0.0152594099694811,1.0595152308139804e-05,0.0006357091384883,0.0152570193237213,5662967.2,False,False,False,0.0,0,0,0,0,0
0x9df1348a0215752f19794e2af1b7498370393168,usdc,1450,2.297864159514975,2.4669648519739753,0.0082758620689655,5.743500072990313e-06,0.0003446100043794,0.008270640105106,10446591.666666666,False,False,False,0.0,0,0,0,0,0
0x3156e5c1a8e7720eafe1847c4286cdc81d46f8fb,usdc,253,1.8070166359507143,1.95943667234747,0.7509881422924901,0.0005197115655517,0.031182693933106,0.7483846543945443,115448.65263157897,False,False,False,0.0,0,0,0,0,0
0xbb10bd621dd0b61639d058e7b2b79d16475100b3,usdc,178,0.7067987556503349,0.9631299519266137,0.0280898876404494,1.9480812957701703e-05,0.0011688487774621,0.0280523706590904,3079953.6,False,False,False,0.0,0,0,0,0,0
0x4240f39a412ad52dfaea069803f3e122658e74c0,usdc,407,2.3124819797510963,2.462072690241408,0.1105651105651105,7.673921762832844e-05,0.0046043530576997,0.1105044733847929,781868.8,False,False,False,0.0,0,0,0,0,0
0xb7a91a0d68607669e53b62b1df18cb21c53de2b1,usdc,159,2.3314335615040824,1.9976647458918273,0.3584905660377358,0.0002476129245258,0.0148567754715505,0.3565626113172139,242313.68421052632,False,False,False,0.0,0,0,0,0,0
0xd44898c33a44a7827164dc56d8d55ce01cf27d17,usdc,593,2.2488034805334127,0.005300777147617181,0.1551433389544688,0.0001075654524086,0.006453927144516,0.1548942514683853,557799.9130434783,False,False,False,0.0,0,0,0,0,0
0x98670047ae514a50a67189c13cdb006f1ecdce1b,usdc,417,2.237468636141777,0.0,0.0887290167865707,6.157850677113932e-05,0.0036947104062683,0.0886730497504406,974365.945945946,False,False,False,0.0,0,0,0,0,0
0x55d877a9ede558eac7e1132bd536e6ec3c676c4b,usdc,228,2.12415977420984,0.00034987754999894305,0.1491228070175438,0.0001031416334843,0.0061884980090631,0.1485239522175148,581724.3529411765,False,False,False,0.0,0,0,0,0,0
0xe3b2ea99b5a3b491608a7c27326d1e7e2aa9158e,usdc,642,1.8188666824194473,1.7254630513334037,0.1557632398753894,0.0001081345981621,0.006488075889726,0.1557138213534256,554864.04,False,False,False,0.0,0,0,0,0,0
0x99c9fc46f92e8a1c0dec1b1747d010903e884be1,usdc,282,2.5692065104592885,0.6354604693232696,0.8085106382978723,0.0005612534265998,0.033675205595992,0.8082049343038094,106903.57894736844,False,False,False,0.0,0,0,0,0,0
0xbca4841cb2ace6b93af9c8f447ae69ea342b63f0,usdc,159,2.272110209650443,2.348060605733526,0.0314465408805031,2.177317705708078e-05,0.0013063906234248,0.0313533749621963,2755684.2,False,False,False,0.0,0,0,0,0,0
0x9fb5f6e7afa64818d7749cd75d532fa305966940,usdc,380,2.162354447574011,1.887390630978784,0.5710526315789474,0.0003957544484076,0.0237452669044597,0.5698864057070345,151609.16129032258,False,False,False,0.0,0,0,0,0,0
0x4086e0e1b3351d2168b74e7a61c0844b78f765f2,usdc,709,2.4792182429729137,1.2615495867000253,0.156558533145275,0.0001085858966289,0.0065151537977379,0.1563636911457103,552557.9459459459,False,False,False,0.0,0,0,0,0,0
0xc77ec27e6ae82ead54894dffc7d3f3fe3a09246c,usdc,1371,2.2250598318083683,1.742136743805324,0.4318016046681254,0.0002997183862244,0.0179831031734641,0.4315944761631402,200187.9189189189,False,False,False,0.0,0,0,0,0,0
0xb66f8eb1682589f9dfa3cfc3da9faecefcd7e525,usdc,844,1.969398502193604,9.999000116652086e-05,0.0130331753554502,9.047842854433205e-06,0.0005428705712659,0.0130288937103838,6631414.909090909,False,False,False,0.0,0,0,0,0,0
0xfcb3dd9eed641d314524566816ca5cfa6266121d,usdc,278,2.189050733319047,2.1753344613035495,0.0323741007194244,2.247308847654933e-05,0.0013483853085929,0.032361247406231,2669860.0,False,False,False,0.0,0,0,0,0,0
0xf7411a3f727b36f56ff3a871163c21e56d672656,usdc,1731,2.541096719001438,2.366002183428965,0.072790294627383,5.05431087690308e-05,0.0030325865261418,0.0727820766274043,1187105.4523809524,False,False,False,0.0,0,0,0,0,0
0x8e5cdd1faebeae48b2b2b05d874de75ae7ad720f,usdc,638,2.299072959815461,1.9303660412337136,0.0579937304075235,4.023751151798767e-05,0.0024142506910792,0.0579420165859022,1491145.8918918918,False,False,False,0.0,0,0,0,0,0
0x02ed4a07431bcc26c5519ebf8473ee221f26da8b,usdc,570,2.7559449295217036,1.2711498482847257,0.0298245614035087,2.069218524325855e-05,0.0012415311145955,0.0297967467502923,2899645.411764706,False,False,False,0.0,0,0,0,0,0
0x7cdadaa3d5aeaec221d972a95c519fef90d7b5a7,usdc,272,2.402247442598209,1.1790523938630966,0.0477941176470588,3.316426361813953e-05,0.0019898558170883,0.0477565396101209,1809176.307692308,False,False,False,0.0,0,0,0,0,0
0x59a00feded30b6b158221b0308cb41ba9829328f,usdc,391,2.397075668791603,2.3708459642212563,0.0716112531969309,4.961802977436201e-05,0.0029770817864617,0.0714499628750812,1209237.857142857,False,False,False,0.0,0,0,0,0,0
0xaa61a58830996a2b54902bac0913641ccd362828,usdc,966,2.2516718062664416,2.0075540424450957,0.0693581780538302,4.8154842975681805e-05,0.0028892905785409,0.0693429738849818,1245980.5970149254,False,False,False,0.0,0,0,0,0,0
0x7d5dfe0d2e2c1fff316e7cd9ba52dc85d8ff70a6,usdc,672,2.4540555489105285,2.541654985663307,0.1636904761904762,0.0001135832798803,0.0068149967928212,0.1635599230277089,528246.7636363637,False,False,False,0.0,0,0,0,0,0
0xf145f0b551d0de41955abf3dcb424c27ea3e8a4a,usdc,516,2.26781265481187,1.8187544800367998,0.2558139534883721,0.0001774547026706,0.0106472821602367,0.2555347718456821,338114.45454545453,False,False,False,0.0,0,0,0,0,0
0x68dd6d8b3f5e66576eb9cf57d7e92329e5a33fe8,usdc,468,2.271504861250743,1.4845429405652952,0.0106837606837606,7.414991570637583e-06,0.0004448994942382,0.0106775878617181,8091715.2,False,False,False,0.0,0,0,0,0,0
0x3d6bfa54267217ace109483cbf3f98e32c0c4bd7,usdc,1486,2.1991625834152573,1.8150956430032537,0.034993270524899,2.429184824433937e-05,0.0014575108946603,0.0349802614718486,2469964.3846153845,False,False,False,0.0,0,0,0,0,0
0x8ce0597e7930d591ff6c870f4c4a38b0ab8a4bae,usdc,962,1.9945095637213988,1.3678780696031931,0.0124740124740124,8.661540141655159e-06,0.0005196924084993,0.0124726178039834,6927174.5,False,False,False,0.0,0,0,0,0,0
0x77a599dbd487db391588b56744f329e34e19ae47,usdc,417,2.099462701527044,2.0997903742377915,0.1079136690647482,7.487941917532135e-05,0.0044927651505192,0.1078263636124627,801288.2666666667,False,False,False,0.0,0,0,0,0,0
0x3cf282cd2df98d8589598fde938eecd1dac9671f,usdc,1252,1.8845064321387128,1.5941083638142868,0.097444089456869,6.764688856472599e-05,0.0040588133138835,0.0974115195332054,886958.7540983607,False,False,False,0.0,0,0,0,0,0
0x8054d245f1fbe83848d841d514c381fdb3dd9ab5,usdc,264,1.806658332527653,1.6734888160092363,0.053030303030303,3.680044328762543e-05,0.0022080265972575,0.0529926383341806,1630415.142857143,False,False,False,0.0,0,0,0,0,0
0x810c3243032f3ac57e9351812f116c3ee6953c18,usdc,1404,2.375914643117327,1.5957092304038698,0.0299145299145299,2.077332973526073e-05,0.0012463997841156,0.0299135948187754,2888318.8571428573,False,False,False,0.0,0,0,0,0,0
0x25289f93738b78bf2b62c4a331d90160a0f961fc,usdc,180,1.858833789166837,0.9737312099752128,0.3722222222222222,0.0002574398186394,0.0154463891183646,0.3707133388407523,233064.1791044776,False,False,False,0.0,0,0,0,0,0
0xe3930854d08ee4ac74ea0dd15ce6ece945161102,usdc,156,2.0983306907558594,1.8504635582138511,0.2692307692307692,0.0001864282042791,0.0111856922567489,0.2684566141619741,321839.71428571426,False,False,False,0.0,0,0,0,0,0
0xe5782fa93187334169052b61caea7d9bf9d508b1,usdc,1286,2.419468117393514,2.394564050751603,0.0940902021772939,6.529398856684272e-05,0.0039176393140105,0.0940233435362535,918920.73553719,False,False,False,0.0,0,0,0,0,0
0xa16b9323c46a483a2d313de51c7610c592f44e64,usdc,551,1.9161714653774897,1.8654037091174176,0.1179673321234119,8.18043059773022e-05,0.0049082583586381,0.1177982006073151,733457.723076923,False,False,False,0.0,0,0,0,0,0
0x852663a31ea8a8df75df08810cdabb56a866e883,usdc,1121,1.9117599066777178,1.8417276311763742,0.0490633363068688,3.406802087118454e-05,0.002044081252271,0.0490579500545057,1761182.4363636365,False,False,False,0.0,0,0,0,0,0
0x2eeffccf4788484572208a9cbee5c23ccf169f2d,usdc,480,2.6237151220411303,2.4508402201489257,0.04375,3.037521197558644e-05,0.0018225127185351,0.0437403052448444,1975294.857142857,False,False,False,0.0,0,0,0,0,0
0xaf63977a00d25a301c21d4ad076bc10da23f6f63,usdc,1432,2.3593970114185794,1.7812185785146732,0.1934357541899441,0.0001343258955554,0.0080595537333284,0.1934292895998821,446674.8555956679,False,False,False,0.0,0,0,0,0,0
0x53390b37bf3cd800c974ea34b5cdd2ff5cb3cfb3,usdc,281,1.8031356837201704,1.9264748258811548,0.0355871886120996,2.4705302795602653e-05,0.0014823181677361,0.0355756360256678,2428628.4,False,False,False,0.0,0,0,0,0,0
0xf044d1ff7c2b1f2c0f3790583857b86fb62dfdf8,usdc,668,2.46668237836033,2.167287437943689,0.2095808383233532,0.000145490974883,0.0087294584929836,0.2095070038316087,412396.7142857143,False,False,False,0.0,0,0,0,0,0
0xc0314e2c4e464d5e9532329df6b6ebb31c7d2bfc,usdc,689,2.27489509436376,2.4093450282818294,0.1219158200290275,8.462277283439746e-05,0.0050773663700638,0.1218567928815323,709029.0,False,False,False,0.0,0,0,0,0,0
0xdc8183baaef49370153309b50be6ec11d8a354cc,usdc,307,1.8162871237084919,1.5791647980967083,0.019543973941368,1.3532469638494736e-05,0.0008119481783096,0.0194867562794324,4433780.5,False,False,False,0.0,0,0,0,0,0
0xe35a1043a3931a615bbbd505218df2c65a6f6828,usdc,294,2.235924650692587,2.007281278346131,0.0170068027210884,1.1790634180482538e-05,0.0007074380508289,0.0169785132198948,5088784.8,False,False,False,0.0,0,0,0,0,0
0xed4007b54b45f47454a8350625e9556f30b226ef,usdc,383,2.3522526781206876,0.009793302713862645,0.0757180156657963,5.257501548243559e-05,0.0031545009289461,0.0757080222947072,1141226.4827586208,False,False,False,0.0,0,0,0,0,0
0x020b26bed2c71defc2833c5564fce9131baba2c7,usdc,582,2.2946931796007743,2.1599113700108674,0.0532646048109965,3.693502224084065e-05,0.0022161013344504,0.0531864320268105,1624474.4516129033,False,False,False,0.0,0,0,0,0,0
0x779010aab07a1fe36771a29c05b9a4a436671174,usdc,329,2.084457867326693,1.0855606488347296,0.0820668693009118,5.693567154781099e-05,0.0034161402928686,0.0819873670288478,1053820.888888889,False,False,False,0.0,0,0,0,0,0
0x30ededbb448fcde31a6c9cac9e4ee8dc234ed5bf,usdc,308,2.134034440890605,1.825789582375198,0.0779220779220779,5.408277639340893e-05,0.0032449665836045,0.0778791980065088,1109410.5,False,False,False,0.0,0,0,0,0,0
0xdebcdaeb37e82ad9ee8ecf09c412ea5129ed131b,usdc,366,2.3529592720618995,1.752496622141561,0.0437158469945355,3.030514247962737e-05,0.0018183085487776,0.0436394051706634,1979862.0,False,False,False,0.0,0,0,0,0,0
0x4565e513e903e17b6a63df1f45eadd3ca5b783e9,usdc,583,2.3467935093326844,2.323587517206714,0.0445969125214408,3.093596279498333e-05,0.0018561577676989,0.0445477864247759,1939490.307692308,False,False,False,0.0,0,0,0,0,0
0x5a16552f59ea34e44ec81e58b3817833e9fd5436,usdc,1844,2.6568442925236,2.8282603112901255,0.049349240780911,3.425462915082116e-05,0.0020552777490492,0.0493266659771824,1751588.076923077,False,False,False,0.0,0,0,0,0,0
0x61d03184c93c7716c339d5b80e57f1382811828b,usdc,1830,2.2192767136321447,0.00019796080505380341,0.0901639344262295,6.259337200301275e-05,0.0037556023201807,0.0901344556843383,958567.9454545454,False,False,False,0.0,0,0,0,0,0
0xa6ed26749cb54591291b4550a82f15ff64ae98d9,usdc,1980,2.2915134679927243,1.7262391926619323,0.0237373737373737,1.6484176313066354e-05,0.0009890505787839,0.0237372138908155,3639854.29787234,False,False,False,0.0,0,0,0,0,0
0x422cbd333d89e76735bf599b0ca9734c1e074592,usdc,249,1.956279911831573,1.903898398284406,0.7550200803212851,0.0005239389956646,0.031436339739881,0.7544721537571443,114517.1489361702,False,False,False,0.0,0,0,0,0,0
0x90d585b73af2706dc03993ec7551d22521d8777a,usdc,851,2.3095193102958063,2.338117278123355,0.0411280846063454,2.8537011770457413e-05,0.0017122207062274,0.0410932969494586,2102532.685714286,False,False,False,0.0,0,0,0,0,0
0xb1b141316f545a4192b31bb946a9f7ea5d1c5891,usdc,569,1.953503271593866,2.065993811212622,0.0210896309314587,1.4627510446480378e-05,0.0008776506267888,0.0210636150429317,4101860.0,False,False,False,0.0,0,0,0,0,0
0x98f89c6b36f87be8d9d66f02ab04f050888a0f14,usdc,307,2.0273270108241785,1.9144541597826794,0.01628664495114,1.128019199789196e-05,0.0006768115198735,0.0162434764769644,5319058.4,False,False,False,0.0,0,0,0,0,0
0x9455fd942ca87446fd914e07c403c785bdcde84e,usdc,599,2.3787907713061314,2.1232940942347023,0.5308848080133556,0.0003682602227098,0.0220956133625885,0.5302947207021248,162928.26729559747,False,False,False,0.0,0,0,0,0,0
0x225f7d35a72138de376c62ee508e0f842868cb2a,usdc,1180,2.204284086838368,1.7407787894273723,0.0110169491525423,7.64658975772437e-06,0.0004587953854634,0.011011089251123,7846635.153846154,False,False,False,0.0,0,0,0,0,0
0x6c7fa423bf314f0ac9fe74afd50e82a5d41fd455,usdc,321,2.6128030352377385,2.6977179638621758,0.0249221183800623,1.7257740069455934e-05,0.0010354644041673,0.0248511457000165,3476700.875,False,False,False,0.0,0,0,0,0,0
0x679e21a0ed6a30ee97a33e04d8009654f1d763e2,usdc,1631,2.0973106554671928,1.791294740218941,0.0110361741263028,7.663140491490843e-06,0.0004597884294894,0.0110349223077468,7829688.111111111,False,False,False,0.0,0,0,0,0,0
0x5ee01da29e9dea5f8bc9b4a2b983f5ea9d731d2d,usdc,503,2.009435583999331,1.9978465076309584,0.0795228628230616,5.518854026517955e-05,0.0033113124159107,0.0794714979818585,1087182.225,False,False,False,0.0,0,0,0,0,0
0x91347ded7800676c88b6881c463731971c6479a7,usdc,1613,1.6799202703714997,0.0,0.0216986980781153,1.506216910297252e-05,0.0009037301461783,0.0216895235082804,3983490.0,False,False,False,0.0,0,0,0,0,0
0x78b5e3b3b4366f2a981d337d0c4c946233c094c9,usdc,348,2.760580907090521,2.8706634839469625,0.4827586206896552,0.0003349379786572,0.0200962787194364,0.4823106892664739,179137.64285714287,False,False,False,0.0,0,0,0,0,0
0xa1a95b52b96feb70978b002e324c3a32b8b7f3b5,usdc,322,2.244644121226633,0.0,0.0559006211180124,3.878541323703059e-05,0.0023271247942218,0.055850995061324,1546973.3333333333,False,False,False,0.0,0,0,0,0,0
0x00d78daf782921b27a6b407d34f19842c10a4a6b,usdc,322,1.760980178514391,2.0100784742735396,0.077639751552795,5.385486673505517e-05,0.0032312920041033,0.0775510080984794,1114105.44,False,False,False,0.0,0,0,0,0,0
0xc628ae4f2aab26bf9407e5643619741bd614f060,usdc,406,2.215574118147632,0.0,0.2044334975369458,0.0001418007880023,0.0085080472801412,0.2041931347233911,423128.8192771084,False,False,False,0.0,0,0,0,0,0
0x686c53b0006b5de395e0d27af8837a5c596c9832,usdc,786,1.6361188930884625,1.7828784923424932,0.010178117048346,7.063506218534287e-06,0.000423810373112,0.0101714489546893,8494365.0,False,False,False,0.0,0,0,0,0,0
0x6d6634d03130e37afbe77741ad01401ae30244c6,usdc,541,2.6026309061358592,2.6956706602251375,0.0147874306839186,1.025237502675229e-05,0.0006151425016051,0.0147634200385232,5852302.5,False,False,False,0.0,0,0,0,0,0
0x65b9a79d16d41ec8e9cab40dc18bf0dc8fe09d7e,usdc,604,1.8055769951159881,1.595876710313511,0.0115894039735099,8.044891413503511e-06,0.0004826934848102,0.011584643635445,7458149.142857143,False,False,False,0.0,0,0,0,0,0
0x051560cff70bdeda6368aaf5a1098e5e9985470b,usdc,1028,1.947204659470228,1.8419337792555062,0.0097276264591439,6.748996550756588e-06,0.0004049397930453,0.0097185550330894,8890210.5,False,False,False,0.0,0,0,0,0,0
0x317dddb30c46146e6f598ceca82931978542dfd1,usdc,1759,2.272799570194618,9.999000116652086e-05,0.0659465605457646,4.57735767017072e-05,0.0027464146021024,0.0659139504504583,1310799.9051724137,False,False,False,0.0,0,0,0,0,0
0xf21aed47f2b14874e834cbc58c63fcc60563e5f0,usdc,380,2.062197243623849,1.916051349800685,0.0157894736842105,1.0953182447160022e-05,0.0006571909468296,0.0157725827239104,5477860.0,False,False,False,0.0,0,0,0,0,0
0x97b8f8602d8bd3fcbb3ebdc8c56cf8cf6e0d7142,usdc,1347,2.246521661309423,0.0,0.0334075723830735,2.3184354222310548e-05,0.0013910612533386,0.0333854700801271,2587952.177777778,False,False,False,0.0,0,0,0,0,0
0x84098ce0b04dcf5d4d61cf3db43f845dda5a1dec,usdc,1645,2.475369542618746,1.5179837932718383,0.0279635258358662,1.941121153599862e-05,0.0011646726921599,0.027952144611838,3090997.1739130435,False,False,False,0.0,0,0,0,0,0
0xf076c012093c96cb3cb78c34f8ba0affa67fb010,usdc,1875,1.7805815872967692,1.5032421819164954,0.0165333333333333,1.147686006165184e-05,0.0006886116036991,0.0165266784887786,5227910.741935484,False,False,False,0.0,0,0,0,0,0
0x8711118e2150eac01b6f32a8415d2db61a83ae31,usdc,340,2.316063029399475,0.0005277213876176175,1.2647058823529411,0.0008772280572621,0.052633683435731,1.263208402457544,68397.26511627907,False,False,False,0.0,0,0,0,0,0
0x16e5171be253938a007d5b040216567dd802a90c,usdc,1273,2.312565515979293,2.1166192539456556,0.0274941084053417,1.908289167419343e-05,0.0011449735004516,0.0274793640108385,3144177.571428572,False,False,False,0.0,0,0,0,0,0
0x58798355c6f2f474d58288377b20f1b48421c3b7,usdc,581,2.416424322343114,0.00019996000933093387,0.5542168674698795,0.0003846590332156,0.0230795419929399,0.553909007830559,155982.29813664596,False,False,False,0.0,0,0,0,0,0
0x5d301eac11e66ae41c51e001bc49a17a0bb6942c,usdc,286,2.1368502618389673,2.3030204461968427,0.0384615384615384,2.6619236027926e-05,0.0015971541616755,0.0383316998802134,2254009.090909091,False,False,False,0.0,0,0,0,0,0
0x87d63b96ca7695775fdde18ade27480143f9dfa0,usdc,1530,2.4371541741658937,0.0,0.0444444444444444,3.084514914858127e-05,0.0018507089489148,0.044417014773957,1945200.5147058824,False,False,False,0.0,0,0,0,0,0
0x5875e5f9423c997551d5e21312459b0d8e4c3ac3,usdc,258,2.0418487557182603,1.84122743220896,0.1046511627906976,7.266859956170069e-05,0.004360115973702,0.104642783368849,825666.1111111111,False,False,False,0.0,0,0,0,0,0
0x5c692f895cafe0a1d83adb662c21ec5dc70bc7ae,usdc,618,2.382331317762712,2.1698533271528664,0.0129449838187702,8.977766113332027e-06,0.0005386659667999,0.0129279832031981,6683177.0,False,False,False,0.0,0,0,0,0,0
0x2331060b1b43d925c7e2e84f9e65a36d93104cbd,usdc,1286,2.397851757857045,9.999000116652086e-05,0.052099533437014,3.617843256940893e-05,0.0021707059541645,0.0520969428999488,1658446.6417910447,False,False,False,0.0,0,0,0,0,0
0x9b93e7222b3956566e9fa2c3f28e5f989ef7162e,usdc,1728,2.201032749631019,0.0,0.0445601851851851,3.093611250154354e-05,0.0018561667500926,0.0445480020022227,1939480.9220779224,False,False,False,0.0,0,0,0,0,0
0x753936221115e79d66967509117616373f4c5d08,usdc,283,2.165850651525817,0.00011998560201564949,0.2226148409893993,0.0001541286666108,0.0092477199966532,0.2219452799196769,389285.1428571429,False,False,False,0.0,0,0,0,0,0
0x3e630436ff5d3b658788dc4d1521606f875573df,usdc,1712,2.4839261480268844,2.6035602951033345,0.0642523364485981,4.45983652658417e-05,0.0026759019159505,0.064221645982812,1345340.790909091,False,False,False,0.0,0,0,0,0,0
0x4c208a292457ded6bf4d4bc81b846568943f4e82,usdc,720,2.0400023158932554,1.9484561065909016,0.0875,6.070467236315244e-05,0.0036422803417891,0.0874147282029395,988391.7936507936,False,False,False,0.0,0,0,0,0,0
0xeee277c2f60ca02a9780f5070054cb605b0d6d82,usdc,534,2.377608953638263,0.0,0.2134831460674157,0.0001480372596796,0.0088822355807813,0.213173653938752,405303.36842105264,False,False,False,0.0,0,0,0,0,0
0xb280caf48afaeed6e294bfbbb662c9783e5647a5,usdc,421,2.2937043416121092,0.0,2.125890736342043,0.0014753035828612,0.0885182149716774,2.124437159320259,40669.595530726256,False,False,False,0.0,0,0,0,0,0
0xdaa926338ba4e0fe5aa63490a416af5b190095c9,usdc,385,2.3321115438633826,1.4888106237036456,0.0233766233766233,1.622947174692411e-05,0.0009737683048154,0.0233704393155707,3696978.0,False,False,False,0.0,0,0,0,0,0
0x00b2824de78d838ec3b8ff3817730112fe4d0119,usdc,240,2.3436847824507305,1.7783288731532572,0.0291666666666666,2.017337575506064e-05,0.0012104025453036,0.0290496610872873,2974217.1428571427,False,False,False,0.0,0,0,0,0,0
0x91493996b3df5b8876d8dc9fee46a7bfb5436ac3,usdc,581,2.45157154283406,0.009901152270820435,0.0223752151462994,1.553688049079332e-05,0.0009322128294475,0.0223731079067423,3861779.076923077,False,False,False,0.0,0,0,0,0,0
0x436a85d2aa1f90378e116d0876a652944e5dfb06,usdc,705,2.485950150296027,2.502825647894969,0.225531914893617,0.0001564144688302,0.0093848681298141,0.2252368351155401,383596.2264150944,False,False,False,0.0,0,0,0,0,0
0x525a3c6634dac4650018a4b80b0ba20c33649190,usdc,302,2.1545357667468887,2.3411079914458326,0.6986754966887417,0.0004843284178207,0.0290597050692428,0.6974329216618295,123882.88151658767,False,False,False,0.0,0,0,0,0,0
0x753a50955903c8c973185432edeb674c18f3c8d3,usdc,424,2.337883619872906,2.1519252521271723,0.3160377358490566,0.0002190069961294,0.0131404197677675,0.3153700744264223,273963.85074626864,False,False,False,0.0,0,0,0,0,0
0xd744c07d0628c47d1b375570ecc1c5d613049b17,usdc,326,2.248011997475719,1.9167022997810375,0.0889570552147239,6.169553805104221e-05,0.0037017322830625,0.0888415747935007,972517.6551724138,False,False,False,0.0,0,0,0,0,0
0x24c3c62739c356d00735649d53586e339a3a0f9b,usdc,683,1.8860562727320722,1.7322397217109042,0.0248901903367496,1.725991825973456e-05,0.001035595095584,0.0248542822940177,3476262.117647059,False,False,False,0.0,0,0,0,0,0
0xaaa145ffcef82a9f037ab537697ccc2b260caab2,usdc,349,1.8161788788593587,1.9163427015318748,0.0974212034383954,6.748905387095378e-05,0.0040493432322572,0.0971842375741734,889033.0588235294,False,False,False,0.0,0,0,0,0,0
0x7093f8979a945bcdc52284027929defa99977671,usdc,1442,2.510320027497188,0.013156977092661771,0.0353675450762829,2.455894423506473e-05,0.0014735366541038,0.0353648796984932,2443101.7647058824,False,False,False,0.0,0,0,0,0,0
0x706ca2b1dd3443b34d384eee625efae757a48635,usdc,200,2.2244450558413167,0.0,0.145,0.0001004061254661,0.0060243675279665,0.1445848206711976,597573.1034482758,False,False,False,0.0,0,0,0,0,0
0x45684f74785f14ceeb26522e364e34bbc1ccf26a,usdc,163,1.9186652656552687,1.902105331041957,0.3251533742331288,0.0002255872077581,0.0135352324654894,0.3248455791717459,265972.5283018868,False,False,False,0.0,0,0,0,0,0
0x2dbc5e8f6a2eaadd01c044cba36764d6536866b5,usdc,1326,2.1849214376053894,0.0,0.0663650075414781,4.60615374638069e-05,0.0027636922478284,0.0663286139478819,1302605.2386363635,False,False,False,0.0,0,0,0,0,0
0xf5d9acd516869cf8d78652838b275db3ffa00892,usdc,580,2.1673929520589232,1.2861221628298463,0.0862068965517241,5.9859822661683774e-05,0.003591589359701,0.0861981446328246,1002341.76,False,False,False,0.0,0,0,0,0,0
0x0eb8f692baba6c6f4a5e57c7e222758c95a9ce81,usdc,724,2.3923251618015033,0.0,0.835635359116022,0.0005802927591357,0.0348175655481435,0.8356215731554459,103396.08595041322,False,False,False,0.0,0,0,0,0,0
0xdf6d083b11da77ecdc33bd6e2fa729fcfdf064ac,usdc,926,2.233209353666976,2.0319014568643405,0.1349892008639308,9.366071324206634e-05,0.0056196427945239,0.1348714270685755,640610.112,False,False,False,0.0,0,0,0,0,0
0x0cb7c314cd44a32cacaa5b76f796e940cdb0959b,usdc,177,2.1635389988481597,1.7254630513334037,0.327683615819209,0.0002265458630381,0.0135927517822909,0.3262260427749837,264847.0344827586,False,False,False,0.0,0,0,0,0,0
0xab7929c6ccb60cbe8534e916bf5a6a8debed89aa,usdc,1533,2.1178682944795146,2.301835846329778,0.0110893672537508,7.697309492250376e-06,0.000461838569535,0.0110841256688405,7794931.470588235,False,False,False,0.0,0,0,0,0,0
0x6af2cc7dec8cd5e16a867e399e0542ba3b53d976,usdc,432,1.9584309937555089,1.9810467611941578,0.0462962962962962,3.211253259020651e-05,0.0019267519554123,0.0462420469298973,1868429.4,False,False,False,0.0,0,0,0,0,0
0xdc7fd86a74d6d243e27895a612ccd1476f45812c,usdc,367,1.8979865231613169,2.132098760712974,0.2506811989100817,0.0001739622396049,0.0104377343762999,0.2505056250311998,344902.4347826087,False,False,False,0.0,0,0,0,0,0
0x77dc5a1728c81f80f34f2f3f956708de3a317e69,usdc,237,2.306270272110992,2.3623521044408187,0.2151898734177215,0.0001488586916546,0.0089315214992813,0.2143565159827534,403066.82352941175,False,False,False,0.0,0,0,0,0,0
0x48f0454a74aa9734b4bd21ad83641537d6b5bcb0,usdc,179,1.8407954452186737,1.796276683908567,0.0949720670391061,6.591201289083884e-05,0.0039547207734503,0.0949132985628079,910304.4705882352,False,False,False,0.0,0,0,0,0,0
0xa87e7535e6aa294c69b4ddb85ad5d0d743ab0afd,usdc,1716,1.8881516512584724,1.803435174657523,0.0425407925407925,2.95287389226863e-05,0.0017717243353611,0.0425213840486682,2031918.808219178,False,False,False,0.0,0,0,0,0,0
0xad36fdcbb692d4b38f427590e8e5f4f7e07070f9,usdc,1073,2.1229346798855975,1.9873773184257562,0.0549860205032618,3.816212252809702e-05,0.0022897273516858,0.0549534564404597,1572239.593220339,False,False,False,0.0,0,0,0,0,0
0xf8f8a47c0f5a2e11245a9b53915ba1e39c9bdeac,usdc,1455,2.3744748705345553,9.999000116652086e-05,0.0041237113402061,2.8625419975662507e-06,0.0001717525198539,0.0041220604764954,20960391.166666668,False,False,False,0.0,0,0,0,0,0
0xbb1df48eec69898a80533624d47ad32d36543bca,usdc,2395,2.505613035969026,0.00028591823128283216,0.127348643006263,8.842961927192792e-05,0.0053057771563156,0.1273386517515762,678505.6918032786,False,False,False,0.0,0,0,0,0,0
0x595cc13a812d9199ee4ededa39b890a93948b9a7,usdc,641,2.143884797281718,2.231562132556377,0.0109204368174727,7.577889882434451e-06,0.000454673392946,0.0109121614307056,7917771.428571428,False,False,False,0.0,0,0,0,0,0
0x481417dc72ae5660f872348136d9f2f6c09f5511,usdc,481,2.0583735338459617,1.2579292569298755,0.0187110187110187,1.2983739573305749e-05,0.0007790243743983,0.0186965849855602,4621164.777777778,False,False,False,0.0,0,0,0,0,0
0xbce3e29641b2083716e023f0bb56635d3062c8c3,usdc,2038,2.573869067550956,0.0006046342331573562,0.1040235525024533,7.222249611632328e-05,0.0043333497669793,0.1040003944075055,830766.0801886793,False,False,False,0.0,0,0,0,0,0
0x96aee48b64413e2e61189875765010ab9352af52,usdc,290,2.018423930426336,2.1270275896322004,0.0344827586206896,2.393151566026533e-05,0.0014358909396159,0.034461382550782,2507154.2,False,False,False,0.0,0,0,0,0,0
0xf330ab0ce1e80ed72b70af749d5d495ecec8fa17,usdc,749,1.9834675519864473,0.0,0.0200267022696929,1.3893388803151244e-05,0.000833603328189,0.0200064798765377,4318600.8,False,False,False,0.0,0,0,0,0,0
0xfc60ae3ce622ab1b61d225272256fd29e8119ad2,usdc,156,1.8806935858260962,2.0773283198576897,0.2179487179487179,0.0001511999494814,0.0090719969688857,0.2177279272532572,396825.5294117647,False,False,False,0.0,0,0,0,0,0
0x1d812a7e929d4dbe237926ed8e7c31434b9ab469,usdc,1441,2.639673268365359,0.0008422900491875105,0.3226925746009715,0.0002240902910062,0.0134454174603733,0.3226900190489598,267749.2172043011,False,False,False,0.0,0,0,0,0,0
0x55baf6ca15598cae65c1efdcb7b2e86a7110f188,usdc,851,2.2306013444092967,9.999000116652086e-05,0.017626321974148,1.2227474058191036e-05,0.0007336484434914,0.017607562643795,4906982.4,False,False,False,0.0,0,0,0,0,0
0xcc2639d56de9053399375d07069e30e41721a206,usdc,563,2.212495088186285,0.0,0.1225577264653641,8.502336787171477e-05,0.0051014020723028,0.1224336497352692,705688.3478260869,False,False,False,0.0,0,0,0,0,0
0xe532ca6e93d0a37a5037a85c82983e74fe28a121,usdc,221,1.7897723202604447,1.6273634917002744,0.0452488687782805,3.140226171649787e-05,0.0018841357029898,0.0452192568717569,1910690.4,False,False,False,0.0,0,0,0,0,0
0xb6a18f651f2b0a1f015ac1da800ed1dbe324ddfa,usdc,1322,1.861039406458216,1.6779561537197323,0.0121028744326777,8.401680640689062e-06,0.0005041008384413,0.0120984201225922,7141428.3125,False,False,False,0.0,0,0,0,0,0
0x3e8c9e6cb1a6c21bc473d7e78459c80e0f69b0e7,usdc,218,1.59955939300787,1.161901018219297,0.3073394495412844,0.0002125448406167,0.0127526904370048,0.3060645704881171,282293.37313432834,False,False,False,0.0,0,0,0,0,0
0x977bc167f889dcd7a6ece301c92a059de7b1772c,usdc,1406,2.0319134708670963,1.9741090593576325,0.0746799431009957,5.1837816816279936e-05,0.0031102690089767,0.0746464562154431,1157456.1523809524,False,False,False,0.0,0,0,0,0,0
0x0313b33941b1bccf38c6a0b71329f5df40aabd24,usdc,140,2.295085542804852,2.263272518505498,0.4928571428571429,0.0003406008000663,0.0204360480039805,0.4904651520955341,176159.30434782608,False,False,False,0.0,0,0,0,0,0
0x33f84b1a595493bea07ca8db77ff842f7c486c09,usdc,142,2.0895438756259,2.0949805696409194,0.0985915492957746,6.845336467845499e-05,0.0041072018807072,0.0985728451369751,876509.1428571428,False,False,False,0.0,0,0,0,0,0
0xba6ae2dc894e50f4bbe551b1220d4cd2a934e50b,usdc,323,2.0824124352113658,1.915022944913485,0.0804953560371517,5.588736889575587e-05,0.0033532421337453,0.0804778112098884,1073587.8461538462,False,False,False,0.0,0,0,0,0,0
0x2838badf484349402aa03555d3453dab8c20c2dc,usdc,420,2.062547485469676,1.8406788705613422,0.0380952380952381,2.644462874881536e-05,0.0015866777249289,0.0380802653982941,2268891.75,False,False,False,0.0,0,0,0,0,0
0x0fad565a1269f3d623379e496fc48a698fb7a4e7,usdc,743,2.4280652048764897,2.03737515201432,0.1453566621803499,0.0001008803491805,0.0060528209508309,0.145267702819942,594764.0,False,False,False,0.0,0,0,0,0,0
0x306c75e1322ebea8e6aec58fb25d4cceb39f0164,usdc,434,2.474386814754894,2.3890910964962035,0.064516129032258,4.470893683744948e-05,0.0026825362102469,0.0643808690459272,1342013.5714285714,False,False,False,0.0,0,0,0,0,0
0x39968ddeb963397fe476132b8cf0981eb0759f73,usdc,1929,2.3894717365593907,2.379377841348507,0.150855365474339,0.0001047115771782,0.0062826946306949,0.1507846711366795,573002.5429553265,False,False,False,0.0,0,0,0,0,0
0x113854231b427eca23ab646a5aca3fbf98022717,usdc,414,1.8452985203218928,1.912640919543985,0.0193236714975845,1.3418820163655933e-05,0.0008051292098193,0.0193231010356645,4471332.0,False,False,False,0.0,0,0,0,0,0
0xfdca78134c7ee4bc24df00691bb1f34e494a04f0,usdc,1813,2.1822775144856434,1.9366434220396043,0.1329288472145615,9.228967328657856e-05,0.0055373803971947,0.1328971295326731,650126.9087136929,False,False,False,0.0,0,0,0,0,0
0xef1de2fa338fb55e834bd6cb8bad382d410cb882,usdc,1470,2.465113338648813,0.0,0.0632653061224489,4.393314452473975e-05,0.0026359886714843,0.0632637281156252,1365711.4838709678,False,False,False,0.0,0,0,0,0,0
0x77d4d7ed546b19077720eda2be8c847a1c358125,usdc,752,1.7146623416241131,1.1631399543308918,0.0412234042553191,2.8603242318995263e-05,0.0017161945391397,0.0411886689393531,2097664.290322581,False,False,False,0.0,0,0,0,0,0
0x443729d0c14272b2cba616473df905d71c00dc4b,usdc,1232,2.5677572425855675,0.00010298939227466986,0.1103896103896103,7.660079036244902e-05,0.0045960474217469,0.1103051381219266,783281.7352941176,False,False,False,0.0,0,0,0,0,0
0xf37c44fe3a449e8d6833d4ea8824edb95e8d3f77,usdc,554,2.0714100875467176,0.0,0.3501805054151624,0.0002429932763509,0.0145795965810595,0.3499103179454292,246920.412371134,False,False,False,0.0,0,0,0,0,0
0x7582d0b7a150f6227b447a0f282bff612f0f4b3e,usdc,1883,2.574436197396342,2.171553692520749,0.0419543281996813,2.91252262266616e-05,0.0017475135735996,0.0419403257663926,2060069.835443038,False,False,False,0.0,0,0,0,0,0
0x0e3e1a15a95a65939f6c074259329d0b6a7d0a7b,usdc,1367,2.1759207520017148,1.9558221295600053,0.0168251645940014,1.167957917494471e-05,0.0007007747504966,0.0168185940119203,5137171.391304348,False,False,False,0.0,0,0,0,0,0
0xaa6cb9da88ed8e820f37a32769235de3ec41779f,usdc,967,2.3249595869871333,1.327761429538331,0.0372285418821096,2.5841477466375213e-05,0.0015504886479825,0.0372117275515803,2321848.6666666665,False,False,False,0.0,0,0,0,0,0
0x066f2401586628f6fdc5b463b5c2e7d7237a9882,usdc,176,1.55084814303363,1.8246185584869787,0.0511363636363636,3.5489742675705777e-05,0.0021293845605423,0.0511052294530163,1690629.3333333333,False,False,False,0.0,0,0,0,0,0
0xffb26bd72414baec53a7bb005d55d8436bef2b15,usdc,273,2.4027738409765016,0.0,0.315018315018315,0.0002186999660252,0.0131219979615128,0.314927951076309,274348.4651162791,False,False,False,0.0,0,0,0,0,0
0xaee72a438ef62db7b6ea899d2bddb2ea7fe59393,usdc,464,2.0797163522873516,1.7981587743427763,0.021551724137931,1.4937024013058544e-05,0.0008962214407835,0.0215093145788043,4016864.4,False,False,False,0.0,0,0,0,0,0
0x498af32545cc8784b1f7f69860b6603bb4035a58,usdc,291,2.3208857178797366,2.4359175796758863,0.3230240549828179,0.0002237734003891,0.0134264040233505,0.3222336965604124,268128.3829787234,False,False,False,0.0,0,0,0,0,0
0x5ac09356eebffa7bf20d55f1196f3e68b554fcae,usdc,1454,2.4705925604834174,1.7254630407537657,0.0591471801925722,4.10603073184165e-05,0.0024636184391049,0.0591268425385197,1461265.2441860463,False,False,False,0.0,0,0,0,0,0
0x9fa331987016e1dc37f20a555650bc94189b2f14,usdc,485,2.245415207840987,2.227551343746325,0.2659793814432989,0.0001846694574182,0.0110801674450937,0.2659240186822503,324904.83720930235,False,False,False,0.0,0,0,0,0,0
0x187e4c876b55528baeabe8f48c6dc9c6d7e486c3,usdc,1038,2.1436655380583156,0.018964578900552666,0.0163776493256262,1.1369560289612571e-05,0.0006821736173767,0.0163721668170421,5277248.94117647,False,False,False,0.0,0,0,0,0,0
0x4db6ec655eb2b5bc9dda13e0cfa6df0a301c5ba8,usdc,2034,2.234535465670102,0.0,0.0939036381514257,6.520340144183269e-05,0.0039122040865099,0.093892898076239,920197.392670157,False,False,False,0.0,0,0,0,0,0
0x7d199ebce755adfdd1fd46daf6f8b348b7dd37c7,usdc,1501,2.461891492107106,0.00037186167603071234,0.0679546968687541,4.716873157037887e-05,0.0028301238942227,0.0679229734613455,1272029.1176470588,False,False,False,0.0,0,0,0,0,0
0x3e173ce28f81a65c397577131725d83bee676fa9,usdc,1092,1.9957929268353738,0.0,0.076007326007326,5.277383740189948e-05,0.0031664302441139,0.0759943258587352,1136926.9879518072,False,False,False,0.0,0,0,0,0,0
0x91259d6b5921cc24683496f392e7e70f1c096a43,usdc,307,2.161481167809907,0.0,0.2801302931596091,0.0001943061958371,0.0116583717502288,0.279800922005493,308790.9767441861,False,False,False,0.0,0,0,0,0,0
0xa3a24896aff710f037ec4f1b7f0e8f7a6a1a5048,usdc,1168,2.055145414376778,2.1196259984058483,0.0068493150684931,4.752742624590029e-06,0.0002851645574754,0.0068439493794096,12624289.75,False,False,False,0.0,0,0,0,0,0
0x2f9c38bd6e2f382c031bfda65aea2b76becd6808,usdc,1504,2.2173134433590205,2.421625650827276,0.3011968085106383,0.0002091171813515,0.0125470308810912,0.3011287411461897,286920.4701986755,False,False,False,0.0,0,0,0,0,0
0x38d6c5631083adf6e09b73c4e16673d17b9a08fb,usdc,1096,2.3184180142974435,9.999000116652086e-05,0.0428832116788321,2.977250009185133e-05,0.001786350005511,0.0428724001322659,2015282.5531914893,False,False,False,0.0,0,0,0,0,0
0xdbd62b8115f0c4065ce4eeb77d9296cb7bfc3913,usdc,1973,2.3308434425414477,2.0659300647414485,0.0446021287379624,3.096181633414194e-05,0.0018577089800485,0.0445850155211643,1937870.8068181816,False,False,False,0.0,0,0,0,0,0
0x45330fc0d75a4ebb373240ed050a40a1c7d499c3,usdc,369,2.2389627893679127,2.1471877291090964,0.056910569105691,3.943300595175503e-05,0.0023659803571053,0.0567835285705272,1521568.0,False,False,False,0.0,0,0,0,0,0
0x592286c54ee442e45a76d45a115aba66c4651205,usdc,967,2.0800496326767943,1.5383484373644511,0.0589451913133402,4.0893803670426936e-05,0.0024536282202256,0.0588870772854147,1467214.9473684211,False,False,False,0.0,0,0,0,0,0
0xb53d0df85269b4694a6ceb04e64c1c02d851f9e4,usdc,433,2.394401098635913,0.0,0.0300230946882217,2.0803375139582647e-05,0.0012482025083749,0.029956860200999,2884147.3846153845,False,False,False,0.0,0,0,0,0,0
0x0bab5e6fefcd7e4a6c4af2daed052bc53217557e,usdc,802,2.5432816070497593,2.526753355825615,0.0561097256857855,3.892293829088167e-05,0.0023353762974529,0.0560490311388696,1541507.4666666666,False,False,False,0.0,0,0,0,0,0
0x25388638f9bfa7b214779ccf10273b5f5c1842fb,usdc,671,2.1080954614931633,2.000952289977673,0.1341281669150521,9.308712272047736e-05,0.0055852273632286,0.1340454567174874,644557.4666666667,False,False,False,0.0,0,0,0,0,0
0x8e871ecf331a27c762bbcff795279def31c8a25a,usdc,1585,2.356269044911207,1.959155892763758,0.1854889589905362,0.0001287809924161,0.0077268595449668,0.1854446290792036,465907.2653061224,False,False,False,0.0,0,0,0,0,0
0x0387a6a7ef403a1d21415e0a4b71052c33b4836e,usdc,346,1.7805046166068772,9.999000116652086e-05,0.0289017341040462,2.003695616194509e-05,0.0012022173697167,0.0288532168732009,2994466.8,False,False,False,0.0,0,0,0,0,0
0x0bb6641d3d89eae198b1ba1adf880da2656a19e6,usdc,148,1.9346808185358182,1.9623156684441523,0.0945945945945946,6.550982553797605e-05,0.0039305895322785,0.0943341487746855,915893.1428571428,False,False,False,0.0,0,0,0,0,0
0x032e436faeb31ead8ecab28ed74e0f5182dd7952,usdc,426,2.1313674813095083,2.19785908955623,0.1173708920187793,8.135362010592892e-05,0.0048812172063557,0.1171492129525376,737520.96,False,False,False,0.0,0,0,0,0,0
0xa0be44b12c6a7b26443820223fba79ad08cec692,usdc,624,2.026622078983573,1.9108773790467306,0.8701923076923077,0.0006042825941462,0.0362569556487736,0.8701669355705662,99291.29281767955,False,False,False,0.0,0,0,0,0,0
0x2cb99cf52a8a50625c5ad45b2f7f464bb259f0bd,usdc,1363,2.0887199709517685,1.8839650056621233,0.0645634629493763,4.481359910762544e-05,0.0026888159464575,0.0645315827149806,1338879.2954545454,False,False,False,0.0,0,0,0,0,0
0x47abb9f651b16e2ef7a5be319d620f05c28f4f51,usdc,986,2.279543595318238,2.0751779049524814,0.0567951318458417,3.943107807829919e-05,0.0023658646846979,0.0567807524327508,1521642.392857143,False,False,False,0.0,0,0,0,0,0
0xe8f0c9059b8db5b863d48db8e8c1a09f97d3b991,usdc,1976,2.54366771696268,0.0006495778201356687,0.1346153846153846,9.347107307187228e-05,0.0056082643843123,0.1345983452234961,641909.8233082707,False,False,False,0.0,0,0,0,0,0
0xc3b8b9e299754f10a0f072b0eb24f89555416a22,usdc,874,2.3015867366623297,2.067970345786057,0.0938215102974828,6.508036711041423e-05,0.0039048220266248,0.0937157286389965,921937.024390244,False,False,False,0.0,0,0,0,0,0
0xdfa1f8221c588d38531a26c4c6092380fcc54037,usdc,1598,2.0539661703157917,1.448822238365871,0.0287859824780976,1.9984883318403563e-05,0.0011990929991042,0.0287782319785011,3002269.217391304,False,False,False,0.0,0,0,0,0,0
0x4294bb0a79982ac13426facf4a625bf95e21b68b,usdc,1017,1.951161174198439,0.0,0.0176991150442477,1.2287865364316776e-05,0.000737271921859,0.0176945261246161,4882866.0,False,False,False,0.0,0,0,0,0,0
0xba5dd1042bce410181d117c7349fcc2c027f0d0c,usdc,1056,2.4568367684931016,0.0,0.1089015151515151,7.556193108436497e-05,0.0045337158650618,0.1088091807614855,794050.6434782608,False,False,False,0.0,0,0,0,0,0
0xf219bf96b7a5a012a2c9f4c15bee96cdf8f4d58d,usdc,1833,2.4778974289118243,9.999000116652086e-05,0.0551009274413529,3.825504522497559e-05,0.0022953027134985,0.0550872651239648,1568420.5742574255,False,False,False,0.0,0,0,0,0,0
0xbfad28c275a41f4ff7e8bcc0bf4fa246bfcf3356,usdc,500,2.3548544368729214,1.8322784791888098,0.114,7.905147110627126e-05,0.0047430882663762,0.1138341183930306,758999.1578947369,False,False,False,0.0,0,0,0,0,0
0x2c909e76fb47af54c94294d9c25613fa564e3b01,usdc,839,2.004170293911606,1.9207388662156095,0.0083432657926102,5.789458006242166e-06,0.0003473674803745,0.0083368195289887,10363664.42857143,False,False,False,0.0,0,0,0,0,0
0xc45f1eecc505e3c8fae950bd8c36a4fe5442a71a,usdc,125,2.2658414762600763,0.0,0.344,0.0002386685182903,0.01432011109742,0.3436826663380812,251394.6976744186,False,False,False,0.0,0,0,0,0,0
0x9995488a3453618d53747a34ca82728f533f4d59,usdc,713,2.2829815092318744,0.0006895242829301712,0.5343618513323983,0.0003710636573826,0.0222638194429565,0.5343316666309562,161697.32283464566,False,False,False,0.0,0,0,0,0,0
0x10e7d26a02bd124250ea00c41dcd16fc791ccd78,usdc,1533,2.499787999125067,0.00029691182155302956,0.4481409001956947,0.0003111083594567,0.0186665015674027,0.447996037617665,192858.8486171761,False,False,False,0.0,0,0,0,0,0
0xc21d31b850757e4c911b87ad4e7c3714c860ab09,usdc,661,2.115714014702273,0.0,0.264750378214826,0.0001835907240314,0.0110154434418875,0.2643706426053013,326813.89714285714,False,False,False,0.0,0,0,0,0,0
0x93a62da5a14c80f265dabc077fcee437b1a0efde,usdc,1242,2.4478961876850884,2.252594279948129,0.037842190016103,2.6267111486227816e-05,0.0015760266891736,0.037824640540168,2284225.276595745,False,False,False,0.0,0,0,0,0,0
0x554e390d49ff6be967eca60e6bba3d3fc29542eb,usdc,1700,2.426272686337274,0.007937575641677855,0.0558823529411764,3.8795644879858325e-05,0.0023277386927914,0.0558657286269959,1546565.347368421,False,False,False,0.0,0,0,0,0,0
0xd3069f6050a3dd4eccc27b6a66e5c401ab59ded5,usdc,1340,2.6145929977149884,0.000499750145742199,0.0283582089552238,1.9681134205118955e-05,0.0011808680523071,0.0283408332553712,3048604.789473684,False,False,False,0.0,0,0,0,0,0
0xbb372bc17988a22d4a8f8f4fa4dd154fff0914ea,usdc,816,1.969701065240988,1.8462536395593079,0.0098039215686274,6.800836979007006e-06,0.0004080502187404,0.00979320524977,8822443.5,False,False,False,0.0,0,0,0,0,0
0x27d6cfc503086eeb5182a8c263fa1804be1bddd8,usdc,1088,2.0043755433445716,1.8410740844298052,0.0110294117647058,7.655329587828655e-06,0.0004593197752697,0.0110236746064732,7837676.916666667,False,False,False,0.0,0,0,0,0,0
0x0fc580858bee4ba0ff7d9e6f2baecaaec32c5e18,usdc,1087,2.577522434944972,0.0,0.0892364305427782,6.193209229082085e-05,0.0037159255374492,0.089182212898782,968803.0515463918,False,False,False,0.0,0,0,0,0,0
0xc19964f4f1972a901ca31e92de95609abde8e9f1,usdc,936,2.329908936113479,0.0,0.1025641025641025,7.115902485451316e-05,0.0042695414912707,0.1024689957904989,843181.875,False,False,False,0.0,0,0,0,0,0
0x4ff3c08401bfc58aa49e799328eec7c1c0010905,usdc,170,1.385097467613789,1.8594159306584865,0.1411764705882353,9.788215640916048e-05,0.0058729293845496,0.140950305229191,612982.0,False,False,False,0.0,0,0,0,0,0
0x6494b66ec548035df67109e4105816353b374ebf,usdc,1756,1.6051773872422237,0.8267341093205726,0.0096810933940774,6.722736884713123e-06,0.0004033642130827,0.0096807411139868,8924936.529411765,False,False,False,0.0,0,0,0,0,0
0x9aa4b0023c09019f09b2fdd83a4e6d388da87c8d,usdc,272,2.2346724762671473,2.313039352423886,0.7205882352941176,0.0004992778302812,0.029956669816872,0.7189600756049286,120173.57142857143,False,False,False,0.0,0,0,0,0,0
0x29029bbe90540245c3d05cdd52f06730deccac2f,usdc,963,2.1186306198460816,0.0,0.1100726895119418,7.643774715172043e-05,0.0045862648291032,0.1100703558984774,784952.4905660377,False,False,False,0.0,0,0,0,0,0
0x666fcb28f39053cf758a17a19b239388ef764577,usdc,1221,2.3809711804530864,2.3304789822485046,0.0311220311220311,2.160400651986176e-05,0.0012962403911917,0.0311097693886009,2777262.6315789474,False,False,False,0.0,0,0,0,0,0
0x8d109ff1c3328d5a66e9b492f3f401ffdf98fb69,usdc,178,2.653091680567221,2.7222349435442688,0.2078651685393258,0.0001437267172429,0.0086236030345759,0.2069664728298236,417458.9189189189,False,False,False,0.0,0,0,0,0,0
0x22b98bd46a95ba46a7d53845b3ff252c15b5870f,usdc,1664,2.458894469405869,0.0015206845845857967,0.0540865384615384,3.754367502645422e-05,0.0022526205015872,0.054062892038094,1598138.7,False,False,False,0.0,0,0,0,0,0
0x78a2f6a975d375ef8144a09f8cec12b5d60c5df1,usdc,293,1.8722744903897568,0.0,0.030716723549488,2.125852348688916e-05,0.0012755114092133,0.0306122738211203,2822397.333333333,False,False,False,0.0,0,0,0,0,0
0x60b5c386a9d5ebf2652956f5cf48f80bf709fa9e,usdc,508,2.438814464972069,2.4537823197059736,0.0157480314960629,1.0933179685714818e-05,0.0006559907811428,0.0157437787474293,5487882.0,False,False,False,0.0,0,0,0,0,0
0x3325c8e0a427c7aae078093f33c37929d939e2f7,usdc,649,2.3834574449264534,0.0,0.0385208012326656,2.6734708281557115e-05,0.0016040824968934,0.0384979799254422,2244273.6,False,False,False,0.0,0,0,0,0,0
0x2978168d63cd83e6248a96d41f9370ac440c08fb,usdc,173,2.302899618809393,1.139652088825825,0.1329479768786127,9.184540581293568e-05,0.0055107243487761,0.1322573843706273,653271.6521739131,False,False,False,0.0,0,0,0,0,0
0x450a2c8e1bf7b4418c1cf978809109bd637923d5,usdc,327,2.117632326035296,2.0837978605797236,0.1131498470948012,7.857281193831058e-05,0.0047143687162986,0.1131448491911672,763622.9189189189,False,False,False,0.0,0,0,0,0,0
0x0db79bbb99defc2356d82848a459a5a13869eb3f,usdc,871,2.189989106992323,2.4408460254140394,0.6865671641791045,0.0004767306038406,0.0286038362304416,0.6864920695306005,125857.2441471572,False,False,False,0.0,0,0,0,0,0
0xb7f93ecf7f04883e10eefccf2cfe3b1f654f4cd9,usdc,711,1.919615165907224,0.00019996000933093387,0.0267229254571026,1.854457491149357e-05,0.0011126744946896,0.0267041878725507,3235447.5789473685,False,False,False,0.0,0,0,0,0,0
0xa7da946bd16345e1e2788be22dbc276b7d093a1d,usdc,1342,2.0174719683393336,1.9006676027900098,0.0104321907600596,7.241691015200335e-06,0.000434501460912,0.0104280350618884,8285357.642857143,False,False,False,0.0,0,0,0,0,0
0x194d72ced0d719c34d7b4c2fd203504c093446d7,usdc,360,2.4718020666991976,1.7926292011340474,0.55,0.0003816933691379,0.0229016021482782,0.5496384515586776,157194.24242424243,False,False,False,0.0,0,0,0,0,0
0x016c6d9d43a6fc4a34409fc40fc49ca74b465303,usdc,885,2.4171497123083547,2.353053048589302,0.1389830508474576,9.6467047327204e-05,0.0057880228396322,0.1389125481511737,621974.0487804879,False,False,False,0.0,0,0,0,0,0
0x647fa3b3dc14dd0b27002e31e0cda5689e6185ba,usdc,244,2.2098432453191004,2.0430907579168953,0.0573770491803278,3.982737676982906e-05,0.0023896426061897,0.0573514225485538,1506501.4285714286,False,False,False,0.0,0,0,0,0,0
0x7ab61f5df8074eb38d624b39f5916f3d04e3265b,usdc,595,2.270747865115818,2.3589530371102385,0.0084033613445378,5.832547105983447e-06,0.000349952826359,0.0083988678326161,10287100.8,False,False,False,0.0,0,0,0,0,0
0x9cf25619611a494ce63c42bc535ee2a9a9a1fc7b,usdc,441,2.5465332428087195,0.0,0.0952380952380952,6.606183387650842e-05,0.0039637100325905,0.0951290407821721,908240.0,False,False,False,0.0,0,0,0,0,0
0x9d32ccb03147e88f0d84dcd846e5bceadfa9bdd0,usdc,896,2.415437891560002,2.068649131250249,0.3950892857142857,0.0002740969126157,0.0164458147569441,0.3946995541666602,218900.6779661017,False,False,False,0.0,0,0,0,0,0
0x0d9521c29bba2a75864bdbbd09f91b45510e32c4,usdc,832,2.085163775315881,0.0,0.0120192307692307,8.344309809314721e-06,0.0005006585885588,0.0120158061254131,7190528.8,False,False,False,0.0,0,0,0,0,0
0x73607c0a1fae99348e87bb2f79d8bf9a2018b1a1,usdc,222,2.260247659687612,0.0,0.5315315315315315,0.0003682484915855,0.0220949094951313,0.5302778278831516,162933.45762711865,False,False,False,0.0,0,0,0,0,0
0x6bc5a5c2e87566ce64a7ac19512a5b58ef7b7893,usdc,449,2.556084268520664,2.6772817544792518,0.0957683741648107,6.645029626014642e-05,0.0039870177756087,0.0956884266146108,902930.5116279068,False,False,False,0.0,0,0,0,0,0
0xd446e61ba283ca3e6ba85f1391ca0229acab7e34,usdc,1183,2.3445658582512685,2.0165577968850394,0.0557903634826711,3.874206093480484e-05,0.0023245236560882,0.0557885677461189,1548704.393939394,False,False,False,0.0,0,0,0,0,0
0x07555837170a3034099e19ee0dbdb9e34fcc23c4,usdc,1576,2.1327435838067488,0.0,0.0139593908629441,9.688025327668832e-06,0.0005812815196601,0.0139507564718431,6193212.545454546,False,False,False,0.0,0,0,0,0,0
0x7ee7895f7595e0a4f8843ad659772152d863488d,usdc,1814,2.103830013320061,9.999000116652086e-05,0.0115766262403528,8.038420075328928e-06,0.0004823052045197,0.0115753249084736,7464153.333333333,False,False,False,0.0,0,0,0,0,0
0xc78b797be5275c6756e1dec98f552796c2b67ac4,usdc,257,1.4608739902054069,1.23615351646328,0.046692607003891,3.239098947454797e-05,0.0019434593684728,0.046643024843349,1852367.0,False,False,False,0.0,0,0,0,0,0
0x18f5f0fbdfdb4f79b43870780c5b4a61665ae755,usdc,830,2.1870202732450355,2.252937676471913,0.5397590361445783,0.0003747145937784,0.0224828756267059,0.5395890150409434,160121.86607142858,False,False,False,0.0,0,0,0,0,0
0x15b0251b56fc1c1bd2ea121aad2b216b94dbcbb3,usdc,261,2.4737159451027173,2.540151707582471,0.2835249042145594,0.0001964176603896,0.0117850596233771,0.2828414309610504,305471.5135135135,False,False,False,0.0,0,0,0,0,0
0xe566cfa2392bae941285e1e97325dc905cea9269,usdc,1320,2.1981706834174375,1.970142808832862,0.0234848484848484,1.6298173007226985e-05,0.0009778903804336,0.0234693691304068,3681394.2258064514,False,False,False,0.0,0,0,0,0,0
0xeb2eb5c68156250c368914761bb8f1208d56acd0,usdc,1174,2.5227536814319067,2.120482129238319,0.1822827938671209,0.0001265357986921,0.0075921479215312,0.1822115501167499,474174.1121495327,False,False,False,0.0,0,0,0,0,0
0xfba756bf29f520139c6a5b1968649fb83b1c483c,usdc,595,1.9304224651670314,0.0006166195848214293,0.226890756302521,0.0001573640060259,0.0094418403615595,0.2266041686774289,381281.6,False,False,False,0.0,0,0,0,0,0
0x52da2c7d97d3a62d103e7365f0c48654f32fdf46,usdc,587,2.4272233278724684,0.0030506697006973025,0.0664395229982964,4.613311082190513e-05,0.0027679866493143,0.0664316795835434,1300584.3076923075,False,False,False,0.0,0,0,0,0,0
0xbb3b1f2bcb612da41c12ffa728ef130c54882df1,usdc,1423,2.182207310786274,0.8136755071366006,0.0154602951510892,1.0736267699530322e-05,0.0006441760619718,0.0154602254873236,5588534.2727272725,False,False,False,0.0,0,0,0,0,0
0x5b4b1bcc2fabc35b475432255150f800fa4fdda5,usdc,452,2.128174680042148,2.233693720379191,0.0707964601769911,4.912499178691544e-05,0.0029474995072149,0.0707399881731582,1221374.25,False,False,False,0.0,0,0,0,0,0
0x0c84f52fd7d03b8749fa3d425900908103222769,usdc,1843,1.925943955182212,0.0,0.0075963103635377,5.274423150467952e-06,0.000316465389028,0.0075951693366738,11375651.57142857,False,False,False,0.0,0,0,0,0,0
0x058b10cbe1872ad139b00326686ee8ccef274c58,usdc,2096,2.584670501520831,0.0,0.2280534351145038,0.0001583147905018,0.0094988874301136,0.2279732983227277,378991.7531380753,False,False,False,0.0,0,0,0,0,0
0x7179ca6c902f253820e3955200ef613c27be313e,usdc,461,2.1773021342315118,2.0516822371952075,0.0845986984815618,5.874640592501187e-05,0.0035247843555007,0.0845948245320171,1021339.0769230768,False,False,False,0.0,0,0,0,0,0
0xb4318015cc38db39924e23255cd71618f6f7dcc1,usdc,1029,2.0888683884158956,1.8787285104503608,0.0252672497570456,1.7538483113909108e-05,0.0010523089868345,0.0252554156840291,3421048.423076923,False,False,False,0.0,0,0,0,0,0
0x069a1c872753c6907348d70598be35a56396b163,usdc,1570,2.3619036095509482,2.1680675206533264,0.0254777070063694,1.768298062847892e-05,0.0010609788377087,0.0254634921050096,3393093.125,False,False,False,0.0,0,0,0,0,0
0x9d5bedf88fa78ac3847fb241f6cc36f63cbafa78,usdc,403,1.9887664587196041,1.6789568409017985,0.0198511166253101,1.3772918998020144e-05,0.0008263751398812,0.019833003357149,4356375.0,False,False,False,0.0,0,0,0,0,0
0x5c63c27b88f707605be60bd0213ad746beedb7f5,usdc,567,1.3790552969094367,1.1404678946996611,0.2345679012345679,0.0001626223029763,0.0097573381785812,0.2341761162859511,368953.0827067669,False,False,False,0.0,0,0,0,0,0
0x13cf0a95defdafbe6c6bed67cbbf67a67229e1e8,usdc,248,2.6100668750773526,0.0,0.0362903225806451,2.510545686631456e-05,0.0015063274119788,0.0361518578874929,2389918.6666666665,False,False,False,0.0,0,0,0,0,0
0x1d8c813e905cbfd1b2adc0ef3029ce5959c4d67b,usdc,906,2.5022273557779666,2.214933939131339,0.0176600441501103,1.2258506151880235e-05,0.0007355103691128,0.0176522488587075,4894560.5,False,False,False,0.0,0,0,0,0,0
0xd5d9b547de4038b90639f29b5f05ab9a7142053a,usdc,347,2.0401252914277324,2.151575717957757,0.0172910662824207,1.2005051725766204e-05,0.0007203031035459,0.0172872744851033,4997896.0,False,False,False,0.0,0,0,0,0,0
0xea81e12b73696599fdc8ba407e858d7163977619,usdc,300,2.3988240221360293,2.518479863452405,3.023333333333333,0.0020926159036962,0.1255569542217776,3.0133669013226627,28672.246968026466,False,False,False,0.0,0,0,0,0,0
0x3073244fc68ed2cb8bf4eea14a3dac0e32bd7b2a,usdc,691,2.2826743119439055,2.1727780536006285,0.0694645441389291,4.819023416203692e-05,0.0028914140497222,0.0693939371933331,1245065.5416666667,False,False,False,0.0,0,0,0,0,0
0x404824a8cb01aa48104561bcce9c93282e37e2a4,usdc,423,2.026554253635825,1.7239002704578972,0.0307328605200945,2.1313466996096355e-05,0.0012788080197657,0.0306913924743787,2815121.5384615385,False,False,False,0.0,0,0,0,0,0
0x76d49dcf15c272b8f39d89d8e12633224240c004,usdc,964,1.9569164284321874,2.0688510913836287,0.0549792531120331,3.814548457504563e-05,0.0022887290745027,0.0549294977880657,1572925.358490566,False,False,False,0.0,0,0,0,0,0
0xfb4cf5624b52b86126e74b793afe81c1900c1841,usdc,469,2.045862887879147,2.12012005199448,0.0810234541577825,5.621499691853057e-05,0.0033728998151118,0.080949595562684,1067330.8421052631,False,False,False,0.0,0,0,0,0,0
0xd23a33c017871a69e4d3d65849d47da78715734b,usdc,894,2.16529977348245,1.026672031199051,0.0067114093959731,4.659890150856177e-06,0.0002795934090513,0.0067102418172328,12875840.0,False,False,False,0.0,0,0,0,0,0
0x16d26007b15bc0adfb95a4613958c83967b7a04e,usdc,144,2.35816786489771,0.36186156304850864,0.6041666666666666,0.0004190832193298,0.0251449931597911,0.6034798358349872,143169.6551724138,False,False,False,0.0,0,0,0,0,0
0x2a4c017d8b919d8dbac17cb2233fb863d3f7c1d3,usdc,1286,2.250357527841503,2.2381250959855663,0.0116640746500777,8.094475407211923e-06,0.0004856685244327,0.0116560445863851,7412463.066666666,False,False,False,0.0,0,0,0,0,0
0xc87cc9e941f5d124a8c43961a3c19d1747b78367,usdc,776,2.3831879854228353,0.0005886533172170833,0.0902061855670103,6.263596478355516e-05,0.0037581578870133,0.0901957892883194,957916.1142857143,False,False,False,0.0,0,0,0,0,0
0x32476b2585269c6863c423b80dea03c81a9e8625,usdc,1478,2.2890149334235517,1.8556290735612755,0.0148849797023004,1.0334157892138056e-05,0.0006200494735282,0.0148811873646788,5805988.318181818,False,False,False,0.0,0,0,0,0,0
0x4e0787f31a26ceb4c37c65de7674f90a0be37303,usdc,876,2.584791963644922,1.8222403891102763,0.0171232876712328,1.1884511075175873e-05,0.0007130706645105,0.0171136959482532,5048588.0,False,False,False,0.0,0,0,0,0,0
0x2f6f2cafef028632108e2bb00da0da8cba09844f,usdc,826,2.157966489509205,2.1885346526277196,0.1585956416464891,0.0001100722124128,0.006604332744769,0.1585039858744582,545096.7022900763,False,False,False,0.0,0,0,0,0,0
0x204f241c3cf752318ffa57ac6868c66f3c7fdd26,usdc,271,2.1228909985415494,2.0199754438593875,0.03690036900369,2.559287166863988e-05,0.0015355723001183,0.0368537352028414,2344402.8,False,False,False,0.0,0,0,0,0,0
0xe13331951bc50464428f779082886135777b7067,usdc,1141,2.380405664341182,2.448411491770335,0.0350569675723049,2.4324356537661363e-05,0.0014594613922596,0.0350270734142323,2466663.4,False,False,False,0.0,0,0,0,0,0
0x7abca3cbc8aa182d10f742f72e2e8bc68c4a8839,usdc,1436,2.2881221444449658,1.2543405625793864,0.0661559888579387,4.5940758779011015e-05,0.0027564455267406,0.0661546926417758,1306029.8,False,False,False,0.0,0,0,0,0,0
0x6ae03d1d3a9b161ec264c76ad73999ee25abec5a,usdc,1850,2.2179260084783827,0.000844286678166889,0.1021621621621621,7.091370913455246e-05,0.0042548225480731,0.1021157411537555,846098.7407407408,False,False,False,0.0,0,0,0,0,0
0x42a178633240601d3485e1f51d8b62ea58c9b5ae,usdc,131,2.6588229260697487,2.5786552436097447,4.076335877862595,0.0028279973859559,0.1696798431573584,4.0723162357766025,21216.426966292136,False,False,False,0.0,0,0,0,0,0
0x01843f4f9ed462dda0c10a0f34666895e6e3df3f,usdc,132,2.040208024108657,2.117895405550268,0.053030303030303,3.655291399830394e-05,0.0021931748398982,0.0526361961575576,1641456.0,False,False,False,0.0,0,0,0,0,0
0x8c2821f3efd492088830338ddad982ffecb2081e,usdc,402,2.316260986791738,2.389666726810707,0.2338308457711442,0.0001622960120416,0.0097377607225004,0.2337062573400098,369694.8510638298,False,False,False,0.0,0,0,0,0,0
0x314cf9088018503213029383ae968c6c54dcdceb,usdc,1198,2.1734393964744263,2.1519252521271723,0.7821368948247078,0.0005427572205825,0.0325654332349535,0.7815703976388845,110546.66382070436,False,False,False,0.0,0,0,0,0,0
0x5787ef8f1040295c24b6f23ee0d065f142bf1c0e,usdc,990,2.239295713561854,1.9763847732858002,0.3797979797979798,0.0002637446379522,0.0158246782771358,0.3797922786512604,227492.77659574468,False,False,False,0.0,0,0,0,0,0
0x42fc62b9e79209b74ef9ee746498242a572e174d,usdc,1400,2.1434296817250673,2.153806495759277,0.0107142857142857,7.440195337864478e-06,0.0004464117202718,0.0107138812865248,8064304.4,False,False,False,0.0,0,0,0,0,0
0xfba3487042eb52ddd9f759bf08ff2619502ca25a,usdc,545,2.1884967140892773,1.8383566558845619,0.0165137614678899,1.1448298846393086e-05,0.0006868979307835,0.016485550338806,5240953.333333333,False,False,False,0.0,0,0,0,0,0
0x541de0606257132e4ca0e34439fcb6675ce2857b,usdc,726,2.2390490743324674,1.0698003703045413,0.0137741046831955,9.553217968036273e-06,0.0005731930780821,0.0137566338739722,6280606.2,False,False,False,0.0,0,0,0,0,0
0xf5e18146ffd63a95df4b4ad8f0e25dad795cbcca,usdc,1199,2.1098568697081763,2.240662124397033,0.0583819849874895,4.052931556320989e-05,0.0024317589337925,0.0583622144110222,1480409.9,False,False,False,0.0,0,0,0,0,0
0x02c169528acf53bb692d04c9075062f6eda73b17,usdc,139,2.024139850876399,0.0008981926457166764,0.8776978417266187,0.0006087162174972,0.0365229730498378,0.8765513531961094,98568.09836065574,False,False,False,0.0,0,0,0,0,0
0xa055cd7a19764625f1185468c50b5cd993d1df02,usdc,1693,2.254384455913388,2.3844880830205955,0.0253987005316007,1.7631426188432955e-05,0.0010578855713059,0.0253892537113434,3403014.5581395347,False,False,False,0.0,0,0,0,0,0
0x1b93db6b9eb8de746bb7636acdb8fab96981c463,usdc,301,1.9873838837730855,1.9685589008947741,0.1229235880398671,8.53515908844501e-05,0.005121095453067,0.1229062908736081,702974.5945945946,False,False,False,0.0,0,0,0,0,0
0x09b747772a5a1230dbc62668370836f06af4d317,usdc,142,2.30492339281653,2.3609575666239926,0.0985915492957746,6.83945741607253e-05,0.0041036744496435,0.0984881867914444,877262.5714285715,False,False,False,0.0,0,0,0,0,0
0x58860b4a690e9f730e7f4c7d9eb6af2966a84613,usdc,1710,2.158082167661718,1.8410740844298052,0.0116959064327485,8.119860673746656e-06,0.0004871916404247,0.0116925993701951,7389289.35,False,False,False,0.0,0,0,0,0,0
0x2ea81946ff675d5eb88192144ffc1418fa442e28,usdc,544,2.405232897952879,0.9856120557641675,0.4117647058823529,0.0002855344427196,0.0171320665631774,0.4111695975162583,210132.26785714287,False,False,False,0.0,0,0,0,0,0
0x191e5ce99e68695b2577db29f41463c92c8666f2,usdc,668,2.5641196244271716,2.5066362015056485,0.0853293413173652,5.916887556593429e-05,0.003550132533956,0.0852031808149453,1014046.649122807,False,False,False,0.0,0,0,0,0,0
0x8c75c97cefc31802dd1b4019a0ef6f9285327dcf,usdc,469,2.336447968816873,0.004455078344010765,0.0597014925373134,4.143752700838814e-05,0.0024862516205032,0.0596700388920789,1447962.857142857,False,False,False,0.0,0,0,0,0,0
0xf039554e5e4554a2139fc1b968f62cde20cb25d1,usdc,568,2.4394004721544595,2.421290433118137,0.0369718309859154,2.566703741276263e-05,0.0015400222447657,0.0369605338743781,2337628.571428572,False,False,False,0.0,0,0,0,0,0
0x04a30b5fb80001d62d3b257805b7bf6469a0ef8e,usdc,431,1.289681214985824,0.8265775906561821,0.2575406032482598,0.0001786897501627,0.0107213850097651,0.2573132402343637,335777.5135135135,False,False,False,0.0,0,0,0,0,0
0xdd3aca724f83963fe6c908d22fb41fc92ad843f3,usdc,451,2.1065903343750607,2.2149401749078064,1.3082039911308203,0.0009084232390061,0.0545053943403692,1.308129464168862,66048.50847457627,False,False,False,0.0,0,0,0,0,0
0xa60841e9fb2f0183a57ef52fde31d616dbce1459,usdc,618,2.2377923260165247,1.7825468684336965,0.0776699029126213,5.388387082868679e-05,0.0032330322497212,0.0775927739933089,1113505.75,False,False,False,0.0,0,0,0,0,0
0x85cc8d4be4c18e5ada0e584f2c844446d0ff065d,usdc,1154,1.8360815098816021,1.3116114521935665,0.0121317157712305,8.424466757580704e-06,0.0005054680054548,0.0121312321309162,7122112.5,False,False,False,0.0,0,0,0,0,0
0xb0e41aa5418f85fced0e331d8d202b78c6f7b2a5,usdc,1893,2.163236837612618,0.0,0.0084521922873745,5.868044369383736e-06,0.000352082662163,0.0084499838919125,10224871.5625,False,False,False,0.0,0,0,0,0,0
0xa1952f7f47c04ea85ad6f306cb12c3d5f122c360,usdc,641,0.7732701420019685,0.3543596805668093,0.0858034321372854,5.957588039069645e-05,0.0035745528234417,0.0857892677626029,1007118.9818181818,False,False,False,0.0,0,0,0,0,0
0x11d0a957dfcbb4fd7cff6d5373b20f77564d644a,usdc,340,2.244528336018833,0.0,0.1294117647058823,8.962369454941281e-05,0.0053774216729647,0.1290581201511544,669465.8181818182,False,False,False,0.0,0,0,0,0,0
0xcdbd5c9d2b13ba3b7fd10af274b6efef4a58532f,usdc,769,2.2448406431967602,2.3986469130496064,0.0143042912873862,9.930171037265946e-06,0.0005958102622359,0.0142994462936629,6042192.0,False,False,False,0.0,0,0,0,0,0
0xc118cffaa68824c29408c910bf45c5befb144444,usdc,438,2.3414687736054307,0.0,0.0228310502283105,1.5853955894928857e-05,0.0009512373536957,0.0228296964886975,3784544.4,False,False,False,0.0,0,0,0,0,0
0x81136b6430b7b054d71d72c0b119499c6dd0a876,usdc,759,2.5757774138159566,2.697011529277077,0.0382081686429512,2.652880955534788e-05,0.0015917285733208,0.0382014857597009,2261692.1379310344,False,False,False,0.0,0,0,0,0,0
0x3b0a7c3cd92ef4d1f16e9bbf8bf3f4abaf831260,usdc,927,2.0472697728869598,2.0544446315869695,0.0140237324703344,9.733469405571784e-06,0.0005840081643343,0.0140161959440233,6164297.384615385,False,False,False,0.0,0,0,0,0,0
0x21dfe1e1e4b7b826d535f21c02c4028f6c5e3c8e,usdc,236,2.1016752180887637,2.0553190105098,0.0466101694915254,3.2355815134167804e-05,0.00194134890805,0.0465923737932016,1854380.7272727275,False,False,False,0.0,0,0,0,0,0
0xa8c3c1e0cef6939b0d5145b4b6826e42852b9e8f,usdc,152,2.1975611463125615,2.0980934065343058,0.0328947368421052,2.2819734140969363e-05,0.0013691840484581,0.0328604171629958,2629303.2,False,False,False,0.0,0,0,0,0,0
0x8b3f14f0582fbf275be87d265c931b4dfd5f13b7,usdc,1964,2.1291051866864388,0.6038205393281517,0.1262729124236252,8.768665870234518e-05,0.0052611995221407,0.126268788531377,684254.6048387097,False,False,False,0.0,0,0,0,0,0
0xfce952c2374d2f6da3f76716d5a2d936ec8d6a9c,usdc,631,2.1802229033857974,1.9516181605143523,0.0618066561014263,4.286694101508916e-05,0.0025720164609053,0.0617283950617284,1399680.0,False,False,False,0.0,0,0,0,0,0
0x0cef935e0b311934daf744d84405fb479c2e1436,usdc,332,2.189138567131275,2.1203047028316555,0.0813253012048192,5.6317228691750775e-05,0.003379033721505,0.0810968093161211,1065393.3333333333,False,False,False,0.0,0,0,0,0,0
0xb0a3a2b60e969afd26561429aa4c1444c57e4411,usdc,447,2.7014027106173653,2.6318328908079858,0.1006711409395973,6.975876797954735e-05,0.0041855260787728,0.1004526258905481,860106.9333333333,False,False,False,0.0,0,0,0,0,0
0xff4dbc0047ceae50ba58dc400f45c9a08c047f19,usdc,234,2.2262719859249542,2.173669868043873,0.1367521367521367,9.459719921342428e-05,0.0056758319528054,0.1362199668673309,634268.25,False,False,False,0.0,0,0,0,0,0
0xe26d67b169420e2ab7697ba95d35a8a9a27e6158,usdc,389,2.385704990645275,2.213039746007594,0.5578406169665809,0.0003873530825094,0.0232411849505651,0.5577884388135643,154897.43778801843,False,False,False,0.0,0,0,0,0,0
0xf4c40bf7070fdcf64ecf020bcb583738a6cc3bcd,usdc,1386,2.384660011882873,1.7969035007315832,0.2063492063492063,0.0001432824467171,0.0085969468030266,0.2063267232726405,418753.3181818182,False,False,False,0.0,0,0,0,0,0
0x11591b62a127e6f85b2058f6928f2d37a7716544,usdc,189,2.4795137726501157,9.999000116652086e-05,1.7407407407407407,0.0012027614525556,0.0721656871533378,1.731976491680108,49885.20364741641,False,False,False,0.0,0,0,0,0,0
0x7731f285b8163f2c7ef6a9a957d6fd0ed86f34b7,usdc,524,2.0432284990926233,2.0680965906034654,0.0419847328244274,2.912409804654084e-05,0.0017474458827924,0.0419387011870188,2060149.6363636365,False,False,False,0.0,0,0,0,0,0
0x41e8ea179627b8a57639c212e566cae4bf6fc37e,usdc,1483,2.6121579591812076,1.9352669096133557,0.1024949426837491,7.113096067018655e-05,0.0042678576402111,0.1024285833650686,843514.5460526316,False,False,False,0.0,0,0,0,0,0
0x94c99d650415cf4119dd6398dbc160a4b3952c78,usdc,2030,2.1851798997239293,2.00056695118285,0.0832512315270936,5.779559298115956e-05,0.0034677355788695,0.0832256538928697,1038141.4378698224,False,False,False,0.0,0,0,0,0,0
0x3a28dc7c0842f8376ae10938541856424b20eec9,usdc,571,2.1923003768585794,0.0,0.1891418563922942,0.000131120504843,0.0078672302905848,0.1888135269740374,457594.3333333333,False,False,False,0.0,0,0,0,0,0
0xee55d8d1717a43926d3a80dee105df45298d2637,usdc,253,2.1175442168526546,1.7724202458888243,0.0276679841897233,1.918171883546141e-05,0.0011509031301276,0.0276216751230644,3127978.285714286,False,False,False,0.0,0,0,0,0,0
0x4bff174d046a57e18af75fd08a296a3ac4ed590d,usdc,189,2.2800754837229595,2.2872763520072974,0.0952380952380952,6.58881614347806e-05,0.0039532896860868,0.094878952466084,910634.0,False,False,False,0.0,0,0,0,0,0
0xfd32e8976f4521d3045a2ca44a5549f17e9c1150,usdc,594,2.456116909479786,2.2759496699282438,0.0168350168350168,1.1673406340243335e-05,0.0007004043804146,0.0168097051299504,5139887.9,False,False,False,0.0,0,0,0,0,0
0x5daf884b73f6ab637d72bf09475a8455121614e6,usdc,554,2.3990312914014553,2.3563205875170246,0.0649819494584837,4.506561553622074e-05,0.0027039369321732,0.0648944863721578,1331392.0,False,False,False,0.0,0,0,0,0,0
0x1864e1605a39335e87d618582a28093e1fd9711c,usdc,792,2.541189780321099,0.0009990011652101975,0.3017676767676767,0.0002094210008781,0.0125652600526899,0.3015662412645594,286504.2175732218,False,False,False,0.0,0,0,0,0,0
0xf8f25db1baa54d5c1f9f23802d6cd9c51ce8110e,usdc,1892,2.388551442045421,0.0,0.1664904862579281,0.0001155596770074,0.006933580620444,0.1664059348906575,519212.2507936508,False,False,False,0.0,0,0,0,0,0
0xd2a23998a24ee880915d1c1beaef9df5d417d177,usdc,1712,2.169119426093582,9.999000116652086e-05,0.0262850467289719,1.825311349103167e-05,0.0010951868094619,0.0262844834270856,3287110.4444444445,False,False,False,0.0,0,0,0,0,0
0x12301a549bbdc69f386417555d85b1ccc96c8b60,usdc,896,2.1853922154971417,2.1519252521271723,0.0703125,4.879602394506094e-05,0.0029277614367036,0.0702662744808877,1229608.380952381,False,False,False,0.0,0,0,0,0,0
0x5a52e96bacdabb82fd05763e25335261b270efcb,usdc,1174,2.9413759044606844,2.96200837478161,0.06984667802385,4.846628586154217e-05,0.0029079771516925,0.0697914516406207,1237973.963414634,False,False,False,0.0,0,0,0,0,0
0x734609a9179121a1b526fe7197a961d83f9ac932,usdc,206,2.301016235884464,2.1780701223518757,0.2766990291262136,0.0001914078686767,0.0114844721206044,0.2756273308945061,313466.7368421053,False,False,False,0.0,0,0,0,0,0
0x5868d2f40fc679747f52fe2b12fc5ae3944dc5d3,usdc,270,2.1301022615187186,1.2604360965532797,0.037037037037037,2.567461330181176e-05,0.0015404767981087,0.0369714431546089,2336938.8,False,False,False,0.0,0,0,0,0,0
0xac9f120e2f697e0b0b3016586deb8671e36caa81,usdc,314,2.071506025070194,1.9213195354702284,0.0828025477707006,5.739739883818834e-05,0.0034438439302913,0.0826522543269912,1045343.5384615384,False,False,False,0.0,0,0,0,0,0
0x42d7f1bcca53d124432782dd39ada014385eb952,usdc,270,2.380489176212872,2.4163698089673344,0.0666666666666666,4.619150209803514e-05,0.0027714901258821,0.0665157630211706,1298940.2222222222,False,False,False,0.0,0,0,0,0,0
0xf9381e6c170966b2fdeb9ccdbe27b15022a2833b,usdc,1218,2.738008282623736,2.5806771513940974,0.0632183908045977,4.389809621368088e-05,0.0026338857728208,0.0632132585477004,1366801.87012987,False,False,False,0.0,0,0,0,0,0
0x1591ffe832548d7ef6152944caaef37fe313381c,usdc,225,2.1849716816837956,2.0549638912181787,0.3244444444444444,0.0002243187317203,0.0134591239032196,0.3230189736772723,267476.5479452055,False,False,False,0.0,0,0,0,0,0
0x8debc4cb75e66b9d12cdecd9bc03a99c8d3ac8f1,usdc,687,2.6635063517178903,2.6084242962897353,0.4730713245997088,0.000328416185158,0.0197049711094808,0.4729193066275396,182695.0153846154,False,False,False,0.0,0,0,0,0,0
0xf8d8e8dca72d41aba3e24518194e9eaf03fdda86,usdc,1126,2.18312109471775,2.027681339521828,0.0124333925399644,8.633823007800074e-06,0.000518029380468,0.0124327051312321,6949412.785714285,False,False,False,0.0,0,0,0,0,0
0xe222e11129a5fefdebcc0572a10a6deacc35e6c0,usdc,2002,2.054823045838061,1.5957092304038698,0.0439560439560439,3.0512067736605454e-05,0.0018307240641963,0.0439373775407118,1966435.068181818,False,False,False,0.0,0,0,0,0,0
0xc38785e0da188a77b759b9c4f828ef9da8678bfb,usdc,260,2.556739866907424,2.5053388558245384,0.0576923076923076,4.005699843831115e-05,0.0024034199062986,0.057682077751168,1497865.6,False,False,False,0.0,0,0,0,0,0
0xd31987036d2b8af03a2e82d1de1485dc926a6f30,usdc,994,2.367275330141575,2.2149425788500094,0.0342052313883299,2.3736654938432004e-05,0.0014241992963059,0.034180783111342,2527736.117647059,False,False,False,0.0,0,0,0,0,0
0xc35861074210bf642706f62ef9f47ef62076ae10,usdc,162,2.020098199978993,2.012338643987101,0.0493827160493827,3.413656674893579e-05,0.0020481940049361,0.0491566561184675,1757646.0,False,False,False,0.0,0,0,0,0,0
0xb8419d7680caf9634c2ff98f75c624a24bfc49b5,usdc,778,2.395296184355826,0.0,0.1593830334190231,0.0001106662447069,0.0066399746824191,0.1593593923780587,542170.7419354839,False,False,False,0.0,0,0,0,0,0
0x76ccaf2bd3636e6d4bf2d352678f1b3948bb50e6,usdc,252,2.099678291045478,0.0,2.043650793650793,0.0014177407544032,0.0850644452641953,2.041546686340688,42320.85436893204,False,False,False,0.0,0,0,0,0,0
0xbc6a93cc98c8bbb25f3f8da098468406a8f99484,usdc,678,2.4314102952597696,2.406845866789279,0.0206489675516224,1.4321099091162592e-05,0.0008592659454697,0.0206223826912741,4189622.5714285714,False,False,False,0.0,0,0,0,0,0
0x39e6a6028d8d2c58326392da1f867ce613f66ce5,usdc,574,2.4896148126168294,2.349078739168499,0.4390243902439024,0.0003047012500973,0.0182820750058401,0.4387698001401625,196914.19047619047,False,False,False,0.0,0,0,0,0,0
0xd7fa7b01a58e07f34d2446e4f76373d8ee05dadc,usdc,508,1.9891080331668152,1.8475734615665027,0.2795275590551181,0.0001937482091934,0.0116248925516093,0.2789974212386241,309680.28169014084,False,False,False,0.0,0,0,0,0,0
0x83fb1a6b40b194af3be30da0ca649d9b86d6e229,usdc,1196,2.249023105535458,0.0,0.0125418060200668,8.705571394482899e-06,0.0005223342836689,0.0125360228080553,6892138.066666666,False,False,False,0.0,0,0,0,0,0
0xc6827a88945dbbcff8dccd4c3cd8c9593befe1ba,usdc,476,2.207567650298698,2.2721031494952157,0.0693277310924369,4.809261179680191e-05,0.0028855567078081,0.0692533609873947,1247592.878787879,False,False,False,0.0,0,0,0,0,0
0x771a667f2f397afd18ed10a09bbc4717969de889,usdc,134,2.263424835261193,0.0,3.388059701492537,0.0023496605413328,0.1409796324799683,3.383511179519241,25535.603524229075,False,False,False,0.0,0,0,0,0,0
0xbc6d5602a4be710f6e25de34382e4fba28341926,usdc,727,2.2597476470165287,0.0,0.0550206327372764,3.8175960254244256e-05,0.0022905576152546,0.0549733827661117,1571669.7,False,False,False,0.0,0,0,0,0,0
0x10436aeafce12d10c9b984d987f093c45aae7550,usdc,1279,1.9376923804277428,1.6601509378093449,0.0086004691164972,5.96987460169856e-06,0.0003581924761019,0.0085966194264459,10050462.363636363,False,False,False,0.0,0,0,0,0,0
0x44322e2f396e4e5244f4f09b863044847e4a54da,usdc,140,2.4255804845088615,2.5496492926762007,0.1214285714285714,8.4088730428348e-05,0.0050453238257008,0.1210877718168211,713532.0,False,False,False,0.0,0,0,0,0,0
0x15bfd0482b0309a4b1a83944ef5362741d29f245,usdc,739,2.0605108378198924,2.1967029546804206,0.0297699594046008,2.0671341271253664e-05,0.0012402804762752,0.0297667314306052,2902569.272727273,False,False,False,0.0,0,0,0,0,0
0xce20ae2446d5cfb30997ea6d218b2a799e077e8d,usdc,832,2.1844545697955184,2.1519252521271723,0.0925480769230769,6.425447040046891e-05,0.0038552682240281,0.0925264373766752,933787.1688311688,False,False,False,0.0,0,0,0,0,0
0x430536d3e6692c95456f75d12a9f4e7eee72ba84,usdc,396,2.2430098138961854,0.0,0.1035353535353535,7.178899219110861e-05,0.0043073395314665,0.1033761487551963,835782.731707317,False,False,False,0.0,0,0,0,0,0
0xd791482e9cc7710eb3aac780dd0f3c487341e21a,usdc,373,2.2793067286735,9.999000116652086e-05,1.911528150134048,0.0013248621437272,0.0794917286236373,1.907801486967296,45287.73071528752,False,False,False,0.0,0,0,0,0,0
0x410fc2961f0719a4a608447f9d3886370832d023,usdc,1117,1.960002924956502,2.2751751805130827,0.0358102059086839,2.4845968453819235e-05,0.0014907581072291,0.0357781945734996,2414878.7,False,False,False,0.0,0,0,0,0,0
0x26dc7680eedf5ff8c7f273ea898e29362612a3bb,usdc,1390,2.3185553833514994,2.087834132681337,0.4028776978417266,0.0002797477095281,0.0167848625716897,0.4028367017205533,214478.96785714285,False,False,False,0.0,0,0,0,0,0
0xa90962a89a0c024d015338ad7173f4f30f356f77,usdc,640,2.20044220469995,0.0,0.165625,0.0001148934417522,0.0068936065051366,0.1654465561232785,522223.0188679245,False,False,False,0.0,0,0,0,0,0
0x09cf91d5e137cf047eb9e0551ceb18239b46d3dd,usdc,2183,2.60637868988131,0.0,0.3202015574896931,0.0002222604892297,0.013335629353787,0.3200551044908882,269953.51359084406,False,False,False,0.0,0,0,0,0,0
0x23b720f07e14ea1354686aab2d416542f893003f,usdc,2060,1.6237466056592085,0.08350704484682892,0.0043689320388349,3.0329371753855064e-06,0.0001819762305231,0.0043674295325551,19782803.444444444,False,False,False,0.0,0,0,0,0,0
0x4aa7f4e2c575b86172e8b54ebaf857b9f46f3245,usdc,145,2.1606184697628015,0.002979102863714406,0.0896551724137931,6.208356256494895e-05,0.0037250137538969,0.0894003300935265,966439.3846153846,False,False,False,0.0,0,0,0,0,0
0xd46e02339f7f21b9864f456509cde3b4fcc4c693,usdc,250,2.216413071752372,2.3696191024031537,0.196,0.000136096594141,0.0081657956484641,0.1959790955631399,440863.3469387755,False,False,False,0.0,0,0,0,0,0
0x34cc62a979b2f4a3d757a6527ad6835c6284b6b9,usdc,1397,2.2483032939799785,2.080555370985854,0.0644237652111667,4.4717332795930366e-05,0.0026830399677558,0.0643929592261397,1341761.6,False,False,False,0.0,0,0,0,0,0
0x1d2178942ff235bebdd0c1d8305301e1280720f5,usdc,1531,1.7307502166494366,1.5120313678644637,0.0071848465055519,4.986779066450478e-06,0.000299206743987,0.0071809618556886,12031814.363636363,False,False,False,0.0,0,0,0,0,0
0x5e12d7ab0c6822e2647208997cad6eea1f7ffaf4,usdc,393,2.377950336229681,1.2507263584035737,0.0661577608142493,4.583043514588004e-05,0.0027498261087528,0.0659958266100672,1309173.6923076925,False,False,False,0.0,0,0,0,0,0
0x1586728128e24ccc8572207acb6a0f4f0a66a96b,usdc,1104,2.22731918418567,0.00019996000933093387,0.2617753623188406,0.0001817825000691,0.0109069500041514,0.2617668000996344,330064.7750865052,False,False,False,0.0,0,0,0,0,0
0xfb626333099a91ab677bcd5e9c71bc4dbe0238a8,usdc,2039,2.637936275069224,2.2570769734666944,0.1338891613536047,9.29695168619403e-05,0.0055781710117164,0.133876104281194,645372.8278388279,False,False,False,0.0,0,0,0,0,0
0xdfae13378892bc23854227c7b59119c2ccb6277f,usdc,417,2.368983472093159,2.2198720361431663,0.0455635491606714,3.1633936087461506e-05,0.0018980361652476,0.0455528679659445,1896697.2631578948,False,False,False,0.0,0,0,0,0,0
0x72eb41ae7f943445da9932662d31a06d56a3cfaa,usdc,1911,2.3875045131716184,2.4563069579455608,0.0366300366300366,2.5433900834310672e-05,0.0015260340500586,0.0366248172014073,2359056.1428571427,False,False,False,0.0,0,0,0,0,0
0x0a62a72cfe67c25e077ff7b979135af224e35941,usdc,1696,2.292973153296906,2.1896090612322117,0.1509433962264151,0.0001048125422563,0.0062887525353836,0.150930060849208,572450.57421875,False,False,False,0.0,0,0,0,0,0
0x2b1c6da29c36a0965cd61ecb9facc1bea0dfbeb1,usdc,281,1.7450161167289195,1.9039583202856063,0.0249110320284697,1.729325908760765e-05,0.0010375955452564,0.024902293086155,3469560.0,False,False,False,0.0,0,0,0,0,0
0x762719f17daf9e68fb2225b7e7ab694d4d4c2811,usdc,610,2.1723561357538914,1.5145924302623857,0.0114754098360655,7.966595231598217e-06,0.0004779957138958,0.0114718971335014,7531448.285714285,False,False,False,0.0,0,0,0,0,0
0x36317df75383b38c390e9635c22087f36fa68a46,usdc,844,1.817525348082866,1.8757103667584751,0.0177725118483412,1.233798376617448e-05,0.0007402790259704,0.0177666966232912,4863031.2,False,False,False,0.0,0,0,0,0,0
0x34ff582952ff24458f7b13d51f0b4f987022c1fe,usdc,909,1.592462634544839,1.616577374917764,0.0055005500550055,3.81885763100171e-06,0.0002291314578601,0.0054991549886424,15711504.8,False,False,False,0.0,0,0,0,0,0
0x89297f26955d58bae67b791751a6a2c6fd4211da,usdc,272,2.148797508521269,2.0483143230749925,0.0698529411764705,4.843419882697469e-05,0.0029060519296184,0.0697452463108435,1238794.105263158,False,False,False,0.0,0,0,0,0,0
0x14004193e18319d52c1f1d7ee7bae811cb8f3e50,usdc,148,2.5075865502103993,0.0009990011652101975,1.358108108108108,0.0009402101205901,0.056412607235408,1.353902573649793,63815.5223880597,False,False,False,0.0,0,0,0,0,0
0x5ac3cfe6e8adce48cf120734143ffe4938a4813e,usdc,322,2.17336626300139,2.252952060051704,0.0745341614906832,5.1630690831551e-05,0.003097841449893,0.0743481947974334,1162099.5,False,False,False,0.0,0,0,0,0,0
0xe91c94d19a7a2543e3ef8f96a01acf7bcc48c475,usdc,1202,2.2986784275776335,2.2372070317336243,0.0474209650582362,3.2924453973923834e-05,0.0019754672384354,0.0474112137224503,1822353.6842105263,False,False,False,0.0,0,0,0,0,0
0x7be8dbb062ffceeea525e963f033fe4fdf35e41e,usdc,340,2.154661385470253,0.0,0.1029411764705882,7.136067684174771e-05,0.0042816406105048,0.1027593746521167,840799.2,False,False,False,0.0,0,0,0,0,0
0xbd1842fc33e92131f34a1cc856725da36dcea9a5,usdc,641,2.191940427199209,1.883367035402693,0.7753510140405616,0.0005376741923744,0.032260451542465,0.7742508370191602,111591.74245472836,False,False,False,0.0,0,0,0,0,0
0x108675175cb187a55b3d43cddfcc332c408c3bbd,usdc,1312,2.2621693414355315,9.999000116652086e-05,0.4123475609756097,0.0002863339046221,0.0171800342773263,0.4123208226558323,209545.5656192237,False,False,False,0.0,0,0,0,0,0
0xd68d1e0304c72024704ffcb15e0eb60a98dba554,usdc,1270,2.1444239048775926,1.8868713180004442,0.0236220472440944,1.6391978840140913e-05,0.0009835187304084,0.0236044495298029,3660326.8333333335,False,False,False,0.0,0,0,0,0,0
0x8cc1665ee965345e79b132adb124782bad8c78e0,usdc,388,2.421991727680247,2.323180730959869,0.1752577319587628,0.0001215569442443,0.0072934166546599,0.1750419997118385,493595.82352941175,False,False,False,0.0,0,0,0,0,0
0x3744444c5bb9e8444839f7715dc8589e2c07d22f,usdc,250,2.1996866613665618,1.8410990268231155,0.136,9.444386728747768e-05,0.0056666320372486,0.1359991688939678,635298.0,False,False,False,0.0,0,0,0,0,0
0x870e70e74a459fe4ad7714d77101593a788e17c3,usdc,1967,1.9086913460787291,0.0,0.0116929334011184,8.119493813810618e-06,0.0004871696288286,0.0116920710918872,7389623.217391305,False,False,False,0.0,0,0,0,0,0
0xfb239e0df3a98f6b728200c14cb364cfc61dc4bc,usdc,1280,2.4684792045945176,2.2264776290112787,0.1,6.940438404720714e-05,0.0041642630428324,0.0999423130279782,864498.703125,False,False,False,0.0,0,0,0,0,0
0x528b74aff8562522c0bb38b0f345f525f9e4ab07,usdc,228,2.3797960257258004,0.000850276517246836,0.4166666666666667,0.0002886258916261,0.0173175534975685,0.4156212839416453,207881.55789473685,False,False,False,0.0,0,0,0,0,0
0x50c453d718c143958b02546e0d9eb94685812236,usdc,312,1.9026098929610304,2.187946154649792,0.2724358974358974,0.0001891031217143,0.0113461873028599,0.2723084952686399,317287.2,False,False,False,0.0,0,0,0,0,0
0xe663af898228544c6252e9f227ae5b5a8627f8fc,usdc,1192,2.1206225114682353,1.9157858499028548,0.023489932885906,1.6299615337809967e-05,0.0009779769202685,0.0234714460864463,3681068.464285714,False,False,False,0.0,0,0,0,0,0
0xb21bab5dd726fcc48f684f6e8e89d2e609e50405,usdc,370,2.2072111655855458,2.3260163903793445,0.1837837837837838,0.0001273233229739,0.0076393993784374,0.1833455850824999,471241.2352941177,False,False,False,0.0,0,0,0,0,0
0x6ea86cf206eac2e259d8c1e43a944b40b1b2a457,usdc,585,2.324685304241513,2.4350001012789884,0.0222222222222222,1.5424657430223596e-05,0.0009254794458134,0.0222115066995219,3889875.692307693,False,False,False,0.0,0,0,0,0,0
0xa392ec66fd2f7642faa39e2603802b2e51d210df,usdc,944,2.5302873725155526,1.5985547531272843,0.0466101694915254,3.23673113107128e-05,0.0019420386786427,0.0466089282874264,1853722.0909090908,False,False,False,0.0,0,0,0,0,0
0x1dc1a2b422631519d1184b38ed4973c64873ea1d,usdc,1439,2.435120328335974,2.4274507828234504,0.0514246004169562,3.571091971881222e-05,0.0021426551831287,0.0514237243950896,1680158.3513513512,False,False,False,0.0,0,0,0,0,0
0x4ee79e19c9c398e364d135f01b25dccc0473047c,usdc,1079,2.6995054596741896,2.6882074149942223,0.2316960148285449,0.0001607776389945,0.0096466583396711,0.2315198001521085,373186.224,False,False,False,0.0,0,0,0,0,0
0xa16320382301df58cb640fed7c0d51fd0bfffd74,usdc,646,2.287795177581574,1.981892954394281,0.0681114551083591,4.7240215853429926e-05,0.0028344129512057,0.068025910828939,1270104.2727272727,False,False,False,0.0,0,0,0,0,0
0x0c368d683c616073d48fa26f7796dfe3f8d46526,usdc,1217,2.367532201173494,2.129261391619069,0.0665571076417419,4.621778866197191e-05,0.0027730673197183,0.0665536156732395,1298201.4444444445,False,False,False,0.0,0,0,0,0,0
0x540bbf6a9e195398802f42552b3089dee5d7af60,usdc,298,1.9579563363028307,1.985565393731877,0.0570469798657718,3.9579710043700656e-05,0.002374782602622,0.0569947824629289,1515928.2352941176,False,False,False,0.0,0,0,0,0,0
0xe3b33976c36f6d59396c5b4c7ae1a73f96e2b995,usdc,293,2.725653728582033,2.812571442151449,0.0273037542662116,1.8931416211918272e-05,0.001135884972715,0.0272612393451623,3169335.0,False,False,False,0.0,0,0,0,0,0
0xe684700ba51280da463c1aa0f46ee52098b87538,usdc,1100,2.230645302106035,2.1769813564996414,0.0245454545454545,1.704260496595629e-05,0.0010225562979573,0.024541351150977,3520588.5555555555,False,False,False,0.0,0,0,0,0,0
0xb9eb010f62dfea977651497a21a16015b8dd89ed,usdc,197,2.5192920053297256,0.0,3.071065989847716,0.0021311776852662,0.1278706611159762,3.0688958667834294,28153.447933884298,False,False,False,0.0,0,0,0,0,0
0xad64dd4824aed53a3a10cae7842d223d99f49a99,usdc,1298,2.244402918354977,0.0,0.0824345146379044,5.721599889803056e-05,0.0034329599338818,0.0823910384131639,1048657.738317757,False,False,False,0.0,0,0,0,0,0
0x7fec46e3f388e974e95d47c7e35b0b18419f4312,usdc,151,2.209916897559749,0.0,0.0397350993377483,2.742626448792421e-05,0.0016455758692754,0.0394938208626108,2187684.0,False,False,False,0.0,0,0,0,0,0
0x9fb01ca6c25fc301a5e6ce723e36e344bebf42a7,usdc,282,2.2356563579147695,0.8718295830867505,0.0177304964539007,1.2296142257512696e-05,0.0007377685354507,0.0177064448508182,4879579.2,False,False,False,0.0,0,0,0,0,0
0xe27f66e47081dc36dc418ca1b58b78c4ccd5bae0,usdc,1019,2.266997543587379,2.3401810750561576,0.0343473994111874,2.384066912993001e-05,0.0014304401477958,0.0343305635470992,2516707.885714285,False,False,False,0.0,0,0,0,0,0
0xab7ead14cbea180267aa81c13ef2bbb0af89305f,usdc,820,2.1441043686101264,2.242691885447889,0.0060975609756097,4.23217939294296e-06,0.0002539307635765,0.0060943383258378,14177092.8,False,False,False,0.0,0,0,0,0,0
0x47a2cbde64e2d671d9cfde2bee8b68645b4e10f7,usdc,772,2.0624773550919167,0.0,0.0544041450777202,3.7737612179544776e-05,0.0022642567307726,0.0543421615385444,1589925.7142857143,False,False,False,0.0,0,0,0,0,0
0x81eea4f3857f4b80e3a34359ae08eaf6f68f945c,usdc,1546,2.474443495747756,1.592847860684176,0.1507115135834411,0.0001046218607857,0.0062773116471424,0.1506554795314177,573493.9098712447,False,False,False,0.0,0,0,0,0,0
0x40c7eea3c470f36521966d3d454f4793d425535d,usdc,408,2.333475764708209,9.999000116652086e-05,0.1691176470588235,0.0001172420589744,0.0070345235384672,0.1688285649232149,511761.7391304348,False,False,False,0.0,0,0,0,0,0
0x2d5c896b26d88464f57265742e25c5b58c679906,usdc,990,1.8991453115849233,0.0,0.0212121212121212,1.4725995505345676e-05,0.0008835597303207,0.0212054335276977,4074427.4285714286,False,False,False,0.0,0,0,0,0,0
0x282868c698d82f226136fc2a30d2adafb84dab59,usdc,180,2.03332874804,1.6193043080768887,0.0444444444444444,3.0841019172319567e-05,0.0018504611503391,0.0444110676081401,1945461.0,False,False,False,0.0,0,0,0,0,0
0xa4bc8e08f7ba01043b2088040255036b57edaf91,usdc,929,2.2121068373889003,2.0059575752366556,0.1399354144241119,9.716630782194134e-05,0.0058299784693164,0.1399194832635955,617497.9923076923,False,False,False,0.0,0,0,0,0,0
0x9977b539dde0ee73fe370b31ac560a4ea4f70d70,usdc,199,2.232922165187221,0.0009990011652101975,0.0753768844221105,5.233406438206379e-05,0.0031400438629238,0.0753610527101718,1146480.8,False,False,False,0.0,0,0,0,0,0
0xb2a0e8ffc16729a0ab621b2de55e1406991b407e,usdc,1167,2.313007345874082,1.7293593430807837,0.0428449014567266,2.974896071757825e-05,0.0017849376430546,0.0428385034333126,2016877.18,False,False,False,0.0,0,0,0,0,0
0x726770c536bdf2f7b81b30f507d616fc271e91f0,usdc,791,2.2579477020610144,1.9707236282233618,0.7496839443742098,0.0005202354938517,0.0312141296311047,0.7491391111465149,115332.3844856661,False,False,False,0.0,0,0,0,0,0
0x6a4cc5b8c513b3e9acb9d295467edb9222e06976,usdc,149,0.9420816271765587,0.6202093968132298,0.2550335570469799,0.0001762034463539,0.010572206781236,0.253732962749664,340515.4736842105,False,False,False,0.0,0,0,0,0,0
0xd4835df7ca0660bd299513153f0a150e2aa037a2,usdc,265,2.2613231846000357,2.0580426471525466,0.1320754716981132,9.15586100670523e-05,0.0054935166040231,0.1318443984965553,655317.9428571429,False,False,False,0.0,0,0,0,0,0
0x2afc0cdd97ea7408c30a87ba14781f8eacf9c3ee,usdc,413,2.0721345619135145,2.1237186391385774,0.0847457627118644,5.8769895708622215e-05,0.0035261937425173,0.084628649820416,1020930.8571428572,False,False,False,0.0,0,0,0,0,0
0x4ef2e45e7dc955522c4f273ff47ad1bf69b4969a,usdc,347,2.3991096334218494,2.4113243961935065,0.0576368876080691,3.999627234741722e-05,0.002399776340845,0.0575946321802808,1500139.8,False,False,False,0.0,0,0,0,0,0
0xaaa713678275fb04eac5a6d9bb20ddd57e63523a,usdc,409,2.3946210226114917,2.575880527024972,0.1613691931540342,0.0001119532483235,0.00671719489941,0.1612126775858401,535938.0,False,False,False,0.0,0,0,0,0,0
0xf1b6c4cea58270109dcb26561cf9230582671fc7,usdc,490,2.2398841091968964,2.154997148941194,0.0224489795918367,1.5563312687891628e-05,0.0009337987612734,0.0224111702705639,3855220.363636364,False,False,False,0.0,0,0,0,0,0
0x182ec421ecf82fef9693c4fe048b9ad7ac1e7743,usdc,274,2.2482238949707316,9.999000116652086e-05,0.0875912408759124,6.074273175250374e-05,0.0036445639051502,0.0874695337236053,987772.5,False,False,False,0.0,0,0,0,0,0
0x20ccead2c6da0782876b49f7d2f268852bc07e1e,usdc,284,1.8443220743261022,1.7304983356831471,0.0387323943661971,2.684145824274341e-05,0.0016104874945646,0.0386516998695505,2235348.0,False,False,False,0.0,0,0,0,0,0
0x4a087735f2ed7659c37bea8a68675285ba63721a,usdc,406,2.0977048372519067,2.033904549765487,0.0246305418719211,1.7079063425151518e-05,0.001024743805509,0.0245938513322181,3513073.2,False,False,False,0.0,0,0,0,0,0
0x975e83a6d49595e5c2ecec956f5d9291e6928a29,usdc,1035,2.1047218415345403,2.0026618791410185,0.0135265700483091,9.392498560264147e-06,0.0005635499136158,0.0135251979267803,6388076.571428572,False,False,False,0.0,0,0,0,0,0
0xa29af2f0256d99446cbf03b598fb790d29c67151,usdc,212,2.0042417653690503,2.1040300102682545,0.0377358490566037,2.608442746638043e-05,0.0015650656479828,0.0375615755515878,2300223.0,False,False,False,0.0,0,0,0,0,0
0xd6ec551b47292b034f97d9b8d9695379467e3bbb,usdc,297,1.858285281731314,1.8122095959040794,0.0235690235690235,1.6347951671718184e-05,0.000980877100303,0.0235410504072741,3670184.5714285714,False,False,False,0.0,0,0,0,0,0
0x2378170d7025a8d7ed02038dc90999047436bd21,usdc,1183,2.320961785394286,0.0,0.0219780219780219,1.5259251155770898e-05,0.0009155550693462,0.02197332166431,3932040.923076923,False,False,False,0.0,0,0,0,0,0
0x0d7b281fbfd3281f7859e55ff579f5ebb41e2fcb,usdc,477,2.234984330891463,2.2659971096285823,0.0838574423480083,5.81189736073023e-05,0.0034871384164381,0.0836913219945153,1032365.1,False,False,False,0.0,0,0,0,0,0
0x5e752a1dec87d5dadc5be89d18fa2c8d21532708,usdc,763,2.1857632808267,1.7946353028541102,0.2254259501965924,0.0001564958896172,0.0093897533770357,0.2253540810488573,383396.6511627907,False,False,False,0.0,0,0,0,0,0
0x00000000003b3cc22af3ae1eac0440bcee416b40,usdc,190,2.5531030086481667,2.5373286847307144,1.2526315789473683,0.0008674879371792,0.0520492762307576,1.249182629538183,69165.2268907563,False,False,False,0.0,0,0,0,0,0
0xefaae7dd6a6e2d9db963aa0ad6665dfbe7aa06ac,usdc,445,2.3580112661725017,2.574969155267268,1.0786516853932584,0.0007486638689513,0.0449198321370828,1.0780759712899883,80142.775,False,False,False,0.0,0,0,0,0,0
0xbe2ee90f83bdc35ddd79dccc9b192ab1507dbc12,usdc,614,1.9759169622280999,1.875786662613331,0.1156351791530944,8.027026886470028e-05,0.004816216131882,0.1155891871651684,747474.7605633803,False,False,False,0.0,0,0,0,0,0
0xb6ac487a7ff53c29b8aca21710eba1499c0ebcbb,usdc,160,1.9442728890819476,2.001615479470932,0.1125,7.793415602937597e-05,0.0046760493617625,0.1122251846823014,769880.6666666666,False,False,False,0.0,0,0,0,0,0
0xb03fedd3a6acb5111a0e8af9a46346e4d870a9c3,usdc,2046,2.061595004375052,1.6604208924444215,0.0532746823069403,3.698190346535704e-05,0.0022189142079214,0.0532539409901141,1622415.1376146788,False,False,False,0.0,0,0,0,0,0
0x85af1678527f63eb6492ab158ed5d2a94b8732c0,usdc,1171,2.6924964452179645,2.667744252145096,0.139197267292912,9.658716272463971e-05,0.0057952297634783,0.1390855143234812,621200.5644171779,False,False,False,0.0,0,0,0,0,0
0x938883e597d8c0a5e65f071d64ce24b732fff2b9,usdc,470,2.274624252893172,2.389240775301803,0.2,0.0001386307587438,0.0083178455246304,0.1996282925911298,432804.3829787234,False,False,False,0.0,0,0,0,0,0
0x0b3071c91837c1754d4c8c123e794339fea3b369,usdc,537,2.1616783432344016,1.286990558947061,0.0521415270018622,3.614557993775732e-05,0.0021687347962654,0.0520496351103705,1659954.0,False,False,False,0.0,0,0,0,0,0
0x3b9fee61806303521c28c1f9f38770558ce85c22,usdc,1057,1.9720836203616916,1.9482879281725605,0.0047303689687795,3.282184176285937e-06,0.0001969310505771,0.0047263452138517,18280509.8,False,False,False,0.0,0,0,0,0,0
0xb1cbbb620519a87cd3b3280be4bfbd22fa0fbd3e,usdc,468,2.2721605523481587,2.2294184863513293,0.0256410256410256,1.780204658261529e-05,0.0010681227949569,0.025634947078966,3370399.0,False,False,False,0.0,0,0,0,0,0
0x25cf5e29400b592f9ef92ee75f5b3fb9acdf26a0,usdc,720,2.142896433400243,1.8565845793099864,0.0763888888888889,5.304774229291054e-05,0.0031828645375746,0.0763887489017911,1131056.6181818182,False,False,False,0.0,0,0,0,0,0
0x22c9568f8a6a0d19ac680ce79f0abad7e99af7b8,usdc,793,2.2177816521507236,2.302990483567292,0.0252206809583858,1.749313569355385e-05,0.0010495881416132,0.0251901153987175,3429916.8,False,False,False,0.0,0,0,0,0,0
0x8e43c08fabce9b0056d8faa5e418d3ed63eeb77c,usdc,377,2.281884133752005,2.435870031237232,1.5039787798408488,0.0010440677616549,0.0626440656992989,1.503457576783174,57467.53439153439,False,False,False,0.0,0,0,0,0,0
0x1337b5e4e4d1725da72860bf4eae4d4172402c8b,usdc,309,1.8095951736933455,0.0005836591762032497,0.0550161812297734,3.8084501892799744e-05,0.0022850701135679,0.0548416827256316,1575444.0,False,False,False,0.0,0,0,0,0,0
0xb419a4447e6ae84b3d378c156fe8e161e10208e0,usdc,237,1.6336231049165064,1.446184600703174,0.7848101265822784,0.00054332045917,0.0325992275502031,0.7823814612048744,110432.06451612904,False,False,False,0.0,0,0,0,0,0
0x6666827e8f2220ddf718193544889f3b482ed072,usdc,354,2.347136626912385,1.643606688352143,0.6864406779661016,0.000476454519573,0.0285872711743839,0.6860945081852141,125930.17283950618,False,False,False,0.0,0,0,0,0,0
0x61625ebcf5e230fa204444987c27757a65e30cbd,usdc,208,2.28047919728233,1.536810409811059,0.0288461538461538,1.9978423302832945e-05,0.0011987053981699,0.0287689295560794,3003240.0,False,False,False,0.0,0,0,0,0,0
0xbde425af2c8e7457cf115de89792b28abe71964c,usdc,1493,2.317585565618422,2.086545868792951,0.0187541862022772,1.3023616840727306e-05,0.0007814170104436,0.0187540082506473,4607015.142857143,False,False,False,0.0,0,0,0,0,0
0xd3d737012acda40f209f31b7f16fc83f7b5b494d,usdc,358,2.066515443347603,1.9905680642997707,0.4050279329608938,0.0002811784207003,0.0168707052420189,0.4048969258084558,213387.6413793104,False,False,False,0.0,0,0,0,0,0
0xa74e8ae2f83d2564af25420ad4d6a7fe224b053f,usdc,240,2.6720230522368524,2.526762946426977,0.025,1.735714347704084e-05,0.0010414286086224,0.0249942866069388,3456790.0,False,False,False,0.0,0,0,0,0,0
0x46400c7d7817663c9356f16b480057673f8b1162,usdc,700,2.120061014575333,2.0230912998255124,0.02,1.387799301223226e-05,0.0008326795807339,0.0199843099376144,4323391.714285715,False,False,False,0.0,0,0,0,0,0
0x33b940a59d3d285e8a980fe8f2fd17eb6359c806,usdc,1461,2.153089177442248,0.1856302783097259,0.0506502395619438,3.5162371953826896e-05,0.0021097423172296,0.0506338156135107,1706369.527027027,False,False,False,0.0,0,0,0,0,0
0x37e6c15ac6f42e21739faa93e2f652bc8dcde743,usdc,368,2.1096228626754874,2.067970345786057,0.1929347826086956,0.0001337159240975,0.008022955445854,0.1925509307004982,448712.4507042253,False,False,False,0.0,0,0,0,0,0
0x8fb3398be4ff742138c909f0bfc4bbe88af2b553,usdc,259,2.4133376093545724,2.4053495089995196,1.2895752895752897,0.0008941201162034,0.0536472069722094,1.287532967333027,67105.07784431138,False,False,False,0.0,0,0,0,0,0
0xe60974c41b3b0290733f52ab52e84cc166a1fd91,usdc,229,1.9582403924614835,1.7253026177190496,0.0611353711790393,4.234117673388631e-05,0.0025404706040331,0.0609712944967962,1417060.2857142857,False,False,False,0.0,0,0,0,0,0
0xfe5573c66273313034f7ff6050c54b5402553716,usdc,1823,2.4288808008385256,2.068600154474629,0.1119034558420186,7.770346544505308e-05,0.0046622079267031,0.1118929902408764,772166.3333333334,False,False,False,0.0,0,0,0,0,0
0x8f8f486e28244a16b920b1a2bf041fc9d9ee7d62,usdc,1683,2.002245089800196,2.0450022418093012,0.0368389780154486,2.5576903736901832e-05,0.0015346142242141,0.0368307413811386,2345866.435483871,False,False,False,0.0,0,0,0,0,0
0x8163d9be044c27b5f8efb7041a5e5ad2ef53f6af,usdc,1575,2.5479250812398746,9.999000116652086e-05,0.0323809523809523,2.2474577782189126e-05,0.0013484746669313,0.0323633920063523,2669683.0784313725,False,False,False,0.0,0,0,0,0,0
0xe13d5f9ad649cfd0a68acf39f94c0777b06341c2,usdc,863,2.5179247967183125,0.0,0.0104287369640787,7.241884355475243e-06,0.0004345130613285,0.0104283134718843,8285136.444444444,False,False,False,0.0,0,0,0,0,0
0xcd6b2f67abc1f1a78941c486d319228c8ee2c8f2,usdc,1269,2.433889580847727,2.414500527783557,0.1505122143420015,0.0001044998501758,0.0062699910105508,0.1504797842532203,574163.5026178011,False,False,False,0.0,0,0,0,0,0
0x69111be3d013155f5f17690bf6ea03b30840a08a,usdc,1205,2.4468696948514417,9.999000116652086e-05,0.0838174273858921,5.817964530385616e-05,0.0034907787182313,0.0837786892375528,1031288.5148514851,False,False,False,0.0,0,0,0,0,0
0xbd044acdc21255fb4371446e626ac10141f37ddb,usdc,133,2.281868087254776,1.5786845449313738,0.4135338345864661,0.000286294012499,0.0171776407499445,0.4122633779986696,209574.76363636364,False,False,False,0.0,0,0,0,0,0
0xdd288a2f0a11c4debc38d2e40090476b35abefb9,usdc,175,1.87680653039302,1.7875160658380107,0.2628571428571428,0.0001819663441379,0.0109179806482748,0.2620315355585971,329731.3043478261,False,False,False,0.0,0,0,0,0,0
0x99f4176ee457afedffcb1839c7ab7a030a5e4a92,usdc,2193,2.6461748202611894,9.999000116652086e-05,0.2403100775193798,0.0001668257455493,0.0100095447329624,0.2402290735910993,359656.71726755216,False,False,False,0.0,0,0,0,0,0
0x21e71b5abdaf8f6a197648fdeb62c8948eaa8f5f,usdc,357,2.519924792322318,0.0,1.0784313725490196,0.0007474784735907,0.0448487084154427,1.0763690019706251,80269.87012987013,False,False,False,0.0,0,0,0,0,0
0xbb87afbd1711c3a3a8647827b02da0a323c7911b,usdc,233,1.8486903781941892,2.1081736509088005,0.4463519313304721,0.0003099394604788,0.0185963676287306,0.4463128230895361,193586.1923076923,False,False,False,0.0,0,0,0,0,0
0xe3534f90e367f5bd62af306d9f36804a82ba6cac,usdc,1779,2.532052593145428,0.0,0.0556492411467116,3.862484246477604e-05,0.0023174905478865,0.0556197731492775,1553404.393939394,False,False,False,0.0,0,0,0,0,0
0x535f2d5eb90f7de66b1ae9b48809023386c09d2d,usdc,456,2.420884829744805,0.011428143015238538,0.3969298245614035,0.0002753345847619,0.0165200750857188,0.3964818020572513,217916.6850828729,False,False,False,0.0,0,0,0,0,0
0xd6e371526cdaee04cd8af225d42e37bc14688d9e,usdc,1882,2.418132198011708,2.4589039455519477,0.0669500531349628,4.6469902200402736e-05,0.0027881941320241,0.0669166591685799,1291158.3015873015,False,False,False,0.0,0,0,0,0,0
0x92356572e5902be64bd34ff5a3d8839e83e4cbc2,usdc,199,1.9551934903946482,2.3246875685275414,3.150753768844221,0.002186805506146,0.1312083303687644,3.148999928850347,27437.28229665072,False,False,False,0.0,0,0,0,0,0
0xa08dac76e6b8f940895d71e0ddef56964bbfe153,usdc,267,2.2221781498390376,2.03936225661388,0.898876404494382,0.0006234465789408,0.0374067947364483,0.8977630736747604,96239.2,False,False,False,0.0,0,0,0,0,0
0x27d06c2cba7e16673b4b9f5387b06af8c6b1d7b7,usdc,561,2.298855980884973,2.2311955950830296,0.2905525846702317,0.0002016973263101,0.0121018395786085,0.290444149886604,297475.4355828221,False,False,False,0.0,0,0,0,0,0
0x2ca8b19612dee7c9e38561bd7b1fb87ddc280349,usdc,1600,2.0921463309152184,2.0720873242822178,0.05,3.4715020563080815e-05,0.0020829012337848,0.0499896296108363,1728358.475,False,False,False,0.0,0,0,0,0,0
0x09cbb4fbc20c9e81612ef1e25e5bf524f63b0e3f,usdc,1072,2.372965273289333,2.396922877857111,0.0251865671641791,1.747780135818484e-05,0.001048668081491,0.0251680339557861,3432926.074074074,False,False,False,0.0,0,0,0,0,0
0x21816663f34de6b357f0407e3c6c7fe5de794247,usdc,1542,2.2903589128896074,0.0,0.0188067444876783,1.305287026090602e-05,0.0007831722156543,0.0187961331757046,4596690.137931035,False,False,False,0.0,0,0,0,0,0
0xee622c0448ce4582c9c5597a8b71a8feb7021a33,usdc,648,2.301854346556825,2.2944599000982437,0.0632716049382716,4.38975452706819e-05,0.0026338527162409,0.0632124651897819,1366819.024390244,False,False,False,0.0,0,0,0,0,0
0x96a76a870e27342c2ea8076e11599b83fdd7659e,usdc,881,2.3448483655937,2.4639060359298655,0.094211123723042,6.535298248177872e-05,0.0039211789489067,0.0941082947737613,918091.2289156626,False,False,False,0.0,0,0,0,0,0
0x20f89aff0d8bbec2c7d73df79d813165094fd69c,usdc,1019,2.203872037963741,2.366827784189309,0.0451422963689892,3.1323947853843684e-05,0.0018794368712306,0.0451064849095349,1915467.3695652173,False,False,False,0.0,0,0,0,0,0
0x6e6d8fb85a99a6249f2f26b771bf7fa2ffc811fa,usdc,1189,1.7453378831539599,1.8410740844298052,0.0050462573591253,3.501566109485472e-06,0.0002100939665691,0.005042255197659,17135189.833333332,False,False,False,0.0,0,0,0,0,0
0xeb3fbb86b5a18ec35904fdfc53dc8933697b4232,usdc,216,1.962749414398482,1.9991906702613753,0.0231481481481481,1.607252953970204e-05,0.0009643517723821,0.0231444425371709,3733077.6,False,False,False,0.0,0,0,0,0,0
0x066188948681d38f88441a80e3823dd41155211c,usdc,502,2.6328994540006536,1.4015043529280427,0.1254980079681275,8.702465802244752e-05,0.0052214794813468,0.1253155075523244,689459.7619047619,False,False,False,0.0,0,0,0,0,0
0x92d47b6e3dce6471f42021db650a611af4257771,usdc,383,2.228267547568983,0.00010498897635034066,1.399477806788512,0.0009715167950965,0.0582910077057957,1.3989841849390972,61759.09701492537,False,False,False,0.0,0,0,0,0,0
0x7bf6b08c66f0b576ed6e338896e8ff06a5674dfe,usdc,1400,2.3146271693500027,2.4199589183064467,0.2835714285714286,0.0001968233927329,0.0118094035639742,0.2834256855353811,304841.8136020151,False,False,False,0.0,0,0,0,0,0
0x103e6dac4c5c5a40d7f3fe28518021947d1c25e7,usdc,141,1.9085096575635376,1.9075361152274233,0.0425531914893617,2.9407814832713647e-05,0.0017644688899628,0.0423472533591076,2040274.0,False,False,False,0.0,0,0,0,0,0
0xab40682e6c499ecc12223749f150540489e9f781,usdc,271,1.7390860277681028,1.765807660406424,0.051660516605166,3.580661563030385e-05,0.0021483969378182,0.0515615265076375,1675668.0,False,False,False,0.0,0,0,0,0,0
0x2c22db3d863ab0be8dfcfc3ff9f5176575086646,usdc,611,2.0862019111052197,0.00024993751822341496,0.2553191489361702,0.0001771903740193,0.0106314224411608,0.2551541385878608,338618.8461538461,False,False,False,0.0,0,0,0,0,0
0x84294f21559b1ca819d392f993d2778ec6e3cb43,usdc,593,2.4891409894565646,9.999000116652086e-05,0.0590219224283305,4.097365581239404e-05,0.0024584193487436,0.0590020643698474,1464355.5428571429,False,False,False,0.0,0,0,0,0,0
0x7113fbdc1c6ef083a72ba152b446b10654e4e05e,usdc,1932,2.5407464759410323,9.999000116652086e-05,0.0181159420289855,1.2575174543123248e-05,0.0007545104725873,0.0181082513420974,4771305.542857143,False,False,False,0.0,0,0,0,0,0
0x51ab0e427ff1596960618d0520a64c01904d884a,usdc,1138,2.104201102086277,1.79771644866148,0.0166959578207381,1.159373667292342e-05,0.0006956242003754,0.0166949808090097,5175208.105263158,False,False,False,0.0,0,0,0,0,0
0x052aa8c9c7400ca23ec7b1351bd0d0d12cebfcf8,usdc,273,2.2038512474746517,0.25242808626886537,0.0366300366300366,2.543553262514028e-05,0.0015261319575084,0.036627166980202,2358904.8,False,False,False,0.0,0,0,0,0,0
0x31348e004f00f1e74f27d29d3031877036f42331,usdc,592,2.0701212363068473,1.9031681972312866,0.0591216216216216,4.103963960161063e-05,0.0024623783760966,0.0590970810263193,1462001.142857143,False,False,False,0.0,0,0,0,0,0
0x849a27048de274c084f42551f395823f8fa18f2e,usdc,799,2.3133842223231036,2.348779658802277,0.0450563204005006,3.1259144385119603e-05,0.0018755486631071,0.0450131679145722,1919438.3333333333,False,False,False,0.0,0,0,0,0,0
0x4079bacb480d63d5899dfc71868037a1710807b5,usdc,540,2.2281312161165103,1.5618264689305332,0.037037037037037,2.5691631567616007e-05,0.0015414978940569,0.036995949457367,2335390.8,False,False,False,0.0,0,0,0,0,0
0x115b65464043e9d0ad7422f95d1398b593c0efd3,usdc,1669,2.2794736983290527,2.1179272289544824,0.1288196524865189,8.941781598828259e-05,0.0053650689592969,0.1287616550231269,671007.2186046512,False,False,False,0.0,0,0,0,0,0
0xfc80b8830be449827a9d0dbbc53835704a5f2ef0,usdc,1920,2.375240057426171,9.999000116652086e-05,0.01875,1.3019087362337542e-05,0.0007811452417402,0.018747485801766,4608617.972222222,False,False,False,0.0,0,0,0,0,0
0x2e2a9851c5d3af1f6dd3f7556c6061952b970b5f,usdc,628,1.9471777814201148,1.9465541260532075,0.0238853503184713,1.6580767238526276e-05,0.0009948460343115,0.0238763048234778,3618650.4,False,False,False,0.0,0,0,0,0,0
0x323ef3c5af2c2c8baed3303d9f5f4d6807ed4df2,usdc,417,2.4795331120291038,1.8361675485783557,0.0623501199040767,4.322311439163466e-05,0.002593386863498,0.0622412847239539,1388146.1538461538,False,False,False,0.0,0,0,0,0,0
0xa9e1c418109c5ab2d5da2f427f36a7b653c18eaa,usdc,341,2.351879266244832,2.4093450282818294,0.0703812316715542,4.87746388136382e-05,0.0029264783288182,0.070235479891639,1230147.5,False,False,False,0.0,0,0,0,0,0
0xc39ecba31d2341fffe797af47fb1717285f575dc,usdc,391,2.0581328014104283,2.1950224069077886,0.4245524296675191,0.0002947452601943,0.0176847156116621,0.4244331746798906,203565.6144578313,False,False,False,0.0,0,0,0,0,0
0x8899e36cb10b339f4823ec48bdf310909da9f99f,usdc,305,1.9103514772296406,2.0741140072898503,0.0229508196721311,1.593189524460239e-05,0.0009559137146761,0.0229419291522274,3766030.285714286,False,False,False,0.0,0,0,0,0,0
0x06a1d26b6dbcdb60b66a685615c344d38246c995,usdc,279,2.2325623780192325,1.9148230355859508,0.1505376344086021,0.0001042131386962,0.0062527883217764,0.1500669197226342,575743.1428571428,False,False,False,0.0,0,0,0,0,0
0xa4f35707be779059627935ae9f6b83c1a2a0bb72,usdc,775,2.2904097592519275,2.3806184640032173,0.0103225806451612,7.162920996204726e-06,0.0004297752597722,0.0103146062345348,8376471.0,False,False,False,0.0,0,0,0,0,0
0x3e9a5533f876a8d6575f887b276d47954f6fb3e4,usdc,258,2.010281891447436,2.1255804453416114,0.127906976744186,8.86693948179456e-05,0.0053201636890767,0.1276839285378417,676670.9090909091,False,False,False,0.0,0,0,0,0,0
0x72cdd6b287b25ce77d23e7cf62a051e1099660e2,usdc,1448,2.214132436620729,0.00102195471843728,0.0117403314917127,8.15248412705346e-06,0.0004891490476232,0.0117395771429569,7359719.94117647,False,False,False,0.0,0,0,0,0,0
0xa1fd229cf01bfbad6d631753eab9de429022ecc5,usdc,191,2.433818400365092,0.0009990011652101975,0.5078534031413613,0.0003512253056022,0.0210735183361334,0.5057644400672036,170830.51546391752,False,False,False,0.0,0,0,0,0,0
0xffcb957e5d69660bc986b921de281af759a18538,usdc,951,2.2625252921105248,0.0,0.0609884332281808,4.233668732356368e-05,0.0025402012394138,0.0609648297459316,1417210.551724138,False,False,False,0.0,0,0,0,0,0
0x980fac1078bf614fb1d3515068a20c077b30a5bd,usdc,1480,2.1051107043801376,9.999000116652086e-05,0.0783783783783783,5.4403969688828285e-05,0.0032642381813296,0.0783417163519127,1102860.698275862,False,False,False,0.0,0,0,0,0,0
0xeee899b6521db73e94f4b9224cdf3db0010fa334,usdc,1321,2.2691873164296004,1.9617997705959325,0.4345193035579107,0.0003015378482794,0.0180922708967698,0.4342145015224772,198979.99651567944,False,False,False,0.0,0,0,0,0,0
0xf9af713104b24f2ab21c800b4b13b7988e889389,usdc,412,2.5085320839057763,0.0049751449277728975,0.1407766990291262,9.767605097746782e-05,0.005860563058648,0.1406535134075536,614275.448275862,False,False,False,0.0,0,0,0,0,0
0xff165cfb08a5139b5556ab840265847723caa184,usdc,383,2.4513576398580783,2.526762946426977,0.0156657963446475,1.0850980946762556e-05,0.0006510588568057,0.015625412563338,5529454.0,False,False,False,0.0,0,0,0,0,0
0x6f0d30ee2bc8d381eefc23d5149fc9eee268321b,usdc,1734,2.0748550930134466,2.0646654478346793,0.1897347174163783,0.0001317098477691,0.0079025908661502,0.1896621807876059,455546.8024316109,False,False,False,0.0,0,0,0,0,0
0x921bf1d52622ac531c9a115f7a059ca608990d8d,usdc,336,2.1862765623350504,0.0009990011652101975,0.0952380952380952,6.610087075503307e-05,0.0039660522453019,0.0951852538872476,907703.625,False,False,False,0.0,0,0,0,0,0
0x60dff65c9e97f369f36b070075facd3130b62a68,usdc,274,2.403302859527374,2.5064065541409133,0.0583941605839416,4.049148223710378e-05,0.0024294889342262,0.0583077344214294,1481793.125,False,False,False,0.0,0,0,0,0,0
0x8c65cf1e5f6fc56f0ce949111a8bc7374fa56b23,usdc,991,2.282425473246089,2.4581120045099816,0.0393541876892028,2.731999946901129e-05,0.0016391999681406,0.0393407992353762,2196193.3076923075,False,False,False,0.0,0,0,0,0,0
0xf43257df6b2066c866ceee61218ee1ee50d3be6f,usdc,1085,2.4171340050237586,2.2531209847743163,0.1889400921658986,0.000131182497806,0.0078709498683631,0.1889027968407159,457378.0878048781,False,False,False,0.0,0,0,0,0,0
0xdb7357de768d1d98046882677761bc0cdc482fb2,usdc,263,1.6793333691967927,1.2349475492460167,0.7262357414448669,0.0005029855219172,0.0301791313150358,0.7242991515608616,119287.7277486911,False,False,False,0.0,0,0,0,0,0
0x2b3b6729ddbd2a30d8fcfc183665de8964e7998e,usdc,312,2.2803056119141134,2.323418212060604,0.048076923076923,3.3315520634967174e-05,0.001998931238098,0.0479743497143527,1800962.4,False,False,False,0.0,0,0,0,0,0
0x0665d10a7013f76394452a978d0bc8db4b266ee0,usdc,227,2.263680722594009,2.03120516193078,0.0748898678414096,5.185045109892456e-05,0.0031110270659354,0.0746646495824513,1157174.1176470588,False,False,False,0.0,0,0,0,0,0
0x1d7a7928b5441b3be4e24dde89edc0f1cc30830d,usdc,309,2.0966119903648353,2.0599574420887325,0.0355987055016181,2.4716217564879603e-05,0.0014829730538927,0.0355913532934266,2427555.909090909,False,False,False,0.0,0,0,0,0,0
0x099f336de21c53dbd0c14d6f3dd71a88a0683603,usdc,391,2.248686499189326,2.1636173057708556,0.340153452685422,0.0002360634694798,0.0141638081687899,0.3399313960509598,254168.93233082705,False,False,False,0.0,0,0,0,0,0
0xf2d85d8bebdfcdef85674faca25919df0b75a42a,usdc,851,2.18838805230038,0.0,0.1527614571092831,0.0001059908933711,0.006359453602269,0.1526268864544562,566086.3692307692,False,False,False,0.0,0,0,0,0,0
0xd4931384484878f620986a644d5c8a17d0ba61b5,usdc,1518,2.122525414869472,0.009901152270820435,0.0171277997364953,1.1886938300732451e-05,0.0007132162980439,0.0171171911530547,5047557.115384615,False,False,False,0.0,0,0,0,0,0
0xf3bed3b19087f627f08d4a1c296da0867b8fd66f,usdc,1364,2.302723954988973,0.8828360145857894,0.0593841642228739,4.123081097060256e-05,0.0024738486582361,0.0593723677976676,1455222.4074074074,False,False,False,0.0,0,0,0,0,0
0x80f419788e1d4c8de800ace74c4cf8b88217f29d,usdc,1097,2.0692422859518067,2.3581241582441175,0.0446672743846855,3.101251886779496e-05,0.0018607511320676,0.0446580271696247,1934702.571428572,False,False,False,0.0,0,0,0,0,0
0xe45e4fc1dbd8ab1c554c8a2bd7fa752d1e53bb35,usdc,1058,2.6540973427880123,0.0009990011652101975,0.0623818525519848,4.328299695668067e-05,0.0025969798174008,0.0623275156176201,1386225.6363636365,False,False,False,0.0,0,0,0,0,0
0x4d1572ea399cfcb0a4b25b364df2c5ba68697e18,usdc,1644,2.4608764898635487,2.1456057564532065,0.2384428223844282,0.0001655416345973,0.0099324980758424,0.2383799538202184,362446.5841836735,False,False,False,0.0,0,0,0,0,0
0x19c053ba663519de69d0794c438f60b9dd2ba78f,usdc,238,1.9288514515786777,1.9031681972312866,0.0252100840336134,1.7437835569348235e-05,0.0010462701341608,0.0251104832198614,3440794.0,False,False,False,0.0,0,0,0,0,0
0x7767893308e42d555b7ecb8e1600e7400e85e73d,usdc,452,2.040047065818882,1.8411056523197311,0.1504424778761062,0.0001043836849528,0.0062630210971707,0.1503125063320985,574802.4705882353,False,False,False,0.0,0,0,0,0,0
0x81674ee6f668ee8f76e88224a919b6f1ffe3ea7f,usdc,157,2.2130048667308135,0.0001179860779165591,2.031847133757962,0.0014023099869967,0.0841385992198057,2.019326381275337,42786.545454545456,False,False,False,0.0,0,0,0,0,0
0x34a8115e88ddd0b155dc21ab3c14413827bae9bc,usdc,984,2.014107384489882,0.0,0.0873983739837398,6.066867889154656e-05,0.0036401207334927,0.087362897603827,988978.1860465116,False,False,False,0.0,0,0,0,0,0
0xf3238296feb6695867a39d5f9f4c975ab57cace8,usdc,1376,2.2973702990787643,0.0,0.0806686046511628,5.598084231347438e-05,0.0033588505388084,0.0806124129314031,1071795.2342342343,False,False,False,0.0,0,0,0,0,0
0x868c016bf86eb776dedadddbc8fd13acf494864c,usdc,156,1.81826779269424,1.6253596143274014,0.2051282051282051,0.0001421077780915,0.0085264666854959,0.2046352004519027,422214.75,False,False,False,0.0,0,0,0,0,0
0x09ab78bdff5aeb7101c100b022fd7b0b04455265,usdc,376,2.0421263848941,1.712567227966447,0.0239361702127659,1.6579397629956686e-05,0.0009947638577974,0.0238743325871376,3618949.3333333335,False,False,False,0.0,0,0,0,0,0
0x22963f931baa98d5ce2a43ab7681a638a693f560,usdc,1638,2.508449498499585,0.0,0.224053724053724,0.0001555560619879,0.0093333637192767,0.2240007292626426,385713.029972752,False,False,False,0.0,0,0,0,0,0
0x4644c796178af0ebf0443ae59356ca55c643ec6b,usdc,312,2.088806332141682,2.10338877351161,0.048076923076923,3.332425432537713e-05,0.0019994552595226,0.047986926228543,1800490.4,False,False,False,0.0,0,0,0,0,0
0x84b38bc60f3bd82640ecefa320dab2be62e2da15,usdc,138,2.740346637504052,2.778767553850634,3.340579710144928,0.0023160824545449,0.1389649472726998,3.335158734544797,25905.813449023863,False,False,False,0.0,0,0,0,0,0
0x660400a8695fffea2029e877c27851b49f76f635,usdc,638,2.245925556350553,2.2730161236909363,0.1536050156739812,0.0001065926232248,0.0063955573934927,0.1534933774438262,562890.7346938775,False,False,False,0.0,0,0,0,0,0
0xe8d0d2e8bb1021d3ab1ca1036b0e4bebd6dc8183,usdc,1608,2.7212899584681014,0.009901152270820435,0.0062189054726368,4.317292132205673e-06,0.0002590375279323,0.0062169006703761,13897600.2,False,False,False,0.0,0,0,0,0,0
0xf941313a87a8b02d1b4ddc76cd1e10283fb1cd75,usdc,1264,2.319540571505426,2.395092217680733,0.0419303797468354,2.911658949000261e-05,0.0017469953694001,0.0419278888656037,2060680.905660377,False,False,False,0.0,0,0,0,0,0
0xa5133a0b8e6a1f4f0efdfe6469c6f559859789f4,usdc,472,2.0049920700431136,2.0645807831131737,0.010593220338983,7.344387125583144e-06,0.0004406632275349,0.0105759174608397,8169504.0,False,False,False,0.0,0,0,0,0,0
0x3150fa81028ac52de5aa074c0c39358bd3a08c98,usdc,177,2.0479941287207954,2.0370217713496634,0.0338983050847457,2.342736034560042e-05,0.001405641620736,0.0337353988976646,2561108.0,False,False,False,0.0,0,0,0,0,0
0xc645b5639d7de7bb3a387a42e75163e95ed7ba49,usdc,447,2.112770883468547,0.0,0.0313199105145413,2.1706496537348664e-05,0.0013023897922409,0.031257355013782,2764149.4285714286,False,False,False,0.0,0,0,0,0,0
0x5a372baa9dccfd9a72172c089aba1e56889e3c21,usdc,233,2.324369772809635,1.6830650011356274,0.1330472103004291,9.206500620993316e-05,0.0055239003725959,0.1325736089423037,651713.4193548387,False,False,False,0.0,0,0,0,0,0
0x205ddf4c32d2283851bd68366ce78694606309c1,usdc,899,2.201869127255191,1.325652882332865,0.0756395995550611,5.248794398239616e-05,0.0031492766389437,0.0755826393346504,1143119.6470588236,False,False,False,0.0,0,0,0,0,0
0x539f2f5d725c9c8415b1f6f494e23228bf1e5b99,usdc,927,2.368136514522459,9.999000116652086e-05,0.1014023732470334,7.038889113534286e-05,0.0042233334681205,0.1013600032348937,852407.2340425532,False,False,False,0.0,0,0,0,0,0
0xa8913937b79b96859e706b1f37afdeae5d0aa1af,usdc,641,2.5082106620632083,0.0,0.1029641185647426,7.149206318945158e-05,0.004289523791367,0.1029485709928102,839254.0,False,False,False,0.0,0,0,0,0,0
0xa4c2b5cbef96cfc851c882edf3fc93f41c45833c,usdc,134,2.291783833353939,2.262975083163175,0.1417910447761194,9.840001574400252e-05,0.0059040009446401,0.1416960226713636,609756.0,False,False,False,0.0,0,0,0,0,0
0x95ad61b0a150d79219dcf64e1e6cc01f0b64c4ce,usdc,312,1.6116821928521772,1.8637175811516025,0.0192307692307692,1.3315987040881412e-05,0.0007989592224528,0.0191750213388692,4505862.0,False,False,False,0.0,0,0,0,0,0
0x131deb506c3de8a1ea0ae6c11f9645001b11596f,usdc,397,1.9751000319205316,2.030643034688235,0.0579345088161209,4.023034496208946e-05,0.0024138206977253,0.0579316967454088,1491411.5217391304,False,False,False,0.0,0,0,0,0,0
0xc35cb09c81f99e09a731f650dcc819fcc97c66f9,usdc,157,2.1323770535534803,2.1021157405726854,0.0636942675159235,4.421800893380653e-05,0.0026530805360283,0.0636739328646814,1356913.2,False,False,False,0.0,0,0,0,0,0
0xb93385f12584e56ee6f082bdadd9b91737141a2b,usdc,745,2.2212628452732437,2.1513426157175006,0.0791946308724832,5.4976439334431e-05,0.0032985863600658,0.0791660726415806,1091376.6101694915,False,False,False,0.0,0,0,0,0,0
0x0640fad68f33568422747bf69292959dfea48e17,usdc,709,2.297812945629004,2.368299644330789,0.2834978843441467,0.0001968608047199,0.0118116482831974,0.2834795587967397,304783.8805970149,False,False,False,0.0,0,0,0,0,0
0xa3a42538c1bee020ced3bbd9f3a896bf1e145162,usdc,433,1.845457187709789,1.8443778736644079,0.0161662817551963,1.1219149742312158e-05,0.0006731489845387,0.0161555756289295,5347998.857142857,False,False,False,0.0,0,0,0,0,0
0x156db2ae0085c52fa851c38557650228a6b8fa77,usdc,144,1.9568667212460178,2.035079830026609,0.0347222222222222,2.4110631148813708e-05,0.0014466378689288,0.0347193088542917,2488528.8,False,False,False,0.0,0,0,0,0,0
0xdb31b287e7fe213877f6441948862fedd33b76c5,usdc,537,2.220801635157387,1.5957092304038698,0.0446927374301676,3.101097323287845e-05,0.0018606583939727,0.0446558014553449,1934799.0,False,False,False,0.0,0,0,0,0,0
0x9224cf7956b8787f1e015349ba2937cef29215d8,usdc,1687,2.36877936326044,2.4717334458002274,0.0966212211025489,6.709310578205711e-05,0.0040255863469234,0.0966140723261622,894279.6625766872,False,False,False,0.0,0,0,0,0,0
0x16be2582ad35aa56a8a247c61ab0cb7b9ac8fe19,usdc,823,2.3856010825413896,2.518297865343747,0.0522478736330498,3.623996995622212e-05,0.0021743981973733,0.0521855567369598,1655630.511627907,False,False,False,0.0,0,0,0,0,0
0x0280983c1d2d677ee495588eba3450d61941938e,usdc,838,2.504881111463086,0.0,0.0548926014319809,3.810048223614712e-05,0.0022860289341688,0.0548646944200518,1574783.2173913044,False,False,False,0.0,0,0,0,0,0
0x1506eed7b8a52829f9ddde60ca7042a467984610,usdc,335,2.4040703475297533,2.5002950857405555,0.0626865671641791,4.3512818876441e-05,0.0026107691325864,0.062658459182075,1378904.0,False,False,False,0.0,0,0,0,0,0
0x05cfc8d3ca36bc774963c3999efd8a1e38f5b40b,usdc,201,2.5602476554755587,2.5074191782466224,0.3283582089552239,0.0002278137063771,0.0136688223826276,0.3280517371830628,263373.0909090909,False,False,False,0.0,0,0,0,0,0
0x61e3667f009b2da3c4003cbcb23230e12b3f4393,usdc,190,2.378806184715175,0.0,0.1210526315789473,8.363970922473263e-05,0.0050183825534839,0.1204411812836149,717362.6086956522,False,False,False,0.0,0,0,0,0,0
0x72a062b88fd495c5efa621b7f611973b48f2bd97,usdc,595,2.2515840857808316,2.258893657755936,0.2840336134453781,0.0001971728907575,0.011830373445455,0.2839289626909222,304301.4674556213,False,False,False,0.0,0,0,0,0,0
0xb56d0f34c3a16e066fc57c55848f5a501fa785bf,usdc,137,1.9012409925470508,9.999990000011665e-07,0.1021897810218978,7.095541465837502e-05,0.0042573248795025,0.10217579710806,845601.4285714285,False,False,False,0.0,0,0,0,0,0
0x217a1606dda3b61bc8bb607c6b5ecc4de7cf8a3e,usdc,308,2.286098631413573,2.3477116354316503,0.0551948051948051,3.820744597944732e-05,0.0022924467587668,0.0550187222104041,1570374.5294117648,False,False,False,0.0,0,0,0,0,0
0xfb4d18b717d4ce1d9725bad1da9a5ee71f2827cc,usdc,135,2.0290533764592102,2.072954656256369,0.0962962962962963,6.671271554621806e-05,0.004002762932773,0.096066310386554,899378.7692307692,False,False,False,0.0,0,0,0,0,0
0x54addc0c85c9a6e51c036923bd7b61088fce1238,usdc,623,2.3332365978147447,1.593958305674034,0.1589085072231139,0.0001103492184934,0.0066209531096075,0.1589028746305809,543728.3636363636,False,False,False,0.0,0,0,0,0,0
0x6eac1dbef6af28267a278e7fc5537ae28b537064,usdc,1339,2.0829564578230455,1.8717071329782562,0.0298730395817774,2.0734273541638025e-05,0.0012440564124982,0.0298573538999587,2893759.45,False,False,False,0.0,0,0,0,0,0
0xea5abc1a1689984ebfdc41130886bdaeb5c24078,usdc,1591,2.461255671048669,2.128306453987325,0.0791954745443117,5.49649633257188e-05,0.0032978977995431,0.079149547189035,1091604.4761904762,False,False,False,0.0,0,0,0,0,0
0xacf98af36845ec9aeda29feed2907ea287388cf3,usdc,810,1.7790490698002208,1.4256480483408596,0.7481481481481481,0.0005193804322822,0.0311628259369331,0.7479078224863959,115522.25742574256,False,False,False,0.0,0,0,0,0,0
0x7e54d3161523d2aa7227f198ebd450e4b43bda91,usdc,719,2.1314480989427076,0.0,0.0417246175243393,2.894021511068957e-05,0.0017364129066413,0.0416739097593929,2073239.6,False,False,False,0.0,0,0,0,0,0
0xf2343e1c30d5995959dd9efa99c7ce70988b30ec,usdc,498,2.1130127178138727,2.299181718890248,0.036144578313253,2.5086870256839377e-05,0.0015052122154103,0.0361250931698487,2391689.333333333,False,False,False,0.0,0,0,0,0,0
0xfe68b5e62308cdf8baeb70a6b568690c99399f1b,usdc,1178,2.421422481439118,2.526762946426977,0.1069609507640067,7.427231697444289e-05,0.0044563390184665,0.1069521364431977,807838.0,False,False,False,0.0,0,0,0,0,0
0x61d290ddc9d72fd826cc25480c190bb70f710c4e,usdc,488,2.233514812599362,2.3130749789203087,0.0471311475409836,3.266969349009483e-05,0.0019601816094056,0.0470443586257365,1836564.5217391304,False,False,False,0.0,0,0,0,0,0
0x210ebcb4f2004e4de2adb429f79f025f988b2a06,usdc,484,2.3450519908857053,0.0036754495798792777,0.0144628099173553,1.003264047918184e-05,0.0006019584287509,0.0144470022900218,5980479.428571428,False,False,False,0.0,0,0,0,0,0
0x05d40eab023735d63484f9bf8221a06a2b2fe838,usdc,439,2.5445183906324114,2.539812395754565,0.2095671981776765,0.000145260940754,0.0087156564452437,0.2091757546858495,413049.7826086957,False,False,False,0.0,0,0,0,0,0
0x5b5bd16f11614d952623e410881cadf02a24376e,usdc,1721,2.449770608409738,9.999000116652086e-05,0.052295177222545,3.630134203843101e-05,0.0021780805223058,0.0522739325353406,1652831.4555555556,False,False,False,0.0,0,0,0,0,0
0x79d9e67289119d408f8eee6f0d46fd3d4750948e,usdc,154,2.2838274485806034,0.6152570558773022,0.0519480519480519,3.5944329422590294e-05,0.0021566597653554,0.05175983436853,1669248.0,False,False,False,0.0,0,0,0,0,0
0x99e7870b27bea5ccb1cc9735b52278798475bc7f,usdc,245,2.4621027976629857,0.0,1.1755102040816328,0.0008153143206563,0.0489188592393796,1.1740526217451124,73591.25,False,False,False,0.0,0,0,0,0,0
0x1f687cb0061905331c3e027d0cbeac94b4a1597c,usdc,754,2.1707265681406245,2.072278769300529,0.0543766578249336,3.771799853212589e-05,0.0022630799119275,0.0543139178862612,1590752.487804878,False,False,False,0.0,0,0,0,0,0
0x1040af0e82b4b8bebe1dee16f756ed0af128bd42,usdc,1281,2.2048892560381943,2.280292181621331,0.2466822794691647,0.0001712449197679,0.0102746951860749,0.2465926844657998,350375.35759493674,False,False,False,0.0,0,0,0,0,0
0x912807ca5f7f004dd0567eff6b8f6d2715529c87,usdc,2045,2.6310095151085946,9.999000116652086e-05,0.1158924205378973,8.044909468121843e-05,0.0048269456808731,0.1158466963409545,745813.2405063291,False,False,False,0.0,0,0,0,0,0
0xaf12fc91ac7de12e1c811af5ae91b64647713a21,usdc,2091,2.313682160870287,9.999000116652086e-05,0.0148254423720707,1.02933299078312e-05,0.0006175997944698,0.0148223950672769,5829017.483870967,False,False,False,0.0,0,0,0,0,0
0x76a7d07f768284a5f50e062dd330ecb86ccea4f4,usdc,366,2.0038663981379714,0.0,0.0546448087431694,3.785242022697068e-05,0.0022711452136182,0.0545074851268377,1585103.4,False,False,False,0.0,0,0,0,0,0
0x88f0d68e1ae87f1f606533e0fa8c67728e482f24,usdc,485,2.2463121283951883,2.048290903444134,0.1731958762886598,0.0001200317569734,0.0072019054184049,0.1728457300417196,499867.7142857143,False,False,False,0.0,0,0,0,0,0
0x525605befabc658a9b222839fe04184f57885dbd,usdc,502,1.9895825704680028,2.1519833369326284,0.0258964143426294,1.7979495215529545e-05,0.0010787697129317,0.0258904731103625,3337134.846153846,False,False,False,0.0,0,0,0,0,0
0x255d9d0f49b23a2cd072ace53a79d8ed6a0ab0d7,usdc,301,1.7809824320390504,1.9456531506108217,0.0498338870431893,3.452228067995084e-05,0.002071336840797,0.0497120841791292,1738008.0,False,False,False,0.0,0,0,0,0,0
0x72a67a1f2fd2cf8fe8018c677a37e65f34b0cd61,usdc,125,2.148497859243196,2.1656998020076643,0.096,6.66403067231184e-05,0.0039984184033871,0.0959620416812905,900356.0,False,False,False,0.0,0,0,0,0,0
0x73c47f25333445028125aeb205cf4d526d14cda7,usdc,146,2.1673678663977727,1.8524277618844993,0.0410958904109589,2.8372335837664843e-05,0.0017023401502598,0.0408561636062373,2114736.0,False,False,False,0.0,0,0,0,0,0
0x39d75688dea843ef93934037da75270e9e40a217,usdc,597,2.019257362679127,1.8794848973945373,0.0100502512562814,6.969146195961241e-06,0.0004181487717576,0.0100355705221841,8609376.0,False,False,False,0.0,0,0,0,0,0
0xc38adb83b9bdd5b17da0f115158772fdf8b30099,usdc,892,2.157395403113808,1.7043428415167388,0.0190582959641255,1.3223331806686714e-05,0.0007933999084012,0.0190415978016288,4537434.352941177,False,False,False,0.0,0,0,0,0,0
0xbd92e0c0b692995a6924079f18871bff8957666b,usdc,1211,1.6028120936429524,0.3510562020939358,0.0041288191577208,2.867169896398161e-06,0.0001720301937838,0.0041287246508133,20926559.0,False,False,False,0.0,0,0,0,0,0
0x9549e5e87f8a2854e00a39761fb2ffbce7e9aa7d,usdc,1626,2.188242511241937,0.0009990011652101975,0.2644526445264453,0.0001836189649695,0.01101713789817,0.2644113095560818,326763.6325581395,False,False,False,0.0,0,0,0,0,0
0xd60eae7735e99c95aa8add97a828876fad7a4132,usdc,1246,2.343296440162246,0.00025593448356712545,0.0682182985553772,4.7346571416134e-05,0.002840794284968,0.0681790628392329,1267251.2117647058,False,False,False,0.0,0,0,0,0,0
0xfce46d1319537763fae81b211e713b0105f74eee,usdc,1800,1.957006914946636,1.8189006412493436,0.0077777777777777,5.399857416764911e-06,0.0003239914450058,0.0077757946801414,11111404.5,False,False,False,0.0,0,0,0,0,0
0xc22b64ed92fefc6097e2079ab410f707bc0331cf,usdc,663,1.8363050670676084,9.999000116652086e-05,0.0105580693815987,7.327091628211647e-06,0.0004396254976926,0.0105510119446247,8188788.0,False,False,False,0.0,0,0,0,0,0
0x3a0f1ddd765bc3d5279bc69af9b1b1ed13a53b90,usdc,125,1.7207577602571438,1.6730864139425161,1.888,0.0013099379888677,0.0785962793320648,1.886310703969556,45803.69491525424,False,False,False,0.0,0,0,0,0,0
0xd67090de1f1e9f575d751f96ac600b0e5fe7b819,usdc,249,2.3723710434420164,0.0,0.3333333333333333,0.0002307533624657,0.0138452017479428,0.3322848419506277,260017.8795180723,False,False,False,0.0,0,0,0,0,0
0xb16d6dda8e6a9e93ded7d5c33e3fa5b589c1ebd7,usdc,1863,2.1827766492117537,9.999000116652086e-05,0.0429414922168545,2.981372903837084e-05,0.0017888237423022,0.042931769815254,2012495.65,False,False,False,0.0,0,0,0,0,0
0xe08a24d0c8a88a9d0436f597bf572bdfe89e84c0,usdc,1594,2.3729506256883806,9.999000116652086e-05,0.0106649937264742,7.404374248782677e-06,0.0004442624549269,0.010662298918247,8103318.117647059,False,False,False,0.0,0,0,0,0,0
0xf3daafe2873fcf16fc6cab1b844be34e4ec073e1,usdc,367,2.181475535890141,0.0,1.0272479564032695,0.0007114925868889,0.0426895552133345,1.024549325120029,84329.76127320954,False,False,False,0.0,0,0,0,0,0
0xde2fd50c56668d0e6326e32397cf5d8cf7e3bc07,usdc,1083,2.337518193078176,0.0,0.0941828254847645,6.536944632078966e-05,0.0039221667792473,0.0941320027019371,917860.0,False,False,False,0.0,0,0,0,0,0
0x63a68845c891ae44ab7e5cc2339493b102f1fe5f,usdc,768,1.6322169941509235,1.5785698946869828,0.0091145833333333,6.329355423868795e-06,0.0003797613254321,0.009114271810371,9479638.285714284,False,False,False,0.0,0,0,0,0,0
0x4077bfb7f7e08a80cbcf278df6c56c74460ca610,usdc,1632,2.4537565877049956,0.0,0.2058823529411764,0.0001428926695876,0.0085735601752572,0.205765444206175,419895.5773809524,False,False,False,0.0,0,0,0,0,0
0xb71b13b85d2c094b0fdec64ab891b5bf5f110a8e,usdc,1978,2.443803813644377,2.248982788405357,0.0495449949443882,3.440480747970813e-05,0.0020642884487824,0.0495429227707797,1743942.3265306123,False,False,False,0.0,0,0,0,0,0
0x1aec6e5e7a5730b8b72d4e1ec079c3028278eb7c,usdc,203,2.3367391867495386,2.38927893353494,0.0541871921182266,3.746078536877078e-05,0.0022476471221262,0.0539435309310299,1601674.9090909092,False,False,False,0.0,0,0,0,0,0
0xf16786c58ce82c65dbcb7ab819d3a7e5b5b827c8,usdc,1121,2.219694363761058,0.000499750145742199,0.0758251561106155,5.265088535870552e-05,0.0031590531215223,0.0758172749165359,1139581.9764705882,False,False,False,0.0,0,0,0,0,0
0xc3117595996e98a43bd0f2dffc0f85114f879780,usdc,602,2.3150459138531274,0.0,0.0182724252491694,1.2683878767025514e-05,0.0007610327260215,0.0182647854245167,4730414.181818182,False,False,False,0.0,0,0,0,0,0
0xa0aafe9a0f843ce1050036cd58b7297b47915fdd,usdc,584,2.172186021609322,2.2409659295634436,0.1164383561643835,8.073171426671859e-05,0.0048439028560031,0.1162536685440747,743202.3529411765,False,False,False,0.0,0,0,0,0,0
0x332136cf23cef949ea823c9c94ec8e5a366367f1,usdc,190,2.3865469093026457,0.0036079434995948552,0.3789473684210526,0.000262612704619,0.0157567622771439,0.3781622946514545,228473.3333333333,False,False,False,0.0,0,0,0,0,0
0x121ac669e4c99ef4673b22d57431b3a521292f2c,usdc,1716,2.078199706804891,1.3933943022706232,0.0198135198135198,1.375453105605226e-05,0.0008252718633631,0.0198065247207152,4362198.882352941,False,False,False,0.0,0,0,0,0,0
0xb94332942c8e2755db64756f790406677aad7437,usdc,1160,1.548577923832448,1.040634893317118,0.0077586206896551,5.3833881561632375e-06,0.0003230032893697,0.007752078944875,11145397.333333334,False,False,False,0.0,0,0,0,0,0
0xf08ef605a6e7c30a537576fa70ddde7ec03f9e46,usdc,838,2.3326485758585047,2.389980047895417,0.1825775656324582,0.0001266970993651,0.0076018259619083,0.1824438230858014,473570.431372549,False,False,False,0.0,0,0,0,0,0
0x4ac0fa66481e10421d8defc37eccd625393de589,usdc,1056,2.3678871984621597,2.389491696786615,0.0265151515151515,1.8410294721203044e-05,0.0011046176832721,0.0265108243985323,3259046.1428571427,False,False,False,0.0,0,0,0,0,0
0xa6553d5a9e96252d447037a2b54a813d5abfd703,usdc,787,1.8505891602859708,0.02566589638833956,0.0177890724269377,1.2341011592426398e-05,0.0007404606955455,0.017771056693094,4861838.071428572,False,False,False,0.0,0,0,0,0,0
0xfded90a3b1348425577688866f798f94d77a0d02,usdc,1529,2.436022152714743,0.0,0.0909090909090909,6.309869091476222e-05,0.0037859214548857,0.0908621149172576,950891.3597122302,False,False,False,0.0,0,0,0,0,0
0xa94b40c53432f0576e64873ce1cead1aae62fc90,usdc,2312,2.3376158758169026,1.5681990314232472,0.236159169550173,0.0001639883012067,0.0098392980724046,0.2361431537377109,365879.7582417582,False,False,False,0.0,0,0,0,0,0
0xfae5dfa8c442cb0bc2be72f98b81b4b546889d77,usdc,605,2.1961721370066694,2.17752581681183,0.3867768595041322,0.0002681759087266,0.0160905545236004,0.3861733085664095,223733.7435897436,False,False,False,0.0,0,0,0,0,0
0xa921b3fb76b85a8581691fd4a873b13c258e167b,usdc,1530,2.3759545033136744,0.0,0.018954248366013,1.3160074946475556e-05,0.0007896044967885,0.0189505079229247,4559244.551724138,False,False,False,0.0,0,0,0,0,0
0x3dca07e16b2becd3eb76a9f9ce240b525451f887,usdc,996,2.623875311075606,0.3093262424258353,0.4819277108433735,0.0003343708815346,0.0200622528920817,0.4814940694099615,179441.4625,False,False,False,0.0,0,0,0,0,0
0xc0bc7bbc9afa9b0577d10bd3eb636c8d3ab841d3,usdc,1593,2.3048809963841883,0.5265890341390445,0.0721908349026993,5.01097643494648e-05,0.0030065858609678,0.0721580606632293,1197371.4260869566,False,False,False,0.0,0,0,0,0,0
0xcad41a2e1f171cf3fc9b6d3bed1d19052fdb9ce1,usdc,1364,2.109910055428994,0.00044380296605979035,0.0219941348973607,1.5264339434947734e-05,0.0009158603660968,0.0219806487863247,3930730.2,False,False,False,0.0,0,0,0,0,0
0xce360423ceb49c4c93a70ee7f2d35c2d16d18e07,usdc,1981,2.2040272678462016,2.3234107621942104,0.1130742049469964,7.850371452825138e-05,0.004710222871695,0.1130453489206819,764295.0446428572,False,False,False,0.0,0,0,0,0,0
0x660f6d6c9bcd08b86b50e8e53b537f2b40f243bd,usdc,1734,2.281713696485892,2.472322707002857,0.0801614763552479,5.566713122022372e-05,0.0033400278732134,0.0801606689571221,1077835.3165467626,False,False,False,0.0,0,0,0,0,0
0xadc68fb9809206c88e4f871c14b904b25ae5e301,usdc,1432,2.6731791698927374,2.5476737119033306,0.0335195530726257,2.3269681623973627e-05,0.0013961808974384,0.033508341538522,2578462.4375,False,False,False,0.0,0,0,0,0,0
0xe06fee809cd2dd7459ba78d5871219723fabfb15,usdc,186,1.9273094001748066,2.0876775023195,0.064516129032258,4.4616310880505374e-05,0.0026769786528303,0.0642474876679277,1344799.6666666667,False,False,False,0.0,0,0,0,0,0
0x1209d59798a243f7b3cb8fc24d5d906d025e2b15,usdc,179,2.1390919240310833,0.001068856527307869,0.1731843575418994,0.0001201759996898,0.0072105599813921,0.1730534395534105,499267.7419354839,False,False,False,0.0,0,0,0,0,0
