wallet,token,wallet_age_days,avg_tx,recent_tx,tx_frequency,tx_per_min,tx_per_hour,tx_per_day,avg_time_between_tx_sec,is_high_freq,is_low_value,is_new_wallet,risk_score_rule,dust_tx_ratio,similarity_hits,new_sender_ratio,is_poisoned_pattern,label
0x5acfbbf0aa370f232e341bc0b1a40e996c960e07,usdt,1199,8.499654567988099,0.0,0.2585487906588824,0.0001795096110121,0.0107705766607278,0.2584938398574686,334243.9419354839,False,False,False,0.0,0,0,0,0,0
0xe740f1991272e1d256562bab0dc2341689020ed7,usdt,313,9.151164748866384,0.0060248143028358,0.182108626198083,0.0001260759587744,0.0075645575264693,0.1815493806352636,475903.5789473684,False,False,False,0.0,0,0,0,0,0
0x0f000bfdd83597758011189898073653d97bf557,usdt,417,9.812036659644717,6.2445986346376765,0.0959232613908872,6.656584160524858e-05,0.0039939504963149,0.0958548119115579,901363.2,False,False,False,0.0,0,0,0,0,0
0x503067245d2286b42c85bd9595727f1f22ee9cb5,usdt,760,11.267298913368982,11.350357435408242,0.0736842105263157,5.1146989506464425e-05,0.0030688193703878,0.0736516648893087,1173089.5714285714,False,False,False,0.0,0,0,0,0,0
0x26ef4f4c4992a0b2b03e4eb166ae952030b57c35,usdt,231,5.825487870014598,0.0002099779530865,0.0909090909090909,6.288351457759646e-05,0.0037730108746557,0.0905522609917389,954145.1428571428,False,False,False,0.0,0,0,0,0,0
0x4e7218ee69950f4822c7d7d981935e900ad00a39,usdt,215,12.943131858935892,13.122364377403828,0.1813953488372093,0.000125805721128,0.0075483432676842,0.181160238424422,476925.8461538461,False,False,False,0.0,0,0,0,0,0
0xc71884fc6de590cfb1cd042a8c1cef2f00a294fe,usdt,452,7.824611703621964,7.601901959875166,0.079646017699115,5.5242751997485845e-05,0.0033145651198491,0.0795495628763796,1086115.3333333333,False,False,False,0.0,0,0,0,0,0
0x5ae8d617df6224633e1fe9e0142f49748e68c597,usdt,428,7.249688766502632,6.90875477931522,0.0210280373831775,1.4585646103606706e-05,0.0008751387662164,0.0210033303891936,4113633.3333333335,False,False,False,0.0,0,0,0,0,0
0x2d38b94c3f4ac08e4ab948bd63db7acf962d70af,usdt,475,8.276561534966747,7.830500185389862,0.0652631578947368,4.522992119780504e-05,0.0027137952718683,0.0651310865248392,1326555.4838709678,False,False,False,0.0,0,0,0,0,0
0xc76c7253592e27f090019f9949585366f799d6f7,usdt,1189,13.633211202923858,0.009950330853168,0.0100925147182506,7.0050494731619045e-06,0.0004203029683897,0.0100872712413531,8565250.0,False,False,False,0.0,0,0,0,0,0
0x02b034883155f91f48ef081beb2f4c96acf318c8,usdt,1266,8.596183587573405,1.917073189080085,0.1674565560821485,0.000116271788963,0.0069763073377828,0.1674313761067872,516032.3113207547,False,False,False,0.0,0,0,0,0,0
0x2be0cfd938f817b8c8f7e918490049515bddc368,usdt,189,6.624656022701723,5.70551430750096,0.1269841269841269,8.808839376686527e-05,0.0052853036260119,0.1268472870242859,681134.0,False,False,False,0.0,0,0,0,0,0
0x1260dedded80234f0c67a7e8ecc5a95e45892ae2,usdt,908,8.911394559241225,9.61587214452889,0.1145374449339207,7.948385629379924e-05,0.0047690313776279,0.1144567530630708,754870.2692307692,False,False,False,0.0,0,0,0,0,0
0xff036376634bd0f766e57d7a010e966755979cbe,usdt,554,5.334932616312116,6.259547046646646,0.0234657039711191,1.6268932970744705e-05,0.0009761359782446,0.0234272634778723,3688010.769230769,False,False,False,0.0,0,0,0,0,0
0x49454743b0d98010e5fd622dbb6fde4571bd16cb,usdt,802,8.839399924006294,9.90353755128617,0.027431421446384,1.9035031206203203e-05,0.0011421018723721,0.0274104449369326,3152083.090909091,False,False,False,0.0,0,0,0,0,0
0x46924ae1f7db4bb800632a10db2f5f3f63cf4f46,usdt,866,6.83099348563485,6.100318952020064,0.1120092378752886,7.776855244983767e-05,0.0046661131469902,0.1119867155277662,771520.0824742268,False,False,False,0.0,0,0,0,0,0
0x082e34bd8810e8561f67cb7f8bf22fcd55ae300f,usdt,1793,7.244158508222395,7.823940529293307,0.0044617958728388,3.097801644417664e-06,0.000185868098665,0.0044608343679614,19368573.875,False,False,False,0.0,0,0,0,0,0
0xd2c4cdec04ef5b0776a9702e5aaad086ff4b1139,usdt,200,6.213261806577883,0.0,0.11,7.611092544658086e-05,0.0045666555267948,0.1095997326430764,788323.0909090909,False,False,False,0.0,0,0,0,0,0
0xdbccf7511ea0f4b97a5ecec22c5d1c4959340bcf,usdt,1586,7.486676628400075,9.210440366976515,0.0100882723833543,7.001464852310954e-06,0.0004200878911386,0.0100821093873277,8569635.25,False,False,False,0.0,0,0,0,0,0
0x5757c85c8cde7ec05c0fe6478ea49fd0052b4277,usdt,192,10.976480532405624,11.622297365527846,1.7291666666666667,0.0011948910489703,0.0716934629382227,1.7206431105173443,50213.78313253012,False,False,False,0.0,0,0,0,0,0
0xfb94d3404c1d3d9d6f08f79e58041d5ea95accfa,usdt,163,14.00311464032104,0.1271673097399844,0.2822085889570552,0.0001953239447623,0.0117194366857433,0.2812664804578393,307182.0,False,False,False,0.0,0,0,0,0,0
0xd146c1b85386de84e557b0115b2102932930df5d,usdt,1470,7.187700154120577,7.718337069616433,0.0047619047619047,3.3066729155436606e-06,0.0001984003749326,0.0047616089983828,18145127.0,False,False,False,0.0,0,0,0,0,0
0xa50383864cf97f867e943a2c5f9c3b5bb38f124e,usdt,204,4.836468730768663,3.939667782917667,0.0588235294117647,4.0663961157784304e-05,0.002439837669467,0.0585561040672093,1475508.0,False,False,False,0.0,0,0,0,0,0
0xdeb43f9447186b426879f2e88a1fd879559ad200,usdt,153,4.248853406472252,2.714694743820879,0.1045751633986928,7.219167611926425e-05,0.0043315005671558,0.1039560136117405,831120.75,False,False,False,0.0,0,0,0,0,0
0x4433cf4d04971d13be515e232c525a73bed97faa,usdt,277,6.932637579922,5.704482639483591,0.0180505415162454,1.2523351876799605e-05,0.0007514011126079,0.0180336267025914,4791049.6,False,False,False,0.0,0,0,0,0,0
0xb50bab0ff3f28250556fd6f030911c69e0c524df,usdt,1440,7.977088031433649,5.067345491205796,0.1305555555555555,9.061810003520048e-05,0.005437086002112,0.1304900640506886,662119.3776595745,False,False,False,0.0,0,0,0,0,0
0x7ac9f1642e20345022c58825b8a9d67fc3e4106a,usdt,362,11.866932016067306,12.034016325415203,0.1353591160220994,9.3774125307493e-05,0.0056264475184495,0.1350347404427899,639835.3469387755,False,False,False,0.0,0,0,0,0,0
0x55acc90481e53e18d7abb81520d05ab81c6d91d2,usdt,398,10.398834938581825,0.0,0.3165829145728643,0.000219441010599,0.01316646063594,0.3159950552625611,273422.0,False,False,False,0.0,0,0,0,0,0
0xaecfe4eff84a1cd9a24accc1914ac537af7f6e1b,usdt,1705,8.812845234854858,9.26868456245505,0.07683284457478,5.3335778002920514e-05,0.0032001466801752,0.0768035203242055,1124948.4351145038,False,False,False,0.0,0,0,0,0,0
0x841a830c5ee7df28694c3f095f4c9dbeab53a082,usdt,189,4.823731824352873,5.877735781779639,0.037037037037037,2.5651492953534887e-05,0.001539089577212,0.0369381498530902,2339045.1428571427,False,False,False,0.0,0,0,0,0,0
0xa2f6ac457a634f4b69f633882b66818f0c42fa11,usdt,1217,6.920808048726654,6.895254332733322,0.0139687756778964,9.692647570915615e-06,0.0005815588542549,0.0139574125021184,6190259.117647059,False,False,False,0.0,0,0,0,0,0
0x1aea2e7444f848b5d8caa8f2146b2416cf56effe,usdt,1281,11.07563909424766,0.0,0.0132708821233411,9.208709413188806e-06,0.0005525225647913,0.0132605415549918,6515571.0,False,False,False,0.0,0,0,0,0,0
0xa5d14e49190da6a8be412aa2f15c6ac8e2a1d190,usdt,246,12.143537449729068,13.529694742970202,0.032520325203252,2.250763149380337e-05,0.0013504578896282,0.0324109893510768,2665762.5,False,False,False,0.0,0,0,0,0,0
0xe9c53f9a2ee52d45d7fae4c6eba7d7188f3c8f2a,usdt,205,4.451565290526779,2.8970163006148333,0.0926829268292682,6.429545045392589e-05,0.0038577270272355,0.0925854486536532,933192.0,False,False,False,0.0,0,0,0,0,0
0x3edb965c9e12eb4ad0fe916e0cc4749d7ec4afe3,usdt,652,6.806793745819932,7.581209826196346,0.0122699386503067,8.519347971702985e-06,0.0005111608783021,0.0122678610792522,7042792.5,False,False,False,0.0,0,0,0,0,0
0xca76990c181af909b7622398f94a8d779d8b7a57,usdt,546,5.305928542919204,5.28942797270212,0.2948717948717949,0.0002047527565952,0.0122851653957158,0.2948439694971806,293036.347826087,False,False,False,0.0,0,0,0,0,0
0xccadb7e9bf311fb80e2e77a2fa75c4d00e67431a,usdt,1266,7.297663033255564,7.84648454619052,0.089257503949447,6.198241710583067e-05,0.0037189450263498,0.0892546806323961,968016.4601769912,False,False,False,0.0,0,0,0,0,0
0x9b76815522a6d03d06769f3f79239ec8c9356d36,usdt,1791,10.598283034999804,0.009950330853168,0.0050251256281407,3.4884588763251463e-06,0.0002093075325795,0.0050233807819082,17199572.111111112,False,False,False,0.0,0,0,0,0,0
0x499148404feb16b1bd71bd6db9b79a812957242a,usdt,291,4.940702666891475,2.5192418102195937,0.1237113402061855,8.563089753073793e-05,0.0051378538518442,0.1233084924442626,700681.6666666666,False,False,False,0.0,0,0,0,0,0
0x302e2575cd38909aca9d65003f99104867e95ecb,usdt,327,8.758619620340882,0.0,0.2110091743119266,0.0001464907192821,0.0087894431569301,0.2109466357663248,409582.2608695653,False,False,False,0.0,0,0,0,0,0
0xa835e044a7a63e6217aaa897f264f7ab38230ff7,usdt,690,9.646209619102816,10.641668654338355,0.0304347826086956,2.110745382593708e-05,0.0012664472295562,0.0303947335093493,2842597.714285714,False,False,False,0.0,0,0,0,0,0
0x2b9afed3fb18a25a0791668e243105d4b0e92b10,usdt,299,5.658122155408195,7.036666186461565,0.1638795986622073,0.0001134372171304,0.0068062330278245,0.1633495926677887,528926.9387755102,False,False,False,0.0,0,0,0,0,0
0xaef2700663197cec595a3e7108b467f1c7b91e66,usdt,1017,11.556591059916611,0.0009995003330835,0.4552605703048181,0.0003161367245586,0.0189682034735164,0.4552368833643939,189791.30021598272,False,False,False,0.0,0,0,0,0,0
0x0a62a72cfe67c25e077ff7b979135af224e35941,usdt,1720,8.412847554594624,0.0002729627422807,0.0441860465116279,3.0671567902502834e-05,0.0018402940741501,0.044167057779604,1956209.0921052631,False,False,False,0.0,0,0,0,0,0
0x3ffc8b9721f96776bef8468f48f65e0ca573fcf2,usdt,2024,7.516745711673502,9.546884034617923,0.1907114624505929,0.0001323947801059,0.0079436868063593,0.1906484833526254,453190.0725388601,False,False,False,0.0,0,0,0,0,0
0x6ae03d1d3a9b161ec264c76ad73999ee25abec5a,usdt,1395,8.301125944647811,8.608726336652092,0.0129032258064516,8.95426757076027e-06,0.0005372560542456,0.0128941453018947,6700715.555555556,False,False,False,0.0,0,0,0,0,0
0x1cd6694e5e4aa8ae16ac499b2074c60e58d1702e,usdt,747,8.939697168542292,8.37612450347086,0.0200803212851405,1.3942036448201151e-05,0.000836522186892,0.0200765324854096,4303532.0,False,False,False,0.0,0,0,0,0,0
0xd07e7dcb98307813e671a1b663cde7b28c125664,usdt,331,7.263501262871062,4.90954338827985,0.0513595166163142,3.557646428541532e-05,0.0021345878571249,0.051230108570998,1686508.2352941176,False,False,False,0.0,0,0,0,0,0
0x36fdbe7005414fa1611330dc7e18725ed4a75600,usdt,406,16.554039381597658,0.0,0.083743842364532,5.801467634806485e-05,0.0034808805808838,0.0835411339412133,1034221.0588235294,False,False,False,0.0,0,0,0,0,0
0x9897832ef98357dd854148b26151c3b9e7f467d9,usdt,1083,8.23418753519879,9.72572358119356,0.0627885503231763,4.357164413359447e-05,0.0026142986480156,0.062743167552376,1377042.3676470588,False,False,False,0.0,0,0,0,0,0
0x00b6ae92e1011093cca326914a6eda67bcc37cee,usdt,306,11.72155698208378,3.516141873944921,0.1928104575163398,0.0001334905052049,0.0080094303122999,0.1922263274951977,449470.1694915255,False,False,False,0.0,0,0,0,0,0
0x990da5af360f4ba7dd724ccf9c42cdb9088cef00,usdt,194,4.0950189514372335,4.176692303570854,0.1134020618556701,7.843813976107742e-05,0.0047062883856646,0.1129509212559514,764934.0,False,False,False,0.0,0,0,0,0,0
0x33aa307d7bfc957bc8748351e7f9c4d7f9ec825f,usdt,1030,9.554819776706644,7.004361209847441,0.0067961165048543,4.716550794489506e-06,0.0002829930476693,0.0067918331440648,12721160.57142857,False,False,False,0.0,0,0,0,0,0
0xdb06b20458e156e27f60b33b965a3551bbd8857c,usdt,214,9.431692991569133,11.193493938466808,0.4672897196261682,0.0003230656779062,0.0193839406743726,0.4652145761849443,185720.75,False,False,False,0.0,0,0,0,0,0
0x00ccef1f2c02a986841a6eece88451be8f86958d,usdt,1021,10.142810463267326,8.163186114125832,0.0519098922624877,3.6024902179645924e-05,0.0021614941307787,0.0518758591386901,1665514.5849056605,False,False,False,0.0,0,0,0,0,0
0x95c2985ab16c1046c455c423d735632b76a62f7a,usdt,533,8.285283014283547,0.000309951959928,0.0656660412757973,4.553584764069666e-05,0.0027321508584418,0.0655716206026031,1317643.2,False,False,False,0.0,0,0,0,0,0
0x3e405a699770eab735b32d047dd05468c48e7dff,usdt,1159,6.007722721323783,4.060973955776948,0.0181190681622088,1.2580483644113214e-05,0.0007548290186467,0.018115896447523,4769292.0,False,False,False,0.0,0,0,0,0,0
0x714dc8e3a97438c9b8dac1cfe6c20428fdf3582d,usdt,1386,6.220287482147246,5.365976015021851,0.0064935064935064,4.506723618522504e-06,0.0002704034171113,0.0064896820106724,13313441.222222222,False,False,False,0.0,0,0,0,0,0
0x4e95b99b648a6e8f894b67cbccbdc5db22bc04d9,usdt,527,6.919486993515953,0.0001989802021264,0.0550284629981024,3.818207001591007e-05,0.0022909242009546,0.0549821808229105,1571418.2068965517,False,False,False,0.0,0,0,0,0,0
0x0f8bc975ffb922bf1df03b1d99585bb7040c7fd7,usdt,791,6.49115699744827,7.273092595999522,0.0442477876106194,3.072358430112624e-05,0.0018434150580675,0.0442419613936217,1952897.142857143,False,False,False,0.0,0,0,0,0,0
0x430b241cbfa5f3217f3cf0f2cdf7f766e90e670e,usdt,376,13.268581313260578,9.903377535234446,1.199468085106383,0.0008313731851731,0.0498823911103901,1.1971773866493634,72169.75609756098,False,False,False,0.0,0,0,0,0,0
0x58b1d6d9278844bffd4f233b72d065e0e0b51818,usdt,224,6.357569000404822,7.3374297785579055,0.03125,2.1699270940661844e-05,0.0013019562564397,0.031246950154553,2765069.8571428573,False,False,False,0.0,0,0,0,0,0
0x72c69271dde302883aab4e0fbffd2b5f6b8b7e8b,usdt,228,8.968324243252784,0.0060894217801301,0.1008771929824561,6.978866777681219e-05,0.0041873200666087,0.1004956815986095,859738.4347826086,False,False,False,0.0,0,0,0,0,0
0x93d84acf040c04190e20c6408a9dc72426b5565c,usdt,956,7.280835834534221,0.0,0.0805439330543933,5.5913865537319535e-05,0.0033548319322391,0.0805159663737401,1073079.0909090908,False,False,False,0.0,0,0,0,0,0
0x4fef5a5bf85f9970442bea8fd7bb7e56c61fe6a4,usdt,440,8.525171177287076,8.893517809777984,0.0431818181818181,2.9931893913806223e-05,0.0017959136348283,0.0431019272358809,2004550.7368421047,False,False,False,0.0,0,0,0,0,0
0x49a323cc2fa5f9a138f30794b9348e43065d8da2,usdt,821,10.0708500681565,0.0,0.0438489646772229,3.0418657046710045e-05,0.0018251194228026,0.0438028661472624,1972473.6666666667,False,False,False,0.0,0,0,0,0,0
0x1de869688cf52ac2ebc0e789c54d492615714438,usdt,836,8.449548317115559,0.0,0.0155502392344497,1.0789383976525398e-05,0.0006473630385915,0.0155367129261965,5561021.846153846,False,False,False,0.0,0,0,0,0,0
0x47716f3dceec0c700b7ee230ecea5a775488bb2a,usdt,830,9.568726941298085,0.0003929227957268,0.1602409638554217,0.0001111990856592,0.0066719451395548,0.1601266833493164,539572.7819548872,False,False,False,0.0,0,0,0,0,0
0x3e6cf1694da268bb55bc320c5ab1463445907e4a,usdt,403,4.811467928067945,1.4647126732539972,0.0942928039702233,6.538439831900153e-05,0.00392306389914,0.0941535335793622,917650.105263158,False,False,False,0.0,0,0,0,0,0
0x2e8a3d1b00339ed852d6002c31345d10e6636031,usdt,1027,10.15235854484057,10.1065100358533,0.1051606621226874,7.29733674236077e-05,0.0043784020454164,0.1050816490899951,822217.7777777778,False,False,False,0.0,0,0,0,0,0
0x0c99226fcaa515df63d08ab728d082c9417bd657,usdt,384,9.31056499482616,9.72621324693324,0.1223958333333333,8.496149075239365e-05,0.0050976894451436,0.1223445466834468,706202.2978723404,False,False,False,0.0,0,0,0,0,0
0xcd248c0809b56edc426d3826f72d7dfcc347d7ba,usdt,300,8.26522198802005,0.0021736359408406,0.0633333333333333,4.3900894885083634e-05,0.002634053693105,0.0632172886345204,1366714.7368421052,False,False,False,0.0,0,0,0,0,0
0x4bf865af558b705d300916f58675e9eb4d05c4ed,usdt,188,8.259745693079646,7.36666787889425,0.2659574468085106,0.0001837509747989,0.0110250584879352,0.2646014037104467,326528.88,False,False,False,0.0,0,0,0,0,0
0x8293fdc6648dcd00b9194dfa0ab731b51e294f66,usdt,1672,9.414227330958784,0.009950330853168,0.0801435406698564,5.564477637153369e-05,0.003338686582292,0.0801284779750085,1078268.328358209,False,False,False,0.0,0,0,0,0,0
0xa3912d121a92142f4c747f4e1b0131e33fdb4d1f,usdt,154,5.24371152330254,3.8164105119316414,0.0974025974025974,6.745684111305587e-05,0.0040474104667833,0.0971378512028004,889457.6,False,False,False,0.0,0,0,0,0,0
0xdb5d6716bbd2c04227d207757f00bd5e2af9c65b,usdt,824,5.474581564530439,6.167601575318873,0.0109223300970873,7.583492248456159e-06,0.0004550095349073,0.0109202288377768,7911922.111111111,False,False,False,0.0,0,0,0,0,0
0xe59f4a315aa1d99bdd32d999bd265aee215c6cf6,usdt,837,7.523739879358325,9.999500033330834e-05,0.0908004778972521,6.298860718431478e-05,0.0037793164310588,0.0907035943454132,952553.2105263158,False,False,False,0.0,0,0,0,0,0
0x4b56fde8006def65252a38a4b20b13ae03990afa,usdt,248,9.32498298673541,0.0,0.0887096774193548,6.154837814428283e-05,0.0036929026886569,0.0886296645277672,974842.9090909092,False,False,False,0.0,0,0,0,0,0
0x9dfc840576e285ee2d08358098d26cb02c0782cc,usdt,600,8.392464362187702,0.0026794071804218,0.125,8.6662582355452e-05,0.0051997549413271,0.1247941185918508,692340.32,False,False,False,0.0,0,0,0,0,0
0x6004683b786653141b0afaf2704cd98b3dc940f5,usdt,279,7.730731779381193,8.031396323412968,0.1218637992831541,8.438923292669306e-05,0.0050633539756015,0.121520495414438,710991.1764705882,False,False,False,0.0,0,0,0,0,0
0x38233bf10660e752e48175d218b55874e6ee2a10,usdt,200,9.31754863853041,3.163051142389503,0.04,2.76692910989274e-05,0.0016601574659356,0.0398437791824554,2168469.0,False,False,False,0.0,0,0,0,0,0
0xdec8031cbaebdf51012d6236b100f6f56a781267,usdt,180,6.094536731281301,5.702114417555504,0.0388888888888888,2.699815255498945e-05,0.0016198891532993,0.0388773396791848,2222374.285714286,False,False,False,0.0,0,0,0,0,0
0xa662ffd9496fbc93763c399bb676e9e452b4c402,usdt,175,6.289832356297111,7.055896364171381,0.3428571428571428,0.0002370432177194,0.0142225930631672,0.3413422335160146,253118.4,False,False,False,0.0,0,0,0,0,0
0x9807a325752e60e5bde8532bee9e9728afac37c6,usdt,729,9.787653525303297,3.3072448431789785,0.0589849108367626,4.093161887598728e-05,0.0024558971325592,0.0589415311814216,1465859.441860465,False,False,False,0.0,0,0,0,0,0
0xea66b96424351fd80074a2cada6743d70b6a9dc4,usdt,206,7.6230585442052226,7.445433113823666,0.3495145631067961,0.0002426098348635,0.0145565900918143,0.3493581622035442,247310.66666666663,False,False,False,0.0,0,0,0,0,0
0xb6d4934fe622d1637aeceacd8df8ff5a06219467,usdt,1104,7.010059264106087,5.698144105552823,0.0163043478260869,1.1317753495514366e-05,0.0006790652097308,0.0162975650335406,5301405.444444444,False,False,False,0.0,0,0,0,0,0
0x8ecb8070d29da15b2c720778be286d3429024c29,usdt,142,8.33369598838098,0.0,0.1830985915492957,0.0001264067614004,0.0075844056840258,0.1820257364166211,474658.1538461539,False,False,False,0.0,0,0,0,0,0
0x7e945b51a21fd31275bb2553c8969e763390ca40,usdt,899,4.434364083117803,3.044522437723423,0.0133481646273637,9.26827866748104e-06,0.0005560967200488,0.0133463212811726,6473694.0,False,False,False,0.0,0,0,0,0,0
0x6b468766b97b8aed4bf340fa55fea270614dcbc6,usdt,152,7.696786289777532,7.9157131993821155,2.486842105263158,0.0017269389686976,0.1036163381218579,2.48679211492459,34743.555555555555,False,False,False,0.0,0,0,0,0,0
0x29ad4c1f3fcfcebbcf2a69c412e187edfbdbac1d,usdt,332,9.969353205113816,9.669956074552664,0.0331325301204819,2.294736833321581e-05,0.0013768420999929,0.0330442103998307,2614678.909090909,False,False,False,0.0,0,0,0,0,0
0xaf589bc6f7a8a14b7e98fdac40b5025ac0bcf56c,usdt,202,7.463280793715174,0.0,2.133663366336634,0.0014778605516843,0.0886716331010589,2.128119194425414,40599.22969837587,False,False,False,0.0,0,0,0,0,0
0x15bfd0482b0309a4b1a83944ef5362741d29f245,usdt,1124,7.985913026924676,0.0002999550089979,0.2704626334519573,0.0001877913391128,0.0112674803467715,0.2704195283225168,319503.55263157893,False,False,False,0.0,0,0,0,0,0
0x66f1f4b0983a666de35977635454f22f26f17dd3,usdt,559,6.009325938483168,0.0006997551142733,0.0876565295169946,6.077005331145942e-05,0.0036462031986875,0.0875088767685015,987328.4081632652,False,False,False,0.0,0,0,0,0,0
0x2d9115d79b2f642feb46f8e0056f15e07bd5fcef,usdt,554,10.258188557192971,8.471942801845922,0.0794223826714801,5.51157844842553e-05,0.0033069470690553,0.0793667296573276,1088617.3636363635,False,False,False,0.0,0,0,0,0,0
0xc8aa941d5e971943ad5105f6345b174240f6e4b3,usdt,145,11.532196938847049,11.631374945169773,0.6758620689655173,0.000466169419286,0.0279701651571656,0.6712839637719766,128708.57142857143,False,False,False,0.0,0,0,0,0,0
0x0676d673a2a0a13fe37a3ec7812a8ccc571ca07b,usdt,1322,10.058463625889551,9.548482766963266,0.0272314674735249,1.889974620003321e-05,0.0011339847720019,0.0272156345280478,3174645.8055555555,False,False,False,0.0,0,0,0,0,0
0x9ef400e8621b75014019d9d2cc3f38a94b9aa577,usdt,135,6.334682086508579,0.0,0.1925925925925926,0.0001331892157716,0.0079913529462991,0.1917924707111792,450486.9230769231,False,False,False,0.0,0,0,0,0,0
0xe5e6bcddeaa8b3d2574495b102a4feaa286c706f,usdt,1243,6.160044318664932,6.398594934535208,0.0064360418342719,4.467865782891788e-06,0.0002680719469735,0.0064337267273641,13429230.625,False,False,False,0.0,0,0,0,0,0
0xdbd62b8115f0c4065ce4eeb77d9296cb7bfc3913,usdt,2180,8.276136298196738,0.0,0.2238532110091743,0.0001554045754578,0.0093242745274688,0.2237825886592523,386089.01844262297,False,False,False,0.0,0,0,0,0,0
0xa88e0183714064bd06b08f1778069ce6ba043f58,usdt,974,10.537331284887497,11.794680018838385,0.0965092402464065,6.701413256764221e-05,0.0040208479540585,0.0965003508974047,895333.5319148937,False,False,False,0.0,0,0,0,0,0
0xb030be9e9b2cb790eb3301785ac4f4b161f9502d,usdt,952,5.14756574171591,4.813931446206236,0.0052521008403361,3.6470863354324496e-06,0.0002188251801259,0.0052518043230227,16451488.8,False,False,False,0.0,0,0,0,0,0
0xaff1e3c15e0d278e00ebcc710e61aa59cb0f656e,usdt,265,8.128357649412994,6.456756167255136,0.1056603773584905,7.310723730752834e-05,0.0043864342384517,0.1052744217228408,820712.1785714285,False,False,False,0.0,0,0,0,0,0
0xfe25e68e1b4ae2f99bc53a4b64bdbb5e14ba1dc4,usdt,199,8.474099404996457,8.449503473241764,0.1105527638190954,7.658407190548134e-05,0.0045950443143288,0.1102810635438931,783452.7272727273,False,False,False,0.0,0,0,0,0,0
0x655e691d2fbc96ad1c98c821e19dae84cc30626e,usdt,177,8.300341672434621,7.885893414182372,1.3502824858757063,0.0009350855035924,0.0561051302155469,1.3465231251731278,64165.25523012552,False,False,False,0.0,0,0,0,0,0
0xfa29ad69bd675999763dd94fc84980f5faf13aa0,usdt,864,8.577291916667429,8.62144874741092,0.005787037037037,4.01413655795524e-06,0.0002408481934773,0.0057803566434555,14947174.6,False,False,False,0.0,0,0,0,0,0
0x8d2e14f70aa000f9a61d2f24b9bc4acbe465af2a,usdt,224,10.504098701768632,11.51293546492023,0.0491071428571428,3.403800250148375e-05,0.002042280150089,0.0490147236021365,1762735.6363636365,False,False,False,0.0,0,0,0,0,0
0x7cffb5a0520f7c697aafe19c3b6eb450511f6033,usdt,361,3.884588415050227,3.275218350406234,0.0526315789473684,3.6534231998526326e-05,0.0021920539199115,0.0526092940778779,1642295.3684210526,False,False,False,0.0,0,0,0,0,0
0xce360423ceb49c4c93a70ee7f2d35c2d16d18e07,usdt,1836,8.29373679742186,9.257086062776338,0.062636165577342,4.348862963306904e-05,0.0026093177779841,0.0626236266716194,1379670.9739130435,False,False,False,0.0,0,0,0,0,0
0xc6bf7b9910d542267bea27754cdfc58400bbd2ad,usdt,381,9.670603845603512,8.070906088787819,0.0839895013123359,5.8180294915914926e-05,0.0034908176949548,0.0837796246789175,1031277.0,False,False,False,0.0,0,0,0,0,0
0xbfac06bda1692f7af3972a84c4888a9442d5902f,usdt,127,7.337587743538596,7.378383712996714,0.0393700787401574,2.7317567818593867e-05,0.0016390540691156,0.0393372976587751,2196388.8,False,False,False,0.0,0,0,0,0,0
0xc9df31c476d1dc768e6cf48ed98ef0df4aceb440,usdt,1185,10.392135543265244,0.0001999800026662,0.0953586497890295,6.622118367611489e-05,0.0039732710205668,0.0953585044936054,906054.4778761062,False,False,False,0.0,0,0,0,0,0
0xffe3937772c12d54d4c4b1554e9ce2eaf7ed001c,usdt,941,7.011196567901986,6.687108607866515,0.0212539851222104,1.4758809142683775e-05,0.000885528548561,0.0212526851654646,4065368.65,False,False,False,0.0,0,0,0,0,0
0xc4de4682173df073130d5fd16ec768318a17c33b,usdt,198,5.460616896979596,0.0,0.1212121212121212,8.416487056494968e-05,0.0050498922338969,0.1211974136135275,712886.5,False,False,False,0.0,0,0,0,0,0
0x98aa59f5e3c27f2e596fcfa4a60ce363f639877f,usdt,390,7.392187137051963,0.0001999800026662,1.843589743589744,0.0012796668238811,0.0767800094328708,1.842720226388901,46887.20445062587,False,False,False,0.0,0,0,0,0,0
0xc7aa0139ec2e9c74e94f5b63f0a9443dae673d8a,usdt,308,7.617497022970274,6.100318952020064,0.0551948051948051,3.8232575503714185e-05,0.0022939545302228,0.0550549087253484,1569342.3529411764,False,False,False,0.0,0,0,0,0,0
0x8254317d7345a0c0042ad5c53954676cda0869e8,usdt,1467,6.507713527851415,2.846578571345822,0.0238582140422631,1.6561646636511748e-05,0.0009936987981907,0.0238487711565769,3622828.171428572,False,False,False,0.0,0,0,0,0,0
0x1166ae53a4d8779532260dfdd84dc065bcc5b1a4,usdt,1245,6.243598752890584,3.0363135991157955,0.0064257028112449,4.4606050927899255e-06,0.0002676363055673,0.0064232713336174,13451089.875,False,False,False,0.0,0,0,0,0,0
0x428110b402e6d6093387dad17333d9d54405d30e,usdt,141,5.294015401350842,5.722339764750296,0.0425531914893617,2.942375777185652e-05,0.0017654254663113,0.0423702111914733,2039168.5,False,False,False,0.0,0,0,0,0,0
0x2a2e1d58d6930174251d547c8559cec80715e135,usdt,549,7.715579320919044,6.2166061010848646,0.151183970856102,0.0001049183179293,0.0062950990757581,0.1510823778181945,571873.4457831326,False,False,False,0.0,0,0,0,0,0
0x42c5fd3079c2dfc2cfe702b8e34addf9a8cdcf4b,usdt,254,6.598756504801747,6.2269765527616965,0.1417322834645669,9.838522516278656e-05,0.0059031135097671,0.1416747242344126,609847.6666666666,False,False,False,0.0,0,0,0,0,0
0x4ff084e8128f213755a8a62bd9ec56087d29243b,usdt,415,6.602124034284678,6.730341961450404,0.036144578313253,2.5091366027494783e-05,0.0015054819616496,0.0361315670795924,2391260.8,False,False,False,0.0,0,0,0,0,0
0x5dffd11a812579440ff07cf84310ce80f31320cc,usdt,175,7.63759412783647,7.313886831633462,0.1428571428571428,9.870592582999838e-05,0.0059223555497999,0.1421365331951976,607866.24,False,False,False,0.0,0,0,0,0,0
0x0644e7d66c390b4cae5dd6396d1077caa951540f,usdt,374,7.595829873202335,0.0007197409243488,1.8823529411764703,0.0013052835802741,0.0783170148164519,1.879608355594846,45967.02272727273,False,False,False,0.0,0,0,0,0,0
0xbed6188a144b7c00bc33b47e82293962113d08ec,usdt,424,7.110748900361587,7.605890001053122,0.4292452830188679,0.0002976001653479,0.0178560099208776,0.4285442381010624,201612.7912087912,False,False,False,0.0,0,0,0,0,0
0xb9667f1544da82c286126b22c78382f97ede7ee9,usdt,160,8.211935670575054,9.694074642170651,0.06875,4.745859237815007e-05,0.002847515542689,0.068340373024536,1264260.0,False,False,False,0.0,0,0,0,0,0
0x599640394761c5e2c9cfeb19d54c9456a8101f56,usdt,405,6.195525859064301,7.62608275807238,0.3012345679012346,0.000208899674048,0.012533980442881,0.3008155306291442,287219.2131147541,False,False,False,0.0,0,0,0,0,0
0xd2e92ae5e6565c8633ef26ae5db2771cefc9e66c,usdt,591,10.254433132117027,7.204060155721408,0.1201353637901861,8.340834210295691e-05,0.0050045005261774,0.1201080126282579,719352.5070422535,False,False,False,0.0,0,0,0,0,0
0xa41e03270ddf9877679fca5c1c86c8d5170f9e5b,usdt,526,10.724098295246906,0.009950330853168,0.0361216730038022,2.5048184797597483e-05,0.0015028910878558,0.0360693861085403,2395383.1578947366,False,False,False,0.0,0,0,0,0,0
0xa7377f72df32b3ce72d623f3efa2c3347464af65,usdt,762,8.331950865566107,0.0001799838019437,0.0236220472440944,1.6402076867422014e-05,0.0009841246120453,0.0236189906890876,3658073.3333333335,False,False,False,0.0,0,0,0,0,0
0x90c05aaa614b6657f94097333b0a46007bcf55c0,usdt,1345,9.510691143973702,0.0001169931560338,0.2022304832713754,0.0001404344494584,0.0084260669675096,0.2022256072202307,427245.5955882353,False,False,False,0.0,0,0,0,0,0
0xda9d3aeb95d6f3218ea27b50f19ad04d17609de8,usdt,1157,7.236871012048321,6.905048675433146,0.0051858254105445,3.6007778400290032e-06,0.0002160466704017,0.0051851200896417,16663066.333333334,False,False,False,0.0,0,0,0,0,0
0xf522d71e617fac84d5b0f8ee1686e735d5ba4c45,usdt,272,8.631474284110734,9.275029035997996,0.0992647058823529,6.889175115687111e-05,0.0041335050694122,0.0992041216658944,870931.5555555555,False,False,False,0.0,0,0,0,0,0
0x1059ebd217b1b0674403fcf59c5c0054e019c48a,usdt,1408,6.598731405794235,0.0,0.0056818181818181,3.943578305021783e-06,0.0002366146983013,0.0056787527592313,15214608.5,False,False,False,0.0,0,0,0,0,0
0xfd029682a8e00e1fcf6e8c5b7d841e11baeef8f6,usdt,1397,6.890292572594511,8.188966863648876,0.0279169649248389,1.9377615822866728e-05,0.001162656949372,0.027903766784928,3096356.153846154,False,False,False,0.0,0,0,0,0,0
0xef1de2fa338fb55e834bd6cb8bad382d410cb882,usdt,1083,9.114610437487183,10.818679743915563,0.0203139427516158,1.4095485638814458e-05,0.0008457291383288,0.0202974993198928,4256682.0,False,False,False,0.0,0,0,0,0,0
0x9c6e4f668b58f5e5346f934ae204b69126395168,usdt,274,11.62284901859648,12.24710947452225,0.0291970802919708,2.0204654630473285e-05,0.0012122792778283,0.0290947026678815,2969612.75,False,False,False,0.0,0,0,0,0,0
0x1b83e011114437fadd20080c480c1e292ffa3ca0,usdt,201,8.057478845473787,8.268988209506656,0.0248756218905472,1.71922568825762e-05,0.0010315354129545,0.0247568499109097,3489943.2,False,False,False,0.0,0,0,0,0,0
0xa8492b68d53b87b3748963070cd982b8d61cba7b,usdt,354,10.193763006589936,9.999500033330834e-05,0.384180790960452,0.0002662418282356,0.015974509694139,0.3833882326593369,225359.0294117647,False,False,False,0.0,0,0,0,0,0
0x4fc2a3ebba243c67f862041a4c00f4f69a841f29,usdt,750,8.995213113037162,2.443141936742683,0.0453333333333333,3.1471189237001385e-05,0.00188827135422,0.0453185125012819,1906505.647058824,False,False,False,0.0,0,0,0,0,0
0xd01ec90be2caacfeb3824616e26fd01f8e8af8b5,usdt,1289,9.767090647621414,0.0,0.0589604344453064,4.092227830907638e-05,0.0024553366985445,0.0589280807650699,1466194.0263157894,False,False,False,0.0,0,0,0,0,0
0xedc6bacdc1e29d7c5fa6f6eca6fdd447b9c487c9,usdt,730,14.048961616447489,15.18285012757964,0.0794520547945205,5.5159464108687725e-05,0.0033095678465212,0.0794296283165103,1087755.3103448276,False,False,False,0.0,0,0,0,0,0
0x8e80da5d62f70d9724980eb746d76b8259c2087d,usdt,771,10.645792203347986,7.881605233250648,0.0687418936446173,4.768165496007066e-05,0.0028608992976042,0.0686615831425017,1258345.5849056605,False,False,False,0.0,0,0,0,0,0
0xa46d8a23a46f243215457628a1968138cc25bd27,usdt,139,5.110232296574886,5.165928178502291,0.7482014388489209,0.0005187146251588,0.0311228775095313,0.7469490602287532,115670.53846153848,False,False,False,0.0,0,0,0,0,0
0x0284ae55b8bf06306f77235c41d51537439472f1,usdt,946,7.072582159111734,2.887232502251976,0.5972515856236786,0.000414690586509,0.0248814351905404,0.59715444457297,144686.18761061947,False,False,False,0.0,0,0,0,0,0
0x398583b20665dab16df4233ffb190c5ae429f896,usdt,993,13.80779749485149,0.0002499687552073,0.256797583081571,0.000178164594461,0.010689875667663,0.256557016023914,336767.2470588236,False,False,False,0.0,0,0,0,0,0
0x7433c9400d03cbe5a2cd9e8e3d4ce599453bbde0,usdt,1173,9.761458559066464,0.0,0.6624040920716112,0.000459935367538,0.0275961220522848,0.6623069292548373,130453.11196911195,False,False,False,0.0,0,0,0,0,0
0x2c7f26275a1c49a005c42c70e03ac6a463862552,usdt,161,5.6973626415551015,6.396601736456667,0.186335403726708,0.0001287807893403,0.007726847360423,0.1854443366501541,465908.0,False,False,False,0.0,0,0,0,0,0
0x02f6f73ebd8d79003ee5d84fb642ca7695882d63,usdt,1028,8.87964574233382,9.999500033330834e-05,0.0894941634241245,6.213457944682665e-05,0.0037280747668095,0.0894737944034303,965645.8695652174,False,False,False,0.0,0,0,0,0,0
0x9d3f4eeb533b8e3c8f50dbbd2e351d1bf2987908,usdt,2022,9.88214724656182,11.946888380139288,0.0390702274975272,2.713194883196073e-05,0.0016279169299176,0.0390700063180234,2211415.050632912,False,False,False,0.0,0,0,0,0,0
0xab557245f9de18a7a2b59e8bc4f361dd83d16807,usdt,750,9.230158282488906,10.65473132109077,0.06,4.1653036867380624e-05,0.0024991822120428,0.059980373089028,1440471.2,False,False,False,0.0,0,0,0,0,0
0x00b165bd0d75f9a5cf11a474c44616e2851f854b,usdt,509,8.859936802083423,5.846438775057725,0.0235756385068762,1.6346974338519682e-05,0.0009808184603111,0.0235396430474683,3670404.0,False,False,False,0.0,0,0,0,0,0
0x22a03e1afbcddccfb2b3eb5986e380a3ccfbe012,usdt,1003,5.913402765479258,0.0,0.0528414755732801,3.667172921041615e-05,0.0022003037526249,0.0528072900629992,1636137.7358490566,False,False,False,0.0,0,0,0,0,0
0x63183326aa4dc2e9822e9dfa60d4bf723e6881f7,usdt,981,10.245767262449483,10.823505340320636,0.0254841997961264,1.7688603317787646e-05,0.0010613161990672,0.0254715887776142,3392014.56,False,False,False,0.0,0,0,0,0,0
0x2b0617604dc22832d73c7b1e58121b2224371fba,usdt,156,8.00533055947642,0.0009995003330835,0.2243589743589743,0.0001549470612297,0.0092968236737859,0.2231237681708632,387229.02857142856,False,False,False,0.0,0,0,0,0,0
0x34ab9f93827145d22462c9f8d6bd2837874a1d78,usdt,653,9.201924702055294,0.0009995003330835,0.0199081163859111,1.3824422181689488e-05,0.0008294653309013,0.0199071679416328,4340145.230769231,False,False,False,0.0,0,0,0,0,0
0x91e17037de79987d9c58cb3ee982257ee2369be6,usdt,758,8.059781603957454,7.71849593056556,0.0184696569920844,1.281620084964088e-05,0.0007689720509784,0.0184553292234828,4681574.571428572,False,False,False,0.0,0,0,0,0,0
0x85685b446f606545bb2280ad70c4df09eeae67f3,usdt,292,9.665153975976658,6.90875477931522,0.0547945205479452,3.796089268835246e-05,0.0022776535613011,0.0546636854712275,1580574.0,False,False,False,0.0,0,0,0,0,0
0xbe428d73868245758dae8109371394da43b04949,usdt,603,8.463246554130976,0.0,0.2172470978441127,0.0001508117123829,0.0090487027429772,0.2171688658314537,397847.0839694656,False,False,False,0.0,0,0,0,0,0
0x53639bf9040d6bf84856ba66cc2ad1a53a84afe8,usdt,339,2.101103835782126,0.0004199118246882,0.0176991150442477,1.2266757822307015e-05,0.0007360054693384,0.0176641312641221,4891268.0,False,False,False,0.0,0,0,0,0,0
0x3a28dc7c0842f8376ae10938541856424b20eec9,usdt,866,8.956246511549898,0.0,0.0819861431870669,5.687641460054412e-05,0.0034125848760326,0.0819020370247835,1054918.8169014084,False,False,False,0.0,0,0,0,0,0
0x566ad4bc61b2d73c97212fc74fcff5a967268a78,usdt,264,8.44545811043582,0.0001199928005759,0.8106060606060606,0.0005624412262059,0.0337464735723585,0.8099153657366063,106677.81308411216,False,False,False,0.0,0,0,0,0,0
0xadae0cdb5b7fdbcdb6094b80af96869abf8ad394,usdt,1326,9.97983247900518,0.0,0.1153846153846153,8.010859374363926e-05,0.0048065156246183,0.1153563749908405,748983.3137254902,False,False,False,0.0,0,0,0,0,0
0x3e2fcd3600e6f26e070cb518c4e901a4db04ef84,usdt,1055,7.007033120831391,6.956832586683824,0.3469194312796208,0.0002407975530757,0.0144478531845476,0.3467484764291433,249171.96721311475,False,False,False,0.0,0,0,0,0,0
0x275b2edbc7c4413dbecff9ef37ba9214758e3b13,usdt,1948,11.581670874042215,0.0,0.0580082135523613,4.026512243231081e-05,0.0024159073459386,0.0579817763025275,1490123.371681416,False,False,False,0.0,0,0,0,0,0
0x00a6d8031a84d66c51f2ee95a927f358bf4a67c0,usdt,602,6.488477613702478,6.069338948781132,0.0963455149501661,6.68309016871346e-05,0.004009854101228,0.0962364984294738,897788.275862069,False,False,False,0.0,0,0,0,0,0
0xc98a8fc7e272b316b6a7cc2448dbbcbfba89cd5c,usdt,1111,6.093234372948029,6.734591659972948,0.1035103510351035,7.181768948379193e-05,0.0043090613690275,0.1034174728566603,835448.7652173913,False,False,False,0.0,0,0,0,0,0
0x29b4b197bc31df3dd024c3f2cc2f55b5bfade66f,usdt,1437,7.553468860621797,8.146419323098003,0.1148225469728601,7.970369932402568e-05,0.0047822219594415,0.1147733270265969,752788.1454545455,False,False,False,0.0,0,0,0,0,0
0x00a02d774ce6047a473eb4b65d35b31a03a8fbb9,usdt,1017,5.685461074800811,3.8394587641854026,0.0403146509341199,2.7977812502868154e-05,0.001678668750172,0.0402880500041301,2144556.512195122,False,False,False,0.0,0,0,0,0,0
0x204f241c3cf752318ffa57ac6868c66f3c7fdd26,usdt,1066,8.2668372284892,9.95631716618066,0.0403377110694183,2.7991270889625083e-05,0.0016794762533775,0.0403074300810601,2143525.395348837,False,False,False,0.0,0,0,0,0,0
0x39cf026491fe4ee63e865d67f208229c2b9ea4c6,usdt,1368,8.624496247060987,0.0,0.0694444444444444,4.8215477098786095e-05,0.0028929286259271,0.0694302870222519,1244413.694736842,False,False,False,0.0,0,0,0,0,0
0xc0877121ece27f1a6034ffaf105fbeb16b10ed6a,usdt,1456,8.770982602376957,8.160803920954665,0.0748626373626373,5.197443032865363e-05,0.0031184658197192,0.0748431796732612,1154413.8073394496,False,False,False,0.0,0,0,0,0,0
0x7dc9d63863184b7d1ec75f55e50691f0954d52fd,usdt,1091,7.056784640646374,7.1713572387271896,0.2126489459211732,0.00014754500377,0.0088527002262017,0.2124648054288421,406655.5862068966,False,False,False,0.0,0,0,0,0,0
0x02ae2325caa968185493b6ead57eb893da623093,usdt,197,5.304076202574774,5.698775627958818,0.0761421319796954,5.2833123409722986e-05,0.0031699874045833,0.0760796977100011,1135651.2,False,False,False,0.0,0,0,0,0,0
0xaffac4e68099d4a5354b897d63c96cc6938dbc04,usdt,937,6.757087814377744,7.457180178618484,0.0981856990394877,6.812963707342331e-05,0.0040877782244053,0.0981066773857295,880674.0,False,False,False,0.0,0,0,0,0,0
0xcab5e090a9a34f139f98715d547da1faf97e628f,usdt,142,5.020364016237611,0.0001029946958642,0.0915492957746478,6.321186282442272e-05,0.0037927117694653,0.0910250824671687,949188.9230769232,False,False,False,0.0,0,0,0,0,0
0x84858ac42b89ed5d7c92d896a0eb161c9f7ceb9c,usdt,299,7.329368613162633,7.1706038077132215,0.0668896321070234,4.630774459982236e-05,0.0027784646759893,0.0666831522237442,1295679.6,False,False,False,0.0,0,0,0,0,0
0x2a2b7015c8b308aa45cb4d6a5fee46770d92ce1a,usdt,870,5.250944880997226,5.546635884345175,0.0229885057471264,1.5963679436545972e-05,0.0009578207661927,0.0229876983886261,3758532.0,False,False,False,0.0,0,0,0,0,0
0xdba851c3398a6134374d267f68e750705f784997,usdt,583,5.642917971153788,7.100312594537703,0.3447684391080617,0.0002393360318371,0.0143601619102301,0.3446438858455242,250693.552238806,False,False,False,0.0,0,0,0,0,0
0x616ceff6d6c211b3ad403094fd99d54c23703159,usdt,219,6.837533495191688,0.0,0.136986301369863,9.486579967758276e-05,0.0056919479806549,0.1366067515357192,632472.4,False,False,False,0.0,0,0,0,0,0
0xe972e34eff5b1c3d6fe07e13dac3e482e70a3e9d,usdt,1008,7.685758401457957,6.5042765372414,0.0277777777777777,1.927863457601767e-05,0.001156718074561,0.0277612337894654,3112253.6071428573,False,False,False,0.0,0,0,0,0,0
0xd933917faf8a5b2cf101be7558c34dc473962610,usdt,125,8.766588065286392,9.393051518620156,0.176,0.000121348245194,0.0072808947116434,0.1747414730794434,494444.7272727273,False,False,False,0.0,0,0,0,0,0
0x247c54476205d63031d8f342a65c94431e9af7d7,usdt,155,8.623254738853856,0.0002379716824929,4.554838709677419,0.003146246073877,0.1887747644326239,4.530594346382975,19070.34560906516,False,False,False,0.0,0,0,0,0,0
0x0b7c57a13b1fcf185cbdf40382c721429b4352f0,usdt,396,10.265086048475927,9.61587214452889,0.6616161616161617,0.0004584022686363,0.0275041361181796,0.6600992668363105,130889.40458015268,False,False,False,0.0,0,0,0,0,0
0x583da185806075ef49a087c2aaa85f118d79802e,usdt,148,7.6397359395572115,5.812248164267442,0.0405405405405405,2.810149134614574e-05,0.0016860894807687,0.0404661475384498,2135118.0,False,False,False,0.0,0,0,0,0,0
0x2f14e6ea431857d4f7b9ea787f627ebbf56c6851,usdt,232,12.349858290251056,4.61512051684126,0.0387931034482758,2.687937611176086e-05,0.0016127625667056,0.0387063016009356,2232194.6666666665,False,False,False,0.0,0,0,0,0,0
0x1cc972ff969689873f8010bdd0cf3dc30618397e,usdt,1412,7.909141830336554,6.7837689956571,0.0332861189801699,2.31034192200212e-05,0.0013862051532012,0.0332689236768305,2597018.1914893617,False,False,False,0.0,0,0,0,0,0
0xd282863ea8abe500711babe871eca5f13e8b804b,usdt,384,10.71214542798506,0.0,0.1692708333333333,0.0001175402620605,0.0070524157236321,0.1692579773671704,510463.3846153846,False,False,False,0.0,0,0,0,0,0
0xf92660595bbf1c76071f262e186bd2182815c613,usdt,800,12.649310838704666,11.511932692334511,0.09875,6.849914896310498e-05,0.0041099489377862,0.0986387745068711,875923.2911392405,False,False,False,0.0,0,0,0,0,0
0x2a4028da2d84ade2abb8424b28098aa9dd2200fd,usdt,1541,7.752206674601044,7.766031230439135,0.0253082414016872,1.757372114059849e-05,0.0010544232684359,0.0253061584424618,3414188.6923076925,False,False,False,0.0,0,0,0,0,0
0x58b563ce2c3584566216ae55e78025e8ed948783,usdt,250,3.76734182139946,0.1531304452792224,0.072,4.981907373056848e-05,0.0029891444238341,0.0717394661720186,1204358.0,False,False,False,0.0,0,0,0,0,0
0x8389f4f008c3a3d72662d2b77f6bee3ca6cc6174,usdt,189,11.496207141619932,0.0112771729809802,0.0687830687830687,4.756552333784108e-05,0.0028539314002704,0.0684943536064911,1261417.8461538462,False,False,False,0.0,0,0,0,0,0
0xb6bc437708a398cda5627224bb8b88bcd1e88d8f,usdt,1561,9.98253145287534,9.99995000033333e-06,0.0941704035874439,6.53784430061533e-05,0.0039227065803691,0.0941449579288607,917733.693877551,False,False,False,0.0,0,0,0,0,0
0x4ab010562aaf2417e9bfa776ebc2579ba9c1eadf,usdt,433,10.794324855414494,8.563402033887238,0.023094688221709,1.600412266199773e-05,0.0009602473597198,0.0230459366332767,3749034.0,False,False,False,0.0,0,0,0,0,0
0xd257505f8af0fb67793cd6e035a3f6b3b94df16c,usdt,1372,9.010645436394372,0.0,0.1377551020408163,9.561167132515004e-05,0.005736700279509,0.137680806708216,627538.4497354497,False,False,False,0.0,0,0,0,0,0
0xacecd796195f789bcdaa6fd997b1892c5eb31a3a,usdt,198,6.771848784606588,3.4404180948154366,0.0959595959595959,6.663028886685024e-05,0.003997817332011,0.0959476159682643,900491.3684210526,False,False,False,0.0,0,0,0,0,0
0x794e31c25fb4655056be42bbe10f02d342b7d868,usdt,338,7.141508060067542,2.456221812194737,0.029585798816568,2.050370214845993e-05,0.0012302221289075,0.0295253310937822,2926300.8,False,False,False,0.0,0,0,0,0,0
0x2b778b574b666cd6014705e6f2317cd3b7ffcbbc,usdt,1301,10.09526035080738,0.0,0.1206764027671022,8.378713584616468e-05,0.0050272281507698,0.1206534756184771,716100.3821656051,False,False,False,0.0,0,0,0,0,0
0x353ede835ad5d12e0d808ef709508f4ee1d3e4bd,usdt,310,10.250928455962654,0.0025487491775579,0.0935483870967742,6.494067781048698e-05,0.0038964406686292,0.0935145760471012,923920.1379310344,False,False,False,0.0,0,0,0,0,0
0x0b0a206794611892587e3b0df04a64239e2a3490,usdt,360,9.500019317000175,9.044429855898231,0.0527777777777777,3.662212901783305e-05,0.0021973277410699,0.0527358657856795,1638353.6842105263,False,False,False,0.0,0,0,0,0,0
0xc64844d9b3db280a6e46c1431e2229cd62dd2d69,usdt,1870,10.515694009428929,0.000499875041651,0.0647058823529411,4.491763933205787e-05,0.0026950583599234,0.0646814006381633,1335778.123966942,False,False,False,0.0,0,0,0,0,0
0x0cf5d5ece8935cf5a7cd663675c0c9f5422f4493,usdt,194,5.970960401505365,0.0,0.1546391752577319,0.0001068766579241,0.0064125994754493,0.1539023874107847,561394.8,False,False,False,0.0,0,0,0,0,0
0x976920f8c59e6e02bc0780bf68c752028155c688,usdt,185,5.730235488050938,6.962311395670938,0.1945945945945946,0.0001349619744636,0.0080977184678216,0.1943452432277206,444569.6666666667,False,False,False,0.0,0,0,0,0,0
0xbb6d0a4a0b21673605b5c267ef41bc67120c4340,usdt,738,6.163920612074836,7.106540058494938,0.2181571815718157,0.0001513168418652,0.0090790105119152,0.2178962522859651,396518.9813664596,False,False,False,0.0,0,0,0,0,0
0xffb8c70c78653d5ef58e33d43ca040acdf9bcc53,usdt,122,6.714854583512808,0.0002079783709991,2.9344262295081966,0.0020222538301374,0.1213352298082474,2.9120455153979377,29669.86592178771,False,False,False,0.0,0,0,0,0,0
0x13270a293f3eb51f5477fbf8cc7dde043b6b508b,usdt,346,7.799684701998777,7.361193487395217,0.0404624277456647,2.809478055166911e-05,0.0016856868331001,0.0404564839944035,2135628.0,False,False,False,0.0,0,0,0,0,0
0x4c792bc90970865420578cefe8a21a9a0018b633,usdt,387,6.888903263151672,6.2166061010848646,0.0232558139534883,1.614846250488491e-05,0.000968907750293,0.0232537860070342,3715524.0,False,False,False,0.0,0,0,0,0,0
0xc35bb775c26e344a92cd5297b12d9f613c46995a,usdt,1796,11.479841843980784,0.0,0.116369710467706,8.080101721135121e-05,0.004848061032681,0.1163534647843457,742564.9090909091,False,False,False,0.0,0,0,0,0,0
0x1dbe969f137ac4a821296f6fc1a1f35c04adff5b,usdt,133,7.928723083300001,9.999500033330834e-05,1.4285714285714286,0.0009851644602439,0.0591098676146368,1.4186368227512844,60903.53684210526,False,False,False,0.0,0,0,0,0,0
0x713b7ed8402a0a672e93c49a0e4c2b0b00cd7d84,usdt,907,8.079133359911951,7.276477508181999,0.0253583241455347,1.7600082133716624e-05,0.0010560049280229,0.0253441182725519,3409075.0,False,False,False,0.0,0,0,0,0,0
0x8fbe3b83683298cdc8d277ff2b228bd7b0b5cefd,usdt,507,6.232452710056208,0.000899595242836,0.6094674556213018,0.0004231863383945,0.0253911803036752,0.6093883272882055,141781.5145631068,False,False,False,0.0,0,0,0,0,0
0x35fdb0d9abb772d89402710a717fc101bd93bf61,usdt,656,9.07706780173997,0.0002009798022064,0.5137195121951219,0.0003562825834695,0.0213769550081701,0.5130469201960844,168405.64985163204,False,False,False,0.0,0,0,0,0,0
0x5b9db30a8e003a92ae1ccdb1a712fe4bea119061,usdt,500,7.480531829198302,5.528726459773976,0.076,5.276317996465423e-05,0.0031657907978792,0.075978979149102,1137156.6315789474,False,False,False,0.0,0,0,0,0,0
0x213cc48f1de9b90e749acb6a96c40e5648ce25ad,usdt,342,8.805963787660973,9.210440366976515,0.0380116959064327,2.638675774473329e-05,0.0015832054646839,0.0379969311524159,2273867.846153846,False,False,False,0.0,0,0,0,0,0
0x9be4f78a7c2fdcb0d0e1d1fcc78d663e9bbdfe26,usdt,1314,6.4700224434354645,6.100282615037014,0.1210045662100456,8.396819538247803e-05,0.0050380917229486,0.1209142013507683,714556.2641509434,False,False,False,0.0,0,0,0,0,0
0xa6d821693855f34f7fd93a856e18474df729d44c,usdt,1530,9.246216247487956,0.0,0.0300653594771241,2.0872258172712297e-05,0.0012523354903627,0.0300560517687057,2874629.065217391,False,False,False,0.0,0,0,0,0,0
0xb850acdf1972546a757f69688ca6817dc40483a7,usdt,788,8.82135850293868,0.0109943401412134,0.1446700507614213,0.0001003689144558,0.0060221348673538,0.1445312368164917,597794.649122807,False,False,False,0.0,0,0,0,0,0
0xe08f32aa570b2f8751ff9b6b6384dc2a5d743993,usdt,214,4.725688437528632,2.517696472610991,1.0046728971962615,0.0006956758086017,0.0417405485161073,1.0017731643865757,86247.06976744186,False,False,False,0.0,0,0,0,0,0
0x30a4c5507766f1c38bba2c33bcdc0e966a45012f,usdt,206,6.266647680367896,0.0,0.1699029126213592,0.000117831470025,0.0070698882015012,0.1696773168360297,509201.8285714285,False,False,False,0.0,0,0,0,0,0
0x09a15ef72a2483dcdbbf0c375643f9a5c3ad10ca,usdt,1140,4.4821574153254415,0.0009995003330835,0.0087719298245614,6.090980488274923e-06,0.0003654588292964,0.0087710119031158,9850630.8,False,False,False,0.0,0,0,0,0,0
0x8f1a667590014bf2e78b88eb112970f9e3e340e5,usdt,1806,8.39471847843369,6.993821113003542,0.039313399778516,2.72993639017512e-05,0.001637961834105,0.0393110840185217,2197853.408450704,False,False,False,0.0,0,0,0,0,0
0x21938a693771d5dbe7fce8d1ed6fe6a6efaf6435,usdt,840,11.804280919617266,9.92233213100103,0.0321428571428571,2.2306167152640483e-05,0.0013383700291584,0.0321208806998022,2689839.074074074,False,False,False,0.0,0,0,0,0,0
0x9beac51ea567043c1fd480b0345f9977c0e2b8f2,usdt,565,6.813818321975647,7.010020790652501,0.3292035398230089,0.0002285118961327,0.0137107137679645,0.3290571304311503,262568.3870967742,False,False,False,0.0,0,0,0,0,0
0xbe255852c4301d6392fb1d65003b7a0e0ef6e6b0,usdt,1368,10.077359270238803,8.36699539650173,0.0124269005847953,8.625219134473635e-06,0.0005175131480684,0.012420315553642,6956345.0,False,False,False,0.0,0,0,0,0,0
0x6eaf9ad720223f69e5c1b2b31b3d00d61431dc34,usdt,1570,9.199305502436486,9.210440366976515,0.1464968152866242,0.0001017230633826,0.0061033838029609,0.1464812112710628,589836.7391304348,False,False,False,0.0,0,0,0,0,0
0x677239f1ff7324cbd3af60fdade356db790f32e2,usdt,298,7.0157789703373705,0.0,0.087248322147651,6.046660685123865e-05,0.0036279964110743,0.0870719138657836,992283.2307692308,False,False,False,0.0,0,0,0,0,0
0xce2a7a0b3a141c388a4bc8db9f62118722e81d4f,usdt,127,7.087271353254288,5.998926058169435,0.0866141732283464,5.971264105754344e-05,0.0035827584634526,0.0859862031228625,1004812.3636363636,False,False,False,0.0,0,0,0,0,0
0x29a9eb64b001ce041710b90cb16702397c53c413,usdt,186,4.220305122448545,0.0001739848637557,0.0913978494623656,6.317119393556538e-05,0.0037902716361339,0.0909665192672141,949800.0,False,False,False,0.0,0,0,0,0,0
0x8e29d0e2ca8e92a9f27192616e2e9f170fd2a035,usdt,1555,8.725089990680381,0.0,0.0797427652733119,5.537123244626808e-05,0.003322273946776,0.079734574722626,1083595.1693548388,False,False,False,0.0,0,0,0,0,0
0x0be0a79b0608600a323779df0b469cd91cabef42,usdt,938,7.7409245076520286,8.413760172276236,0.6076759061833689,0.0004219897839974,0.0253193870398497,0.6076652889563942,142183.53684210527,False,False,False,0.0,0,0,0,0,0
0xc21d31b850757e4c911b87ad4e7c3714c860ab09,usdt,1323,6.990162101931663,3.737669618283368,0.3930461073318216,0.0002727949325473,0.0163676959528406,0.3928247028681746,219945.4346153846,False,False,False,0.0,0,0,0,0,0
0xcec1e02bb0d81d19d8ee6ecc723729feacd9a5c9,usdt,1557,7.144305246159967,5.235949921584742,0.0218368657675016,1.5163018391172976e-05,0.0009097811034703,0.021834746483289,3956995.794117647,False,False,False,0.0,0,0,0,0,0
0x09dfb09d5d935fc7c3fd46ae4fccd9bc796ff908,usdt,250,9.801576546140971,10.122304668109711,1.892,0.0013119675852473,0.0787180551148429,1.8892333227562303,45732.83720930233,False,False,False,0.0,0,0,0,0,0
0xcdd315e93accfb0deb42d85dcb7989323fce654b,usdt,288,6.418540109825648,3.9573787071489432,0.1041666666666666,7.21432013689894e-05,0.0043285920821393,0.1038862099713447,831679.2,False,False,False,0.0,0,0,0,0,0
0x0ca303e2fbe584defc5333a8c1976c70878557d3,usdt,984,6.953368684497517,3.275218350406234,0.0376016260162601,2.610344555604361e-05,0.0015662067333626,0.0375889616007027,2298547.135135135,False,False,False,0.0,0,0,0,0,0
0xb35fcdd1621988367d1c81a390503d89d61a76ed,usdt,269,5.226620845277319,0.0,0.0557620817843866,3.86507089055356e-05,0.0023190425343321,0.0556570208239712,1552364.8,False,False,False,0.0,0,0,0,0,0
0xf5fb27b912d987b5b6e02a1b1be0c1f0740e2c6f,usdt,1626,12.054173849320389,11.042937835596494,0.027060270602706,1.87818798399357e-05,0.0011269127903961,0.0270459069695074,3194568.409090909,False,False,False,0.0,0,0,0,0,0
0xeb6ba8d5313663885ead7831a7fd53ac0a8416ae,usdt,209,5.579442596060411,4.176692303570854,0.138755980861244,9.621579943053518e-05,0.0057729479658321,0.1385507511799706,623598.2068965518,False,False,False,0.0,0,0,0,0,0
0x6555e1cc97d3cba6eaddebbcd7ca51d75771e0b8,usdt,1233,12.144911048454263,0.0,0.7242497972424979,0.0005027296587867,0.0301637795272044,0.7239307086529064,119348.43896976484,False,False,False,0.0,0,0,0,0,0
0x1d0407ce8e3213b47bbca862915ce309c474f98c,usdt,1300,7.035315099080246,4.578944920234672,0.0215384615384615,1.495455111631585e-05,0.0008972730669789,0.0215345536074948,4012156.535714286,False,False,False,0.0,0,0,0,0,0
0x267ed5f71ee47d3e45bb1569aa37889a2d10f91e,usdt,360,13.93739592768024,10.177293052395036,0.0583333333333333,4.0485377260096185e-05,0.0024291226356057,0.0582989432545385,1482016.5714285714,False,False,False,0.0,0,0,0,0,0
0x18bf06a234a0a24445bf1ab4c864d2551fda8fab,usdt,121,1.6482943284700131,1.791759469228055,0.0413223140495867,2.8695557353810483e-05,0.0017217334412286,0.0413216025894871,2090916.0,False,False,False,0.0,0,0,0,0,0
0x285b7eea81a5b66b62e7276a24c1e0f83f7409c1,usdt,1887,9.75941610999747,0.0014689206076749,0.012718600953895,8.832242213055186e-06,0.0005299345327833,0.0127184287867994,6793291.958333333,False,False,False,0.0,0,0,0,0,0
0xe1de83bca3cbd7db99601d0912c142e136528fec,usdt,143,5.734654614739175,4.467796300434112,0.0559440559440559,3.870826956213125e-05,0.0023224961737278,0.055739908169469,1550056.375,False,False,False,0.0,0,0,0,0,0
0x7541f4aef75b640460cfa9ce15d559f10d310628,usdt,406,13.510247065681034,0.000499875041651,0.1945812807881773,0.0001349746708924,0.0080984802535473,0.1943635260851365,444527.8481012658,False,False,False,0.0,0,0,0,0,0
0xeb5bcb651a802affa2e7625092ee7fc83fec6564,usdt,257,9.339885698270889,8.361491612766887,0.0272373540856031,1.887847815733108e-05,0.0011327086894398,0.0271850085465567,3178222.285714286,False,False,False,0.0,0,0,0,0,0
0x4a2be53516f33304b3b88f848ea819f70a5cb67c,usdt,649,9.904055581027396,0.0033503811996199,1.0215716486902928,0.000709411092493,0.0425646655495849,1.0215519731900389,84577.19457013575,False,False,False,0.0,0,0,0,0,0
0x08607c40e0fb089d370e818a182ea0831afb666c,usdt,992,8.426432828260774,0.000499875041651,0.2046370967741935,0.0001421069063956,0.008526414383739,0.2046339452097371,422217.33990147786,False,False,False,0.0,0,0,0,0,0
0xd150eb7ea66d4e8adbd683585f8c76e87f22310a,usdt,208,5.158077355666338,0.0007207402043676,0.3509615384615384,0.0002427944914253,0.0145676694855218,0.3496240676525231,247122.5753424657,False,False,False,0.0,0,0,0,0,0
0xcbfa6734f26bdc6db0c4610210a2139f3e6628d0,usdt,212,4.346620274617645,3.441058915087286,0.0943396226415094,6.520958033070387e-05,0.0039125748198422,0.0939017956762135,920110.2,False,False,False,0.0,0,0,0,0,0
0xa47d50314131c9f71b8d76155cb1b05c14f6746d,usdt,894,8.679658200870353,7.317876198626496,0.0134228187919463,9.320318130418746e-06,0.0005592190878251,0.0134212581078029,6437548.5,False,False,False,0.0,0,0,0,0,0
0x54821d1b461aa887d37c449f3ace8ddddfcb8c0a,usdt,839,9.916129880424544,0.0,0.1323003575685339,9.184333545869292e-05,0.0055106001275215,0.1322544030605178,653286.3783783783,False,False,False,0.0,0,0,0,0,0
0x6dba1316047de31b028f674863fdb0afa808f896,usdt,1282,8.164368834442895,9.140115437311003,0.0062402496099844,4.331207041532035e-06,0.0002598724224919,0.0062369381398061,13852951.25,False,False,False,0.0,0,0,0,0,0
0x2888f3d91e8c9c9ee9b179198041411dede16608,usdt,294,7.852985360305692,6.832290618789398,0.0544217687074829,3.777562482949322e-05,0.0022665374897695,0.0543968997544702,1588325.8125,False,False,False,0.0,0,0,0,0,0
0x020ca66c30bec2c4fe3861a94e4db4a498a35872,usdt,743,11.782451479039004,10.021315031649332,0.0995962314939434,6.911805363560962e-05,0.0041470832181365,0.0995299972352778,868080.0,False,False,False,0.0,0,0,0,0,0
0x2266e997a7eb807b94aae1790fdc372936e05a84,usdt,701,5.859714660943772,3.981750708193783,0.007132667617689,4.948247026585991e-06,0.0002968948215951,0.0071254757182838,12125506.2,False,False,False,0.0,0,0,0,0,0
0x8f688a91695f7d2a1e93e57cedcbf5c5202f617b,usdt,1502,9.874570874792012,10.819798284210286,0.1937416777629826,0.0001344881070688,0.008069286424128,0.1936628741790737,446136.1030927835,False,False,False,0.0,0,0,0,0,0
0xcbf8c96dd7dc5bef706e3bba03b68a2d06756561,usdt,194,4.568483566505556,3.571221410645704,0.2835051546391752,0.0001966970629194,0.0118018237751673,0.2832437706040173,305037.6,False,False,False,0.0,0,0,0,0,0
0x27cc4d6bc95b55a3a981bf1f1c7261cda7bb0931,usdt,827,13.613430452005268,14.020913713857254,0.0374848851269649,2.602953420106564e-05,0.0015617720520639,0.0374825292495345,2305073.9032258065,False,False,False,0.0,0,0,0,0,0
0x145bbc9bb447751d3e95a0dfded6e129407ccbc2,usdt,257,8.837170677103632,8.823572586127819,0.0428015564202334,2.971957687968218e-05,0.0017831746127809,0.0427961907067423,2018871.2727272727,False,False,False,0.0,0,0,0,0,0
0x026247030937744c72544556faa78edbea487265,usdt,1500,7.704878833717902,8.740498116908935,0.016,1.1108062393677907e-05,0.0006664837436206,0.0159956098468961,5401482.083333333,False,False,False,0.0,0,0,0,0,0
0xfcbd205d5edb1cb22b77252265c0960632bbdda8,usdt,135,10.020771228155262,10.883889987811624,0.2888888888888888,0.0001992241496449,0.0119534489786952,0.2868827754886865,301168.3076923077,False,False,False,0.0,0,0,0,0,0
0x0f3d4ed8a38f86784860cfefccacf78ca8b70579,usdt,394,7.450249923901067,5.705529005249995,0.1345177664974619,9.33278674899241e-05,0.0055996720493954,0.1343921291854907,642894.7924528302,False,False,False,0.0,0,0,0,0,0
0xc3c8843cd6f94cf8a5d1502e4748b7603db95e6f,usdt,615,8.453904769858486,7.096126082964047,0.1056910569105691,7.32876123865536e-05,0.0043972567431932,0.1055341618366371,818692.2461538462,False,False,False,0.0,0,0,0,0,0
0x481b2fe0972f8e9ce15e58753d07d77ea6ad5fb8,usdt,344,8.381585763721393,0.0,0.0232558139534883,1.6147866009044823e-05,0.0009688719605426,0.0232529270530245,3715661.25,False,False,False,0.0,0,0,0,0,0
0x78b41eef23584c0698d2dfb65e8834d686d45cd9,usdt,145,8.06112434848809,8.581647306366706,0.1241379310344827,8.567207521881283e-05,0.0051403245131287,0.1233677883150904,700344.8888888889,False,False,False,0.0,0,0,0,0,0
0x7d6149ad9a573a6e2ca6ebf7d4897c1b766841b4,usdt,2076,15.25916452347527,0.009950330853168,0.0876685934489402,6.087509385676816e-05,0.003652505631406,0.0876601351537461,985624.7637362636,False,False,False,0.0,0,0,0,0,0
0x81edb1a3b47082ceab222a2b8d171949e171e293,usdt,705,7.635247325239581,2.079441541679836,0.0184397163120567,1.2800441122894082e-05,0.0007680264673736,0.0184326352169674,4687338.461538462,False,False,False,0.0,0,0,0,0,0
0x080921c8d40bb36eac99daaeeee026a83c0ec163,usdt,629,10.440272459117178,8.974744612722734,0.0286168521462639,1.9869773504451824e-05,0.0011921864102671,0.0286124738464106,3019662.0,False,False,False,0.0,0,0,0,0,0
0x63be4700729c7f8158ab8fdffda2bda7d175c9a7,usdt,233,8.330378614427019,5.473167981054798,0.0214592274678111,1.4841525162618591e-05,0.0008904915097571,0.0213717962341707,4042711.2,False,False,False,0.0,0,0,0,0,0
0xc85dd4d0ebfba5f0de0b052ff224fafda18f617b,usdt,834,9.45027669209182,7.919719760924575,0.0191846522781774,1.3313290174974907e-05,0.0007987974104984,0.0191711378519638,4506774.75,False,False,False,0.0,0,0,0,0,0
0xe939e109ca75e9f1562d8acb2fc0174afb2675bd,usdt,512,12.47160950921676,0.0011473415518841,0.228515625,0.0001584425932691,0.0095065555961517,0.2281573343076424,378686.0512820513,False,False,False,0.0,0,0,0,0,0
0x8ca17e059c1621846e88db3c09f17293784ec82d,usdt,191,4.427561171702386,3.688879454113936,0.2931937172774869,0.0002034089893697,0.012204539362182,0.2929089446923693,294972.21428571426,False,False,False,0.0,0,0,0,0,0
0x9bab001b3487c720f1785c36a1dcf4da0993cdc1,usdt,400,7.307672692382749,7.206538036712281,0.035,2.4271541686719584e-05,0.0014562925012031,0.0349510200288762,2472030.8571428573,False,False,False,0.0,0,0,0,0,0
0xf759130b42bd4f012bb4eca0b7baa0bc949cae8d,usdt,678,6.821465379846575,6.226536669287466,0.131268436578171,9.108357316968584e-05,0.0054650143901811,0.1311603453643476,658735.6853932585,False,False,False,0.0,0,0,0,0,0
0x8ab6647070bf140bb261ae834debd9f1a8cc53ca,usdt,393,6.128525534315934,5.006788029522296,0.0203562340966921,1.4127810772102518e-05,0.0008476686463261,0.0203440475118276,4246942.5,False,False,False,0.0,0,0,0,0,0
0x7997a9c4f35cca4b2a2c13c6c00835a4f9a9f641,usdt,668,7.067713822186605,7.239358538491846,0.0673652694610778,4.6763585756934106e-05,0.002805815145416,0.0673395634899851,1283049.6,False,False,False,0.0,0,0,0,0,0
0xafe7d343d79abbf50c9501d07c35b10afc4b9fe7,usdt,1015,9.385910352167436,0.0,0.2029556650246305,0.0001408244849754,0.0084494690985277,0.2027872583646668,426062.2718446602,False,False,False,0.0,0,0,0,0,0
0x58cc72b3f25605139339d31c1e39941d0dad9b5b,usdt,574,7.122729007190078,2.317783509710261,0.0313588850174216,2.177542280612616e-05,0.0013065253683675,0.0313566088408216,2755400.0,False,False,False,0.0,0,0,0,0,0
0xd023577eb986badb8695fd91af165ce02e32bdd5,usdt,821,7.460928559030385,6.9035525609215895,0.0475030450669914,3.2969290374066184e-05,0.0019781574224439,0.0474757781386553,1819875.3846153845,False,False,False,0.0,0,0,0,0,0
0x18dc7f77cfc507f326445c8cb6bf1334165a8703,usdt,124,6.954514192987633,7.60115242829729,0.5241935483870968,0.000362160975539,0.0217296585323454,0.5215118047762903,165672.1846153846,False,False,False,0.0,0,0,0,0,0
0x8fca418b5fc94de6a85f1adda5611674de9be90e,usdt,1122,8.864173951304208,0.0,0.0828877005347593,5.753822458631228e-05,0.0034522934751787,0.0828550434042896,1042785.0430107526,False,False,False,0.0,0,0,0,0,0
0x29f5597a9d3e665c6c089ca040408478afe210c6,usdt,378,6.22782409908724,2.079441541679836,0.037037037037037,2.566691271254381e-05,0.0015400147627526,0.036960354306063,2337639.9285714286,False,False,False,0.0,0,0,0,0,0
0x7dd1ff5a759706e8ff5ae0a64986653f6b157dad,usdt,498,5.057595581888046,3.713206292500006,0.4377510040160642,0.0003037119027899,0.018222714167394,0.4373451400174565,197555.64220183485,False,False,False,0.0,0,0,0,0,0
0xc8aa790e26d735253a552462f4961ec8f3d25294,usdt,317,5.494950649435936,2.3978952727983707,0.0630914826498422,4.378360391600553e-05,0.0026270162349603,0.0630483896390479,1370376.0,False,False,False,0.0,0,0,0,0,0
0x405f3119f7871d99565ad3aab992246bff625f3f,usdt,1099,8.150367733157536,9.864318368039225,0.0236578707916287,1.641568142061812e-05,0.000984940885237,0.02363858124569,3655041.692307693,False,False,False,0.0,0,0,0,0,0
0xa577110d143bd1d1105a31e8fc19b3f65de3ebed,usdt,938,13.474191017445673,11.31600580278041,0.3059701492537313,0.0002123262306469,0.0127395738388141,0.3057497721315386,282584.02090592333,False,False,False,0.0,0,0,0,0,0
0x024d33b73576c46ed6aa99840f1292ec1dfb6853,usdt,563,8.990995471394003,0.0003489391136658,0.5737122557726465,0.0003979775348458,0.0238786520907497,0.5730876501779932,150762.27863777088,False,False,False,0.0,0,0,0,0,0
0xd7fa7b01a58e07f34d2446e4f76373d8ee05dadc,usdt,889,6.335124685187761,4.007516077597552,0.156355455568054,0.0001084930040744,0.0065095802444698,0.1562299258672767,553031.0503597122,False,False,False,0.0,0,0,0,0,0
0x88e476e0539139aacb4e1573726edd0cde618916,usdt,184,8.453454061826754,8.13179041952403,0.6195652173913043,0.0004296824646586,0.025780947879517,0.6187427491084089,139638.0,False,False,False,0.0,0,0,0,0,0
0xd6ab094fe02b9d2f5be7f400d9a06717f95dae9e,usdt,383,8.69885846473663,8.838844419633492,0.04177545691906,2.896083806873204e-05,0.0017376502841239,0.0417036068189741,2071763.25,False,False,False,0.0,0,0,0,0,0
0x1b4a99268d18dbb67512af13cb052b3fc90de5b5,usdt,303,8.701241917960091,9.375794622201802,0.0495049504950495,3.434957046434627e-05,0.0020609742278607,0.0494633814686586,1746746.7333333334,False,False,False,0.0,0,0,0,0,0
0x7c1593c39b048bb19e255679ba8505ac7e5f4d12,usdt,1175,10.602044912422471,0.0,0.1846808510638297,0.0001281898144981,0.0076913888698868,0.1845933328772847,468055.9078341014,False,False,False,0.0,0,0,0,0,0
0xfc9fdf943a988c8fc09830df38052ac9e320d4c8,usdt,1079,7.244503215451797,5.084181412249099,0.0658016682113067,4.568366570881103e-05,0.0027410199425286,0.0657844786206878,1313379.718309859,False,False,False,0.0,0,0,0,0,0
0xe1f206f712f758a6c9561053abe4561f5a4a22f7,usdt,267,8.368892744854556,9.670660400511853,0.1797752808988764,0.000124412926503,0.0074647755901838,0.1791546141644116,482265.0,False,False,False,0.0,0,0,0,0,0
0x36a8cb08606ee92ae8edecf8e97938ca4c159287,usdt,251,6.715015110044443,7.245640802157549,0.2071713147410358,0.0001437500518329,0.008625003109977,0.20700007463945,417391.1538461539,False,False,False,0.0,0,0,0,0,0
0x6eb6d0972408dcb952c7fafb2aabca812ecb7e77,usdt,257,10.584618899315402,0.0,2.035019455252918,0.0014087800126709,0.0845268007602563,2.028643218246152,42590.04206500956,False,False,False,0.0,0,0,0,0,0
0x97f89af5f3c4b2b8b21d9c9f339e2bad0b660243,usdt,1158,8.741106062248285,7.650168700845001,0.0880829015544041,6.115696751138029e-05,0.0036694180506828,0.0880660332163876,981082.0,False,False,False,0.0,0,0,0,0,0
0x74bb592ec37c2d36c941027356cdb138ad0a8613,usdt,1543,9.62217154674739,9.943342260057117,0.068049254698639,4.7225962339363975e-05,0.0028335577403618,0.0680053857686841,1270487.6095238095,False,False,False,0.0,0,0,0,0,0
0x361e34a39dc035c5ae69a63c1f4c1f01653013c9,usdt,160,7.003186361477437,7.671885158076117,0.0375,2.594179525870456e-05,0.0015565077155222,0.0373561851725345,2312870.0,False,False,False,0.0,0,0,0,0,0
0x4e1daa04b9a1c53447fd81de251872a838d69612,usdt,256,11.251031016434949,2.640752178261821,0.05078125,3.518782176556249e-05,0.0021112693059337,0.0506704633424099,1705135.3846153845,False,False,False,0.0,0,0,0,0,0
0x84d168eaf0dba56083ebd2b5492628535ca81926,usdt,264,5.327814477566329,0.0,3.761363636363636,0.0026089218295556,0.1565353097733417,3.756847434560201,22998.00604229608,False,False,False,0.0,0,0,0,0,0
0xc9b4a4b3e4b76d69b67af5615c47ebad6bfa38d6,usdt,268,5.3452596720969,0.0,0.0485074626865671,3.367877392682587e-05,0.0020207264356095,0.0484974344546292,1781537.5384615385,False,False,False,0.0,0,0,0,0,0
0x18a7f65f6213596d1fba2f480a77b06919f99045,usdt,504,5.617240518380517,4.913489948738576,0.0972222222222222,6.744181629344733e-05,0.0040465089776068,0.0971162154625641,889655.7551020408,False,False,False,0.0,0,0,0,0,0
0x5d89e69475242ba8ee13bb14c9c23d852ae91173,usdt,904,7.763402652114322,0.0,0.0121681415929203,8.442473840291267e-06,0.0005065484304174,0.0121571623300194,7106921.636363637,False,False,False,0.0,0,0,0,0,0
0x3d58e3a206ac929cfbb5bcd174b2aeb8bfc9f6a4,usdt,352,6.934558892086115,7.4959549896802065,0.0596590909090909,4.1336548398208746e-05,0.0024801929038925,0.0595246296934205,1451500.0,False,False,False,0.0,0,0,0,0,0
0xd2e48b260e35ca3f6945394efb0254c9688e61cb,usdt,346,6.224216620370302,7.047962677779024,0.0606936416184971,4.209302558654627e-05,0.0025255815351927,0.0606139568446266,1425414.2857142857,False,False,False,0.0,0,0,0,0,0
0xce84c1be5a1502c47a2151c2cdaf8467048f1cc1,usdt,948,8.532763527345821,6.398594934535208,0.0822784810126582,5.708688341881342e-05,0.0034252130051288,0.0822051121230913,1051029.5256410255,False,False,False,0.0,0,0,0,0,0
0xb504d897011ffce1453c40ff7d5fe1dd7acde2b5,usdt,211,7.852020692244561,0.0033942330680155,0.0663507109004739,4.604206007962646e-05,0.0027625236047775,0.0663005665146621,1303156.2857142857,False,False,False,0.0,0,0,0,0,0
0xdbae4a212ff1f9f52956f0b4005eb6c4478b318f,usdt,328,9.08492329863792,10.59656423061083,0.2378048780487804,0.0001650447144218,0.0099026828653116,0.2376643887674799,363537.8461538461,False,False,False,0.0,0,0,0,0,0
0x02bbd6bf072564aee06cc476a246581b0c893df3,usdt,677,7.039822657460738,6.726470988041906,0.0118168389955686,8.201041142675665e-06,0.0004920624685605,0.0118094992454529,7316144.25,False,False,False,0.0,0,0,0,0,0
0x13acd41c34d711b7de057f616243d3c474e709ed,usdt,357,10.398508424418102,11.695255355062796,0.0336134453781512,2.3339646707767783e-05,0.001400378802466,0.0336090912591856,2570733.0,False,False,False,0.0,0,0,0,0,0
0x34acafd9d9c1fb51d4735e6597b835397410e98d,usdt,251,12.993703276450086,0.004987541511039,0.0557768924302788,3.871077630590804e-05,0.0023226465783544,0.0557435178805075,1549956.0,False,False,False,0.0,0,0,0,0,0
0xaf825a149fe1f3799922db385cd9cdfb88cb3810,usdt,196,9.828507201385865,9.999500033330834e-05,0.3061224489795918,0.0002124119375508,0.0127447162530534,0.3058731900732821,282470.0,False,False,False,0.0,0,0,0,0,0
0x1d98ce462f121367b0f419b78f5dd28eaae7146c,usdt,157,7.86206191428696,0.0009245724511348,3.929936305732484,0.002722669822669,0.1633601893601417,3.920644544643401,22037.19286871961,False,False,False,0.0,0,0,0,0,0
0xfc08d2bad5a639b95047667b7279e1e34645ef7e,usdt,599,7.384451121581802,0.0,0.0784641068447412,5.445792580652188e-05,0.0032674755483913,0.0784194131613915,1101768.0,False,False,False,0.0,0,0,0,0,0
0xe7940841fcc0ceac34ca42efd3effd76264b9850,usdt,416,9.392833309500288,6.900730664045173,0.3317307692307692,0.0002299230524184,0.0137953831451074,0.3310891954825785,260956.86956521732,False,False,False,0.0,0,0,0,0,0
0x215aa907213bfe9e3ccf338ffae94f3f05471ec3,usdt,384,5.885914594063583,2.5952547069568657,0.0598958333333333,4.15274743965065e-05,0.0024916484637903,0.0597995631309693,1444826.608695652,False,False,False,0.0,0,0,0,0,0
0xfa0147ad373f5fee6a823c60c01b90ec80ee2bde,usdt,385,7.442402296327649,6.619093441383866,0.0285714285714285,1.979164080259062e-05,0.0011874984481554,0.0284999627557304,3031582.909090909,False,False,False,0.0,0,0,0,0,0
0xdded8131035d0d046d3d91c3e9e3fae77f5aa676,usdt,260,9.027149419647428,9.99995000033333e-06,0.0461538461538461,3.1987034588646736e-05,0.0019192220753188,0.0460613298076513,1875760.0,False,False,False,0.0,0,0,0,0,0
0x4f6d5d4b467c32b0db6af8473eb3ccc76e84181b,usdt,273,7.128508409916712,6.90875477931522,0.3772893772893773,0.0002612234794764,0.0156734087685874,0.3761618104460987,229688.38834951457,False,False,False,0.0,0,0,0,0,0
0x39ca38fbcacc2af25f1939853f57a4cc54cf4ee4,usdt,383,10.189487661354791,9.68056872890626,0.1201044386422976,8.319148582163891e-05,0.0049914891492983,0.11979573958316,721227.6521739131,False,False,False,0.0,0,0,0,0,0
0x55cbf1ab4ac2241060cee651aec4bcf76555263a,usdt,982,9.58834138394066,0.0,0.1089613034623217,7.566737921294045e-05,0.0045400427527764,0.1089610260666342,792944.0747663551,False,False,False,0.0,0,0,0,0,0
0xd262f22c2a8ffe579f0991cd5ed0bf7b5d4a5617,usdt,974,8.161712946112235,5.303304908059076,0.0143737166324435,9.980977445201048e-06,0.000598858646712,0.0143726075210895,6011435.285714285,False,False,False,0.0,0,0,0,0,0
0x28c905635a28563547302da97e4c35f336915431,usdt,572,4.947653896013095,6.449187590188328,0.0104895104895104,7.279770561044637e-06,0.0004367862336626,0.0104828696079042,8242018.0,False,False,False,0.0,0,0,0,0,0
0x2311ab96efeae99149b7a42626bc031bc788c972,usdt,366,10.242482404329376,9.666070722267271,0.0464480874316939,3.22072540587771e-05,0.0019324352435266,0.046378445844639,1862934.3529411764,False,False,False,0.0,0,0,0,0,0
0x8e5f02f7be3ddab078cd54fa0b678984d83a4541,usdt,1512,7.656840282513986,9.999500033330834e-05,0.541005291005291,0.0003756047184309,0.0225362831058576,0.5408707945405838,159742.40220048898,False,False,False,0.0,0,0,0,0,0
0xf847f425836aebed72d1a2a968c16fa896b0a44e,usdt,605,8.185682078922301,8.643120748014027,0.8462809917355372,0.0005871437086978,0.0352286225218693,0.8454869405248652,102189.6328125,False,False,False,0.0,0,0,0,0,0
0x92bb05af980a853b5e4069f7155951a6c7864832,usdt,200,6.439450556177253,6.68586094706836,1.395,0.0009648363824237,0.0578901829454276,1.3893643906902626,62186.70967741936,False,False,False,0.0,0,0,0,0,0
0x5351cacd24d409502c1a40e2b937c04c6aa0ed16,usdt,128,5.701401057999776,1.0362910408954795,1.1640625,0.000804903319767,0.0482941991860212,1.1590607804645103,74543.11409395972,False,False,False,0.0,0,0,0,0,0
0xa988d040a65e93cf3a7f80a8538dd368e36f44f4,usdt,728,6.955453928618642,0.0009995003330835,0.1112637362637362,7.72168087837266e-05,0.0046330085270235,0.1111922046485662,777032.8888888889,False,False,False,0.0,0,0,0,0,0
0x4d217af798adad35be00a6bbdc204e064900bbd5,usdt,715,8.4030611562141,4.622980663604469,0.351048951048951,0.0002435126673155,0.0146107600389309,0.3506582409343435,246393.7529880478,False,False,False,0.0,0,0,0,0,0
0x1beb1715899a355dfca4c763080e88f35286d025,usdt,1329,12.266133987449564,12.409690664775615,0.0323551542513167,2.246799910319592e-05,0.0013480799461917,0.0323539187086021,2670464.7674418604,False,False,False,0.0,0,0,0,0,0
0x9215d18cb0eed7cdd98be7ada3d588b4b2de1583,usdt,196,10.403823227924098,9.93058447844739,0.1938775510204081,0.0001346109566233,0.0080766573974034,0.1938397775376822,445728.94736842107,False,False,False,0.0,0,0,0,0,0
0x2728d562d6409401fd5781c83ee21e1496647f1e,usdt,871,4.678770883785645,0.0,0.0057405281285878,3.986024731556182e-06,0.0002391614838933,0.0057398756134409,15052591.0,False,False,False,0.0,0,0,0,0,0
0x879c405922ffb8251bddf7df06e02a58b10837f3,usdt,954,9.210134500786165,10.640225877658835,0.120545073375262,8.363316428767888e-05,0.0050179898572607,0.1204317565742576,717418.7478260869,False,False,False,0.0,0,0,0,0,0
0xae5195823004e2654fbc39a1a8719b62264c6171,usdt,1155,8.466247563533052,7.6737662294256435,0.135064935064935,9.375776619317324e-05,0.0056254659715903,0.1350111833181695,639946.9871794871,False,False,False,0.0,0,0,0,0,0
0x79ccbcff0a8eb4858d0b19303b8076f20fd77bec,usdt,191,7.499145263014212,0.0,0.0575916230366492,3.988813915303701e-05,0.0023932883491822,0.0574389203803732,1504206.5454545454,False,False,False,0.0,0,0,0,0,0
0xd52bbb8f34d212b0bdd47a304c01bf535e937880,usdt,480,8.54078265703196,4.61512051684126,0.6229166666666667,0.0004323472057501,0.0259408323450078,0.6225799762801887,138777.35117056855,False,False,False,0.0,0,0,0,0,0
0x1ff4f59551fc365f92c7b91b74f9d75d992a485f,usdt,232,4.014591182133746,0.0002949564960555,0.1853448275862069,0.0001283256487159,0.0076995389229598,0.1847889341510363,467560.4651162791,False,False,False,0.0,0,0,0,0,0
0x43f8874a4bd112b93e1438a310f882e9cb6bdddb,usdt,1155,8.310869093971492,0.0002189760230005,0.0051948051948051,3.6062304121584783e-06,0.0002163738247295,0.0051929717935082,16637872.0,False,False,False,0.0,0,0,0,0,0
0x90b298f5ff8a52d15c2709087f327af698fe9729,usdt,1972,9.300398658061956,5.017279836814924,0.1673427991886409,0.0001161896280453,0.0069713776827187,0.16731306438525,516397.2121212121,False,False,False,0.0,0,0,0,0,0
0x847a713cc3873d53140c45a0ef5d09f9826ac754,usdt,849,6.068313443067186,6.2166061010848646,0.2720848056537102,0.0001888835721661,0.011333014329967,0.2719923439192082,317656.0,False,False,False,0.0,0,0,0,0,0
0x2e2171cce13573b6a93c7440d6978e71b14f99ac,usdt,1526,12.212554976540254,0.0,0.0537352555701179,3.731023310189968e-05,0.0022386139861139,0.0537267356667355,1608137.9024390243,False,False,False,0.0,0,0,0,0,0
0x15e70d1db5cff0cdfa1aae5bf833d3bd3863f76f,usdt,196,9.772854811900675,8.006700845440367,0.0510204081632653,3.5257922278846445e-05,0.0021154753367307,0.0507714080815388,1701745.2,False,False,False,0.0,0,0,0,0,0
0x1c38759f74d253791c9cdb32425e3793894f8231,usdt,1767,7.361874925555047,3.2601863912178,0.0237691001697792,1.6498918171827943e-05,0.0009899350903096,0.0237584421674322,3636602.0714285714,False,False,False,0.0,0,0,0,0,0
0xd8bbddd50f112c4b259b8cfb609d5785ea9eb704,usdt,189,7.99334541358211,6.614495359223128,0.1005291005291005,6.945292298109493e-05,0.0041671753788656,0.1000122090927766,863894.5263157894,False,False,False,0.0,0,0,0,0,0
0xf039554e5e4554a2139fc1b968f62cde20cb25d1,usdt,971,8.85500897921108,7.886011284279976,0.0854788877445932,5.934062979997776e-05,0.0035604377879986,0.0854505069119679,1011111.6144578314,False,False,False,0.0,0,0,0,0,0
0x4a8521d7082d6ceacf9280946b7268c7eece0038,usdt,377,8.292237016542087,8.10416416678079,0.0769230769230769,5.328412085426573e-05,0.0031970472512559,0.0767291340301426,1126039.0344827587,False,False,False,0.0,0,0,0,0,0
0xd2db6c5e613c0e1ce63c7a15045e8d163a3fc576,usdt,1019,12.11749347211338,4.61512051684126,0.0382728164867517,2.655857432846617e-05,0.0015935144597079,0.0382443470329912,2259157.4102564105,False,False,False,0.0,0,0,0,0,0
0x452baa63b37fc12fb83ad28e004925b9efb6a30c,usdt,1070,7.479996301324071,0.0009995003330835,0.0616822429906542,4.280805813697515e-05,0.0025684834882185,0.0616436037172442,1401605.2727272727,False,False,False,0.0,0,0,0,0,0
0x80366ae5233f042a8ed38e2c99045ef654602c18,usdt,514,11.11288571794896,0.0,0.7217898832684825,0.0005008883680489,0.0300533020829395,0.7212792499905492,119787.16981132075,False,False,False,0.0,0,0,0,0,0
0x38d6c5631083adf6e09b73c4e16673d17b9a08fb,usdt,269,9.120759990937833,8.43153595563614,0.0446096654275092,3.087388532409861e-05,0.0018524331194459,0.044458394866702,1943390.0,False,False,False,0.0,0,0,0,0,0
0xeb56c35ffab0af82fab4d2f93a059860793ca438,usdt,824,8.185964580409253,0.0,0.4805825242718446,0.0003336890998433,0.020021345990599,0.4805123037743776,179808.0909090909,False,False,False,0.0,0,0,0,0,0
0x3f04dcf85fc1d34bd32a4fa92ca7180148989bd6,usdt,436,4.564397481919709,2.731418294627933,0.018348623853211,1.272021878776315e-05,0.0007632131272657,0.0183171150543789,4716900.0,False,False,False,0.0,0,0,0,0,0
0xd7a9bf8a4590c16cbe3c4cba2f9958e029655e7b,usdt,460,6.746539596359704,0.0002999550089979,1.5521739130434782,0.0010774766041197,0.0646485962471821,1.5515663099323724,55685.663865546216,False,False,False,0.0,0,0,0,0,0
0x494411d9453ce583e35c7ba9406604abe7ec0403,usdt,286,6.210349041501808,6.616399801164048,0.0419580419580419,2.9039546053816087e-05,0.0017423727632289,0.0418169463174951,2066148.0,False,False,False,0.0,0,0,0,0,0
0xc18bd7bac66d50d3544687f81bb40581c5a592e6,usdt,704,6.066034263712754,7.166451641066351,0.0767045454545454,5.326153940841027e-05,0.0031956923645046,0.0766966167481107,1126516.4444444445,False,False,False,0.0,0,0,0,0,0
0xfc06c6c7edbd7920ce914ea2ab4b5a61c11b8b85,usdt,526,10.04285958399286,7.125223213611871,0.123574144486692,8.578056486897876e-05,0.0051468338921387,0.1235240134113294,699459.1384615385,False,False,False,0.0,0,0,0,0,0
0xf6f182e6d4e2b19e67c9c249689011fd53e76421,usdt,601,11.12616367400584,10.84901941229576,0.0981697171381031,6.816359177302417e-05,0.0040898155063814,0.0981555721531548,880235.3050847457,False,False,False,0.0,0,0,0,0,0
0x89634d0643da4e74d18a50c11525156e5884b908,usdt,407,8.261654791399822,0.0,0.0442260442260442,3.066641179471086e-05,0.0018399847076826,0.0441596329843836,1956538.0,False,False,False,0.0,0,0,0,0,0
0x91a5f23a8bd4498ed5ebb48000eb8a1a6dd36ba0,usdt,651,7.449771777095344,4.75746199633035,0.021505376344086,1.4912422537953711e-05,0.0008947453522772,0.0214738884546533,4023491.142857143,False,False,False,0.0,0,0,0,0,0
0xbd16d3211360deefae6fa840c6f1ae0feca4de4e,usdt,278,10.253720906309262,10.3311698753785,0.1546762589928057,0.0001070628090193,0.0064237685411621,0.1541704449878919,560418.6976744186,False,False,False,0.0,0,0,0,0,0
0x12a169076926b14208aec76ed413441d3d4a6969,usdt,206,6.325346915055528,6.552978361222995,0.0970873786407767,6.73829928021487e-05,0.0040429795681289,0.0970315096350941,890432.4,False,False,False,0.0,0,0,0,0,0
0x5407bdc3cb837498b4fed4a694a2246241fb7708,usdt,194,4.559170571111708,4.51085950651685,0.0360824742268041,2.500984315970072e-05,0.001500590589582,0.036014174149969,2399055.4285714286,False,False,False,0.0,0,0,0,0,0
0x62cfc31f574f8ec9719d719709bcce9866becacd,usdt,1918,6.872748689045475,5.308423754530589,0.0474452554744525,3.294447509205809e-05,0.0019766685055234,0.0474400441325636,1821246.197802198,False,False,False,0.0,0,0,0,0,0
0x9c5083dd4838e120dbeac44c052179692aa5dac5,usdt,617,7.995965394825201,8.393757007862398,0.0648298217179902,4.498434657200161e-05,0.00269906079432,0.0647774590636823,1333797.3,False,False,False,0.0,0,0,0,0,0
0x24002c40492415b248b569af7acc7f5bb9b66c49,usdt,416,8.972247654351127,9.227787295603488,0.0745192307692307,5.162581343963144e-05,0.0030975488063778,0.0743411713530692,1162209.2903225806,False,False,False,0.0,0,0,0,0,0
0x573963864d412aae7dca7d2f6ab47a9e0a608f9d,usdt,1209,10.37686347763248,0.1658186294949298,0.0587262200165425,4.077818952687824e-05,0.0024466913716126,0.0587205929187046,1471374.7887323943,False,False,False,0.0,0,0,0,0,0
0x54d58dab6e01f2f4a7769e53b60ca1866d85d00a,usdt,216,10.067659810480388,6.90875477931522,0.2175925925925926,0.0001508669392115,0.0090520163526922,0.2172483924646136,397701.4468085106,False,False,False,0.0,0,0,0,0,0
0x4db6ec655eb2b5bc9dda13e0cfa6df0a301c5ba8,usdt,2033,8.489414990325134,8.293549515060345,0.0329562223315297,2.288582785944087e-05,0.0013731496715664,0.0329555921175948,2621709.835820896,False,False,False,0.0,0,0,0,0,0
0x250352c5746f5d1ac3ef9c591b7e7bbbf9ace216,usdt,1030,6.924582788923941,6.90875477931522,0.1058252427184466,7.342083570154822e-05,0.0044052501420928,0.1057260034102294,817206.7155963302,False,False,False,0.0,0,0,0,0,0
0x8cd7b5c45331ce68a3fe43fdcd67a3c6f0c24c5a,usdt,192,5.439847922265045,6.2166061010848646,0.40625,0.0002810985041234,0.0168659102474099,0.4047818459378383,213448.3076923077,False,False,False,0.0,0,0,0,0,0
0x13cd0345e66bba2a7694f7d11f827f902d081e3b,usdt,352,7.17149690906134,7.314424316076873,0.1732954545454545,0.000120022698063,0.0072013618837818,0.1728326852107638,499905.4426229508,False,False,False,0.0,0,0,0,0,0
0x2e23562226f61dc924d4de98fe0657660196ceba,usdt,264,7.633878949296556,6.774223886357614,0.053030303030303,3.68220856765769e-05,0.0022093251405946,0.0530238033742707,1629456.857142857,False,False,False,0.0,0,0,0,0,0
0x259a7e320a7b0e1ca185a2485073c53d0a6304b2,usdt,1001,9.956418895082455,9.838832642705656,0.0829170829170829,5.7580265647364926e-05,0.0034548159388418,0.0829155825322054,1042023.6746987952,False,False,False,0.0,0,0,0,0,0
0x0d71dcbe97cbb0d3a71fc16ff803199e51967caa,usdt,950,7.3438976891439935,6.1463292576688975,0.0463157894736842,3.216152257325902e-05,0.0019296913543955,0.0463125925054929,1865583.318181818,False,False,False,0.0,0,0,0,0,0
0xc4b6efc7ff43ed44576ae53b3d8f1049fc827da9,usdt,312,2.862412858460644,2.637856823581883,0.0352564102564102,2.4455824554803947e-05,0.0014673494732882,0.0352163873589176,2453403.272727273,False,False,False,0.0,0,0,0,0,0
0xcc4001c45b102ca9aefee20386d461998ee42a2b,usdt,342,5.678383268487374,8.999595024298359e-05,0.2456140350877192,0.0001704647844107,0.0102278870646451,0.2454692895514828,351978.8571428572,False,False,False,0.0,0,0,0,0,0
0xc513be939971dde93083f4e68d94aebec90ec115,usdt,251,7.173379585272485,1.8666040747626809,0.3306772908366533,0.0002295806032603,0.0137748361956225,0.3305960686949421,261346.1204819277,False,False,False,0.0,0,0,0,0,0
0x49df8bd8df38192fa4ed0b21ee6023d67f2ec714,usdt,223,8.383269916301515,0.0007497188905459,0.0313901345291479,2.170207515242608e-05,0.0013021245091455,0.0312509882194935,2764712.571428572,False,False,False,0.0,0,0,0,0,0
0xe4516477adacc6682cf18069475f676a5b5667f9,usdt,304,9.98492647736777,8.514315752757463,1.6710526315789471,0.0011571964864963,0.0694317891897802,1.6663629405547251,51849.44881889764,False,False,False,0.0,0,0,0,0,0
0xc47fae56f3702737b69ed615950c01217ec5c7c8,usdt,1231,9.636462911930996,10.819801326624807,0.0593013809910641,4.115031863781547e-05,0.0024690191182689,0.0592564588384542,1458068.904109589,False,False,False,0.0,0,0,0,0,0
0x33a57f4e88c9ceb0788eb41a407e51533d70cc4d,usdt,645,10.142581011335809,11.60390496829916,0.0744186046511627,5.160611119568779e-05,0.0030963666717412,0.0743128001217904,1162653.0,False,False,False,0.0,0,0,0,0,0
0x88cdbc813050814b5cdf0a1ddcdb3ed29bf5e64a,usdt,200,10.12708067513802,11.023205762161153,0.075,5.192215830027622e-05,0.0031153294980165,0.0747679079523977,1155576.0,False,False,False,0.0,0,0,0,0,0
0x9d7cf1ae761609593f7d062cc0e93b7526f1060a,usdt,306,11.02935009480967,9.99995000033333e-06,0.4019607843137255,0.000279115616496,0.016746936989763,0.4019264877543129,214964.6829268293,False,False,False,0.0,0,0,0,0,0
0x2f4909623b25136a348bdd3258c319d6147c93e6,usdt,555,9.087798344648691,2.3978952727983707,0.0126126126126126,8.758307254430828e-06,0.0005254984352658,0.0126119624463803,6850638.857142857,False,False,False,0.0,0,0,0,0,0
0x37d247cc4dbc0f617429f2f0c8374a1fa2e5c970,usdt,780,7.786398670119228,0.0,0.091025641025641,6.317961466130121e-05,0.003790776879678,0.0909786451122737,949673.4084507042,False,False,False,0.0,0,0,0,0,0
0x8815d612563b9282a6c813232383e68232a51c90,usdt,134,9.515094885508148,0.0001189929200616,0.1865671641791045,0.0001289014605051,0.0077340876303064,0.1856181031273556,465471.84,False,False,False,0.0,0,0,0,0,0
0x90085b8d7303f5349b054cbb691ea51833126a34,usdt,195,4.95969438673591,0.0,0.1333333333333333,9.214525494465614e-05,0.0055287152966793,0.1326891671203048,651145.8461538461,False,False,False,0.0,0,0,0,0,0
0x256e51650707b59249827f2f6b30210dde6ac546,usdt,1170,8.506338601327892,8.210429810671164,0.0119658119658119,8.30344176672726e-06,0.0004982065060036,0.0119569561440872,7225919.285714285,False,False,False,0.0,0,0,0,0,0
0xfefea9427bef554cc572bc4e887a0b9642fd8f4e,usdt,583,9.366342785172192,12.042477431163222,0.1183533447684391,8.210088795084988e-05,0.0049260532770509,0.1182252786492238,730808.1739130435,False,False,False,0.0,0,0,0,0,0
0x970e18861858aba4ac27449246533457c0f56bb3,usdt,784,5.327590763987836,6.345216395462503,0.0204081632653061,1.415507557660258e-05,0.0008493045345961,0.0203833088303077,4238762.25,False,False,False,0.0,0,0,0,0,0
0x2ec19e982172ead28b312a07faf25105fb3747d8,usdt,1723,7.604816264107355,2.4911010084075547,0.0029019152640742,2.0148147718320994e-06,0.0001208888863099,0.0029013332714382,29779412.4,False,False,False,0.0,0,0,0,0,0
0x1bed76aabe9ce565cc70733b71b08a8be5843963,usdt,243,5.218366610063526,6.110884202770922,0.0246913580246913,1.7082862131052885e-05,0.0010249717278631,0.0245993214687161,3512292.0,False,False,False,0.0,0,0,0,0,0
0x844e211e291077b11221c0f18615a64f2ff19c26,usdt,1881,9.41259261355288,11.296342288436971,0.0127591706539074,8.860023479308333e-06,0.0005316014087585,0.0127584338102039,6771991.083333333,False,False,False,0.0,0,0,0,0,0
0x546be1c86c491056014f4d58a84818f4d86ca791,usdt,345,4.717478556307888,0.0001169931560338,1.2057971014492754,0.0008362777278334,0.0501766636700048,1.2042399280801153,71746.5,False,False,False,0.0,0,0,0,0,0
0x67ca64e6d0a97bae9d85b6b005a0ccdd876ab896,usdt,354,6.808164795734962,7.9497944570751535,0.0677966101694915,4.7076214036714745e-05,0.0028245728422028,0.0677897482128692,1274529.0,False,False,False,0.0,0,0,0,0,0
0x9e00c60de3e82d4dd6ab97a6103639b3986d718b,usdt,453,7.745156763092027,6.935448310687859,0.0264900662251655,1.8381733458737605e-05,0.0011029040075242,0.0264696961805821,3264110.0,False,False,False,0.0,0,0,0,0,0
0x9949a050069402341aec7cba96fac3f15ce9a83d,usdt,501,12.429253167880946,13.122365378002328,0.0159680638722554,1.1079951824369468e-05,0.0006647971094621,0.015955130627092,5415186.0,False,False,False,0.0,0,0,0,0,0
0x6b78d31ad7ed4ad1cc1171f51868fe53e6d06d5b,usdt,810,8.469816540955431,2.9086676406008327,0.0382716049382716,2.654740999186279e-05,0.0015928445995117,0.0382282703882824,2260107.483870968,False,False,False,0.0,0,0,0,0,0
0xd2674da94285660c9b2353131bef2d8211369a4b,usdt,616,3.259440595909333,5.41610040220442,0.0357142857142857,2.47679803153099e-05,0.0014860788189185,0.0356658916540462,2422482.5454545454,False,False,False,0.0,0,0,0,0,0
0x89877c199edab79cbfc15c4962a474002cbf0b5d,usdt,576,8.584499618241122,5.58724865840025,0.0173611111111111,1.203831265231475e-05,0.0007222987591388,0.0173351702193332,4984087.2,False,False,False,0.0,0,0,0,0,0
0x98aee469cc9052f38c48bbe60448d66fe53f024e,usdt,1855,9.53799663938771,0.0,0.0070080862533692,4.866495009166043e-06,0.0002919897005499,0.0070077528131991,12329202.0,False,False,False,0.0,0,0,0,0,0
0x27256fcc4a360ea7e9f06c4a2770e7fcf75f7b4c,usdt,352,7.31753074480361,7.509189162741288,0.0738636363636363,5.116245022483929e-05,0.0030697470134903,0.0736739283237685,1172735.076923077,False,False,False,0.0,0,0,0,0,0
0x76b16a08d1c82b85c65824961ab36731c6a2dc3a,usdt,420,5.75148786336784,5.710218376405559,0.1047619047619047,7.264598127384729e-05,0.0043587588764308,0.10461021303434,825923.1818181818,False,False,False,0.0,0,0,0,0,0
0x974896e96219dd508100f2ad58921290655072ad,usdt,2089,8.609297494247697,7.824445930877619,0.1594064145524174,0.0001106700060205,0.0066402003612328,0.1593648086695891,542152.3153153153,False,False,False,0.0,0,0,0,0,0
0x0057d7c11b5e278111c13c7530edf377aa10a50d,usdt,159,7.269568851525141,3.916016201995798,0.2264150943396226,0.0001567276656546,0.0094036599392767,0.2256878385426416,382829.6666666667,False,False,False,0.0,0,0,0,0,0
0x2b52f9ab7cb9a4b84ca5fa92c265578028e2a45b,usdt,619,7.534820460922416,5.70726165196035,0.5961227786752827,0.0004137397476075,0.0248243848564524,0.5957852365548597,145018.69918699187,False,False,False,0.0,0,0,0,0,0
0x70b49d330b0ad1cee05ef4a0e550dbf04bec4105,usdt,787,12.9599944487194,0.0024470036430517,0.0165184243964421,1.1464131905948968e-05,0.0006878479143569,0.0165083499445665,5233715.076923077,False,False,False,0.0,0,0,0,0,0
0x18e0129a2bc14cac3314d6f4b67d52e2a8346457,usdt,282,7.493137336242315,7.1995669294771485,0.0354609929078014,2.462230613504153e-05,0.0014773383681024,0.0354561208344598,2436814.8,False,False,False,0.0,0,0,0,0,0
0xf04ed80ac8ea5e5bf484694148e0eeb6a82e01b9,usdt,222,8.856696409967338,0.0,0.7297297297297297,0.0005047936702612,0.0302876202156777,0.7269028851762664,118860.44444444444,False,False,False,0.0,0,0,0,0,0
0xea5abc1a1689984ebfdc41130886bdaeb5c24078,usdt,2388,11.303497115632943,0.0011463426980688,0.1059463986599665,7.355077892721732e-05,0.004413046735633,0.1059131216551929,815762.9446640316,False,False,False,0.0,0,0,0,0,0
0x1b93db6b9eb8de746bb7636acdb8fab96981c463,usdt,255,6.680260910323776,3.266505010600995,0.4666666666666667,0.0003229502564333,0.0193770153860015,0.4650483692640371,185787.12605042016,False,False,False,0.0,0,0,0,0,0
0x526d078b4cee3ed9d47d6fbae4796018da0cabc2,usdt,316,5.78548763660961,5.97550239458879,0.0411392405063291,2.8518928671088126e-05,0.0017111357202652,0.0410672572863669,2103865.846153846,False,False,False,0.0,0,0,0,0,0
0x6ce990e1f872549e5a32eb7ecdd8695cb4a80a33,usdt,648,9.065248021871506,6.897553977188397,0.228395061728395,0.0001585836508399,0.0095150190503968,0.2283604572095235,378349.2162162162,False,False,False,0.0,0,0,0,0,0
0xf977be2acdffdb56bf1c7b56cb5dee4b9c0ec2f6,usdt,139,7.165610866933674,5.303304908059076,0.1798561151079136,0.0001240827800895,0.0074449668053746,0.1786792033289921,483548.16,False,False,False,0.0,0,0,0,0,0
0x08c64a8feee63b70f7a01cc0dd2a9e2a358d58fe,usdt,1807,9.251072114967892,9.106319392627748,0.158273381294964,0.0001099015648317,0.0065940938899059,0.1582582533577426,545943.0909090909,False,False,False,0.0,0,0,0,0,0
0xfc60ae3ce622ab1b61d225272256fd29e8119ad2,usdt,237,8.445408499279326,3.3483483514291223,0.1265822784810126,8.774752113252801e-05,0.0052648512679516,0.1263564304308403,683780.0,False,False,False,0.0,0,0,0,0,0
0x104855a101baeee0a17ce705395ab8c49cfc4bd8,usdt,859,6.584081607398768,6.711018775870895,0.0873108265424912,6.0631090426717305e-05,0.003637865425603,0.0873087702144729,989591.3066666666,False,False,False,0.0,0,0,0,0,0
0xfd94fb2f07a4a0cb5c8b88c7a4346dded36f2b1d,usdt,1778,8.520097861374984,9.330534122456514,0.0168728908886389,1.1717165741548696e-05,0.0007030299444929,0.0168727186678301,5120692.266666667,False,False,False,0.0,0,0,0,0,0
0x6f15156cdc409f2788eb28a3689b24b90c420c50,usdt,1165,7.906942778806944,0.0,0.3081545064377682,0.0002138634764669,0.0128318085880185,0.3079634061124445,280552.8133704736,False,False,False,0.0,0,0,0,0,0
0x3e03efa96ed603d40774eea4c344aae391dbc3a6,usdt,204,5.843315567658934,0.0001809836214763,1.5441176470588236,0.0010719054599801,0.0643143275988092,1.5435438623714224,55975.08571428571,False,False,False,0.0,0,0,0,0,0
0x9e9e845519b603f454caf3faef45440ab0cfc635,usdt,523,6.889204785598996,8.832754501478759,0.0439770554493307,3.0493528477773662e-05,0.0018296117086664,0.043910681007994,1967630.608695652,False,False,False,0.0,0,0,0,0,0
0x06970fe7dc9dbf63cd176ebca261ee873fda8d90,usdt,551,10.095281051516212,0.0009995003330835,0.3049001814882032,0.000211663889838,0.012699833390281,0.3047960013667439,283468.28571428574,False,False,False,0.0,0,0,0,0,0
0x6f78e9af774979d281d8dcd17ee1fdb1d8d89f02,usdt,135,5.517373592115382,6.679581705792111,0.3037037037037037,0.0002095051998168,0.0125703119890117,0.3016874877362809,286389.0731707317,False,False,False,0.0,0,0,0,0,0
0x1d78e9df5a41096e9c1eae51c3e555476737d12c,usdt,266,7.651511749526949,4.061461508942175,0.018796992481203,1.3017314590483091e-05,0.0007810388754289,0.0187449330102956,4609245.6,False,False,False,0.0,0,0,0,0,0
0x5c6671696b58546cd13f95257728bcc6a5feae02,usdt,601,11.027930695995003,11.51293546591022,0.0149750415973377,1.0391954502637591e-05,0.0006235172701582,0.0149644144837981,5773697.333333333,False,False,False,0.0,0,0,0,0,0
0x38857ed3a8fc5951289e58e20fb56a00e88f0bbd,usdt,1013,8.536084371902312,8.006700845440367,0.0533070088845014,3.7003876521536015e-05,0.0022202325912921,0.0532855821910118,1621451.740740741,False,False,False,0.0,0,0,0,0,0
0x5bb872d51ba73847dcfc5031fee0af568d2d83e3,usdt,1306,7.007259647232022,7.601402334583733,0.0153139356814701,1.0627353864784688e-05,0.000637641231887,0.0153033895652899,5645808.05,False,False,False,0.0,0,0,0,0,0
0x3d79c3d7b20927ef045e04db344f8ce6386943d0,usdt,266,10.842485985361408,4.989468176306187,0.0263157894736842,1.823816226023981e-05,0.0010942897356143,0.0262629536547453,3289805.1428571427,False,False,False,0.0,0,0,0,0,0
0x7b9a99a771cb80dc157f7cdf5ed68e932eae7daa,usdt,169,9.503211507423227,8.944071394027718,0.7988165680473372,0.0005537884462501,0.0332273067750068,0.7974553626001639,108344.62222222224,False,False,False,0.0,0,0,0,0,0
0xa2af855d0e6f129ac535ab1141ca2a90d517d86f,usdt,282,6.268583424943959,7.308668603423021,0.0212765957446808,1.4749146516054937e-05,0.0008849487909632,0.0212387709831191,4068032.0,False,False,False,0.0,0,0,0,0,0
0x59f66669b5dabf93661f8403a42a57f35cbb84d5,usdt,514,8.169761125882108,9.210440391174096,0.0233463035019455,1.6199548194600854e-05,0.000971972891676,0.0233273494002252,3703807.0,False,False,False,0.0,0,0,0,0,0
0xcd9b14e765a1be9de879e92b628bdac62408cf99,usdt,470,9.32165195304558,6.515195168535535,0.3808510638297872,0.0002641059894221,0.0158463593653311,0.3803126247679482,227181.51955307263,False,False,False,0.0,0,0,0,0,0
0x333838823ecd665e51329f9a85e44d2b3120994d,usdt,205,8.186529597677213,0.3148005208097172,0.0341463414634146,2.371251221194379e-05,0.0014227507327166,0.034146017585199,2530309.714285714,False,False,False,0.0,0,0,0,0,0
0xd5af3b7216ac9cff38fb54b8c0c8d5c2bc60c4fe,usdt,441,6.075302057708076,0.0003999200213269,0.1972789115646258,0.0001367485470859,0.0082049128251589,0.1969179078038151,438761.5172413793,False,False,False,0.0,0,0,0,0,0
0x8e602b0e0e1d269f7190293a65b05776cbdfa75a,usdt,305,7.894877798287093,0.0001689857211087,0.1049180327868852,7.276577243596157e-05,0.0043659463461576,0.1047827123077846,824563.5,False,False,False,0.0,0,0,0,0,0
0x4efd0f870b7a6517004752f40e3fd140c369592e,usdt,1029,7.896783399360633,7.581719640125308,0.0631681243926141,4.38318593690532e-05,0.0026299115621431,0.0631178774914366,1368867.3230769231,False,False,False,0.0,0,0,0,0,0
0x562a8cd47c93c0da2f1dab4062b64219cea37062,usdt,406,7.81128210569245,7.692530072467284,0.0172413793103448,1.1951466120496049e-05,0.0007170879672297,0.0172101112135143,5020304.571428572,False,False,False,0.0,0,0,0,0,0
0x09cf50574504d9dcf127e848a6058e8e0bb814aa,usdt,136,11.334920628283207,9.620266710846206,0.4926470588235294,0.0003418069428472,0.0205084165708346,0.4922019977000303,175537.68656716417,False,False,False,0.0,0,0,0,0,0
0x463b476aaa90b6e9d088cb92d96808ab399435b4,usdt,1313,8.915303033083674,5.958474340376143,0.1485148514851485,0.0001030805026744,0.006184830160467,0.1484359238512081,582069.3384615384,False,False,False,0.0,0,0,0,0,0
0xfb3bd022d5dacf95ee28a6b07825d4ff9c5b3814,usdt,1094,8.796501035137611,10.123328175663536,0.0895795246800731,6.21935638228924e-05,0.0037316138293735,0.089558731904965,964730.0510204082,False,False,False,0.0,0,0,0,0,0
0x68ffd1140957d2723d51b11dade863569430bab7,usdt,781,8.287462602626567,0.0,0.1498079385403329,0.0001039885381522,0.0062393122891343,0.1497434949392244,576986.6666666666,False,False,False,0.0,0,0,0,0,0
0x0f5f003890deb929e56288284e36b8f27d539105,usdt,392,7.841408510519898,5.707110264748875,0.3494897959183674,0.0002426860276973,0.014561161661843,0.3494678798842334,247233.02189781025,False,False,False,0.0,0,0,0,0,0
0x6cc226e09bf5ddc6a919afa7775c19af283178f6,usdt,1554,8.135365656027362,9.329267777391648,0.0238095238095238,1.6526107654549142e-05,0.0009915664592729,0.0237975950225507,3630618.972972973,False,False,False,0.0,0,0,0,0,0
0xea6c91d454a1316a36694cea476d8a1014866d72,usdt,589,6.893086999853208,0.0,0.3242784380305603,0.000225164423078,0.0135098653846833,0.3242367692324014,266471.93717277487,False,False,False,0.0,0,0,0,0,0
0xfba3487042eb52ddd9f759bf08ff2619502ca25a,usdt,1518,9.370007876076786,0.0,0.0480895915678524,3.338744513301265e-05,0.0020032467079807,0.0480779209915382,1797082.698630137,False,False,False,0.0,0,0,0,0,0
0xd562cd30d74f34bacda80a229976dfb2969435f8,usdt,284,4.706998413454932,5.308267697401205,0.0387323943661971,2.683879933947275e-05,0.0016103279603683,0.0386478710488407,2235569.4545454546,False,False,False,0.0,0,0,0,0,0
0x388d10e453a0a2388b352cc63e419345ca7c5034,usdt,216,3.73794396160018,0.0256677467485777,2.199074074074074,0.0015233235263368,0.0913994115802092,2.1935858779250217,39387.56210526316,False,False,False,0.0,0,0,0,0,0
0xa2ee96a65dd1f5b45ba15f04298822fc7172e355,usdt,1689,11.19767318937853,8.755631616413082,0.0106571936056838,7.396782674861123e-06,0.0004438069604916,0.0106513670518,8111634.833333333,False,False,False,0.0,0,0,0,0,0
0x909b9e93a4dbf48d7ae95ba914ff262e2c61ccb9,usdt,212,6.01028630134857,2.3513752571634776,0.0235849056603773,1.636175981852845e-05,0.0009817055891117,0.0235609341386809,3667087.2,False,False,False,0.0,0,0,0,0,0
0xbb66a5cb7c443d67d0edb0f976bfa6a483845145,usdt,204,7.114406617510658,6.903127280297829,2.2254901960784315,0.0015390383518865,0.0923423011131925,2.216215226716621,38985.3832599119,False,False,False,0.0,0,0,0,0,0
0x17ccb437e3a817012288da8eb7fd8a2a60e55ca5,usdt,375,5.816667540745415,5.6038661310821,0.0426666666666666,2.959809121909728e-05,0.0017758854731458,0.0426212513555,2027157.75,False,False,False,0.0,0,0,0,0,0
0x654b45503e9f9c9eaaa5844e1969404753196438,usdt,470,8.688365923042879,0.0009995003330835,0.1744680851063829,0.0001209989198633,0.007259935191798,0.174238444603153,495872.1951219512,False,False,False,0.0,0,0,0,0,0
0xca43ba14cd05ef9be907d9a29179a0d6492cd37a,usdt,209,6.855014599743574,4.990624717980219,0.0478468899521531,3.315748812132988e-05,0.0019894492872797,0.047746782894715,1809546.0,False,False,False,0.0,0,0,0,0,0
0x4d6d99390c456bae07b2f16fc0f2651d9f293e69,usdt,1018,9.490032594768577,0.0,0.0383104125736738,2.660381435940198e-05,0.0015962288615641,0.0383094926775388,2255315.6923076925,False,False,False,0.0,0,0,0,0,0
0x5479a5ac1e673b8e05f40550f100abd29423722a,usdt,1067,6.3060721732561325,7.766755076847699,0.1124648547328959,7.806972263800976e-05,0.0046841833582805,0.112420400598734,768543.7833333333,False,False,False,0.0,0,0,0,0,0
0x13209ae23da7f9ee1d568f8da2b5fc1a45a276a3,usdt,181,6.161265619573781,5.379894653075984,0.149171270718232,0.0001033174532706,0.0061990471962417,0.1487771327098018,580734.4074074074,False,False,False,0.0,0,0,0,0,0
0x82e86399de44b15e169f22b5700541be439b359f,usdt,730,7.632397524850781,6.538064512682947,0.0191780821917808,1.3305144589382172e-05,0.0007983086753629,0.0191594082087103,4509533.857142857,False,False,False,0.0,0,0,0,0,0
0x4c7bdb0292bd04d5b56967da4f740b01688bc69e,usdt,324,8.271829637421957,7.244941546337007,2.9876543209876543,0.0020735475313645,0.1244128518818729,2.9859084451649496,28935.9173553719,False,False,False,0.0,0,0,0,0,0
0xd7068f910eaf2eefd18fbe04d36555d4d698c300,usdt,827,5.824720569356697,6.874165991305599,0.0241837968561064,1.678567782182666e-05,0.0010071406693095,0.0241713760634303,3574475.85,False,False,False,0.0,0,0,0,0,0
0x69fe97ce030074b37cbaf3ee46e9f68ca8712099,usdt,1530,7.366313034038312,2.4935464688302167,0.0183006535947712,1.2706889336547893e-05,0.0007624133601928,0.0182979206446289,4721848.0,False,False,False,0.0,0,0,0,0,0
0x0297e210346b420a668072805b9fb5c06c350379,usdt,759,9.270487233094912,7.127780932300118,0.0210803689064558,1.4635093160600204e-05,0.000878105589636,0.0210745341512643,4099734.75,False,False,False,0.0,0,0,0,0,0
0x8e2fefaf801d102549ddb245c61de59ad3c69836,usdt,353,6.553270028770438,7.1284959456800365,0.0679886685552408,4.714933175645013e-05,0.002828959905387,0.0678950377292881,1272552.5,False,False,False,0.0,0,0,0,0,0
0x67fdbb8009bf627e3ba0f26eb8ed7bdd29405d17,usdt,288,7.416774599163612,8.397057390176256,0.0659722222222222,4.566248454384981e-05,0.0027397490726309,0.0657539777431437,1313988.9473684211,False,False,False,0.0,0,0,0,0,0
0x08017d8b98625341ee342ace17a98de226a169ed,usdt,1255,5.135901202357962,5.32544603393629,0.0541832669322709,3.762644491312321e-05,0.0022575866947873,0.0541820806748974,1594623.1470588236,False,False,False,0.0,0,0,0,0,0
0x01df303b2369290d1aec6fe37c1a3cd4a0c962ca,usdt,595,9.08874377391298,8.20276325646082,0.2638655462184874,0.0001830949056699,0.0109856943401982,0.2636566641647583,327698.9044585987,False,False,False,0.0,0,0,0,0,0
0xebda4632969d011af1db03cb14c9ada339ce2385,usdt,396,7.600943736690169,7.378383712996714,0.7449494949494949,0.0005170203085577,0.0310212185134632,0.7445092443231169,116049.6,False,False,False,0.0,0,0,0,0,0
0xf7f7d74ce9fc6626d629c6e90d9aaa359417dcb5,usdt,1322,10.748479792736951,6.882596879830046,0.0514372163388804,3.571484500925877e-05,0.0021428907005555,0.0514293768133326,1679973.6911764706,False,False,False,0.0,0,0,0,0,0
0x8eb5989d5036492a98633f30aed5ab87a477af12,usdt,209,5.712488986081981,0.9701442461001808,0.0334928229665071,2.3201610059157475e-05,0.0013920966035494,0.0334103184851867,2586027.4285714286,False,False,False,0.0,0,0,0,0,0
0x771da8c5da240d8ab349bf9da37d149d963da6c1,usdt,304,7.1805990678423965,7.509883061154913,0.069078947368421,4.795525637565133e-05,0.002877315382539,0.0690555691809379,1251166.2857142857,False,False,False,0.0,0,0,0,0,0
0xdb43eafc1c3544626f59251d9378f641dd1f252e,usdt,618,8.203667029886084,9.999500033330834e-05,0.4239482200647249,0.0002942953872006,0.0176577232320373,0.4237853575688954,203876.79389312977,False,False,False,0.0,0,0,0,0,0
0x8b51991e40ff6565e18dafb33d9e954cdf75011d,usdt,197,9.203623924555766,3.0416552837438644,0.0406091370558375,2.813224405284361e-05,0.0016879346431706,0.0405104314360948,2132784.0,False,False,False,0.0,0,0,0,0,0
0xcf0c41f5154da68668db7aaafd25b16361cf7fd7,usdt,981,12.97017838823568,0.0007756990676722,0.7900101936799184,0.0005480647867738,0.0328838872064282,0.7892132929542771,109476.10838709676,False,False,False,0.0,0,0,0,0,0
0xe3d277aceb3cb634c9daee9e35d6a929cb4a70d5,usdt,1290,9.985356094943125,0.009950330853168,0.0503875968992248,3.497576099050064e-05,0.00209854565943,0.0503650958263209,1715473.7538461538,False,False,False,0.0,0,0,0,0,0
0x13c7e72117e1df5aeef45dd8c3d1c1831aca0b1c,usdt,615,8.282171220685148,0.0,0.0504065040650406,3.495282946537054e-05,0.0020971697679222,0.0503320744301335,1716599.2258064516,False,False,False,0.0,0,0,0,0,0
0xf7d557608e33e9862648a8068418ea7550d9af8f,usdt,754,7.016952993566575,6.812916987820851,0.8050397877984085,0.0005583711238051,0.0335022674283081,0.8040544182793965,107455.41350906096,False,False,False,0.0,0,0,0,0,0
0xf118a9e54e117a85af4640039d4dd058ff23f50b,usdt,1224,9.932115634801884,0.0029945119703283,0.0294117647058823,2.0413192116130343e-05,0.0012247915269678,0.0293949966472277,2939275.722222222,False,False,False,0.0,0,0,0,0,0
0x092b6a212105e27fb86dd9a4b8d2640fe4077f34,usdt,423,8.905028527938539,8.517393171418904,0.1087470449172576,7.549129240764378e-05,0.0045294775444586,0.108707461067007,794793.6521739131,False,False,False,0.0,0,0,0,0,0
0x1e9c0bb00ff504e2c4ed9368656e876616e25666,usdt,1643,8.260754877568436,0.061471322088101,0.01034692635423,7.184541976151377e-06,0.000431072518569,0.0103457404456579,8351263.05882353,False,False,False,0.0,0,0,0,0,0
0x32925a2b30163e195fbe8325a27c90baf8dc6561,usdt,390,7.077909806761933,6.230000587889503,0.1769230769230769,0.0001227490230778,0.007364941384673,0.1767585932321525,488802.2608695653,False,False,False,0.0,0,0,0,0,0
0x6ba3e8243e4908b1860ffa5fe72ff66692e1fea8,usdt,807,7.290211748868863,6.449705516724413,0.1214374225526641,8.424021337530292e-05,0.0050544128025181,0.1213059072604361,712248.9081632653,False,False,False,0.0,0,0,0,0,0
0xc1fbb0f4289702d1fd895f55b606e6b986fd2090,usdt,130,7.68054619763784,8.984944285608679,0.1384615384615384,9.549527563650252e-05,0.0057297165381901,0.1375131969165636,628303.3333333334,False,False,False,0.0,0,0,0,0,0
0x526cf160f2a47b1cc1e5019dade58a1a1df6bed5,usdt,921,6.576476152592012,5.7079404848048645,0.0249728555917481,1.7331579528194467e-05,0.0010398947716916,0.0249574745206,3461888.7391304346,False,False,False,0.0,0,0,0,0,0
0x3a9f97c69130aa2a64ad278d08cf18d6351e6fc0,usdt,682,13.185418293940272,9.999500033330834e-05,0.1935483870967742,0.0001343895537778,0.0080633732266687,0.19352095744005,446463.2727272727,False,False,False,0.0,0,0,0,0,0
0x7d544a853dbcd39a53315e7002f4951a6d2f080d,usdt,1193,12.703558157470937,6.413061312543441,0.1265716680637049,8.785956271481044e-05,0.0052715737628886,0.126517770309327,682908.0198675497,False,False,False,0.0,0,0,0,0,0
0xc16d450c99401b4c16690ad83dc997e4164e7a2e,usdt,980,8.190509565879186,0.0,0.0632653061224489,4.391428724420282e-05,0.0026348572346521,0.063236573631652,1366297.935483871,False,False,False,0.0,0,0,0,0,0
0x34a7460df6a453af1b77571c739e22044ee820ed,usdt,352,6.692387873673411,7.090767505542142,0.0539772727272727,3.7399734265046015e-05,0.0022439840559027,0.0538556173416662,1604289.4736842106,False,False,False,0.0,0,0,0,0,0
0x000000002a634f97eef66251b538046514d94f4a,usdt,222,3.5012105758458927,5.08622393095334,0.045045045045045,3.1237075659945695e-05,0.0018742245395967,0.0449813889503218,1920794.4,False,False,False,0.0,0,0,0,0,0
0x2a578a939bdc5486fa8c4f0ef865b71cca03ab7a,usdt,760,9.391737105836544,0.5163413839539329,0.0434210526315789,3.014732724759288e-05,0.0018088396348555,0.0434121512365337,1990226.1818181816,False,False,False,0.0,0,0,0,0,0
0x9c7689d597869665816d453219615eaa10536005,usdt,1381,11.72316165744092,11.263232578422482,0.1317885590152063,9.149050959392774e-05,0.0054894305756356,0.1317463338152559,655805.7252747252,False,False,False,0.0,0,0,0,0,0
0x8065a40f0594285168e51535b4156b02523bfd8e,usdt,2199,6.581200298805754,5.956921820095733,0.1082310140973169,7.514171949301439e-05,0.0045085031695808,0.1082040760699407,798491.1764705882,False,False,False,0.0,0,0,0,0,0
0xec3d51fb69e84f56e81b22bb9be98651cb1f0812,usdt,314,9.501828293313718,5.222882759418528,0.1592356687898089,0.0001103350876612,0.0066201052596736,0.1588825262321671,543798.0,False,False,False,0.0,0,0,0,0,0
0xa3d276fac48a55dff8e559a7e1ec5f09918eb166,usdt,720,6.991923372001487,7.813392665350221,0.0277777777777777,1.927691520007896e-05,0.0011566149120047,0.0277587578881137,3112531.2,False,False,False,0.0,0,0,0,0,0
0x9b32bf5d8d88dd5cef0d32cdfff2eab50d2e04b3,usdt,545,6.442942817877316,6.285053624428814,0.0201834862385321,1.4002255296586438e-05,0.0008401353177951,0.0201632476270844,4285024.0,False,False,False,0.0,0,0,0,0,0
0x0799ddbf6f14db566ca4df4ff0575c4cc1e7749c,usdt,369,3.904118728777768,0.74956768332158,1.5203252032520325,0.0010552221647064,0.0633133298823869,1.5195199171772864,56860.064171123,False,False,False,0.0,0,0,0,0,0
0x59eaa54d1c8c33b0b008ca005979485163664415,usdt,1105,11.057577068206951,0.0,0.2633484162895927,0.0001827250827662,0.0109635049659779,0.2631241191834713,328362.1443298969,False,False,False,0.0,0,0,0,0,0
0xadd4decf4856a776087deff29c46f927daed53eb,usdt,131,6.88071695894494,0.0,1.534351145038168,0.0010653352625971,0.0639201157558315,1.5340827781399564,56320.298507462685,False,False,False,0.0,0,0,0,0,0
0x6a23ef6abc7e1de687aca20be50d60a92b84e9ff,usdt,559,7.971035035713957,0.0,0.0393559928443649,2.7314240403389947e-05,0.0016388544242033,0.0393325061808815,2196656.363636364,False,False,False,0.0,0,0,0,0,0
0xc821d3d24c27c713a9e2758086bd29b23f7381e2,usdt,699,11.603621052127847,11.512930484897629,1.094420600858369,0.0007591421554715,0.0455485293282911,1.093164703878988,79036.58039215686,False,False,False,0.0,0,0,0,0,0
0xe6d2ea4fa8e5c2577f2b8d977c732f531deffc49,usdt,576,7.293933553429711,3.812963419376879,0.0138888888888888,9.634514685409007e-06,0.0005780708811245,0.0138737011469889,6227610.0,False,False,False,0.0,0,0,0,0,0
0xf22ac3c430c4d0ff0995dc0c9bccc6bb4a67d8b6,usdt,576,9.493444733303104,0.0001359907528383,0.0381944444444444,2.649832361969028e-05,0.0015898994171814,0.038157586012354,2264294.1818181816,False,False,False,0.0,0,0,0,0,0
0x7b55c6ce21d37d5c4a534ce6735260236adbce92,usdt,384,7.540914886048519,7.049254841255837,0.5833333333333334,0.0004044442646914,0.0242666558814862,0.5823997411556706,148351.7142857143,False,False,False,0.0,0,0,0,0,0
0xb766447c74b3687d4bc4947462d21eb6879b9357,usdt,121,5.603334306969349,5.4043426611913405,1.024793388429752,0.0007070829180171,0.0424249750810294,1.018199401944706,84855.67741935483,False,False,False,0.0,0,0,0,0,0
0x2a4c017d8b919d8dbac17cb2233fb863d3f7c1d3,usdt,260,8.866536570917049,9.169478058830643,0.0307692307692307,2.1365347169532163e-05,0.0012819208301719,0.0307660999241263,2808285.75,False,False,False,0.0,0,0,0,0,0
0x8e8170d30041cf458a3943edfda408adf097bc7d,usdt,200,4.702573219699628,4.176692303570854,0.11,7.627934327646131e-05,0.0045767605965876,0.1098422543181042,786582.5454545454,False,False,False,0.0,0,0,0,0,0
0xb6cb02718c59da67304fd1bb1e68d2fd9d1941c2,usdt,145,6.622229518684041,5.373037185057025,0.2620689655172414,0.0001812065879085,0.0108723952745136,0.2609374865883282,331113.7894736842,False,False,False,0.0,0,0,0,0,0
0xb590356f6b07dc7a8f3f5e39a0a037095dd2b742,usdt,680,5.882074529456003,2.3978952727983707,0.0661764705882353,4.594922834908098e-05,0.0027569537009448,0.0661668888226766,1305789.066666667,False,False,False,0.0,0,0,0,0,0
0xec89f1657703453b6a9c4918e5cf3844b5ac6387,usdt,367,6.467537750415543,0.5972341190589661,0.0572207084468664,3.963712027638776e-05,0.0023782272165832,0.0570774531979983,1513732.5714285714,False,False,False,0.0,0,0,0,0,0
0x73e836cf648de2843327ee6c61a6aa1e614f669b,usdt,351,8.2878519022412,9.19125948416339,0.0199430199430199,1.3811429786834393e-05,0.00082868578721,0.0198884588930415,4344228.0,False,False,False,0.0,0,0,0,0,0
0xe33e31e143b15640e899750c45a7ab8ec04c56e5,usdt,574,8.368877674662865,9.999995000003334e-07,0.1149825783972125,7.978011632907993e-05,0.0047868069797447,0.1148833675138751,752067.0909090909,False,False,False,0.0,0,0,0,0,0
0x0d1dace081cee86324a98f2a6158cdb17fb8472a,usdt,192,5.815004683971083,2.70805020110221,0.109375,7.59282225203108e-05,0.0045556933512186,0.1093366404292475,790220.0,False,False,False,0.0,0,0,0,0,0
0x380341d38ae99b1fac49d06e5e38fc8c4f2d5049,usdt,1201,8.36535597929105,9.092313132129384,0.1132389675270607,7.860284900071938e-05,0.0047161709400431,0.1131881025610359,763331.1102941176,False,False,False,0.0,0,0,0,0,0
0xbb458035d5d21cc0df9664e86029b4e754a53377,usdt,204,8.206931338577991,9.999500033330834e-05,4.65686274509804,0.0032299280372033,0.1937956822321998,4.651096373572797,18576.265263157893,False,False,False,0.0,0,0,0,0,0
0xe59350800a422d8c4b3a370b0c1453beceddef78,usdt,397,9.790611319441185,5.198690084453064,0.0251889168765743,1.746471080534672e-05,0.0010478826483208,0.0251491835596992,3435499.2,False,False,False,0.0,0,0,0,0,0
0x0368e15767e08ee255016846ab1d9c285d3ed717,usdt,1800,8.063792968549683,7.466089504924826,0.1316666666666666,9.139530904513924e-05,0.0054837185427083,0.1316092450250004,656488.835443038,False,False,False,0.0,0,0,0,0,0
0xe760b40b1398be03547b517789b15adcf3eaf248,usdt,808,8.337092103794932,6.545055068095812,0.275990099009901,0.0001916272140891,0.0114976328453513,0.2759431882884321,313107.9282511211,False,False,False,0.0,0,0,0,0,0
0x0dc874fb5260bd8749e6e98fd95d161b7605774d,usdt,1738,12.440290484059512,0.0009925073016393,0.096662830840046,6.709961539672035e-05,0.0040259769238032,0.0966234461712773,894192.9047619047,False,False,False,0.0,0,0,0,0,0
0x1ce2304369d957fc1f0dd32c983f445e449f4c7a,usdt,1107,9.83918071885028,4.18322151738256,0.1255645889792231,8.717558140468335e-05,0.005230534884281,0.125532837222744,688266.1294964029,False,False,False,0.0,0,0,0,0,0
0xa058e988e2c575de36f9a9552868b0f719212d2b,usdt,390,6.876329217646907,6.218762915204761,0.1435897435897435,9.951447597987107e-05,0.0059708685587922,0.1433008454110143,602927.3571428572,False,False,False,0.0,0,0,0,0,0
0x31476892e6a83d45ef687de8a28b5a5e4399be6e,usdt,462,10.031337810211442,8.574533361037604,0.0108225108225108,7.502568879584369e-06,0.000450154132775,0.0108036991866014,7997260.8,False,False,False,0.0,0,0,0,0,0
0x9cc2611b694dcc926aeb7a741f69d78aa9b58326,usdt,163,5.9335850189158,6.111467339502679,0.1165644171779141,8.049669568125342e-05,0.0048298017408752,0.1159152417810049,745372.2105263158,False,False,False,0.0,0,0,0,0,0
0x6b978f747b0516c97f5fb5b2f917fe1e70aa1b51,usdt,1458,9.884801621372668,0.0,0.3518518518518518,0.0002442523699601,0.0146551421976115,0.3517234127426779,245647.56530214424,False,False,False,0.0,0,0,0,0,0
0x87d0f46f2a422e4eb443b4ee7aad96e5dd7d4d44,usdt,757,7.6805838314801855,6.025895685944292,0.0158520475561426,1.100449185016504e-05,0.0006602695110099,0.0158464682642376,5452319.0,False,False,False,0.0,0,0,0,0,0
0x33bf767b52ea9de0b4d64bd19c12cd21949d3d36,usdt,643,7.010632254605896,5.303304908059076,0.0077760497667185,5.399695349188399e-06,0.0003239817209513,0.0077755613028312,11111738.0,False,False,False,0.0,0,0,0,0,0
0x3ef75e2a5bf94dba0e0d2e7a5ac89a4ad6b6ae1c,usdt,1239,8.953081312694104,6.303431594199024,0.033091202582728,2.296418980111976e-05,0.0013778513880671,0.0330684333136124,2612763.6341463416,False,False,False,0.0,0,0,0,0,0
0x60e7979b21b1829a80e30320960ddc55d62aafb1,usdt,251,8.64696428988802,0.0,0.1035856573705179,7.165104398326893e-05,0.0042990626389961,0.1031775033359072,837391.8461538461,False,False,False,0.0,0,0,0,0,0
0xcceb10f787e4198d32b9f46eb7ca78130c49044f,usdt,615,9.42749075962845,9.901289883679986,0.008130081300813,5.637287454532458e-06,0.0003382372472719,0.0081176939345267,10643416.8,False,False,False,0.0,0,0,0,0,0
0x9d647bd06954ebbb89b0040237fa91e14c0c6cdd,usdt,226,3.59050977882272,2.4007094909872446,3.685840707964602,0.0025593049013914,0.1535582940834892,3.685399058003742,23443.865546218487,False,False,False,0.0,0,0,0,0,0
0x103e6dac4c5c5a40d7f3fe28518021947d1c25e7,usdt,1021,7.41489860660961,3.748248040389062,0.0117531831537708,8.161088553194854e-06,0.0004896653131916,0.0117519675166005,7351960.416666667,False,False,False,0.0,0,0,0,0,0
0xdd4337cb2481bd1e1e2fb34052517f4e96dffee4,usdt,129,10.440631843144544,0.0,0.0697674418604651,4.808766059942872e-05,0.0028852596359657,0.0692462312631773,1247721.3333333333,False,False,False,0.0,0,0,0,0,0
0xe75cf9dcc7b783d9f79d6269e1497489bd1fec38,usdt,179,5.815660909453355,4.962354999921024,1.871508379888268,0.0012949672547235,0.0776980352834122,1.8647528468018948,46333.21791044776,False,False,False,0.0,0,0,0,0,0
0xfc9b9542c8d9c5b6a15cad5754ed13e92aad9d7f,usdt,1411,9.198596009847838,8.232306851526333,0.0049610205527994,3.443398308155109e-06,0.0002066038984893,0.0049584935637433,17424647.0,False,False,False,0.0,0,0,0,0,0
0x089e594b9807eba72f37ad9573baa32622bf87cc,usdt,368,8.82033480064412,8.115684253735774,0.1902173913043478,0.0001320191767284,0.0079211506037048,0.190107614488916,454479.4285714286,False,False,False,0.0,0,0,0,0,0
0xe64dfe92895a87ae27362dbb79406d00a7f6b22e,usdt,979,7.627293814793238,0.0009995003330835,0.3799795709908069,0.000263607907897,0.0158164744738258,0.3795953873718207,227610.7741935484,False,False,False,0.0,0,0,0,0,0
0x30e74c71d209f7bccdc99c483fad82e3cc4c28cc,usdt,178,7.066839716358111,7.357825818259308,0.1404494382022472,9.7159975064864e-05,0.0058295985038918,0.1399103640934041,617538.24,False,False,False,0.0,0,0,0,0,0
0x8a9c48c44b60b63c1f6f78585818985223bd82c0,usdt,526,9.490771217713773,9.210440366976515,0.0095057034220532,6.597049324554508e-06,0.0003958229594732,0.0094997510273584,9094975.2,False,False,False,0.0,0,0,0,0,0
0xffb26bd72414baec53a7bb005d55d8436bef2b15,usdt,273,10.444785411440668,10.59665973278358,0.1098901098901098,7.627993924048573e-05,0.0045767963544291,0.1098431125062994,786576.4,False,False,False,0.0,0,0,0,0,0
0xa2fc63994fc6db04fbae29064c67c654684d6dd7,usdt,159,6.593520761823922,0.0009995003330835,0.1320754716981132,9.148517025390183e-05,0.0054891102152341,0.1317386451656186,655844.0,False,False,False,0.0,0,0,0,0,0
0xf4c4cc51d305c2d7a8f44802d61e1edf784ff2bf,usdt,1795,7.150528613636263,0.5188396256981858,0.0256267409470752,1.7794832964641804e-05,0.0010676899778785,0.0256245594690841,3371765.282608696,False,False,False,0.0,0,0,0,0,0
0x7b25a056360ae5bafc66e39e8243003fb7d9359b,usdt,210,5.388674390613762,4.176692303570854,0.1142857142857142,7.92736944117991e-05,0.0047564216647079,0.1141541199529907,756871.5,False,False,False,0.0,0,0,0,0,0
0x43d0c16b5d0ca601789815168ad97034930810c6,usdt,351,6.672222255388913,6.803505257608338,0.0142450142450142,9.868235373992304e-06,0.0005920941224395,0.0142102589385489,6080114.4,False,False,False,0.0,0,0,0,0,0
0xc048fd116c5c097430fc2ae26dfeacb656847352,usdt,135,9.137340672184784,7.4624317594546685,0.3407407407407407,0.0002365753760005,0.0141945225600335,0.3406685414408057,253618.9565217392,False,False,False,0.0,0,0,0,0,0
0x1b26884a9e602677f1553799b6d76e6dc370f4e3,usdt,499,10.54027711329086,9.99995000033333e-06,0.0380761523046092,2.642102713272617e-05,0.0015852616279635,0.0380462790711256,2270918.5263157897,False,False,False,0.0,0,0,0,0,0
0x2151bb4ee456a543c074a45c88227c538d21814e,usdt,912,7.316014991210775,6.992463441859317,0.1337719298245614,9.286027770703313e-05,0.0055716166624219,0.1337187998981277,646132.0327868853,False,False,False,0.0,0,0,0,0,0
0x188a858561c4e5bbea9b9302163a58bbdc49c2ce,usdt,126,10.801386897721876,0.0009995003330835,0.7936507936507936,0.000550021120811,0.0330012672486623,0.7920304139678964,109086.72,False,False,False,0.0,0,0,0,0,0
0xfb8fb7e7cf9f7b2d47974b53f92679860bc792b5,usdt,763,8.49782338713866,7.8826922062890254,0.0943643512450851,6.5500312309128e-05,0.0039300187385476,0.0943204497251443,916026.1666666666,False,False,False,0.0,0,0,0,0,0
0x4893b356bad716cbb1ab187c5d5f1e9784119b9e,usdt,136,4.23534818267124,3.9573787071489432,0.1029411764705882,7.137984375971914e-05,0.0042827906255831,0.1027869750139955,840573.4285714285,False,False,False,0.0,0,0,0,0,0
0xdc6da99d27f2d07aa54fa462bbbc5fbc7146d727,usdt,551,4.319724304729378,3.918465110439141,0.0961887477313974,6.670348363348224e-05,0.0040022090180089,0.0960530164322144,899503.2452830189,False,False,False,0.0,0,0,0,0,0
0xe758edf97279fa7784b6cf3a4f47418d83d52c6d,usdt,321,5.482720089545816,5.170483995038151,0.043613707165109,3.0280706474836952e-05,0.0018168423884902,0.0436042173237652,1981459.7142857143,False,False,False,0.0,0,0,0,0,0
0x84e573e0a90a2d045add110002ab5a3f41014992,usdt,444,7.378024352369459,4.61512051684126,0.2184684684684684,0.0001513988473084,0.0090839308385092,0.2180143401242219,396304.206185567,False,False,False,0.0,0,0,0,0,0
0x4c175975baae5c1f0e87d0a153fd1801d34d6dcc,usdt,136,8.609858944531618,4.330733340286331,0.2058823529411764,0.0001426632373141,0.0085597942388508,0.2054350617324208,420570.8571428572,False,False,False,0.0,0,0,0,0,0
0xe13d514afe32fbede27858f92cbadab3da84173f,usdt,569,9.319364432989127,7.239610090255159,0.117750439367311,8.174827096306296e-05,0.0049048962577837,0.1177175101868106,733960.4776119404,False,False,False,0.0,0,0,0,0,0
0x2813e7f589587d4d79dd71b0b4dd164233e55cca,usdt,648,6.436766574308878,4.957108651501811,0.0169753086419753,1.1779637885721344e-05,0.0007067782731432,0.0169626785554387,5093535.181818182,False,False,False,0.0,0,0,0,0,0
0xa2b16ec88c0ea6825aaa6ea7b0fb0bc2dcbaf0f0,usdt,1734,8.580774841148349,8.62793759319438,0.1014994232987312,7.045965255104275e-05,0.0042275791530625,0.1014618996735015,851551.1761363636,False,False,False,0.0,0,0,0,0,0
0xa1952f7f47c04ea85ad6f306cb12c3d5f122c360,usdt,809,1.6185712759969857,0.1823215567939546,0.7453646477132262,0.0005170090844412,0.0310205450664729,0.7444930815953511,116052.11940298507,False,False,False,0.0,0,0,0,0,0
0xd9d9cb8037d8a11a511398c3a790ded9bdf21b08,usdt,1417,9.8996050188972,0.0,0.0268172194777699,1.861350742557713e-05,0.0011168104455346,0.026803450692831,3223465.552631579,False,False,False,0.0,0,0,0,0,0
0xe6d0c19794b370b91b2daea4ccf2fae372b935eb,usdt,816,8.349488929997602,0.000499875041651,0.3345588235294117,0.0002320874798071,0.0139252487884268,0.3342059709222442,258523.2087912088,False,False,False,0.0,0,0,0,0,0
0x7c1dc9fe624df63b8b6eb082943cd2d7ec18e7dc,usdt,287,5.391921546507262,0.0,0.0418118466898954,2.897097976956483e-05,0.0017382587861738,0.0417182108681733,2071038.0,False,False,False,0.0,0,0,0,0,0
0xbb43bb20dc27b29996189ecc5be01ea15d002afa,usdt,855,9.646524504994252,10.699314094705516,0.0070175438596491,4.8719801944261135e-06,0.0002923188116655,0.0070156514799736,12315321.0,False,False,False,0.0,0,0,0,0,0
0x5da9af6973ff9cf5fa24e25e8710e5c37081019f,usdt,867,7.137716448632593,5.354528470164641,0.0415224913494809,2.883418542578501e-05,0.0017300511255471,0.0415212270131304,2080863.361111111,False,False,False,0.0,0,0,0,0,0
0xfbc2a9449dcc20729958833112af0fa3f1699867,usdt,703,4.349237278934115,1.9969483966354773,0.0085348506401137,5.926054689583379e-06,0.000355563281375,0.008533518753,10124780.0,False,False,False,0.0,0,0,0,0,0
0xddf0c41b9bb1a3b6cf988e12f782a3c1a412b710,usdt,391,4.47330342994413,0.0,0.0383631713554987,2.6606783665563373e-05,0.0015964070199338,0.0383137684784112,2255064.0,False,False,False,0.0,0,0,0,0,0
0x61961fb7a6bc83a54b36786889b032c1b3ad9738,usdt,1119,7.514468102226394,6.081758372838463,0.0196604110813226,1.3642065258617436e-05,0.000818523915517,0.0196445739724091,4398161.045454546,False,False,False,0.0,0,0,0,0,0
0x59f4520bd88453ef6c50e7896e170f0f84505b5c,usdt,269,3.920838573870035,2.776331708518616,0.0408921933085501,2.833217257280853e-05,0.0016999303543685,0.0407983285048442,2117733.8181818184,False,False,False,0.0,0,0,0,0,0
0xbf23af8a3dd05bb4f1b6bf19f006497027557bc5,usdt,448,11.91490772627596,9.836776879209856,0.46875,0.0003249399789438,0.0194963987366333,0.4679135696792006,184649.4857142857,False,False,False,0.0,0,0,0,0,0
0x2385aae82b8ff5ec9e72f122f3462b9a1b9db98a,usdt,160,9.445700878181643,0.0009995003330835,0.0625,4.327314615678207e-05,0.0025963887694069,0.0623133304657661,1386541.2,False,False,False,0.0,0,0,0,0,0
0x117f55bf3c2e3bcdc7f308504480ee53f754a7ca,usdt,513,11.388339433695904,10.714364478443663,0.0272904483430799,1.893187446111772e-05,0.001135912467667,0.0272618992240095,3169258.285714286,False,False,False,0.0,0,0,0,0,0
0xcb17749c44d6566ac3e823384dbd9d9d1c1d3618,usdt,359,5.256749755583248,5.70482514422065,0.0194986072423398,1.3509074817502048e-05,0.0008105444890501,0.0194530677372029,4441458.857142857,False,False,False,0.0,0,0,0,0,0
0x9d201b66e1269e029c8c8bb7130b2cfc72fc4d86,usdt,990,4.616969252420597,3.701301974112493,0.0282828282828282,1.963222944579198e-05,0.0011779337667475,0.0282704104019404,3056199.0,False,False,False,0.0,0,0,0,0,0
0xb314794e39d620ed7a2c140a3b2334fe674e452f,usdt,305,8.08945336810895,9.999500033330834e-05,0.8950819672131147,0.000621250876123,0.0372750525673818,0.8946012616171638,96579.34065934064,False,False,False,0.0,0,0,0,0,0
0xf8d4a17c09fb377706ec80d4d0d2e3aa2b17cf17,usdt,197,5.535235179648551,4.356580613342406,0.1319796954314721,9.126425565224106e-05,0.0054758553391344,0.1314205281392271,657431.5384615385,False,False,False,0.0,0,0,0,0,0
0x5150fbcf498ed38f619c1e168ec8ad2a20caed6c,usdt,621,7.916684186945165,7.439017767696609,0.0885668276972624,6.141982077919642e-05,0.0036851892467517,0.0884445419220428,976883.3454545456,False,False,False,0.0,0,0,0,0,0
0x55907cf476998d2f58591c6d0a10ecbbe249a8eb,usdt,344,7.601724183334593,6.556869042386831,0.0261627906976744,1.8129590311546937e-05,0.0010877754186928,0.0261066100486275,3309506.6666666665,False,False,False,0.0,0,0,0,0,0
0x03a0a7443d1794c2386edf72b44286269913732c,usdt,243,9.394261378634631,10.594156685245094,0.1275720164609053,8.840381493830555e-05,0.0053042288962983,0.12730149351116,678703.7419354839,False,False,False,0.0,0,0,0,0,0
0xabcefb63bd47102a7d7b3b71e938ec9b2be5adc1,usdt,177,8.598794676426424,8.442790886504724,0.0338983050847457,2.350757430368769e-05,0.0014104544582212,0.0338509069973102,2552368.833333333,False,False,False,0.0,0,0,0,0,0
0x5869458f360d8c1ce49e35fccb3d0a1f25e8d533,usdt,1974,9.72138234645667,9.684548751854992,0.1236068895643363,8.583698133663635e-05,0.0051502188801981,0.1236052531247563,698999.4180327869,False,False,False,0.0,0,0,0,0,0
0xe3ae9d1f711a8c677679af920520c5ed4b62bed6,usdt,570,7.511422765125491,0.0,0.0263157894736842,1.824838830234513e-05,0.0010949032981407,0.0262776791553769,3287961.6,False,False,False,0.0,0,0,0,0,0
0x5bd939ea3d6aa6f418430c54de05b063c5bb22c3,usdt,217,6.279031530437264,0.0,0.6682027649769585,0.0004636412529441,0.0278184751766473,0.6676434042395356,129410.4,False,False,False,0.0,0,0,0,0,0
0x6cf33bbe888a84bc4358b3f5f2b94b2ddf1a5f0d,usdt,138,6.3634352482320224,5.609351143218159,0.1376811594202898,9.5e-05,0.0056999999999999,0.1368,631578.947368421,False,False,False,0.0,0,0,0,0,0
0x44b48148f9cd645cfd171dc01df7f69f85e63991,usdt,396,5.449870389670354,5.683130686925329,0.0151515151515151,1.0515670364346363e-05,0.0006309402218607,0.0151425653246587,5705770.333333333,False,False,False,0.0,0,0,0,0,0
0x41e8bf3d9288eddacc3206f9ab21b61a1c59df31,usdt,921,8.820921483366803,8.517393171418904,0.0336590662323561,2.336905481822418e-05,0.0014021432890934,0.0336514389382428,2567497.935483871,False,False,False,0.0,0,0,0,0,0
0x3fea0952d46786d1deb1ae657353f4ae3a4bbb1e,usdt,254,7.916357823684007,8.598389160166963,0.0196850393700787,1.3662874581369522e-05,0.0008197724748821,0.0196745393971721,4391462.4,False,False,False,0.0,0,0,0,0,0
0xd492c9f383858d282f1e63ddcfe029a81177b38d,usdt,697,6.317351398557426,6.90875477931522,0.0416068866571018,2.885526774802944e-05,0.0017313160648817,0.0415515855571623,2079343.0344827587,False,False,False,0.0,0,0,0,0,0
0x1101567a2fed40b40b6a9a9d8f6bb13552d6eb5e,usdt,1162,9.798127680378094,9.392661095436456,0.0240963855421686,1.6728473896874396e-05,0.0010037084338124,0.0240890024114991,3586698.964285714,False,False,False,0.0,0,0,0,0,0
0x800c1b69f63e78ac5a58dc633bdd4d64e84103d3,usdt,969,11.178749997759692,7.313220387090301,0.2745098039215686,0.0001906265076335,0.011437590458011,0.274502170992264,314751.6090225564,False,False,False,0.0,0,0,0,0,0
0x773dbd74194cfff08065f30f4c16998fb638b094,usdt,999,6.916364047967231,0.0,0.028028028028028,1.945992860152196e-05,0.0011675957160913,0.0280222971861916,3083259.0,False,False,False,0.0,0,0,0,0,0
0x56357bb4ae1903fec9fac2468add9f886041e000,usdt,765,10.941813429794465,0.0,0.0274509803921568,1.905106119854036e-05,0.0011430636719124,0.0274335281258981,3149430.8571428573,False,False,False,0.0,0,0,0,0,0
0xd8e32319f8d69ee5287f82f22352a26f3ab320d4,usdt,212,8.73585264513505,6.876218507628806,0.0424528301886792,2.934511485351897e-05,0.0017607068912111,0.0422569653890673,2044633.3333333333,False,False,False,0.0,0,0,0,0,0
0x8f79951abeff396628e4de1781b6e54de4907631,usdt,188,6.579740614455408,7.314029099993851,0.0957446808510638,6.616031968666472e-05,0.0039696191811998,0.0952708603487972,906888.0,False,False,False,0.0,0,0,0,0,0
0x1de5c470787f714fac98f7666ffdb91f30006bac,usdt,515,7.34037835688784,3.91855766793802,0.0368932038834951,2.5585676330421504e-05,0.0015351405798252,0.0368433739158069,2345062.1052631577,False,False,False,0.0,0,0,0,0,0
0xb7c1bfe371a0723c66cc76e1589ff79d288c6408,usdt,413,9.92180184815913,0.0,0.2687651331719128,0.0001865519881736,0.0111931192904167,0.2686348629700018,321626.1621621622,False,False,False,0.0,0,0,0,0,0
0x85aac03ea2de09859f658aa7f9e975ef2c42fdf5,usdt,457,7.601241755474707,7.2103726628372575,0.649890590809628,0.0004510894493671,0.0270653669620264,0.6495688070886353,133011.31313131313,False,False,False,0.0,0,0,0,0,0
0x43fe5b2079036116adc0b5f0aaec1cebc1a1fa08,usdt,1245,9.41747594894966,7.263767179756324,0.0738955823293172,5.129997434164871e-05,0.0030779984604989,0.0738719630519741,1169591.2282608696,False,False,False,0.0,0,0,0,0,0
0xb936b8978050f390135d477918c85796f4422c60,usdt,1892,5.838802309833638,4.866763237762893,0.0190274841437632,1.3211284308397982e-05,0.0007926770585038,0.019024249404093,4541572.083333333,False,False,False,0.0,0,0,0,0,0
0x8a0ffc8ea43b386ba6626f3380a411bc8f38ae94,usdt,332,6.006123970778404,5.017279836814924,0.0301204819277108,2.089945398086529e-05,0.0012539672388519,0.030095213732446,2870888.4,False,False,False,0.0,0,0,0,0,0
0x7fcfae38acbbb7587b39adf85175743fa7ed3630,usdt,1726,8.898161545289197,8.700034005372855,0.0758980301274623,5.269352188657611e-05,0.0031616113131945,0.0758786715166695,1138659.8931297709,False,False,False,0.0,0,0,0,0,0
0xff3191021525036d260ecc8466d07a839dd8cc3e,usdt,464,8.0972081372485,0.0791900365605153,0.0366379310344827,2.539735658336832e-05,0.001523841395002,0.0365721934800503,2362450.588235294,False,False,False,0.0,0,0,0,0,0
0x3b0df221b9642a9cf05837b24ddb752c1f7ef8b3,usdt,511,13.882152152089311,11.502885230075814,1.542074363992172,0.0010690329376102,0.0641419762566156,1.5394074301587757,56125.492385786805,False,False,False,0.0,0,0,0,0,0
0xd393d14d3500181781afdc10c56bf2e94253e322,usdt,235,6.791845840795332,0.000136990616357,1.2851063829787237,0.0008909800367367,0.053458802204202,1.2830112529008482,67341.5761589404,False,False,False,0.0,0,0,0,0,0
0xf435debac7d16d5e23990d921e81427b213ea0b4,usdt,181,6.7836363934015615,7.092990864201478,0.0386740331491712,2.677212333534762e-05,0.0016063274001208,0.0385518576029005,2241137.1428571427,False,False,False,0.0,0,0,0,0,0
0xa1fd229cf01bfbad6d631753eab9de429022ecc5,usdt,665,6.956161042612481,0.0,0.0195488721804511,1.3559709555193549e-05,0.0008135825733116,0.0195259817594787,4424873.538461538,False,False,False,0.0,0,0,0,0,0
0x0000000000085d4780b73119b644ae5ecd22b376,usdt,1992,7.408371834297274,9.99995000033333e-06,0.0040160642570281,2.788596434579609e-06,0.0001673157860747,0.0040155788657946,21516200.5,False,False,False,0.0,0,0,0,0,0
0x2c909e76fb47af54c94294d9c25613fa564e3b01,usdt,278,5.781450398607841,5.14166355650266,0.1151079136690647,7.985633844713362e-05,0.004791380306828,0.1149931273638724,751349.25,False,False,False,0.0,0,0,0,0,0
0x0e0905fef863663d807f873aa67963788b03313e,usdt,1290,6.843364766090805,5.62134784110743,0.0302325581395348,2.0990908675983904e-05,0.001259454520559,0.0302269084934168,2858380.3076923075,False,False,False,0.0,0,0,0,0,0
0x09437d2d45ddfeea802b20416f4ae9df2e334d05,usdt,442,7.893760538207001,8.4360231976611,0.3891402714932127,0.0002696429394466,0.0161785763667996,0.3882858328031923,222516.48837209304,False,False,False,0.0,0,0,0,0,0
0xc9c79315d51222f1d8e6683c8b6caf079ba99ae3,usdt,136,6.496698291920342,0.000499875041651,2.9044117647058822,0.0020108924187828,0.1206535451269713,2.8956850830473115,29837.49873417721,False,False,False,0.0,0,0,0,0,0
0x3d8648ddcf10f0dede9ac8d49857abd564cd56f8,usdt,1200,7.515621898734667,8.893940959399622,0.0983333333333333,6.828515405810713e-05,0.0040971092434864,0.0983306218436742,878668.2966101695,False,False,False,0.0,0,0,0,0,0
0x495f9687a96c88dd9edb30eefd77415a4659a8ea,usdt,415,6.182068212362406,5.720745489097928,0.0192771084337349,1.338487402156571e-05,0.0008030924412939,0.0192742185910546,4482672.0,False,False,False,0.0,0,0,0,0,0
0xd601a0dacbbea12b48e11eb19699bd27aa424424,usdt,191,3.748245708046916,0.0001509886006475,0.8481675392670157,0.00058652597767,0.0351915586602008,0.8445974078448212,102297.25925925926,False,False,False,0.0,0,0,0,0,0
0x0c1633e0ba164a9def56d86d7c46afcbe4d28a77,usdt,396,5.654738063668786,5.916202062607435,0.1767676767676767,0.0001227045198034,0.0073622711882074,0.1766945085169791,488979.54285714286,False,False,False,0.0,0,0,0,0,0
0x4cddf44d483df675c1db3864d00a827cd390896b,usdt,140,9.358846580275406,9.952325334619427,0.0357142857142857,2.462869168695455e-05,0.0014777215012172,0.0354653160292145,2436183.0,False,False,False,0.0,0,0,0,0,0
0x52bd9009bacd679f210178b9430dfa0b84317978,usdt,854,10.43403841266252,0.0,0.2248243559718969,0.0001560984049222,0.0093659042953362,0.2247817030880695,384372.921875,False,False,False,0.0,0,0,0,0,0
0x5cdc3f4064e18e736edf50d116cac65131603f9c,usdt,148,8.178961205464013,8.294287111903367,0.1081081081081081,7.483916595491502e-05,0.0044903499572949,0.1077683989750776,801719.25,False,False,False,0.0,0,0,0,0,0
0x365b469b8b7b2ef372fc1c80fa9c0e6a0145a78a,usdt,503,8.271651004364907,4.801544168330493,0.0198807157057654,1.3779520325711116e-05,0.0008267712195426,0.019842509269024,4354288.0,False,False,False,0.0,0,0,0,0,0
0x886ac639f1a78c2d8f36fc21131a404a18344944,usdt,254,10.10235332936674,8.006700845440367,0.6889763779527559,0.0004778057847809,0.028668347086859,0.6880403300846181,125574.03428571428,False,False,False,0.0,0,0,0,0,0
0x8766b14d1806e9843ad210e098b34be11303d5f1,usdt,479,9.865787933584272,11.305995451964057,0.0334029227557411,2.3173118255898427e-05,0.0013903870953539,0.0333692902884937,2589207.0,False,False,False,0.0,0,0,0,0,0
0x03480c256988a9937f5dc0533d6cd3f2ce4a7909,usdt,1033,9.860062065357686,8.816703941503024,0.1403678606001936,9.743704290267236e-05,0.0058462225741603,0.1403093417798482,615782.2344827587,False,False,False,0.0,0,0,0,0,0
0x91462e5cede833aade97b4d422e8e08a368fbdad,usdt,1094,8.340410985888163,7.671202476342239,0.3263254113345521,0.0002265336518595,0.0135920191115718,0.3262084586777237,264861.3109243697,False,False,False,0.0,0,0,0,0,0
0xa417e22144a48d5f54dacf6e90859bb9e6c90ad7,usdt,436,8.23561509520604,0.0001999800026662,0.9151376146788992,0.0006351179138589,0.0381070748315345,0.91456979595683,94470.64661654136,False,False,False,0.0,0,0,0,0,0
0xbd1897a4f3b1a758a0b5b30e7694aeb6d821ff45,usdt,220,7.31007027134816,7.864223555715466,0.1227272727272727,8.489775794454354e-05,0.0050938654766726,0.1222527714401426,706732.4444444445,False,False,False,0.0,0,0,0,0,0
0x75cae9d58c48b900051a9d1bb31b5f68a27dc202,usdt,174,7.755484154897372,7.904316384919562,1.7528735632183907,0.0012157332625417,0.072943995752507,1.750655898060168,49352.931147540985,False,False,False,0.0,0,0,0,0,0
0x58fe3449b6fabdd1a16263c5529ead1510c288d7,usdt,515,6.793384600108346,4.21421863975542,0.1592233009708737,0.0001103955445435,0.0066237326726115,0.1589695841426762,543500.1951219512,False,False,False,0.0,0,0,0,0,0
0xc4f9fec26be6698b8ae4acbf2bd8bd3cb6c7d8d6,usdt,148,8.785702600210072,6.749540359811679,0.0472972972972973,3.2642420239606247e-05,0.0019585452143763,0.0470050851450329,1838099.0,False,False,False,0.0,0,0,0,0,0
0x1c31e146ca6525dcb100f7faf280cbdac6e19ed2,usdt,1850,8.857515609140007,8.438503163042741,0.0097297297297297,6.754109242276183e-06,0.0004052465545365,0.0097259173088777,8883480.833333334,False,False,False,0.0,0,0,0,0,0
0x926b01e554b8168c20ac5f8ac891242345411644,usdt,963,5.159415659564295,4.516338972281476,0.2232606438213915,0.000154994834707,0.0092996900824212,0.2231925619781089,387109.67441860464,False,False,False,0.0,0,0,0,0,0
0x410755c6128e792fd003a5071f6787dbe08f2c9b,usdt,164,4.907856834652921,3.9318256327243257,1.1219512195121952,0.0007787964209225,0.0467277852553521,1.1214668461284507,77041.95652173914,False,False,False,0.0,0,0,0,0,0
0x87fc1313880d579039ac48db8b25428ed5f33c4a,usdt,2078,7.894519775785738,5.303304908059076,0.107795957651588,7.485788739712826e-05,0.0044914732438276,0.1077953578518647,801518.7455357143,False,False,False,0.0,0,0,0,0,0
0xb0a8ad238ac4cd4fff78080e77933ccefbf785e4,usdt,601,6.75172294478648,8.517393171418904,0.1281198003327787,8.889225473703362e-05,0.005333535284222,0.1280048468213284,674974.4415584416,False,False,False,0.0,0,0,0,0,0
0x0f924c28480ff77ad01ddb9dfcd2d558dee56f05,usdt,1791,7.232995543219864,9.999500033330834e-05,0.1412618648799553,9.807442939515226e-05,0.0058844657637091,0.1412271783290192,611780.2608695652,False,False,False,0.0,0,0,0,0,0
0x7907f6e034d1935da858ee2081242941c1b7d55f,usdt,367,5.451884031586138,0.4006247457657401,0.0136239782016348,9.455581648758426e-06,0.0005673348989255,0.0136160375742121,6345458.4,False,False,False,0.0,0,0,0,0,0
0x680dd69ef0154978f785c15e9139437eac255dfa,usdt,230,13.848689054582206,14.077875207815538,0.7217391304347827,0.0005003104335822,0.0300186260149369,0.7204470243584875,119925.5421686747,False,False,False,0.0,0,0,0,0,0
0x251384107fcaa63b45e15b08804af40db90a922e,usdt,635,8.364468435908845,5.0626512656231,0.3291338582677165,0.0002282195555112,0.0136931733306776,0.3286361599362645,262904.7272727273,False,False,False,0.0,0,0,0,0,0
0x23ac863fcb1f40460a445f7a83b9ecb42bdfbf81,usdt,251,5.324810201667471,0.0001429897764746,0.1912350597609561,0.00013271422149,0.0079628532894049,0.1911084789457182,452099.25,False,False,False,0.0,0,0,0,0,0
0x18a488f68c0d17b9f17615c4eca7e70fd4bc7fed,usdt,313,7.119336963969144,2.714694743820879,0.0575079872204472,3.9917185146549294e-05,0.0023950311087929,0.0574807466110309,1503112.0,False,False,False,0.0,0,0,0,0,0
0x3738c4dbe9c9d859e3dd7658339c5e081cbae231,usdt,497,7.353596463323774,2.608046497259473,0.090543259557344,6.28230325431685e-05,0.0037693819525901,0.0904651668621626,955063.7333333332,False,False,False,0.0,0,0,0,0,0
0xc06f25517e906b7f9b4dec3c7889503bb00b3370,usdt,402,15.58673725674432,0.0,0.7064676616915423,0.0004899494799979,0.0293969687998791,0.7055272511970984,122461.6056338028,False,False,False,0.0,0,0,0,0,0
0x7d48c0cb80161dacedebaffb7b994185209e40e8,usdt,865,9.651270000518863,0.0012771840531127,0.0855491329479768,5.937463743359068e-05,0.0035624782460154,0.0854994779043705,1010532.4864864864,False,False,False,0.0,0,0,0,0,0
0xd448777940dfabf65fd259fa8a9903e60e1ff178,usdt,163,4.62244290006461,4.623227880008604,0.0613496932515337,4.240461294341444e-05,0.0025442767766048,0.0610626426385167,1414940.4,False,False,False,0.0,0,0,0,0,0
0x21d8b5dde541aa3a966bbf21e4dd77c1c5a6df04,usdt,946,9.421730496869795,0.0009995003330835,0.0359408033826638,2.4946907111805583e-05,0.0014968144267083,0.035923546241,2405107.7647058824,False,False,False,0.0,0,0,0,0,0
0xe0c7c1eebc7f326f3493fde47ded1ba63257b19a,usdt,1819,8.331511535326072,0.0,0.0593732820230896,4.122499723003645e-05,0.0024734998338021,0.0593639960112524,1455427.6296296297,False,False,False,0.0,0,0,0,0,0
0x6a91c91eaf20a896efe44b96382ee2ed49a6b1c4,usdt,844,8.168289830911455,0.0,0.5971563981042654,0.0004146349690298,0.0248780981417936,0.5970743554030474,144705.59523809524,False,False,False,0.0,0,0,0,0,0
0xa149e000b6899510afda6d117fd9a532935669d7,usdt,485,9.339115165473295,10.12667110305036,0.0865979381443299,6.00224312400177e-05,0.003601345874401,0.0864323009856254,999626.2857142856,False,False,False,0.0,0,0,0,0,0
0xe1d2ac28fc0e7425afbcc1dc6ff202a14c27e4e5,usdt,460,4.567235581442468,4.526235197899949,0.0304347826086956,2.109168767549414e-05,0.0012655012605296,0.0303720302527115,2844722.571428572,False,False,False,0.0,0,0,0,0,0
0x30e9c6fabeb2c9df356f32859e443ad8b08c4dff,usdt,1342,7.08006069462414,7.496097345175956,0.0648286140089418,4.501658667181845e-05,0.0027009952003091,0.0648238848074185,1332842.0574712644,False,False,False,0.0,0,0,0,0,0
0x06a0c201bc58bed000db8a449d4121320ca0e2ca,usdt,121,11.105133547594734,0.0,0.1900826446280991,0.0001311925747284,0.0078715544837058,0.1889173076089411,457342.9565217392,False,False,False,0.0,0,0,0,0,0
0x1126033000fd076dddd838b4e9fcc39bd79444ab,usdt,836,7.11066678867103,0.0002239749157458,0.0502392344497607,3.4850878897676656e-05,0.0020910527338605,0.0501852656126543,1721620.857142857,False,False,False,0.0,0,0,0,0,0
0xe3e09f35cd91543a20728a25b259b2d826a48122,usdt,1831,6.9841994115440444,0.0,0.0333151283451665,2.3134448794704063e-05,0.0013880669276822,0.0333136062643738,2593534.885245901,False,False,False,0.0,0,0,0,0,0
0xad9fcc01c59a6aa02953a196e4632ed8c357e3f8,usdt,182,7.86368162408048,0.0009995003330835,0.0274725274725274,1.9035668273784688e-05,0.001142140096427,0.0274113623142499,3151977.6,False,False,False,0.0,0,0,0,0,0
0x927604938506262511f0ee13abfdb1439209e9c8,usdt,415,7.146340268869854,7.027906615554244,0.9397590361445785,0.0006516292904358,0.0390977574261511,0.9383461782276284,92076.89230769232,False,False,False,0.0,0,0,0,0,0
0xac2cb057cd527a7ea0ff8330501806ff4e23f77a,usdt,1212,6.754441045402826,8.482270354889433,0.0132013201320132,9.16407590604073e-06,0.0005498445543624,0.0131962693046986,6547305.0,False,False,False,0.0,0,0,0,0,0
0x739175edcd10d73c09ca17056c1fae8dc7b8f6ad,usdt,577,5.9309099329972,3.259181257193175,0.0415944540727903,2.886649223286888e-05,0.0017319895339721,0.0415677488153311,2078534.5,False,False,False,0.0,0,0,0,0,0
0x961a29e955c8d469f53099485c58dcb25b20f5ce,usdt,264,6.7727472423696,0.0001489889006025,0.2386363636363636,0.0001656174929928,0.0099370495795681,0.2384891899096359,362280.5714285714,False,False,False,0.0,0,0,0,0,0
0x4c6d27edc86bdd71be0436b7e013be18a16a83e9,usdt,398,10.563783617252204,9.200391041122517,0.1331658291457286,9.241721945532432e-05,0.0055450331673194,0.133080796015667,649229.6603773584,False,False,False,0.0,0,0,0,0,0
0xe459ae0dc31194fa0fd626020a25d9a1cef0047d,usdt,1684,5.637461936446723,3.3214684414251345,0.1549881235154394,0.0001075980071667,0.0064558804300036,0.1549411303200884,557631.1455938697,False,False,False,0.0,0,0,0,0,0
0x084494a6747076ad08aece738cd7fceb348adb69,usdt,490,7.855734409915409,7.108362706351995,0.010204081632653,7.0773732414142965e-06,0.0004246423944848,0.0101914174676365,8477721.6,False,False,False,0.0,0,0,0,0,0
0xa5bdf93b240ad4ad12e1120592a6edba9a6670f8,usdt,258,7.030619716642259,7.876852373957827,0.1705426356589147,0.000118045889803,0.0070827533881853,0.1699860813164477,508276.9090909091,False,False,False,0.0,0,0,0,0,0
0x7562e37f4458f84fbffa3f1bffc4f0e8118f4cec,usdt,1605,8.248032217741212,7.167268440608146,0.0971962616822429,6.746475744862818e-05,0.0040478854469176,0.0971492507260245,889353.2307692308,False,False,False,0.0,0,0,0,0,0
0x9d15411e3f42c23326a46b269ec2da8dee03866b,usdt,428,6.733819296378629,6.313548046277095,0.0210280373831775,1.4578085897321682e-05,0.0008746851538393,0.0209924436921432,4115766.6666666665,False,False,False,0.0,0,0,0,0,0
0xeb41033d6b6e7dd8720589fd86d095bb70a31b1f,usdt,187,6.189035098904953,5.817993336207483,0.7967914438502673,0.000550886372476,0.0330531823485654,0.7932763763655697,108915.38255033558,False,False,False,0.0,0,0,0,0,0
0x70c565622b8888b3e97952831f2cd8b190ef7e04,usdt,945,7.282146825292884,7.170888478512505,0.0497354497354497,3.453746616981705e-05,0.002072247970189,0.0497339512845365,1737243.829787234,False,False,False,0.0,0,0,0,0,0
0x1b7b41e485fc9d49fef7d92d26172848e73d022f,usdt,213,10.50891715969026,0.0016676087672631,0.4272300469483568,0.0002954288393087,0.0177257303585272,0.4254175286046538,203094.5934065934,False,False,False,0.0,0,0,0,0,0
0x146c92481e95c838868aca795d353e202c12872f,usdt,722,12.564949146021863,0.0,0.0457063711911357,3.171580790830787e-05,0.0019029484744984,0.0456707633879633,1891801.0909090908,False,False,False,0.0,0,0,0,0,0
0x259f35530902c36f15fbbbe05815da0ed93aceb5,usdt,221,11.21496125726282,9.26707272284197,0.0542986425339366,3.764335058444438e-05,0.0022586010350666,0.0542064248415999,1593907.0,False,False,False,0.0,0,0,0,0,0
0xaa9697c8c2e144ccd06564ffbf6ef437cbb6fe6a,usdt,630,8.741077959161665,7.438383530044307,0.0333333333333333,2.3129230721786194e-05,0.0013877538433071,0.0333060922393721,2594120.0,False,False,False,0.0,0,0,0,0,0
0x02a04de58e7771da67e6b788b84e341610586801,usdt,162,6.2024290115163945,6.5999026388324085,0.0308641975308641,2.1359488739277537e-05,0.0012815693243566,0.0307576637845596,2809056.0,False,False,False,0.0,0,0,0,0,0
0x5d3473395ffe6cffcd56cf4c8a32985ec161f5fe,usdt,1243,7.863803435338893,4.715728179327772,0.0080450522928399,5.585603516547025e-06,0.0003351362109928,0.0080432690638277,10741901.0,False,False,False,0.0,0,0,0,0,0
0xa3769333ecfb0c97704e05314fbc028ca13b674e,usdt,1312,8.287985163782311,5.617322454732235,0.0137195121951219,9.520312613921447e-06,0.0005712187568352,0.0137092501640468,6302314.055555556,False,False,False,0.0,0,0,0,0,0
0x63e11d1b4d9c8267d72887a18a6bcbf85efcf9be,usdt,274,6.946250317358695,7.161622750805471,0.145985401459854,0.000101218775273,0.0060731265163837,0.1457550363932106,592775.4,False,False,False,0.0,0,0,0,0,0
0xf929be0ffb646ba1bc57b2eb1af57852d607d957,usdt,1351,8.15138590082117,8.699681400989514,0.1820873427091043,0.0001263864577287,0.0075831874637238,0.1819964991293719,474734.406504065,False,False,False,0.0,0,0,0,0,0
0x62c303b2b026d6d85e00f8d55a2f389009016a57,usdt,212,10.763710163502571,0.0,0.2594339622641509,0.0001800147022916,0.0108008821375011,0.2592211713000269,333306.10909090907,False,False,False,0.0,0,0,0,0,0
0x86633cfa735a4f39fbede993b098920d6e051335,usdt,196,5.628760773384273,5.294359830823866,2.2346938775510203,0.0015513419816516,0.0930805188990997,2.2339324535783933,38676.19178082192,False,False,False,0.0,0,0,0,0,0
0x43d7745e252a2a6ebaeb709cdfba69dd5e0a2395,usdt,807,9.114816671928033,9.210440366976515,0.0123915737298636,8.596491273314866e-06,0.0005157894763988,0.0123789474335734,6979591.8,False,False,False,0.0,0,0,0,0,0
0xeaaf2ebe20bf80f0496d4f0830c5c91835f47152,usdt,761,8.259069301399984,8.00603417874901,0.0105124835742444,7.298340466852944e-06,0.0004379004280111,0.0105096102722682,8221047.0,False,False,False,0.0,0,0,0,0,0
0x428679df19a9f318e487f538f5d49292f71b2f59,usdt,172,6.703151716259482,0.0,5.77906976744186,0.004006759088168,0.2404055452900829,5.76973308696199,14974.696177062377,False,False,False,0.0,0,0,0,0,0
0x68c923a203376b139e10ce06583c1cefb2580b2d,usdt,189,6.0878053411015545,0.0,0.1957671957671957,0.0001353065168006,0.0081183910080408,0.1948413841929807,443437.6216216216,False,False,False,0.0,0,0,0,0,0
0xf746c79ca9ba3570044fc29aba46bdcfc0817a09,usdt,815,13.316035928883194,14.913619840440978,0.0503067484662576,3.493500980480873e-05,0.0020961005882885,0.0503064141189245,1717474.8292682928,False,False,False,0.0,0,0,0,0,0
0x82a0744ed833cca619358b15388ea7591d63f193,usdt,191,6.402110945784154,3.9573787071489432,0.0994764397905759,6.874816822314932e-05,0.0041248900933889,0.098997362241335,872750.5263157894,False,False,False,0.0,0,0,0,0,0
0x5a16552f59ea34e44ec81e58b3817833e9fd5436,usdt,1159,11.407171922487477,11.514278982222336,0.0215703192407247,1.4974639399951425e-05,0.000898478363997,0.02156348073593,4006774.28,False,False,False,0.0,0,0,0,0,0
0xe0c769e16f015f8fb20af6cc6f749cc24fa47e57,usdt,209,7.378385051534233,7.131698510466912,0.0669856459330143,4.646164690608575e-05,0.0027876988143651,0.0669047715447634,1291387.7142857143,False,False,False,0.0,0,0,0,0,0
0x2ff895e051f7a1c29c2d3bdab35c4960e3e1ec72,usdt,425,4.320139847912285,4.069738125085185,0.0188235294117647,1.3050783862705754e-05,0.0007830470317623,0.0187931287622962,4597425.0,False,False,False,0.0,0,0,0,0,0
0x77da40f8c4c349e57178b21622dd08f752925efa,usdt,278,7.642515366808377,8.70603828079286,0.7302158273381295,0.0005058683217282,0.0303520993036959,0.7284503832887024,118607.9408866995,False,False,False,0.0,0,0,0,0,0
0x583d0e9ef3acaed2a2fbd07c7337056b5f34f846,usdt,126,5.074452967985866,0.0012941622107134,0.1428571428571428,9.909395097491932e-05,0.0059456370584951,0.1426952894038838,605486.0,False,False,False,0.0,0,0,0,0,0
0x28ec4b9785c3d7e4db5017d3cd09224136f7ff34,usdt,660,8.267519113225193,0.0,0.0136363636363636,9.464540799935276e-06,0.0005678724479961,0.0136289387519068,6339451.777777778,False,False,False,0.0,0,0,0,0,0
0x59bf233bcdce5e0d008a00f9c65b0201e721441b,usdt,1157,7.2444300158130845,8.281723990411392,0.0293863439930855,2.039152446677064e-05,0.0012234914680062,0.0293637952321497,2942398.9411764704,False,False,False,0.0,0,0,0,0,0
0xce67cb7f996070c92cd18903f5e8922ea6dc802d,usdt,572,8.780483432112305,7.393140010266175,0.0716783216783216,4.976782701771516e-05,0.0029860696210629,0.0716656709055098,1205598.146341463,False,False,False,0.0,0,0,0,0,0
0x0013333337691d6fee1c9d0e862237c33e34b278,usdt,1389,7.905595340420255,0.0,0.115190784737221,7.994017011201583e-05,0.0047964102067209,0.1151138449613028,750561.325,False,False,False,0.0,0,0,0,0,0
0x84a78d5596954a113fb66262ad2272223082f20c,usdt,1516,7.202250658056853,5.958406654107392,0.0059366754617414,4.122611819642604e-06,0.0002473567091785,0.0059365610202853,14553880.555555556,False,False,False,0.0,0,0,0,0,0
0xd3b1f97283b11a7258f21c97836c96a209385848,usdt,163,4.001718634919763,0.0872514315075716,0.3006134969325153,0.0002077544122373,0.0124652647342397,0.299166353621753,288802.5306122449,False,False,False,0.0,0,0,0,0,0
0x67408beb9e349f51e3d9e4bf226bcc2aa769a5cd,usdt,136,6.954195075581388,5.068904202220232,1.9338235294117647,0.0013343439847468,0.0800606390848125,1.9214553380355008,44965.916349809886,False,False,False,0.0,0,0,0,0,0
0x32d2e7868697a9e055369db0a74d934e5bc666d0,usdt,182,6.183748953241104,4.176692303570854,0.1593406593406593,0.0001102786551479,0.0066167193088798,0.1588012634131167,544076.275862069,False,False,False,0.0,0,0,0,0,0
0x6f3a23b94f3c0e9d338695f4e87fffc15b348e3d,usdt,196,4.680767176860143,5.408159153792863,1.6887755102040816,0.0011672092485288,0.0700325549117293,1.6807813178815048,51404.664652567975,False,False,False,0.0,0,0,0,0,0
0x0ef41283388eaadcc4d5b889eef32eea675b051f,usdt,204,6.231655740110508,0.0,2.2549019607843137,0.0015619132214596,0.093714793287576,2.2491550389018253,38414.42608695652,False,False,False,0.0,0,0,0,0,0
0xad75afa790ff714be573834f36dc7c3cb12ac11c,usdt,775,6.283947694060044,4.77277953031223,0.1625806451612903,0.0001127696806362,0.0067661808381758,0.1623883401162207,532057.9047619047,False,False,False,0.0,0,0,0,0,0
0xa4007e5deed110fac652323e607c5b8f7f88e5f6,usdt,962,8.918904343038395,9.392508217790544,0.0457380457380457,3.1760881371195205e-05,0.0019056528822717,0.0457356691745211,1889116.3409090908,False,False,False,0.0,0,0,0,0,0
0xd933fd64874adfffcb477ec0ccba981d1b4c9e38,usdt,959,12.24564981476563,9.99995000033333e-06,0.0166840458811261,1.1577506121244566e-05,0.0006946503672746,0.0166716088145921,5182463.25,False,False,False,0.0,0,0,0,0,0
0x4c4e3df5702744c1f9b669535602ca09a74152d3,usdt,162,7.27463818236712,7.689544056417563,0.2345679012345679,0.0001627276581348,0.009763659488093,0.2343278277142331,368714.2105263158,False,False,False,0.0,0,0,0,0,0
0xa1207884bf354d60530aa3c43e2f6122aaa6899f,usdt,660,9.765221368571408,5.409125019579079,0.0196969696969696,1.366289066408375e-05,0.000819773439845,0.0196745625562806,4391457.230769231,False,False,False,0.0,0,0,0,0,0
0x83c2c243268eee7a2a3da223471ff82f81e633fd,usdt,225,7.330482396283693,6.925062649634784,0.0622222222222222,4.314156905886667e-05,0.002588494143532,0.062123859444768,1390770.0,False,False,False,0.0,0,0,0,0,0
0xd3f118958bbf5ed4fc5f5603608a5f11a648de27,usdt,450,6.657239640583629,0.0003499387642879,0.2955555555555555,0.0002052335480621,0.0123140128837288,0.2955363092094928,292349.8646616541,False,False,False,0.0,0,0,0,0,0
0xe9a15602fcd147b5ead6f25dc0d93ec7ee7f6806,usdt,1621,9.239830208441584,0.0009995003330835,0.1548426896977174,0.0001075081815082,0.0064504908904948,0.154811781371876,558097.0597609562,False,False,False,0.0,0,0,0,0,0
0x683aa9a7db37461908acab7189ab7b4d0cf40147,usdt,911,10.04258818538129,0.0003499387642879,0.9780461031833152,0.0006784706859544,0.0407082411572653,0.9769977877743696,88434.18181818182,False,False,False,0.0,0,0,0,0,0
0xd274985de6e7ea6c6cc229cd6e50d5019258ffee,usdt,742,4.896964349691956,5.662162178939431,0.0202156334231805,1.4019789587259265e-05,0.0008411873752355,0.0201884970056533,4279664.8,False,False,False,0.0,0,0,0,0,0
0x5abf14ddcb863e2709201aaf932f826a181cd2e7,usdt,353,7.232676787769264,3.930175055584769,0.0226628895184136,1.5733259369532897e-05,0.0009439955621719,0.0226558934921273,3813577.25,False,False,False,0.0,0,0,0,0,0
0x14596ebeeb1cf33b37cd2962b27aa3d7dd14e047,usdt,817,4.782413528785382,4.6150177392826,0.0195838433292533,1.3584845425685377e-05,0.0008150907255411,0.0195621774129869,4416686.25,False,False,False,0.0,0,0,0,0,0
0x7237284fc56bb29792ebf160b80af4c907189cad,usdt,231,7.772738121414866,5.230239549485343,0.4978354978354978,0.0003451521430646,0.0207091285838797,0.4970190860131146,173836.38260869565,False,False,False,0.0,0,0,0,0,0
0x39245d4cef276e857ef2633f73707189052f00af,usdt,614,6.604467156473145,0.0,0.0732899022801303,5.087689148976583e-05,0.0030526134893859,0.0732627237452628,1179317.3333333333,False,False,False,0.0,0,0,0,0,0
0xf969707b3a142c61a1e93bf8d7005bc1cbce04a6,usdt,443,7.379129522881326,5.983936280687191,0.0158013544018058,1.0963552140774516e-05,0.0006578131284464,0.0157875150827153,5472678.857142857,False,False,False,0.0,0,0,0,0,0
0xbaef97ee7d4745d1be9e1e74d19a88a3c4d7c765,usdt,179,5.712940495014619,6.227470107016671,1.2122905027932962,0.0008392707549337,0.0503562452960227,1.2085498871045468,71490.63594470047,False,False,False,0.0,0,0,0,0,0
0xa65de1354d9ca3023ef8660447dec2b7de54e3c0,usdt,507,13.083450490949946,0.0,0.0433925049309664,3.009752281426432e-05,0.0018058513688558,0.0433404328525406,1993519.5454545447,False,False,False,0.0,0,0,0,0,0
0xbf8b821bf15a507b49e64f27f226814117dc7f97,usdt,186,5.393601736928392,0.0,3.623655913978496,0.0025110257875642,0.1506615472538542,3.615877134092503,23894.61721068249,False,False,False,0.0,0,0,0,0,0
0x9d9f66b3033615e73ad6fa6ac4322508eaa16e0d,usdt,1156,6.810666143173468,6.273586566070012,0.143598615916955,9.970631085688804e-05,0.0059823786514132,0.1435770876339187,601767.3253012048,False,False,False,0.0,0,0,0,0,0
0x96bd085afa116f195ded5d01f7dc09cdd1085413,usdt,548,9.568642364193694,0.0,0.1806569343065693,0.0001253772080952,0.0075226324857158,0.1805431796571807,478555.8787878788,False,False,False,0.0,0,0,0,0,0
0xfc286a86f4d68710d54b7c0bed2cd9964dddd13d,usdt,756,7.040496440206056,6.03380280671711,0.0066137566137566,4.591918709814111e-06,0.0002755151225888,0.0066123629421323,13066433.4,False,False,False,0.0,0,0,0,0,0
0x4a926e64c22ce2df4be0045cb526939189eb7495,usdt,1250,7.424359268788435,6.52113265502727,0.0048,3.3321245126073707e-06,0.0001999274707564,0.0047982592981546,18006530.0,False,False,False,0.0,0,0,0,0,0
0xfd3f8788d346961b8652ca4f28ad997fa83af6b5,usdt,137,9.2463053427743,8.871894196178289,3.824817518248176,0.0026461652823114,0.1587699169386897,3.8104780065285535,22674.320610687024,False,False,False,0.0,0,0,0,0,0
0x96053af3b7de5fd10957374fbccef519045f371a,usdt,192,4.01067341861831,6.937795887466508,0.1979166666666666,0.0001367650319166,0.0082059019149983,0.1969416459599609,438708.63157894736,False,False,False,0.0,0,0,0,0,0
0xfba0014d3a9dbe8a0cda6affd3da7b541a1ec32f,usdt,999,6.891586099512375,1.9902280144635645,0.048048048048048,3.335351684345652e-05,0.0020012110106073,0.0480290642545773,1798910.75,False,False,False,0.0,0,0,0,0,0
0x8c96cb362bb43d6e4560e1237484fb06d6ae0cf7,usdt,1023,5.90994066804148,4.615011748549966,0.0156402737047898,1.0850826410242348e-05,0.0006510495846145,0.0156251900307489,5529532.75,False,False,False,0.0,0,0,0,0,0
0x00b8df76c223eb4b05123389330b4afd157152b8,usdt,381,15.042359607504052,15.179937822065783,0.0971128608923884,6.738976491535844e-05,0.0040433858949215,0.0970412614781161,890342.9189189189,False,False,False,0.0,0,0,0,0,0
0x6c7fa423bf314f0ac9fe74afd50e82a5d41fd455,usdt,919,8.43846840566862,9.598815387469868,0.0076169749727965,5.284197676047606e-06,0.0003170518605628,0.0076092446535085,11354609.285714284,False,False,False,0.0,0,0,0,0,0
0x6b60247d5f2633655ae90a6e997713f3c88674dc,usdt,688,9.154531166298364,8.5797548562353,0.0305232558139534,2.1172257486913528e-05,0.0012703354492148,0.0304880507811554,2833897.1428571427,False,False,False,0.0,0,0,0,0,0
0xde1443797c6c089a71eed34b3eee1b85b70d3be8,usdt,270,8.634264414505266,8.516892878326775,0.0407407407407407,2.8189761171217948e-05,0.001691385670273,0.0405932560865538,2128432.363636364,False,False,False,0.0,0,0,0,0,0
0xe5c9d04a861a9c3c08879a990d51d81ebcdbc6df,usdt,958,9.674670251275591,0.0001649863889971,0.05741127348643,3.986209743630182e-05,0.0023917258461781,0.0574014203082746,1505189.2363636363,False,False,False,0.0,0,0,0,0,0
0xf37cf8fe1c67e71ebe5e24ee6776d898eec8a411,usdt,735,11.436411387343426,0.0,0.1238095238095238,8.596830924709142e-05,0.0051580985548254,0.1237943653158116,697931.6043956043,False,False,False,0.0,0,0,0,0,0
0x5d464ce10fbf2d707609cc7efdea2deb685d9817,usdt,275,5.636024479681019,0.0,0.0509090909090909,3.5340916147618e-05,0.002120454968857,0.0508909192525699,1697748.857142857,False,False,False,0.0,0,0,0,0,0
0x7fc92dbdf0ecd402dc2d9eb7cf660ba36121b914,usdt,1151,7.889457267424484,0.0,0.2510860121633362,0.00017436236167,0.0104617417002007,0.251081800804818,344110.9619377163,False,False,False,0.0,0,0,0,0,0
0x89aea69aea2e86b7980b733655834bebd0e87f5f,usdt,1084,6.644876447147563,5.872117789475416,0.1715867158671586,0.0001191537012278,0.0071492220736715,0.1715813297681179,503551.2903225807,False,False,False,0.0,0,0,0,0,0
0xea426d7f026fec688845c9aa616ffabe8bfe641a,usdt,187,4.876243028169479,4.176692303570854,0.0909090909090909,6.31301878160223e-05,0.0037878112689613,0.0909074704550721,950416.9411764706,False,False,False,0.0,0,0,0,0,0
0x0f43283f21fa3486425e8be36df94e940bf80ec3,usdt,161,6.915334841387267,3.97066920086088,0.7950310559006211,0.0005489396886825,0.0329363813209547,0.7904731517029138,109301.625,False,False,False,0.0,0,0,0,0,0
0x6f9c77bc83b05e0b9d15704413a73696d1ca7d0d,usdt,490,9.128939723768598,8.825206907239927,0.0183673469387755,1.2743568533354026e-05,0.0007646141120012,0.0183507386880297,4708257.333333333,False,False,False,0.0,0,0,0,0,0
0x6304b83552ba9ee0ac7dedd606f19df9d754980c,usdt,404,7.811549983301121,0.0,2.032178217821782,0.0014112280812729,0.0846736848763791,2.0321684370331,42516.16077953715,False,False,False,0.0,0,0,0,0,0
0x2f1a8e677de37b125eb1ed1f7ef7b116b2df8ee9,usdt,147,10.395548576666965,5.102188936029924,0.0748299319727891,5.18060084765619e-05,0.0031083605085937,0.0746006522062491,1158166.818181818,False,False,False,0.0,0,0,0,0,0
0x1f6996efd7b0c9961d3c35db719a3b37f6ac152c,usdt,192,5.172943105310134,5.14166355650266,1.234375,0.0008563110121596,0.0513786607295769,1.2330878575098476,70068.0,False,False,False,0.0,0,0,0,0,0
0x8888882d12bea57829bb9c4603faa633ef92eb2f,usdt,1112,6.847602936749141,4.943505172327592,0.0197841726618705,1.3734440595610248e-05,0.0008240664357366,0.0197775944576787,4368579.818181818,False,False,False,0.0,0,0,0,0,0
0x3b4e5e2e0b1ed5cf1297624e52ec3fb81eae2915,usdt,1774,8.029572917414976,9.680309652507008,0.0135287485907553,9.390004811986216e-06,0.0005634002887191,0.0135216069292601,6389773.083333333,False,False,False,0.0,0,0,0,0,0
0x9c2f8830cdd7d78185527876c4721dfb0f372f4a,usdt,141,3.512745882189591,4.61512051684126,0.0709219858156028,4.922761866317479e-05,0.0029536571197904,0.0708877708749717,1218828.0,False,False,False,0.0,0,0,0,0,0
0x6713fd343994cc0f410862d4802561fac8269187,usdt,318,7.432805407677662,0.0,1.3238993710691824,0.0009190522366587,0.0551431341995273,1.323435220788656,65284.646080760096,False,False,False,0.0,0,0,0,0,0
0x8d3dde6d27dcab271d09c785baa3a9f43edd3a43,usdt,346,7.622989372927927,8.020435026012033,0.0549132947976878,3.813020703096936e-05,0.0022878124218581,0.0549074981245958,1573555.5789473683,False,False,False,0.0,0,0,0,0,0
0x99bdc5a8b8e948d768a094a2e106de14c085a1b8,usdt,1203,7.354742237134538,0.0001389903403951,0.0207813798836242,1.4421727243545562e-05,0.0008653036346127,0.0207672872307056,4160389.32,False,False,False,0.0,0,0,0,0,0
0x3850e3234f88215921c6e0e07d4af921bbbce758,usdt,403,8.852768200220355,6.35088571671474,0.0446650124069478,3.094139184694325e-05,0.0018564835108165,0.0445556042595982,1939150.0,False,False,False,0.0,0,0,0,0,0
0x8979f2ad349a83d1d3288efb316346121904874a,usdt,949,8.758336534600884,3.759338942925066,0.042149631190727,2.925586964169605e-05,0.0017553521785017,0.0421284522840423,2050870.5,False,False,False,0.0,0,0,0,0,0
0xde64a183ff3abcd5f59a30d3ec6300f2496df6ab,usdt,647,8.83405005738765,1.524708874380897,0.017001545595054,1.1799359402051372e-05,0.000707961564123,0.0169910775389539,5085021.818181818,False,False,False,0.0,0,0,0,0,0
0xfca0b98ca10c08e9657c662d0e0e43afe1eebdcc,usdt,295,8.924062117044674,8.809360840012536,0.1254237288135593,8.693412930535401e-05,0.0052160477583212,0.1251851461997098,690177.7297297297,False,False,False,0.0,0,0,0,0,0
0x4f42344dd49658ba0d0afada4fba7e5af6bde79d,usdt,1580,8.825615312382896,0.0009995003330835,0.1259493670886076,8.741085255223328e-05,0.0052446511531339,0.1258716276752159,686413.6231155779,False,False,False,0.0,0,0,0,0,0
0x5d984056012857a59f097ab8c663157f0b965774,usdt,205,8.091383664725496,7.304518636436362,0.3658536585365853,0.0002535954766682,0.0152157286000921,0.3651774864022105,236597.28,False,False,False,0.0,0,0,0,0,0
0xac89e080b7aff490a6756fa320ebd55417415de8,usdt,162,7.4436777561587535,5.081404364984463,0.0987654320987654,6.82497188964703e-05,0.0040949831337882,0.0982795952109172,879124.5,False,False,False,0.0,0,0,0,0,0
0x649a653390394702e15cb7f3deefa60dc2dab8d8,usdt,296,9.43206886576858,10.271956004899454,0.0439189189189189,3.0412999170894856e-05,0.0018247799502536,0.0437947188060885,1972840.6153846155,False,False,False,0.0,0,0,0,0,0
0x10b26700b0a2d3f5ef12fa250aba818ee3b43bf4,usdt,2297,10.400343161017132,0.009950330853168,0.042228994340444,2.931482475217476e-05,0.0017588894851304,0.0422133476431316,2046745.9896907213,False,False,False,0.0,0,0,0,0,0
0x010f24a7f344eadf124db18793bfe2e064b7c658,usdt,168,5.715947144130218,0.0296840371177765,0.0714285714285714,4.958874401629156e-05,0.0029753246409774,0.0714077913834598,1209952.0,False,False,False,0.0,0,0,0,0,0
0xc24f64aa324897b18acd79f6e84b1d762cbb121f,usdt,827,9.5025060809405,0.0076238643511638,0.437726723095526,0.0003038442168876,0.0182306530132617,0.437535672318281,197469.6132596685,False,False,False,0.0,0,0,0,0,0
0xaa4b551b4d0280575d9d4bd3c0d273284fc37e10,usdt,345,8.142307529466823,6.2166061010848646,1.5884057971014494,0.0011013534588929,0.0660812075335792,1.5859489808059013,54478.42335766424,False,False,False,0.0,0,0,0,0,0
0x84d11682061b87c1dcacf3503f36af95d175475c,usdt,905,11.99258321063885,11.69930591478514,0.1447513812154696,0.0001004112107353,0.006024672644123,0.1445921434589531,597542.8396946564,False,False,False,0.0,0,0,0,0,0
0x644f946fe70a8a4d89d6dd9634b53b8744b0f781,usdt,707,8.785140789565371,5.882874825951564,0.0113154172560113,7.850587616483093e-06,0.0004710352569889,0.0113048461677356,7642740.0,False,False,False,0.0,0,0,0,0,0
0xfe4fe91335777a4d0a0176da9729111cd8246b0b,usdt,408,5.137040436038345,2.930126516455997,1.056372549019608,0.0007335113956356,0.0440106837381374,1.0562564097152989,81798.32018561485,False,False,False,0.0,0,0,0,0,0
0x5344d30353f6eb5a86864a4c0678af0ad020f49b,usdt,1040,7.484812800251798,7.575730078931437,0.1971153846153846,0.0001367905076729,0.0082074304603767,0.196978331049043,438626.9268292683,False,False,False,0.0,0,0,0,0,0
0x74a7245d7a41174c9d90bc6f42b416d01c782f91,usdt,962,8.045842365188024,7.7715664017071395,0.1299376299376299,9.019409769824664e-05,0.0054116458618947,0.1298795006854751,665232.0,False,False,False,0.0,0,0,0,0,0
0xcc8ff6e5d863fb27e3827e1bf8a37fec74ccecc3,usdt,191,9.559565715357062,12.3028982913356,0.5130890052356021,0.0003546032568499,0.0212761954109996,0.5106286898639916,169203.18367346938,False,False,False,0.0,0,0,0,0,0
0xc07474f83dcf6124323fec43a1b7a4269ba8a366,usdt,1099,12.778825570028218,0.0,0.1501364877161055,0.0001041731117202,0.0062503867032177,0.1500092808772259,575964.3636363636,False,False,False,0.0,0,0,0,0,0
0xb0a3a2b60e969afd26561429aa4c1444c57e4411,usdt,541,13.697336079580433,9.999500033330834e-05,0.0979667282809611,6.793180467119596e-05,0.0040759082802717,0.0978217987265221,883238.716981132,False,False,False,0.0,0,0,0,0,0
0xa91bda1d0ac2a953046c2ab4dd0aaa6bf101bcde,usdt,196,9.744347793089148,0.0009015934424582,0.8979591836734694,0.0006227606270916,0.0373656376254986,0.8967753030119676,96345.20454545454,False,False,False,0.0,0,0,0,0,0
0xd43625d0299ed239ea1f27cc739656162a305056,usdt,446,9.98555795833193,0.0,0.0807174887892376,5.6039833113377e-05,0.0033623899868026,0.0806973596832628,1070667.0,False,False,False,0.0,0,0,0,0,0
0x1a11bc142c3b57ef6c628b7968eb4af8a5b179aa,usdt,309,7.99979879911842,9.211130456377289,0.0226537216828478,1.568377213540383e-05,0.0009410263281242,0.0225846318749815,3825610.285714286,False,False,False,0.0,0,0,0,0,0
0x6b6f3265c6b0591d77e9ecef72fa872316fdc3a9,usdt,282,10.44739517849785,8.279535773408547,0.1099290780141844,7.629931581665127e-05,0.004577958948999,0.1098710147759778,786376.6451612903,False,False,False,0.0,0,0,0,0,0
0x898f342a25c4fc06ace66a2f0dfad3cde7e20f6f,usdt,395,8.169248634784939,6.054538087873131,0.0810126582278481,5.625673322775819e-05,0.0033754039936654,0.0810096958479718,1066539.0,False,False,False,0.0,0,0,0,0,0
0xd8308a0820ac9de2009aa06ecf797dcfcf81d17d,usdt,173,5.45265479893595,0.0591647331679715,1.416184971098266,0.0009821079966039,0.0589264797962346,1.4142355151096313,61093.07755102041,False,False,False,0.0,0,0,0,0,0
0x9be50b4e23a8c9f0f0f159fe3e07ff727111dfc8,usdt,279,6.377299709009729,7.44859357440255,0.3799283154121863,0.0002637843498238,0.0158270609894302,0.3798494637463251,227458.5283018868,False,False,False,0.0,0,0,0,0,0
0xb024c97e187892ca5da51ea942f136f72635bf50,usdt,505,4.722395910820088,3.905231837560536,0.0158415841584158,1.0992577536832691e-05,0.0006595546522099,0.015829311653039,5458228.5,False,False,False,0.0,0,0,0,0,0
0xec8cb59865ff76b3bc3a9f29245b05adfc5a63c7,usdt,197,4.868294484633343,4.699480866459333,0.0812182741116751,5.624443267998395e-05,0.003374665960799,0.0809919830591768,1066772.25,False,False,False,0.0,0,0,0,0,0
0xe1798a3f9ed020c5eae25a8a0bfc41e4ae845ebb,usdt,606,7.521115872608496,7.686683690962811,0.0379537953795379,2.634331431880541e-05,0.0015805988591283,0.0379343726190798,2277617.7391304346,False,False,False,0.0,0,0,0,0,0
0x9b05bfadb3567c9240d40202a3cf7086ce7b5ffc,usdt,306,7.003318203207536,4.176692303570854,0.1111111111111111,7.69522909376003e-05,0.004617137456256,0.1108112989501444,779703.8823529412,False,False,False,0.0,0,0,0,0,0
0xf5c12b3a47d57aa676a6cdda28dc1b4429b4345a,usdt,140,6.603975440631846,7.154615356913663,0.0857142857142857,5.9181227714568936e-05,0.0035508736628741,0.0852209679089792,1013835.0,False,False,False,0.0,0,0,0,0,0
0x546b2c73164cad44c0902b2a35c4c6f62dc844d6,usdt,726,8.50675930444065,9.207765411910191,0.1019283746556473,7.073206540689672e-05,0.0042439239244138,0.1018541741859312,848271.5675675676,False,False,False,0.0,0,0,0,0,0
0x134a8cf663a8ca0efbe0d2a24c4915216d5a3a68,usdt,1437,8.726776339286003,5.1898091576531975,0.0278357689631176,1.9329620102572952e-05,0.0011597772061543,0.027834652947705,3104044.45,False,False,False,0.0,0,0,0,0,0
0x2f67217de220a82ff9b11269ee537818a6612e5d,usdt,128,8.074418541335145,0.1087360122537236,0.625,0.0004337952529785,0.0260277151787128,0.6246651642891071,138314.1,False,False,False,0.0,0,0,0,0,0
0xcbd929161cb685fba52785ed85facbae647f446d,usdt,352,7.147412780523163,6.908470174383514,0.0596590909090909,4.1335702197130354e-05,0.0024801421318278,0.0595234111638677,1451529.7142857143,False,False,False,0.0,0,0,0,0,0
0x459b9113d621eb0d725199001d52e905ea8d6182,usdt,673,6.617680905926465,7.753505477787328,0.050520059435364,3.505937511407186e-05,0.0021035625068443,0.0504855001642634,1711382.4705882352,False,False,False,0.0,0,0,0,0,0
0x911950b5384c73851e73da42ec1b6e594751da61,usdt,1214,7.238612787476898,0.0,0.0041186161449752,2.8579615406401848e-06,0.0001714776924384,0.0041154646185218,20993984.4,False,False,False,0.0,0,0,0,0,0
0x9734688b3f985f85dbfeb63508355d4a3369fcc0,usdt,1112,8.763342471634662,8.889251485997342,0.0737410071942446,5.116347776252753e-05,0.0030698086657516,0.0736754079780396,1172711.524390244,False,False,False,0.0,0,0,0,0,0
0x258a56ac5b2819f491a250f2926ba99f0879c864,usdt,200,6.849408379996953,7.22293091574284,0.085,5.889269266397978e-05,0.0035335615598387,0.0848054774361308,1018802.1176470588,False,False,False,0.0,0,0,0,0,0
0xb7c13954c1ebc746b60f5b81ca27359005edd9ca,usdt,1804,9.937639663684164,8.295311118103976,0.0160753880266075,1.1157954498387393e-05,0.0006694772699032,0.0160674544776778,5377329.689655173,False,False,False,0.0,0,0,0,0,0
0x672d5a6c3a381e914516a1c236deea71113e8377,usdt,733,8.688418043217874,5.484796933490655,0.1077762619372442,7.47899231528806e-05,0.0044873953891728,0.107697489340148,802247.1139240506,False,False,False,0.0,0,0,0,0,0
0x24e3710d0ce2581157b14cf5f8058875f60ec90f,usdt,978,7.1540934473050335,6.90875477931522,0.0276073619631901,1.91682267473436e-05,0.0011500936048406,0.0276022465161747,3130180.0,False,False,False,0.0,0,0,0,0,0
0xac58d5ff1c6bdd06bccc006bceb25da201b65913,usdt,246,7.019860964050563,7.16947688622047,0.4878048780487805,0.0003375614783842,0.020253688703055,0.486088528873321,177745.4,False,False,False,0.0,0,0,0,0,0
0xe2bde82b6962402e4d679b53a7076b182dc8d530,usdt,1247,8.606854190421789,8.007087574383178,0.2028869286287089,0.0001407830453142,0.0084469827188533,0.2027275852524807,426187.6837944664,False,False,False,0.0,0,0,0,0,0
0x9f60e0929fcccb8d6a538f6fd7bf960a5a93bb6a,usdt,451,9.94415384797591,0.0127128482196106,0.1662971175166297,0.0001153221994618,0.0069193319677134,0.1660639672251234,520281.44,False,False,False,0.0,0,0,0,0,0
0x4899e8055e76443993500e8782e9998ee46a070e,usdt,962,6.170658716636996,0.0001049944878858,0.0218295218295218,1.5157429392363196e-05,0.0009094457635417,0.021826698325003,3958454.857142857,False,False,False,0.0,0,0,0,0,0
0x95befa359b54e84f06cda1765732347847199034,usdt,1093,7.417153171825212,6.558412125942716,0.0137236962488563,9.52826330631499e-06,0.0005716957983788,0.0137206991610935,6297055.2,False,False,False,0.0,0,0,0,0,0
0x743098244c4d5b8ee09001e29be36d08703d08a6,usdt,198,11.600311764546769,0.0,0.2878787878787879,0.0001993207707629,0.0119592462457757,0.2870219098986192,301022.3157894737,False,False,False,0.0,0,0,0,0,0
0xdd7400c8db96bbc4e8d2f811a0502d56dd9239b7,usdt,692,4.6298052261894975,2.89889979063402,0.0433526011560693,3.00914116904332e-05,0.0018054847014259,0.0433316328342238,1993924.4,False,False,False,0.0,0,0,0,0,0
0x7431931094e8bae1ecaa7d0b57d2284e121f760e,usdt,916,9.598542306332869,9.210440366976515,0.029475982532751,2.0450077422478306e-05,0.0012270046453486,0.0294481114883687,2933974.222222222,False,False,False,0.0,0,0,0,0,0
0xa6a714ba89d5f2ae55b3c03b14444f7f713e6114,usdt,603,7.407682809468006,5.14166355650266,0.6218905472636815,0.000431275302922,0.0258765181753213,0.6210364362077122,139122.272,False,False,False,0.0,0,0,0,0,0
0xc370b50ec6101781ed1f1690a00bf91cd27d77c4,usdt,1617,7.281213590266865,0.0,0.0364873222016079,2.5335749858109065e-05,0.0015201449914865,0.036483479795677,2368195.1525423727,False,False,False,0.0,0,0,0,0,0
0x93c6abe2ecad74995cd86ff2cc8002993dbc5c4e,usdt,197,7.042988418314022,7.68220458489306,0.0304568527918781,2.1098836797684195e-05,0.001265930207861,0.0303823249886652,2843758.6666666665,False,False,False,0.0,0,0,0,0,0
0x4cbbf33f4cfaaa8a467059a97eaa1b2f8521895c,usdt,1184,9.463057546392982,9.21002232140346,0.5177364864864865,0.0003593623341081,0.0215617400464914,0.5174817611157937,166962.4061990212,False,False,False,0.0,0,0,0,0,0
0x58410ac070d0737a09760d30ebe64c2a0bb7c0b0,usdt,752,6.152760934730883,6.3473892096560105,0.0172872340425531,1.1989328391024753e-05,0.0007193597034614,0.0172646328830756,5004450.461538462,False,False,False,0.0,0,0,0,0,0
0xfc54dfbc7bfd2eefc0c373720e1a873f28e1fe8c,usdt,315,6.367016532277104,0.0,0.0603174603174603,4.1820595807023045e-05,0.0025092357484213,0.0602216579621131,1434699.7894736845,False,False,False,0.0,0,0,0,0,0
0xee22ee448a3a2b6b8f01a45da1476e2d01e24f3a,usdt,1995,7.782445992920963,6.10002686900923,0.0380952380952381,2.6444958628776003e-05,0.0015866975177265,0.0380807404254374,2268863.447368421,False,False,False,0.0,0,0,0,0,0
0x710f202e44ca3b4ce79755567c45549c7d9189f2,usdt,1095,9.313527853935556,5.707110264748875,0.4666666666666667,0.0003238504923604,0.0194310295416292,0.4663447089991017,185270.6771037182,False,False,False,0.0,0,0,0,0,0
0x90ac9cca60fc5ef6c117a1949796c6ef68e385fb,usdt,494,6.45254599650649,0.0,0.1214574898785425,8.429933344517044e-05,0.0050579600067102,0.1213910401610454,711749.4,False,False,False,0.0,0,0,0,0,0
0xcc5f511734f2600f78c2674f13d0761e223bea54,usdt,1309,7.660325237079984,7.942717540573791,0.0397249809014514,2.758234195441827e-05,0.001654940517265,0.0397185724143623,2175304.769230769,False,False,False,0.0,0,0,0,0,0
0x0f70b7225e8b0d3aed67c07ba62b0c605fd55d9c,usdt,293,6.495961464793662,4.110873864173311,0.4846416382252559,0.0003356382065952,0.0201382923957146,0.4833190174971506,178763.91549295775,False,False,False,0.0,0,0,0,0,0
0x8f3ac00857376d891430840ba0bebb6b1bcf20f2,usdt,190,9.195829500993623,9.90353755128617,0.1263157894736842,8.740055455651866e-05,0.0052440332733911,0.1258567985613868,686494.5,False,False,False,0.0,0,0,0,0,0
0x24d9939c2d566db3fb616490b0b28273e7bd80ab,usdt,653,7.648261335144641,7.124478262493424,0.0336906584992343,2.33698469487478e-05,0.0014021908169248,0.0336525796061968,2567410.909090909,False,False,False,0.0,0,0,0,0,0
0x193f0ee42a199a0cecd479a9f09ba293eb1ca357,usdt,1439,10.02276231417142,6.572466260082669,0.0618485059068797,4.293953886971892e-05,0.0025763723321831,0.0618329359723952,1397313.5617977527,False,False,False,0.0,0,0,0,0,0
0xefd6777e2fd6a65a245156bdb81d0139fbba3cd8,usdt,553,5.429883799903947,6.589397391395464,0.023508137432188,1.63013042798949e-05,0.0009780782567936,0.0234738781630486,3680687.076923077,False,False,False,0.0,0,0,0,0,0
0x08d768477f1bd4efc476844e1f0568749d5d5f09,usdt,929,5.565223979680977,6.90875477931522,0.0236813778256189,1.6433775172808616e-05,0.0009860265103685,0.0236646362488444,3651017.454545455,False,False,False,0.0,0,0,0,0,0
0x4717d7c36334385c959dd5f6b0c6be77d470e290,usdt,238,8.034211062051638,9.999500033330834e-05,1.0210084033613445,0.0007078732400028,0.0424723944001691,1.0193374656040606,84760.93827160494,False,False,False,0.0,0,0,0,0,0
0x50b1b2718aec11dd18f2000dda8ad5220be94791,usdt,1468,6.660175862708812,3.93905633007191,0.0074931880108991,5.201232821421432e-06,0.0003120739692852,0.0074897752628468,11535726.636363637,False,False,False,0.0,0,0,0,0,0
0x3ab7617d19d938133c97b37bde739e9549c75a4e,usdt,436,10.010672730265153,0.0,0.036697247706422,2.546022539937546e-05,0.0015276135239625,0.0366627245751006,2356617.0,False,False,False,0.0,0,0,0,0,0
0xdc1819be9318320a337499f9dd041ad9c93e3b5d,usdt,407,7.403991201973818,7.87423763556859,0.0835380835380835,5.788156206673948e-05,0.0034728937240043,0.0833494493761048,1036599.5294117648,False,False,False,0.0,0,0,0,0,0
0x6393c1d11b62e61e315e57e0fc720070b1c2482d,usdt,226,6.884756974765353,5.962274917388876,0.0353982300884955,2.4522410724631104e-05,0.0014713446434778,0.0353122714434687,2446741.5,False,False,False,0.0,0,0,0,0,0
0x2ec5331731225214846de8df86a7df75bd9501a6,usdt,131,5.119358647073127,0.0006637796495364,0.0610687022900763,4.234381483896648e-05,0.0025406288903379,0.0609750933681117,1416972.0,False,False,False,0.0,0,0,0,0,0
0x8051a5d8a80d864cec1782e3ee9bf23b34937992,usdt,858,8.655292636782667,8.268988209506656,0.0093240093240093,6.472276166846219e-06,0.0003883365700107,0.0093200776802585,9270309.0,False,False,False,0.0,0,0,0,0,0
0x370f63792806dbfb0f6bbbe093745535649f8c62,usdt,160,13.659985969077052,13.6529934872883,0.31875,0.0002203991038831,0.0132239462329903,0.317374709591769,272233.4117647059,False,False,False,0.0,0,0,0,0,0
0x7cee7c09c7d7bf94a9b73c5313a7984198af55e7,usdt,1426,6.857483846526326,8.131264848795546,0.005610098176718,3.89326273074405e-06,0.0002335957638446,0.0056062983322714,15411238.375,False,False,False,0.0,0,0,0,0,0
0x00897e2d7168165b81558c3cd9257efb007f2410,usdt,1712,10.055231920830906,8.399188631225107,0.2389018691588785,0.0001658815032308,0.0099528901938534,0.2388693646524821,361703.9804400978,False,False,False,0.0,0,0,0,0,0
0xf3ed3ff33b365d295c5a138ed0460ea2000e90f3,usdt,261,9.08037406464783,9.80295035407055,0.0651340996168582,4.514212333677829e-05,0.0027085274002066,0.0650046576049607,1329135.5294117648,False,False,False,0.0,0,0,0,0,0
0x8b3d87f3b7fd522b24c5f1fb20ed1e8406d0d19f,usdt,623,7.437376310027309,7.596392304064196,0.1203852327447833,8.357020844638525e-05,0.0050142125067831,0.1203411001627947,717959.2,False,False,False,0.0,0,0,0,0,0
0x3bcf3db69897125aa61496fc8a8b55a5e3f245d5,usdt,448,11.834846144268964,8.00694673356795,0.0245535714285714,1.702674052178756e-05,0.0010216044313072,0.024518506351374,3523868.8181818184,False,False,False,0.0,0,0,0,0,0
0x8a77707b9f45ee2d65ab877e3eebb4e07529ac42,usdt,443,8.854952877775402,0.0016626170859001,0.1489841986455982,0.0001033259043051,0.006199554258311,0.148789302199464,580686.9090909091,False,False,False,0.0,0,0,0,0,0
0xaf73c267a3159182251039e65bb06f53870413e2,usdt,1264,4.420882497623575,2.8235669076107,0.1289556962025316,8.950338770780057e-05,0.005370203262468,0.1288848782992328,670365.6871165644,False,False,False,0.0,0,0,0,0,0
0x0a269666362819ccc2801640acdaa696b16d0d5c,usdt,2054,8.043541053971673,9.105090961257083,0.24634858812074,0.0001710519567445,0.0102631174046712,0.24631481771211,350770.6146245059,False,False,False,0.0,0,0,0,0,0
0x39d7f8ed8d7e21ef537ff99f43b064e384335e81,usdt,782,7.810554214510487,9.036731536869446,0.0127877237851662,8.869491114721191e-06,0.0005321694668832,0.0127720672051985,6764762.4,False,False,False,0.0,0,0,0,0,0
0x4fd95c6fa765e64ec9313e465f4d2b88cbf8deaa,usdt,1066,7.489040094262221,6.368461591236621,0.0947467166979362,6.575371075261642e-05,0.0039452226451569,0.0946853434837676,912496.0297029704,False,False,False,0.0,0,0,0,0,0
0x3d2bc8541f9d33de7c304ee7ecba3ed0bbda4e21,usdt,829,7.230511415648035,7.350144399459682,0.083232810615199,5.778827681891113e-05,0.0034672966091346,0.083215118619232,1038272.8695652174,False,False,False,0.0,0,0,0,0,0
0x321f55625a02bf485bf99b32df65b36001f7e46f,usdt,1345,7.229262807239382,6.036957192337675,0.0401486988847583,2.78676562253497e-05,0.0016720593735209,0.0401294249645035,2153033.592592593,False,False,False,0.0,0,0,0,0,0
0x144c704bf25f1865e4b24fd6596ffed7d92470b0,usdt,1384,8.388144083470928,8.721919371853005,0.0209537572254335,1.4550969864790883e-05,0.0008730581918874,0.0209533966052988,4123436.4827586208,False,False,False,0.0,0,0,0,0,0
0x6d474957953f86c55d6625d8170f3d8a77ecf7bc,usdt,350,6.3603616966626975,6.110921170423843,0.02,1.38523834608874e-05,0.0008311430076532,0.0199474321836778,4331384.571428572,False,False,False,0.0,0,0,0,0,0
0x1eedc3dd3796a4ef84de024128b066898559ab07,usdt,268,11.655984419734908,0.0,2.6791044776119404,0.0018577751512482,0.1114665090748952,2.6751962177974864,32296.69637883008,False,False,False,0.0,0,0,0,0,0
0x8a9a6468d962756a85b19f6828a9e0795d83406b,usdt,269,6.615364625206306,8.264275251683454,0.0892193308550185,6.18423453091035e-05,0.0037105407185462,0.089052977245109,970209.0,False,False,False,0.0,0,0,0,0,0
0x8865f00dafc023036434616b736be315b8360d58,usdt,596,9.098928037615208,5.437917439301276,0.5486577181208053,0.0003805423904439,0.0228325434266364,0.5479810422392744,157669.6880733945,False,False,False,0.0,0,0,0,0,0
0x7c8a2e72ac2e3a16714f433448d9b4d5dbb22ee3,usdt,351,8.906929693370738,8.142492186164464,0.1566951566951566,0.0001086598330826,0.0065195899849614,0.1564701596390755,552181.9636363636,False,False,False,0.0,0,0,0,0,0
0xd676c097bb1dfe621d2aa4b5b267c84ea619e748,usdt,962,6.549130426635613,0.0,0.0311850311850311,2.164222658112697e-05,0.0012985335948676,0.0311648062768228,2772358.0,False,False,False,0.0,0,0,0,0,0
0x7cb3dcb30ce353f271c6464973f07fb2d124df9f,usdt,141,10.300718899274356,0.0,3.99290780141844,0.0027559213147751,0.1653552788865099,3.968526693276237,21771.30373001776,False,False,False,0.0,0,0,0,0,0
0x77f6821146cce5993282d940eef472c4b09d7537,usdt,925,13.50791005136784,9.772888548825026,0.0875675675675675,6.080090555817859e-05,0.0036480543334907,0.0875533040037771,986827.4074074074,False,False,False,0.0,0,0,0,0,0
0xffcf5d5d8301f689eca908ccdb9f88b8c2ba6022,usdt,191,12.192653229689848,12.472207417656572,0.3455497382198952,0.0002387244302624,0.0143234658157466,0.3437631795779207,251335.81818181812,False,False,False,0.0,0,0,0,0,0
0x596970ead84eaa5c06c77ca93f283463b5e26430,usdt,322,6.3916189047787295,5.371056545188342,0.8509316770186336,0.0005903119044366,0.0354187142662013,0.8500491423888329,101641.18248175182,False,False,False,0.0,0,0,0,0,0
0x35f731f04e03c7e4059f203cad953b506366b738,usdt,422,6.792383188784675,7.246104006036263,0.0924170616113744,6.405200365753364e-05,0.003843120219452,0.0922348852668484,936738.846153846,False,False,False,0.0,0,0,0,0,0
0xb908cb7170bba6cbeea9013c4acf6a27451bfe8d,usdt,251,7.430114138561801,7.908754738783246,0.0239043824701195,1.6588782333610364e-05,0.0009953269400166,0.0238878465603989,3616902.0,False,False,False,0.0,0,0,0,0,0
0xef8a3991bc37517f6426b996df42e25fa4eeeecb,usdt,2022,6.4700997187424765,7.427144133408616,0.019782393669634,1.3737366845563435e-05,0.0008242420107338,0.0197818082576113,4367649.25,False,False,False,0.0,0,0,0,0,0
0x2615854b3f45368c0d86e7da42a122ce17192717,usdt,168,10.246518747123387,12.206042645080164,0.625,0.0004319835698134,0.0259190141888089,0.6220563405314139,138894.17142857143,False,False,False,0.0,0,0,0,0,0
0x1d0a4fee04892d90e2b8a4c1836598b081bb949f,usdt,1459,8.5122995568948,5.420566520899368,0.0897875257025359,6.231265622609391e-05,0.0037387593735656,0.0897302249655752,962886.251908397,False,False,False,0.0,0,0,0,0,0
0x1e321e48c23c39b99ebf91454e99076c5df54358,usdt,154,7.433086104015197,3.090588941446424,0.2272727272727272,0.000157662486959,0.0094597492175436,0.2270339812210464,380559.7714285714,False,False,False,0.0,0,0,0,0,0
0x41bed59280953a0472ca6b9885de1ed5f4f29a5a,usdt,630,6.606898633710954,0.0013430976404236,0.692063492063492,0.0004800476348185,0.0288028580891109,0.6912685941386625,124987.59633027524,False,False,False,0.0,0,0,0,0,0
0x3d8dcd0848c10de61666ba830a5f107b01276a03,usdt,318,8.829841379004378,0.0,0.0723270440251572,5.014983899721254e-05,0.0030089903398327,0.072215768155986,1196414.608695652,False,False,False,0.0,0,0,0,0,0
0x864e8b0bc85dea5c312ce7c2ce5393fd1d88d98f,usdt,272,11.449378992602846,0.0,2.963235294117647,0.0020543196786493,0.1232591807189609,2.958220337255062,29206.749379652607,False,False,False,0.0,0,0,0,0,0
0x952c23f8f067a5e7e165ff0e42491f51d87dbc95,usdt,2033,8.714389716440088,5.1015725690980585,0.101819970486965,7.070624379399002e-05,0.0042423746276394,0.1018169910633456,848581.3526570048,False,False,False,0.0,0,0,0,0,0
0xdfcb20a62612082c818424311d30384ad4e5d1ee,usdt,1852,9.788273381064728,9.16992730643724,0.0188984881209503,1.3120257518916567e-05,0.0007872154511349,0.0188931708272398,4573080.971428571,False,False,False,0.0,0,0,0,0,0
0x1e58a2934f4015be77fb1d8248c0013344c5dc01,usdt,651,6.527536662240293,6.957925442894713,0.0445468509984639,3.092344168024618e-05,0.0018554065008147,0.0445297560195544,1940275.6206896552,False,False,False,0.0,0,0,0,0,0
0x276ffc30acd7a67969b7f9fc5bd0ffb513056d4d,usdt,170,8.785884664049268,7.15871426132184,0.6882352941176471,0.0004774769627567,0.0286486177654078,0.6875668263697875,125660.51282051284,False,False,False,0.0,0,0,0,0,0
0x7bb68048b2548928d40a399f23e192bb43bc3117,usdt,205,7.346916758229007,6.90875477931522,0.0634146341463414,4.398322953291164e-05,0.0026389937719746,0.0633358505273927,1364156.3076923075,False,False,False,0.0,0,0,0,0,0
0x6351e73a20f69384d0d7543b2996474b08b88e75,usdt,1018,8.430306303332088,0.0009995003330835,0.6964636542239686,0.0004832103157564,0.0289926189453883,0.695822854689321,124169.53455571226,False,False,False,0.0,0,0,0,0,0
0x3e97d87ed20a00f06bd4582de43ffb50c210a6e7,usdt,372,6.49322750620358,5.562950405399463,0.0295698924731182,2.0497569174637425e-05,0.0012298541504782,0.0295164996114778,2927176.363636364,False,False,False,0.0,0,0,0,0,0
0xf4fd38928597719661e9eee5fe94c660cb1f3f51,usdt,554,8.820756294687717,0.0,0.0252707581227436,1.754820491891225e-05,0.0010528922951347,0.0252694150832336,3419153.1428571427,False,False,False,0.0,0,0,0,0,0
0x6f1a85970dc7d960c9570ed0ec458acd0ec85b32,usdt,148,7.850331107356169,8.281574305202538,0.1418918918918918,9.815505881825048e-05,0.005889303529095,0.1413432846982807,611277.7142857143,False,False,False,0.0,0,0,0,0,0
0xdba68f07d1b7ca219f78ae8582c213d975c25caf,usdt,341,6.9258154518310056,4.495690085369271,0.0146627565982404,1.0153941882085929e-05,0.0006092365129251,0.0146216763102037,5909035.2,False,False,False,0.0,0,0,0,0,0
0x40895b2578041a5c284cd3b49b332d3aadf7162e,usdt,1152,10.472775540683925,9.473116241953273,0.0321180555555555,2.229849042534461e-05,0.0013379094255206,0.0321098262124962,2690765.108108108,False,False,False,0.0,0,0,0,0,0
0x6e683f78dcce29844413acce67fd7c27719d19ee,usdt,476,8.888115451365529,0.0001499887511248,0.0903361344537815,6.264470197729989e-05,0.0037586821186379,0.0902083708473118,957782.5116279068,False,False,False,0.0,0,0,0,0,0
0xbf5e54c93b80fd641299f646cbbc466839d84e46,usdt,373,8.228623811556979,0.0002319730921616,0.032171581769437,2.2289718792907708e-05,0.0013373831275744,0.0320971950617871,2691824.0,False,False,False,0.0,0,0,0,0,0
0x48448ae8ffb11a4ce5d6b3ae6dfe36b7d66c7b37,usdt,225,4.294000438383834,3.9296825536562263,1.791111111111111,0.0012389470855844,0.0743368251350698,1.784083803241676,48428.21836228288,False,False,False,0.0,0,0,0,0,0
0x38b9b26295bd068c7bd3596cf4126ad53b5f7fa3,usdt,274,7.343383297436682,7.096009611175642,0.0693430656934306,4.8136533450077095e-05,0.0028881920070046,0.069316608168111,1246454.5263157894,False,False,False,0.0,0,0,0,0,0
0xdc13d0a81c2e1213a3b3e86b782963bb2637f0af,usdt,362,8.943424643342356,8.284127265758073,0.0580110497237569,4.023273423386113e-05,0.0024139640540316,0.05793513729676,1491322.9523809524,False,False,False,0.0,0,0,0,0,0
0x14439dbe3eacf79d66d11d866a38fff52fe67fac,usdt,816,6.428991630964643,7.434399132275122,0.0183823529411764,1.2763838106540777e-05,0.0007658302863924,0.0183799268734187,4700780.4,False,False,False,0.0,0,0,0,0,0
0x2cab97e06e40a0e09b971306acf44f306e0f0aca,usdt,474,8.35237370613874,7.919407987137338,0.3185654008438818,0.0002211657691632,0.0132699461497968,0.3184787075951255,271289.72185430466,False,False,False,0.0,0,0,0,0,0
0x2ab7172d7f17ef7e19abe8bb177dcfabf332c80e,usdt,454,8.245283514206173,0.6931471805599453,0.0286343612334801,1.9850952937360777e-05,0.0011910571762416,0.0285853722297995,3022524.923076923,False,False,False,0.0,0,0,0,0,0
0x67a4d776fe0d28c88a7254291f4184389b9780cc,usdt,241,7.065168788272953,3.848836125079132,0.0580912863070539,4.032504288856347e-05,0.0024195025733138,0.0580680617595314,1487909.142857143,False,False,False,0.0,0,0,0,0,0
0x1bd8b826c157ff24227eb301d7e8104ce6453463,usdt,1016,9.390131606620082,4.611425719277568,0.1289370078740157,8.946972319524657e-05,0.0053681833917147,0.128836401401155,670617.9236641221,False,False,False,0.0,0,0,0,0,0
0x80cbe92b007454b907565cfe4ccf58f59188dc24,usdt,811,10.137332537505657,10.798195248489655,0.0998766954377312,6.927930026880369e-05,0.0041567580161282,0.0997621923870773,866059.5555555555,False,False,False,0.0,0,0,0,0,0
0x6c8ab85e55f436582ecf155b8ac65c8e4ae47c49,usdt,190,4.598728553148487,0.0,1.0157894736842106,0.0007025851493157,0.0421551089589435,1.0117226150146452,85398.90155440415,False,False,False,0.0,0,0,0,0,0
0xa7521896170858e64becf4fee1c64b816845a672,usdt,197,4.390348486809716,2.714694743820879,0.1015228426395939,7.016736319469198e-05,0.0042100417916815,0.1010410030003564,855098.4,False,False,False,0.0,0,0,0,0,0
0xc940ec9338f6d053e0140450794a824aa2f3a15d,usdt,338,10.429551491041924,10.819789139031371,0.0384615384615384,2.666151484164496e-05,0.0015996908904986,0.0383925813719687,2250434.769230769,False,False,False,0.0,0,0,0,0,0
0x568b413224a4ec69cd7a59cfad1a6018979b2b86,usdt,438,6.298269319066246,7.289200176520348,0.184931506849315,0.0001283508281322,0.0077010496879331,0.1848251925103964,467468.74074074073,False,False,False,0.0,0,0,0,0,0
0x661a027146574eb88de9dc293fb8bd0363a29ae9,usdt,306,9.147235138604122,11.472360827882792,0.1666666666666666,0.0001156417482129,0.0069385048927796,0.1665241174267126,518843.7647058824,False,False,False,0.0,0,0,0,0,0
0x3467eba885767d3ac9e754380036ab04d275942a,usdt,547,8.529504623565757,10.182488986919974,0.0292504570383912,2.028776461188735e-05,0.0012172658767132,0.0292143810411177,2957447.5625,False,False,False,0.0,0,0,0,0,0
0x7d411725bb5b2007d49db15fa58241954cf2f852,usdt,780,8.650447805065992,9.210440366976515,0.1871794871794871,0.000129825611303,0.0077895366781805,0.1869488802763329,462158.4246575342,False,False,False,0.0,0,0,0,0,0
0xa0c68c638235ee32657e8f720a23cec1bfc77c77,usdt,631,5.49207990417538,2.772588722239781,0.0269413629160063,1.870475820991723e-05,0.001122285492595,0.0269348518222808,3207739.9411764704,False,False,False,0.0,0,0,0,0,0
0xff3dedc16b5fd0fab39a28a765e924eac29a0872,usdt,937,9.404291430709272,8.294189634052417,0.4300960512273212,0.0002985843840218,0.0179150630413138,0.4299615129915325,200948.21836228287,False,False,False,0.0,0,0,0,0,0
0x592b70b570857b9fd03c99e6a865496df109bad9,usdt,194,6.236655293026687,0.0,0.056701030927835,3.917691439772973e-05,0.0023506148638637,0.0564147567327308,1531514.181818182,False,False,False,0.0,0,0,0,0,0
0x0772f014009162efb833ef34d3ea3f243fc735ba,usdt,760,11.839989460777344,0.0115895806082444,0.0657894736842105,4.564119303887826e-05,0.0027384715823326,0.0657233179759847,1314601.92,False,False,False,0.0,0,0,0,0,0
0xa11682f579bd608864ae174ea76f89fc2bf746e4,usdt,283,6.901753489220189,6.431331081933479,0.0282685512367491,1.962076013767888e-05,0.0011772456082607,0.0282538945982575,3057985.5,False,False,False,0.0,0,0,0,0,0
0xc5f1f580084ccf817c4834a09709bddc6469f5dd,usdt,1511,10.681727824622904,11.78422750116937,0.0231634679020516,1.6083195767760647e-05,0.0009649917460656,0.0231598019055753,3730601.857142857,False,False,False,0.0,0,0,0,0,0
0xaf63977a00d25a301c21d4ad076bc10da23f6f63,usdt,1833,8.819841269425963,3.9344072582439606,0.2738679759956355,0.0001900848930365,0.0114050935821944,0.2737222459726662,315648.44023904385,False,False,False,0.0,0,0,0,0,0
0xb40ef62af3d589a0c5b1cc8cd3228290e9f76ea5,usdt,286,6.300116456945256,0.0,0.0734265734265734,5.087724483729215e-05,0.0030526346902375,0.0732632325657006,1179309.142857143,False,False,False,0.0,0,0,0,0,0
0x4d0f8ddbd46ae399f692bb1bf37b0dacfb7d16a3,usdt,860,7.1207410510952585,6.945051063725834,0.1744186046511628,0.0001210924671766,0.0072655480306005,0.1743731527344132,495489.12,False,False,False,0.0,0,0,0,0,0
0xf2eb5bdf9a46af00d361ebf5809bc9915fc81811,usdt,121,4.702124649580227,0.0001469891965587,1.793388429752066,0.0012357940631769,0.0741476437906189,1.7795434509748536,48551.77880184332,False,False,False,0.0,0,0,0,0,0
0xb31f735c2259606f3e04cfd42727d6105a65b81f,usdt,729,6.672882714684655,7.1116769952357,0.0246913580246913,1.7144039265183617e-05,0.001028642355911,0.0246874165418644,3499758.6666666665,False,False,False,0.0,0,0,0,0,0
0xf3a9655a053b710db7c19786a29f407434f6d2a7,usdt,181,6.615301841651465,0.0,0.0994475138121546,6.896054996804828e-05,0.0041376329980828,0.0993031919539895,870062.6666666666,False,False,False,0.0,0,0,0,0,0
0x374da544e12f7dfcbee85f5da9a841f3374368bb,usdt,374,6.5309907787584685,6.2166061010848646,0.03475935828877,2.4122313489442017e-05,0.0014473388093665,0.0347361314247965,2487323.6153846155,False,False,False,0.0,0,0,0,0,0
0x1f9a329cd0549a51ef2e8b191b3d00b58bc808a7,usdt,267,6.994871214755307,7.180162690254211,0.0936329588014981,6.484562849680052e-05,0.003890737709808,0.0933777050353927,925274.4,False,False,False,0.0,0,0,0,0,0
0x0ec1b71f056de130613397ae6680617f1d252ccd,usdt,1105,8.60099999582688,8.017962352248547,0.0199095022624434,1.3816286802165783e-05,0.0008289772081299,0.0198954529951187,4342700.818181818,False,False,False,0.0,0,0,0,0,0
0x07a8f932522d740dea7119d32eb6f3cd32497df1,usdt,127,6.0532370228291645,6.397762641520038,1.2125984251968505,0.0008393349415136,0.0503600964908169,1.208642315779606,71485.16883116883,False,False,False,0.0,0,0,0,0,0
0x2f73712daa7a091e67e556bcee5fe5ce5923be42,usdt,1157,7.982102882544181,7.958859973885645,0.0570440795159896,3.9583327502455965e-05,0.0023749996501473,0.0569999916035365,1515789.696969697,False,False,False,0.0,0,0,0,0,0
0xc2cf0b4e93d6b1a6e5619e1abf8ac3eafe8f9997,usdt,311,7.518386970521558,7.515889085215125,0.0803858520900321,5.574508885767164e-05,0.0033447053314602,0.0802729279550471,1076328.0,False,False,False,0.0,0,0,0,0,0
0x3b454077aaf52ff3baec9128194191b7796247ba,usdt,1571,13.017882540420183,2.3978952727983707,0.0248249522597071,1.722869783609543e-05,0.0010337218701657,0.0248093248839774,3482561.512820513,False,False,False,0.0,0,0,0,0,0
0x04779e9bf739699f2e51c10e47a382528160d61c,usdt,199,4.426852367526504,4.176692303570854,0.0854271356783919,5.905496766914211e-05,0.0035432980601485,0.0850391534435646,1016002.588235294,False,False,False,0.0,0,0,0,0,0
0x06b2ded2e7c3968bf9624ace4f7d7c82b57a06f1,usdt,1792,11.457129141009244,0.000499875041651,0.3526785714285714,0.0002448114419599,0.0146886865175992,0.3525284764223824,245086.5838607595,False,False,False,0.0,0,0,0,0,0
0x7587bf25de6765de33a79b93364c47ac1d65f43c,usdt,555,10.729243954316845,11.430063781411766,0.0612612612612612,4.251333855997319e-05,0.0025508003135983,0.0612192075263614,1411321.7647058824,False,False,False,0.0,0,0,0,0,0
0x52c7152eb98f629cf4354d39fb67b724179706dd,usdt,1078,7.859976083478127,8.506415099095054,0.0278293135435992,1.93132292916796e-05,0.0011587937575007,0.0278110501800186,3106678.8,False,False,False,0.0,0,0,0,0,0
0xaf0acd71df2e5f3d637ead63fe3fe3420eec43c7,usdt,1965,11.19981797858074,2.4258305159449924,0.0132315521628498,9.186936454325666e-06,0.0005512161872595,0.0132291884942289,6531012.846153846,False,False,False,0.0,0,0,0,0,0
0xde79aaa2f54160b45ef69e1c4b8fc4c290cd5b88,usdt,1867,8.893329266485226,0.0002599662058575,0.1403320835565077,9.744471202756858e-05,0.0058466827216541,0.1403203853196987,615733.7709923664,False,False,False,0.0,0,0,0,0,0
0x084168f28b4302e4d10eca680f6c0cac7116255b,usdt,1091,9.264030828553238,0.0,0.3739688359303391,0.000259491208972,0.0155694725383251,0.3736673409198047,231221.7058823529,False,False,False,0.0,0,0,0,0,0
0x7c00e06564c58631d542f2238099ddfca3eaaae5,usdt,212,8.129795783547099,8.421208206241975,0.0283018867924528,1.964955670600071e-05,0.00117897340236,0.028295361656641,3053504.0,False,False,False,0.0,0,0,0,0,0
0xb4571c5466ef38380c7bca4b2995a43a58c6a0e8,usdt,1050,8.550945432772354,7.827185442479727,0.0904761904761904,6.281311511395953e-05,0.0037687869068375,0.0904508857641017,955214.5263157894,False,False,False,0.0,0,0,0,0,0
0x2cc02b33246b00daba6196b837a7a45c6e23cfdc,usdt,523,10.42545435466633,8.003442777953115,0.0133843212237093,9.293707031817893e-06,0.000557622421909,0.0133829381258177,6455981.428571428,False,False,False,0.0,0,0,0,0,0
0x063ef44b8ffcdf825fb435b0eea627cf90fb57e0,usdt,398,6.691731314406177,0.0009995003330835,0.1281407035175879,8.887042552553788e-05,0.0053322255315322,0.1279734127567745,675140.2352941176,False,False,False,0.0,0,0,0,0,0
0x064bf9d1b078621b3a60ba7bb42cae9585d96e66,usdt,819,9.206321669497504,10.161478226167826,0.4053724053724054,0.0002813278947792,0.016879673686758,0.4051121684821919,213274.26506024096,False,False,False,0.0,0,0,0,0,0
0x85bd033a8709b4d6603c2a1a8eef1fd147f0ca32,usdt,698,10.641888854399728,12.999422521610713,0.0343839541547277,2.3856984139562165e-05,0.0014314190483737,0.0343540571609695,2514986.7916666665,False,False,False,0.0,0,0,0,0,0
0x8971c7b05b81cd2049afd4ef1ecc6034822468ba,usdt,270,8.458586624543962,9.234374532224626,0.0259259259259259,1.7962590595608712e-05,0.0010777554357365,0.0258661304576765,3340275.4285714286,False,False,False,0.0,0,0,0,0,0
0xa85b93983767729fcceac60e32a0bf87cd632108,usdt,813,7.834894897886915,0.757739450253037,0.1094710947109471,7.594569456177628e-05,0.0045567416737065,0.1093618001689578,790038.202247191,False,False,False,0.0,0,0,0,0,0
0x01206255a7423f72b27d85a4c57c4ace566273d8,usdt,825,5.6090358613517735,4.873564058853066,0.0121212121212121,8.415816399202903e-06,0.0005049489839521,0.0121187756148521,7129433.1,False,False,False,0.0,0,0,0,0,0
0xaaf5feaa9e5694b2b293e67558e2da8ea4b1fb13,usdt,657,13.531720348155432,0.0,0.4627092846270928,0.0003212875853631,0.0192772551217891,0.4626541229229391,186748.57894736843,False,False,False,0.0,0,0,0,0,0
0xfd2b4b5e420cd727080e493f4796dc1f00fc6692,usdt,787,8.230233100939403,7.937731775260109,0.0609911054637865,4.233531474366143e-05,0.0025401188846196,0.0609628532308724,1417256.5,False,False,False,0.0,0,0,0,0,0
0x56446712b219fcc34a5604f5e7af5d50d65b6647,usdt,1007,9.984426232691034,7.276848987159287,0.025819265143992,1.792885787819644e-05,0.0010757314726917,0.0258175553446028,3346560.076923077,False,False,False,0.0,0,0,0,0,0
0x51797cc950526ecaa0afa747c1910b415fefa43a,usdt,1156,10.576471222357297,5.326127067187304,0.782871972318339,0.0005431944636179,0.0325916678170785,0.7822000276098843,110457.67955801103,False,False,False,0.0,0,0,0,0,0
0x9fb97cfeea4bc0bc5cc304ab2618fd975b21c5a1,usdt,944,5.704128718040375,4.61512051684126,0.0233050847457627,1.6180042094585878e-05,0.0009708025256751,0.0232992606162036,3708272.1818181816,False,False,False,0.0,0,0,0,0,0
0x163e296b5f51714d634fc02f3780808c9087a7e7,usdt,725,9.78983007940033,0.0,0.0441379310344827,3.061055038534857e-05,0.0018366330231209,0.0440791925549019,1960108.5,False,False,False,0.0,0,0,0,0,0
0xfdd6e89cd8e26c8ff03b1e6717a759a81312a58d,usdt,426,7.247491278729399,7.5912111617519535,0.0117370892018779,8.136243678545474e-06,0.0004881746207127,0.0117161908971054,7374410.4,False,False,False,0.0,0,0,0,0,0
0xf8d3188e8349de474a2b086976cda158b4e109db,usdt,1333,15.594711094869131,13.45883704259595,0.005251312828207,3.64624872715534e-06,0.0002187749236293,0.0052505981671036,16455268.0,False,False,False,0.0,0,0,0,0,0
0x9490f96b0b5b56827d531b5c068bd730adc6591c,usdt,1456,9.837594879161468,9.461151403507536,0.0212912087912087,1.4784665519795256e-05,0.0008870799311877,0.0212899183485051,4058258.870967742,False,False,False,0.0,0,0,0,0,0
0x249b4487ed99d35470159ff8a599733e8fa002f2,usdt,272,10.105572190664592,7.444248649496705,0.1176470588235294,8.141818261385951e-05,0.0048850909568315,0.1172421829639576,736936.125,False,False,False,0.0,0,0,0,0,0
0xced78d9aa9161bedb9cc076452151b98687837b9,usdt,1099,11.729636540053123,9.37272450394918,0.824385805277525,0.0005722803324683,0.0343368199481006,0.8240836787544148,104843.72185430463,False,False,False,0.0,0,0,0,0,0
0x645e7490539a457095c9c857a71a7ddc1c33622f,usdt,351,5.638033535925398,4.700551472355194,0.037037037037037,2.5652055518941083e-05,0.0015391233311364,0.0369389599472751,2338993.846153846,False,False,False,0.0,0,0,0,0,0
0x2c4a39e0698ddb2202991f5df9334e9b906a7eec,usdt,1727,8.273065958515723,4.204692619390966,0.1036479444122756,7.195014779257081e-05,0.0043170088675542,0.1036082128213019,833910.7262569832,False,False,False,0.0,0,0,0,0,0
0x0640fad68f33568422747bf69292959dfea48e17,usdt,515,10.527610712436491,9.2056363358262,0.0349514563106796,2.425485710250938e-05,0.0014552914261505,0.0349269942276135,2473731.333333333,False,False,False,0.0,0,0,0,0,0
0xb1acce7bfe4d09a4b8ac7e605f7f8f090f651907,usdt,151,9.217457898780506,9.999500033330834e-05,2.80794701986755,0.0019498753275468,0.1169925196528118,2.807820471667484,30771.19811320755,False,False,False,0.0,0,0,0,0,0
0x433d26c2ea9d6f3a8f9a26b52495d324ee6a6d5b,usdt,756,10.696058463773324,5.484796933490655,0.496031746031746,0.0003443816475989,0.0206628988559366,0.4959095725424788,174225.312,False,False,False,0.0,0,0,0,0,0
0x6b504ffec210438644309b409963a4106b0876a9,usdt,125,8.12933352886145,8.066235825063858,0.344,0.0002386597755044,0.0143195865302642,0.3436700767263427,251403.90697674413,False,False,False,0.0,0,0,0,0,0
0x34cbd30e16d54904e61870ae892a73753e8afc0d,usdt,1215,8.926952794035,9.142475132937006,0.1489711934156378,0.000103450080178,0.0062070048106859,0.1489681154564621,579989.8839779006,False,False,False,0.0,0,0,0,0,0
0x255e45b66bb68e0b4d754162f0613037a32494ce,usdt,144,6.9580032371961575,7.186986081846755,0.4791666666666667,0.0003310324181486,0.0198619450889181,0.4766866821340365,181251.13043478265,False,False,False,0.0,0,0,0,0,0
0x2b7c7b4588fa0a1bf46c75f5b34345773d34257e,usdt,286,6.764744570125356,0.0,0.3391608391608391,0.0002350258261884,0.014101549571308,0.3384371897113931,255291.0927835052,False,False,False,0.0,0,0,0,0,0
0xcf06a5d47fb01fca528baa474a4953f9f92ee333,usdt,472,8.806439899437143,9.292811574621158,0.7669491525423728,0.0005324848094734,0.0319490885684042,0.7667781256417031,112679.27071823204,False,False,False,0.0,0,0,0,0,0
0xb397c1464ba7c1c2a14afb2445706cd8c7a30ac2,usdt,127,6.318100768341765,0.0,1.1968503937007875,0.0008287091002072,0.0497225460124371,1.1933411042984925,72401.76315789473,False,False,False,0.0,0,0,0,0,0
0xf9f2e1fbb61b112767210fb84abde0bd96605010,usdt,1981,9.718065712948151,0.0,0.0413932357395254,2.873777237720529e-05,0.0017242663426323,0.0413823922231756,2087844.5,False,False,False,0.0,0,0,0,0,0
0x59bb9d4a00e5f6bf2cd1286f93afa0cf0326325f,usdt,1966,13.07621754541667,0.009950330853168,0.1749745676500508,0.0001214528593524,0.0072871715611492,0.1748921174675815,494018.8343023256,False,False,False,0.0,0,0,0,0,0
0x4da43b47d33287f2003c29ff29a1432d9d5f8be9,usdt,718,8.101711771421204,8.294299608857235,0.0445682451253481,3.094353161652925e-05,0.0018566118969917,0.0445586855278021,1939015.90625,False,False,False,0.0,0,0,0,0,0
0xe00244b4f2f63b034dbf9d3e88cdfd606ad950df,usdt,1209,7.169210017648715,5.86041578449145,0.0669975186104218,4.65116492732239e-05,0.0027906989563934,0.0669767749534424,1289999.4074074074,False,False,False,0.0,0,0,0,0,0
0x422be10680b7e37af9c732a123b57ef5c1e18755,usdt,315,10.238271642324678,0.0004638923852875,0.0666666666666666,4.6192891837804e-05,0.0027715735102682,0.0665177642464377,1298901.142857143,False,False,False,0.0,0,0,0,0,0
0xd124c4ce3fd72f9d25df8eb279266f07c2abc3f6,usdt,234,6.912605424985194,0.0,1.1623931623931625,0.0008051415391464,0.0483084923487873,1.1594038163708955,74521.05882352941,False,False,False,0.0,0,0,0,0,0
0x53de80cf153f3e8d388a80d33b1553ed254c6aa8,usdt,1454,9.923018148472387,0.0115826612430665,0.3067400275103163,0.0002129397536143,0.0127763852168629,0.3066332452047097,281769.8385650224,False,False,False,0.0,0,0,0,0,0
0xfb0ef539de084540d22a3adfb6695c745eec322b,usdt,385,10.582236659335898,8.477272057249419,0.0441558441558441,3.0635068575699976e-05,0.0018381041145419,0.0441144987490079,1958539.7647058824,False,False,False,0.0,0,0,0,0,0
0x0bc881fd99b29f3d66ff5e787408c8a0e5cbb518,usdt,1123,8.31539238962441,5.411778154736213,0.0097951914514692,6.797817719236985e-06,0.0004078690631542,0.0097888575157012,8826362.0,False,False,False,0.0,0,0,0,0,0
0xddf05b4be18ec63d5e6da3ad2f791291f316e3d6,usdt,842,7.518962857150792,5.307468937883682,0.1472684085510688,0.0001021707325674,0.0061302439540469,0.1471258548971256,587252.3225806452,False,False,False,0.0,0,0,0,0,0
0x233c7df19305342183c2848bd3a39a118456cae9,usdt,1088,8.773233355618919,8.250466339025227,0.0431985294117647,2.998634281586561e-05,0.0017991805689519,0.0431803336548464,2000910.8936170207,False,False,False,0.0,0,0,0,0,0
0xd980b47c457a7bc12d32033a29b414e8f105a1af,usdt,1347,8.782732879654192,2.434978125432401,0.0074239049740163,5.152323152883777e-06,0.000309139389173,0.0074193453401526,11645232.3,False,False,False,0.0,0,0,0,0,0
0xeb6a24e62e2f337dd65c6c2086488e6f8cf7eb31,usdt,1699,4.356094920338926,3.9318256327243257,0.0058858151854031,4.087207715601842e-06,0.0002452324629361,0.0058855791104666,14679948.8,False,False,False,0.0,0,0,0,0,0
0xc8aa082fc4c0372e391de56fa3766ac40ebde54a,usdt,639,7.269961821679552,0.0,0.0093896713615023,6.517916230871546e-06,0.0003910749738522,0.009385799372455,9205396.0,False,False,False,0.0,0,0,0,0,0
0xed97d2e96bf349c9fcc44bb90f75ef767a375287,usdt,298,4.878450978517812,4.176692303570854,0.0436241610738255,3.028360361837814e-05,0.0018170162171026,0.0436083892104645,1981270.1538461533,False,False,False,0.0,0,0,0,0,0
0xba5700e8300269241aeab740a1ea8883b9a0b874,usdt,478,7.280017303842539,6.55250788703459,0.1443514644351464,0.0001000390007118,0.0060023400427123,0.1440561610250952,599766.0869565217,False,False,False,0.0,0,0,0,0,0
0xaf126ca7143fc310ede1674f6c938e73ba477cf3,usdt,359,6.504402204460023,7.0672199391443575,0.0278551532033426,1.9299922337112514e-05,0.0011579953402267,0.027791888165442,3108820.8,False,False,False,0.0,0,0,0,0,0
0xc0944c170b822eea7d6f817de4ebd96a69bf472c,usdt,484,7.689003941276575,8.006700845440367,0.0537190082644628,3.728552220381529e-05,0.0022371313322289,0.053691151973494,1609203.6923076925,False,False,False,0.0,0,0,0,0,0
0x11c3a7ba155c1ac2fea7002659e5146bc00db217,usdt,803,10.789619623468278,10.28910053217295,0.0161892901618929,1.1236638772143092e-05,0.0006741983263285,0.016180759831886,5339675.076923077,False,False,False,0.0,0,0,0,0,0
0x6e41f0e77bd95329cf98b6e688c2f68156ca4ff5,usdt,586,6.918805911212361,8.016758642615583,0.0102389078498293,7.10926249221832e-06,0.000426555749533,0.0102373379887943,8439694.0,False,False,False,0.0,0,0,0,0,0
0x714b50e0dd72774ffd2075ae609cf4d003c54143,usdt,453,7.537540329917934,6.621405651764134,0.0728476821192053,5.0504447605308656e-05,0.0030302668563185,0.0727264045516444,1188014.181818182,False,False,False,0.0,0,0,0,0,0
0x0c395460f743880e3daf790d045a4306e7f329f0,usdt,345,11.173929561148084,9.305741456739437,0.8724637681159421,0.0006051460331973,0.0363087619918431,0.8714102878042367,99149.62126245847,False,False,False,0.0,0,0,0,0,0
0x5ed82ffe0ce519dfd73acb82485e82a738e3978e,usdt,581,6.693444995481996,6.957497370876951,0.1153184165232358,8.003685039941972e-05,0.0048022110239651,0.1152530645751643,749654.6865671641,False,False,False,0.0,0,0,0,0,0
0xf6683a9e14953d490e74742cee0d7686160860d7,usdt,297,8.374162717376489,7.775070253745556,0.037037037037037,2.566421316788781e-05,0.0015398527900732,0.0369564669617584,2337885.8181818184,False,False,False,0.0,0,0,0,0,0
0xd4377084e07fa9f8aaf604b2db5b759f9c40749d,usdt,135,5.813500061478607,0.0,4.488888888888889,0.0031153640914703,0.1869218454882228,4.486124291717347,19259.38613861386,False,False,False,0.0,0,0,0,0,0
0xdd9ba02c21b83d5e5fa2aabbb286b3c1d2fbb98f,usdt,853,5.249466754801687,0.0001409900604343,0.6389214536928488,0.000443259022517,0.0265955413510242,0.6382929924245814,135361.03486238534,False,False,False,0.0,0,0,0,0,0
0x08497a3beb938472bb75a8e45a4abcd4f72a6338,usdt,1247,7.875642146602769,6.555270560914986,0.0096230954290296,6.680692781160714e-06,0.0004008415668696,0.0096201976048714,8981104.5,False,False,False,0.0,0,0,0,0,0
0xda0e650831798bfd971717c9c5a11f081cc0ec49,usdt,175,8.964441293896346,9.999500033330834e-05,0.2628571428571428,0.0001825030370885,0.010950182225315,0.2628043734075618,328761.652173913,False,False,False,0.0,0,0,0,0,0
0x8daadbf7f19312537429cafe00f30b6eb809a0d5,usdt,146,8.496284702031915,0.0,5.198630136986301,0.0036010885820346,0.216065314922076,5.185567558129825,16661.628458498024,False,False,False,0.0,0,0,0,0,0
0xd3069f6050a3dd4eccc27b6a66e5c401ab59ded5,usdt,1527,13.077135424388342,0.0,0.0150622134905042,1.0455190904171803e-05,0.0006273114542503,0.0150554749020073,5738776.130434782,False,False,False,0.0,0,0,0,0,0
0x7b089f4b63bfb68113507271df65639d38cee0b8,usdt,942,6.851295942495371,4.188792764569971,0.0159235668789808,1.1053796765482206e-05,0.0006632278059289,0.0159174673422943,5427999.2,False,False,False,0.0,0,0,0,0,0
0x69776c245634875544121c81ec5b70c540af4aca,usdt,1518,11.87003504822061,9.999500033330834e-05,0.0296442687747035,2.0581908173405045e-05,0.0012349144904043,0.0296379477697032,2915181.6,False,False,False,0.0,0,0,0,0,0
0x605088609f9ac2f1f4571c4ed57a9318dd381f0a,usdt,185,7.542823003790873,0.0,0.1513513513513513,0.0001045989154586,0.0062759349275204,0.1506224382604901,573619.7142857143,False,False,False,0.0,0,0,0,0,0
0x0a04f7b1ea31cf26585063691ed7aa9d3f60e107,usdt,272,4.976410586763133,4.6861767367079565,0.088235294117647,6.106491098262601e-05,0.0036638946589575,0.0879334718149814,982561.0,False,False,False,0.0,0,0,0,0,0
0x0aed1a70f26732b25545e4536482c17225560543,usdt,175,4.740390264479704,4.591065663215637,0.2457142857142857,0.0001699972958569,0.010199837751418,0.2447961060340342,352946.79069767444,False,False,False,0.0,0,0,0,0,0
0xb7213c7690d42b4d0d2fe59c645e41ec417ca201,usdt,125,9.922682533880346,0.0002999550089979,1.192,0.0008214562158323,0.0492873729499429,1.182896950798632,73041.0201342282,False,False,False,0.0,0,0,0,0,0
0x545a84b9ea797bd60363feab5b61f5db714e441d,usdt,193,6.195208503217667,4.176692303570854,0.155440414507772,0.0001073983885945,0.0064439033156746,0.1546536795761916,558667.6,False,False,False,0.0,0,0,0,0,0
0x6f4a8a4c011abb6d9878f68ec9fbf58d2335afb9,usdt,1435,7.8933270752116895,7.829377222261291,0.0606271777003484,4.2078046408844696e-05,0.0025246827845306,0.0605923868287363,1425921.712643678,False,False,False,0.0,0,0,0,0,0
0xd62e391fd30ebd69996ab9c68628446303231ecf,usdt,1057,9.37160254763958,7.640603826393634,0.0274361400189214,1.905211397000856e-05,0.0011431268382005,0.0274350441168123,3149256.827586207,False,False,False,0.0,0,0,0,0,0
0x9214442171055696a44301871b3dd207a84a2878,usdt,521,5.127314680956292,0.000329945561976,0.019193857965451,1.3324184060278608e-05,0.0007994510436167,0.0191868250468012,4503090.0,False,False,False,0.0,0,0,0,0,0
0x7ac0ba405b7cb03fbd6cfa7ca7f0ae43419cdd18,usdt,832,9.74258106881924,7.883514365017559,0.4627403846153846,0.0003213280178167,0.0192796810690057,0.4627123456561376,186725.0805194805,False,False,False,0.0,0,0,0,0,0
0xd9ec2801dce963424b6b8d9b923a40bd3871204c,usdt,340,9.285664941303926,9.234836770195823,0.1264705882352941,8.759899110408479e-05,0.005255939466245,0.126142547189882,684939.3953488372,False,False,False,0.0,0,0,0,0,0
0xf1ab1fdff5cc5b9803b1fb47ba94845f5bf9d12c,usdt,368,9.51938445231682,10.791765179662038,0.0733695652173913,5.088072653154755e-05,0.0030528435918928,0.0732682462054284,1179228.4444444445,False,False,False,0.0,0,0,0,0,0
0x38ec3015df638bd546efe0f24238a22dbba593b4,usdt,129,7.681027035402788,0.0,3.697674418604651,0.0025514870836984,0.1530892250219042,3.674141400525703,23515.69811320755,False,False,False,0.0,0,0,0,0,0
0x9296759fb1e2000ab4c99ea9ed9efcb6ca95020f,usdt,625,9.91694714170362,11.12081879749098,0.144,9.98428030534148e-05,0.0059905681832048,0.1437736363969173,600944.6666666666,False,False,False,0.0,0,0,0,0,0
0xf642402c287908716fcf924ccdafd9cb45f8ab2f,usdt,210,5.755175733547134,5.396017338522967,0.0761904761904762,5.28594658418828e-05,0.0031715679505129,0.0761176308123112,1135085.25,False,False,False,0.0,0,0,0,0,0
0x921ce68992b14913ad67795a2d6c268fbaf8798b,usdt,358,9.310045861873917,0.0079592410378883,2.7094972067039107,0.0018796693797207,0.1127801627832438,2.706723906797853,31920.507216494847,False,False,False,0.0,0,0,0,0,0
0x72725e2a934f34ceecb7e68a0fae2b9c1e58adfe,usdt,781,6.816793349918384,8.682045665759144,0.1562099871959026,0.0001083753170477,0.0065025190228662,0.1560604565487895,553631.5983606557,False,False,False,0.0,0,0,0,0,0
0x59ee812c620b5fa7145acb5664c040159a357573,usdt,198,6.103744559982348,4.753335986385289,0.1262626262626262,8.726283706143444e-05,0.005235770223686,0.1256584853684655,687577.92,False,False,False,0.0,0,0,0,0,0
0xd83b91c7a0fdcff382a8e3ce3a9ef500e8adc135,usdt,553,9.71674502083806,10.27549920104312,0.0325497287522604,2.2595692758833666e-05,0.00135574156553,0.0325377975727204,2655373.333333333,False,False,False,0.0,0,0,0,0,0
0x06ee54b3e0974a10a0beeaa764b9d4f278c694d9,usdt,363,8.716791870310267,6.267330976467909,0.0523415977961432,3.625128859021219e-05,0.0021750773154127,0.0522018555699055,1655113.5789473683,False,False,False,0.0,0,0,0,0,0
0x8a2e5e4163c24aa555b04a005f51d29ece66c9d5,usdt,158,8.542176464785062,9.42519918897607,0.0379746835443038,2.6220109075653755e-05,0.0015732065445392,0.0377569570689414,2288320.0,False,False,False,0.0,0,0,0,0,0
0x2bd2fc909c9fb6026d0f46c7e6a252b330a03a2e,usdt,780,3.8271004271968456,2.7498317351171653,0.5935897435897436,0.0004120302876968,0.0247218172618086,0.5933236142834082,145620.36285097193,False,False,False,0.0,0,0,0,0,0
0x1b1f3c52979792fb5fc1142f3b41885a7ee9d215,usdt,683,6.541388331806499,0.0,0.0527086383601757,3.6602819149130864e-05,0.0021961691489478,0.0527080595747484,1639218.0,False,False,False,0.0,0,0,0,0,0
0xd1686582e7f1335d2af33e99481ee33fe2cdda3e,usdt,176,5.382861619354698,4.176692303570854,0.1534090909090909,0.0001064259181009,0.0063855550860552,0.153253322065325,563772.4444444445,False,False,False,0.0,0,0,0,0,0
0xc7a24dfeb64a4551889fec0be36a8a78ab185949,usdt,198,7.163612486863923,7.855191902519445,0.3333333333333333,0.0002311537866142,0.013869227196854,0.3328614527244976,259567.45454545456,False,False,False,0.0,0,0,0,0,0
0x323ef3c5af2c2c8baed3303d9f5f4d6807ed4df2,usdt,640,8.970358144051024,10.064798252418376,0.009375,6.501322152215023e-06,0.0003900793291329,0.0093619038991896,9228892.0,False,False,False,0.0,0,0,0,0,0
0x9495d03e274fae3adf12ab6a5d85cd6ce74cd362,usdt,216,3.896912758475293,0.0009995003330835,0.0555555555555555,3.844212026232903e-05,0.0023065272157397,0.0553566531777538,1560788.0,False,False,False,0.0,0,0,0,0,0
0x83664b8a83b9845ac7b177df86d0f5bf3b7739ad,usdt,1889,12.448966155330057,8.156070440346515,0.0979354155637903,6.799380362054141e-05,0.0040796282172324,0.0979110772135796,882433.3513513514,False,False,False,0.0,0,0,0,0,0
0xd23a33c017871a69e4d3d65849d47da78715734b,usdt,217,8.30026119985869,9.035923731521432,0.0230414746543778,1.5946898105061992e-05,0.0009568138863037,0.0229635332712892,3762487.2,False,False,False,0.0,0,0,0,0,0
0x631fdd07bf8a9557fd3d4f0adb26b7ad4d55ae4d,usdt,548,6.478192126367961,7.178193007463584,0.0748175182481751,5.190828793046214e-05,0.0031144972758277,0.0747479346198654,1155884.780487805,False,False,False,0.0,0,0,0,0,0
0xb8d361eff0385d45fb232fa79d75ec401b1bc776,usdt,341,7.997677944327942,0.0,0.0879765395894428,6.096827373616833e-05,0.0036580964241701,0.0877943141800823,984118.4,False,False,False,0.0,0,0,0,0,0
0x8b8bc0eb904fdd2862a6433d020f15bbc8a7b13e,usdt,435,8.64976895792554,7.313886831633462,0.1862068965517241,0.0001292081169496,0.0077524870169769,0.1860596884074477,464367.1111111111,False,False,False,0.0,0,0,0,0,0
0xc15597afae04a53f0cbdf19e28795a6723aebc9b,usdt,175,10.731443698249036,0.0001999800026662,0.1257142857142857,8.728392269818409e-05,0.005237035361891,0.1256888486853851,687411.8181818182,False,False,False,0.0,0,0,0,0,0
0xae2fc483527b8ef99eb5d9b44875f005ba1fae13,usdt,1074,2.3400024503089623,0.009950330853168,0.0074487895716946,5.172745785279064e-06,0.0003103647471167,0.0074487539308018,11599255.5,False,False,False,0.0,0,0,0,0,0
0x9f7ca417aa1bdbf2b955412b57f3394673c1b5a0,usdt,716,10.850840427796204,11.251062924849023,0.1578212290502793,0.0001095079608653,0.0065704776519206,0.1576914636460946,547905.3716814159,False,False,False,0.0,0,0,0,0,0
0xed8c105d001a7abd481de7dd6400c6a60005ece3,usdt,802,10.704438987218792,0.0,0.0199501246882793,1.3849883193547616e-05,0.0008309929916128,0.0199438317987085,4332166.5,False,False,False,0.0,0,0,0,0,0
0x35fc77ab8f5e9be49a181e2d7cdd5c08cf52c8a8,usdt,671,6.443927829015202,6.2166061010848646,0.0193740685543964,1.3446824532386678e-05,0.0008068094719432,0.0193634273266368,4462020.0,False,False,False,0.0,0,0,0,0,0
0x96ee6e3a47847d52f70887eed025cd760ee2c434,usdt,247,7.015216625249195,7.060742425023561,0.1902834008097166,0.000131964348287,0.0079178608972227,0.1900286615333471,454668.25531914894,False,False,False,0.0,0,0,0,0,0
0x8a3c7a1cfc72b307fab4ca151943272a39176beb,usdt,466,6.087752637238466,4.594969101398833,0.0815450643776824,5.656470630264797e-05,0.0033938823781588,0.081453177075813,1060732.105263158,False,False,False,0.0,0,0,0,0,0
0x6574f61871ac6f3de0e6a069929152cc33809b0a,usdt,378,8.051114532267857,7.556286819907773,0.0238095238095238,1.6503471780346856e-05,0.0009902083068208,0.0237649993636994,3635598.6666666665,False,False,False,0.0,0,0,0,0,0
0x5885974b108dd3f7c052a88d0259c3dc4eff448c,usdt,176,8.064537753291257,0.0009995003330835,4.0,0.0027768815147257,0.1666128908835453,3.998709381205088,21606.97159090909,False,False,False,0.0,0,0,0,0,0
0xa8c2b0b3fc52c46a394ee85ccd0f01aae66c9cba,usdt,309,6.127600133063106,2.779440197188883,0.0938511326860841,6.505433607339206e-05,0.0039032601644035,0.0936782439456845,922305.9310344828,False,False,False,0.0,0,0,0,0,0
0xdb110db62d9789218b2223183db7e7fab9c5a781,usdt,953,11.071911771042412,10.771621033955704,0.0482686253934942,3.3510928302251864e-05,0.0020106556981351,0.0482557367552426,1790460.6956521738,False,False,False,0.0,0,0,0,0,0
0xc8241affeba546e39dd5a0c64baa281e44bd82d4,usdt,803,8.892590823275501,0.0,0.298879202988792,0.000207438000671,0.0124462800402637,0.2987107209663292,289243.05,False,False,False,0.0,0,0,0,0,0
0x4cd3008b2e96d3028fcbb64c79bf19e242ee17d4,usdt,690,11.378740296177776,0.0,0.2521739130434782,0.0001749224359738,0.0104953461584318,0.251888307802365,343009.1724137931,False,False,False,0.0,0,0,0,0,0
0xcd4e8197f18319b6c883fdeb074a171c4bfb03ee,usdt,707,8.814550102519268,7.995879137530967,0.2263083451202263,0.0001570402621787,0.009422415730723,0.2261379775373535,382067.625,False,False,False,0.0,0,0,0,0,0
0x3ef4b60e9e6d27f9faba607dab9e7d4e4965a5b4,usdt,1066,8.306066237725243,0.0,0.0187617260787992,1.3027505406414743e-05,0.0007816503243848,0.0187596077852372,4605640.0,False,False,False,0.0,0,0,0,0,0
0x686e960ebd9aceb1771850444d4d3a7810a0dac9,usdt,945,7.732757439334004,7.381501894506707,0.0137566137566137,9.551784355977368e-06,0.0005731070613586,0.0137545694726074,6281548.846153846,False,False,False,0.0,0,0,0,0,0
0xeae2eac6d8d46820bf813fd5033c5d296328bc0d,usdt,398,6.573188333740011,0.0,0.050251256281407,3.48538803347785e-05,0.0020912328200867,0.050189587682081,1721472.6,False,False,False,0.0,0,0,0,0,0
0xf98915e9892878f0d0f252f652dee3b532c272e9,usdt,259,7.036332725679408,6.884011780865094,0.027027027027027,1.874541741492125e-05,0.0011247250448952,0.0269934010774865,3200782.285714286,False,False,False,0.0,0,0,0,0,0
0x3c23f8d6caeb3c7c6e01f007873cba58b5968abf,usdt,293,9.739324490604814,11.007302494519031,0.0443686006825938,3.07384995450702e-05,0.0018443099727042,0.044263439344901,1951949.5384615385,False,False,False,0.0,0,0,0,0,0
0xca4dff578e9c64fae4ae8abcb8a5e23885a923a7,usdt,472,7.905843073640899,5.887569623611766,0.4470338983050847,0.0003104167322563,0.018625003935378,0.447000094449072,193288.5497630332,False,False,False,0.0,0,0,0,0,0
0x4ca777305d6ad6f7c6344185a0b4277dc2b1ebd8,usdt,1112,8.400200479097075,0.0,0.4946043165467625,0.0003434545432291,0.0206072725937512,0.4945745422500294,174695.60727272727,False,False,False,0.0,0,0,0,0,0
0xa6f419c19281632c79141c25ec127664f481b1d5,usdt,192,4.894611602386298,3.701769765915413,0.03125,2.16571002442199e-05,0.0012994260146531,0.0311862243516766,2770454.0,False,False,False,0.0,0,0,0,0,0
0x0d270b28ab6e878b51362e09f9b4c14758ceab32,usdt,194,7.245590871525453,4.176692303570854,0.0773195876288659,5.368443430564195e-05,0.0032210660583385,0.0773055854001244,1117642.4,False,False,False,0.0,0,0,0,0,0
0x93494cf5ac326a1c85477bbe8986d8352f3d0e03,usdt,1130,10.587742314325034,0.0009995003330835,0.1522123893805309,0.0001056148670364,0.0063368920221845,0.1520854085324286,568101.8372093023,False,False,False,0.0,0,0,0,0,0
0xa61cd9693dba2aae1a82d9fc37860c44530ec234,usdt,1180,6.769067017105728,9.30668910320832,0.1279661016949152,8.880257635681196e-05,0.0053281545814087,0.1278757099538092,675656.0728476822,False,False,False,0.0,0,0,0,0,0
0x529bcc3c26023d6ab1a0be58c0b954eca87607ba,usdt,244,14.86536636522898,14.508658238524095,0.0860655737704918,5.962216581776059e-05,0.0035773299490656,0.0858559187775752,1006337.1428571428,False,False,False,0.0,0,0,0,0,0
0x4adf44961a7cbe8ee46b2bf04e7198e879677825,usdt,2346,15.534911472551729,11.918397239722838,0.0707587382779198,4.9137826754399134e-05,0.0029482696052639,0.0707584705263347,1221055.2228915663,False,False,False,0.0,0,0,0,0,0
0xdadac68f07a1d73f388d2f50494397715409ee0c,usdt,2014,7.608971791732887,7.495769056981013,0.0407149950347567,2.826437487472405e-05,0.0016958624924834,0.0407006998196026,2122813.62195122,False,False,False,0.0,0,0,0,0,0
0x17553ae6ee2c014f340bd89cf120572a5aba4fb2,usdt,389,7.73626218025572,5.347548780971303,0.0591259640102827,4.10506711041054e-05,0.0024630402662463,0.0591129663899117,1461608.2608695652,False,False,False,0.0,0,0,0,0,0
0x4948542a978167ca72b1469375ea25f058e20a15,usdt,156,8.228497271861793,7.201170883281678,0.1923076923076923,0.0001328405833295,0.0079704349997741,0.1912904399945801,451669.2,False,False,False,0.0,0,0,0,0,0
0x91b7bba593084d6f6484dfdd619542ded7d082a2,usdt,1346,7.482106756811434,6.906994894963469,0.0118870728083209,8.25245242254867e-06,0.0004951471453529,0.01188353148847,7270566.0,False,False,False,0.0,0,0,0,0,0
0x5e04bd4a375b472b0deb79fea0b0abc2644dd41f,usdt,564,8.651326708577391,10.555170191457458,0.0992907801418439,6.887221743942935e-05,0.0041323330463657,0.0991759931127782,871178.5714285715,False,False,False,0.0,0,0,0,0,0
0xdd4fbb48b43f19d3af8545916dd6f7eed4a5821f,usdt,254,7.533176415647247,0.0054879138163723,0.7362204724409449,0.0005100529527701,0.0306031771662112,0.7344762519890701,117634.84491978608,False,False,False,0.0,0,0,0,0,0
0x0c80ee223efcfc77361bedc92f6d04f9289ad1c6,usdt,1076,8.501693598322847,7.851168273163205,0.0111524163568773,7.738560306632713e-06,0.0004643136183979,0.0111435268415511,7753380.166666667,False,False,False,0.0,0,0,0,0,0
0x653c6c4859c69e5df0f86184f3203aeb2b3a3773,usdt,1466,7.955156731968147,6.5628278999741685,0.0798090040927694,5.539023525384903e-05,0.0033234141152309,0.0797619387655426,1083223.4188034188,False,False,False,0.0,0,0,0,0,0
0x45cbeebf0b0fb090875e6d7f1b0c0bf915a8f665,usdt,676,7.008924549831535,7.242946292330085,0.1242603550295858,8.61708505350184e-05,0.0051702510321011,0.1240860247704264,696291.1428571428,False,False,False,0.0,0,0,0,0,0
0x2431d049ade7839017a3311e96533a1f3b01c9cf,usdt,1000,8.861646712113105,9.612533487684065,0.231,0.0001604023418464,0.0096241405107849,0.2309793722588385,374059.3766233766,False,False,False,0.0,0,0,0,0,0
0xd19c57ae21c405da7d6c5c37b893a00f0e06ff14,usdt,144,6.850093641252165,4.4777201841644745,0.2638888888888889,0.0001827559208108,0.0109653552486538,0.2631685259676926,328306.7368421053,False,False,False,0.0,0,0,0,0,0
0x3f07d11ffcc42cd1dab841fb3d080d4682892f27,usdt,580,4.612216383132158,5.409638233965627,0.0172413793103448,1.1964888317339467e-05,0.0007178932990403,0.0172294391769688,5014672.8,False,False,False,0.0,0,0,0,0,0
0x8b820fe67e8367d322d0c1bfc809cd9fe478df52,usdt,133,12.052447239435844,8.83809763824,4.165413533834586,0.0028804269271044,0.172825615626264,4.147814775030338,20830.24548736462,False,False,False,0.0,0,0,0,0,0
0x63c9a867d704df159bbbb88eeee1609196b1995e,usdt,1951,7.3401447468289565,8.00665567347711,0.0312660174269605,2.170568516610584e-05,0.0013023411099663,0.0312561866391924,2764252.7540983604,False,False,False,0.0,0,0,0,0,0
0x550038a507591a83b891b52691739d6161607a1c,usdt,326,5.014844668900837,2.714694743820879,0.058282208588957,4.042893826799024e-05,0.0024257362960794,0.0582176711059059,1484085.4736842106,False,False,False,0.0,0,0,0,0,0
0x443a20eefdd5e78fba0054f8212b036ea2d0cd36,usdt,1221,7.496636398084036,6.514716028644737,0.0122850122850122,8.526104045923415e-06,0.0005115662427554,0.0122775898261297,7037211.8,False,False,False,0.0,0,0,0,0,0
0x64e10c8fc056ae0d3d2ec27fd163277b1cda9328,usdt,220,11.22166845402041,8.316973383311325,0.0318181818181818,2.199647553614838e-05,0.0013197885321689,0.0316749247720536,2727709.714285714,False,False,False,0.0,0,0,0,0,0
0xe8f1708597c0b290fdb97a6efda51381a615154c,usdt,331,9.189646743156011,0.0109893947996015,0.6283987915407855,0.000435422818584,0.0261253691150408,0.6270088587609792,137797.09615384616,False,False,False,0.0,0,0,0,0,0
0xd8dfd9a3980b7c67391084cff9c864a9ef799720,usdt,538,11.354361359542098,12.25797437523566,0.0464684014869888,3.2229860269374595e-05,0.0019337916161624,0.0464109987878994,1861627.68,False,False,False,0.0,0,0,0,0,0
0x5932dcdc298b381da8a04b0e48cd74dc2dd96203,usdt,252,10.830197944339051,11.51293546492023,0.1587301587301587,0.0001098840723037,0.0065930443382231,0.1582330641173562,546030.0,False,False,False,0.0,0,0,0,0,0
0x4a85cce4775ac80f46ee168e404ab13a9f8d8949,usdt,769,9.277819516583133,9.24037788602471,0.0546163849154746,3.792331220041712e-05,0.002275398732025,0.0546095695686006,1582140.2857142857,False,False,False,0.0,0,0,0,0,0
0xf35a6bd6e0459a4b53a27862c51a2a7292b383d1,usdt,803,11.66388737776246,2.302585092994046,0.0199252801992528,1.3831923456901976e-05,0.0008299154074141,0.0199179697779388,4337791.5,False,False,False,0.0,0,0,0,0,0
0x457ec1b4110f37fc9cf9ded464c5e64251766f7a,usdt,299,7.323764600965973,7.438971592395862,0.0668896321070234,4.639871716826773e-05,0.002783923030096,0.0668141527223055,1293139.2,False,False,False,0.0,0,0,0,0,0
0x5326d98d87306c46b7131bb109a13676bf6433e4,usdt,208,7.596195818162407,9.105090961257083,0.3076923076923077,0.0002132756067357,0.0127965364041466,0.3071168736995187,281326.125,False,False,False,0.0,0,0,0,0,0
0xa9988390d379aa5296a08d23f989353c2c2aa592,usdt,206,6.4491498254215625,0.0003989204206673,0.1213592233009708,8.391272271275736e-05,0.0050347633627654,0.1208343207063705,715028.64,False,False,False,0.0,0,0,0,0,0
0xbd3beadc99603d00972f09385c83741e3c136353,usdt,312,7.176203480255309,0.5397960976365279,0.0224358974358974,1.555996075333328e-05,0.0009335976451999,0.0224063434847999,3856050.857142857,False,False,False,0.0,0,0,0,0,0
0x29979cf7e7299e3c3e9ba0ee54fb5436318f76c0,usdt,1228,10.4497118511674,0.0,0.017915309446254,1.2439775700289162e-05,0.0007463865420173,0.0179132770084163,4823238.090909091,False,False,False,0.0,0,0,0,0,0
0x5c200dfef95d8bc04315424b3f4a2249db248d45,usdt,1632,9.89231095860112,3.4363856484980486,0.0220588235294117,1.531780564066137e-05,0.0009190683384396,0.0220576401225523,3917010.138888889,False,False,False,0.0,0,0,0,0,0
0xba8716dbdbbf336c560d2c1f36e0875246440716,usdt,164,6.802751212011151,5.303304908059076,0.0914634146341463,6.347911240965864e-05,0.0038087467445795,0.0914099218699084,945192.8,False,False,False,0.0,0,0,0,0,0
0x5c629f8c0b5368f523c85bfe79d2a8efb64fb0c8,usdt,250,9.945218804724313,7.90005255215791,0.04,2.774918070543967e-05,0.0016649508423263,0.0399588202158331,2162226.0,False,False,False,0.0,0,0,0,0,0
0xc86c23e2699c4202e4e372e364c6d06252bf7b72,usdt,374,11.429577089163732,10.309603032106915,0.0481283422459893,3.3346326050001704e-05,0.0020007795630001,0.0480187095120024,1799298.6666666667,False,False,False,0.0,0,0,0,0,0
0x84fc36e2bc5cf649b7842d7d8c59c5ae4e9c0f9f,usdt,174,3.967704626012197,3.447575114448051,3.839080459770115,0.0026646647109836,0.1598798826590163,3.83711718381639,22516.904191616766,False,False,False,0.0,0,0,0,0,0
0xf51c9c875e89d9075fa97dc39232d72438f4bce0,usdt,722,12.910016341266449,0.0,0.0415512465373961,2.883502463568388e-05,0.001730101478141,0.0415224354753847,2080802.8,False,False,False,0.0,0,0,0,0,0
0x1b52ae6662bd445aa77ccc61596b7b6fe3d9be1b,usdt,749,9.712730301955336,9.828721331237812,0.082777036048064,5.746451276696958e-05,0.0034478707660181,0.0827488983844361,1044122.6612903224,False,False,False,0.0,0,0,0,0,0
0xad8bb5fe99d112785bb9476bad2b87747e029419,usdt,726,8.32156463261381,0.0069756137364252,0.1501377410468319,0.0001042069592275,0.0062524175536527,0.1500580212876653,575777.2844036698,False,False,False,0.0,0,0,0,0,0
0x5996b9a5ea8aeb8874401289d5ec43f30c92d5d1,usdt,276,6.493392889694323,5.1337905402209945,0.7934782608695652,0.0005509029273824,0.0330541756429464,0.7933002154307155,108912.1095890411,False,False,False,0.0,0,0,0,0,0
0xf58fbd5f47641ba221d1a6653d0afd40e2525fc5,usdt,1265,6.329887264233339,0.0,0.0664031620553359,4.608830959053829e-05,0.0027652985754322,0.0663671658103751,1301848.5714285714,False,False,False,0.0,0,0,0,0,0
0x19f6b6f4e84c96c4ad24f81b162644248c159918,usdt,580,8.653662116713843,9.903462552223624,0.1672413793103448,0.0001160470591162,0.0069628235469771,0.1671077651274519,517031.6288659794,False,False,False,0.0,0,0,0,0,0
0x126e7a97d18e6591c9c9366b56b2f6e244d19362,usdt,234,5.848005434488949,3.06297962250248,0.0384615384615384,2.670066155339109e-05,0.0016020396932034,0.0384489526368831,2247135.333333333,False,False,False,0.0,0,0,0,0,0
0x7cde2aa9bfe86e5912a3e8e863cc1e75af4bc459,usdt,1721,10.416677016918166,1.3862943611198906,0.0034863451481696,2.4198032178381868e-06,0.0001451881930702,0.0034845166336869,24795404.666666668,False,False,False,0.0,0,0,0,0,0
0xa4494422a6a3eaad0de5f2a2160dfcb2f61c8699,usdt,1591,7.095334752009539,8.25339469516988,0.015713387806411,1.0911916262129196e-05,0.0006547149757277,0.015713159417466,5498575.92,False,False,False,0.0,0,0,0,0,0
0xd01825469276387b750b5febf937e05a5481808c,usdt,186,7.027080612685213,7.378241366826004,0.053763440860215,3.733034292399617e-05,0.0022398205754397,0.0537556938105544,1607271.6,False,False,False,0.0,0,0,0,0,0
0x709014405ef29ab1a493cbc96a5193d76dc8a3e3,usdt,818,7.804123922528928,7.647787390859875,0.0232273838630806,1.611202026247668e-05,0.0009667212157486,0.0232013091779664,3723927.789473684,False,False,False,0.0,0,0,0,0,0
0x170c3d36b7b6fa957c8b454c416f66c4085971c7,usdt,1663,6.568047659549898,6.31827200485218,0.004810583283223,3.3394914250939445e-06,0.0002003694855056,0.0048088676521352,17966807.625,False,False,False,0.0,0,0,0,0,0
0xfccf963e104d7038f16341c1cba3384973212390,usdt,1632,7.890619194538447,0.0001199928005759,0.0661764705882353,4.593634280557263e-05,0.0027561805683343,0.0661483336400245,1306155.351851852,False,False,False,0.0,0,0,0,0,0
0xf961aa65b558fa5094a82c502e0b8d58033d4bc1,usdt,455,8.884687175741021,7.824445930877619,0.0197802197802197,1.3725074407059629e-05,0.0008235044644235,0.0197641071461658,4371561.0,False,False,False,0.0,0,0,0,0,0
0x57b6d465312899ef2890b97a3a6b21530c937c5e,usdt,755,9.385578416999762,8.842007407911167,0.0119205298013245,8.277749776500755e-06,0.00049666498659,0.011919959678161,7248346.666666667,False,False,False,0.0,0,0,0,0,0
0x0f9d76acdbc4417b026f876be1e2042e45f3bcd2,usdt,132,8.388545411092776,6.6767563233605,0.0757575757575757,5.221610365523169e-05,0.0031329662193139,0.0751911892635336,1149070.8,False,False,False,0.0,0,0,0,0,0
0x6420e944e915bbfe8d3775ab062cfe778a62e179,usdt,878,6.597005543360948,4.429184026118923,0.0250569476082004,1.7388527223623124e-05,0.0010433116334173,0.0250394792020173,3450551.0,False,False,False,0.0,0,0,0,0,0
0x0b7fd85d572ceb591d11e46cbfc91da926a8b50a,usdt,538,7.991947716525716,1.6141364569656542,0.020446096654275,1.417286149558219e-05,0.0008503716897349,0.0204089205536383,4233442.909090909,False,False,False,0.0,0,0,0,0,0
0x3bc9afc05e90a55964265507415e808161ce0b2e,usdt,1145,13.234027194621172,3.9318256327243257,0.3222707423580786,0.0002236181760247,0.0134170905614828,0.3220101734755876,268314.5040650407,False,False,False,0.0,0,0,0,0,0
0xdb08e4713396e63a86e936c418330aa762e5eebe,usdt,1178,7.775660022156949,6.688425151067504,0.0220713073005093,1.532454814317313e-05,0.0009194728885903,0.0220673493261693,3915286.730769231,False,False,False,0.0,0,0,0,0,0
0xd32dd25afc682a98eda0eb492947d11c3caf2561,usdt,1661,8.414589982004399,7.919719760924575,0.0048163756773028,3.3445456671964825e-06,0.0002006727400317,0.0048161457607629,17939656.375,False,False,False,0.0,0,0,0,0,0
0x00348851d6ec7b2b7a8faf60e73d6664c737f8b2,usdt,177,6.275352127697508,0.0001139935024938,0.135593220338983,9.412982856604972e-05,0.0056477897139629,0.1355469531351116,637417.5,False,False,False,0.0,0,0,0,0,0
0xc070d3d6462875349a961edc307711d3564b4395,usdt,560,5.753569700324732,6.255777452126259,0.0232142857142857,1.609773554392391e-05,0.0009658641326354,0.0231807391832504,3727232.307692308,False,False,False,0.0,0,0,0,0,0
0xcb74ee3a074ebef170a84f19b23dda5f3016b0fd,usdt,512,7.418767212591371,7.090625169580297,0.05859375,4.062172910452106e-05,0.0024373037462712,0.0584952899105103,1477042.0,False,False,False,0.0,0,0,0,0,0
0xcabf9ba051d1f9190fee410a92a584fedb062edd,usdt,127,3.8752345112308393,2.175887439948088,1.5511811023622046,0.0010723632927323,0.0643417975639389,1.5442031415345356,55951.18781725888,False,False,False,0.0,0,0,0,0,0
0x72eba2a3e25a0d25f6e54226f4ebe45c7a55f557,usdt,436,8.239588131430134,0.0003149503979161,0.0275229357798165,1.90907095062188e-05,0.0011454425703731,0.027490621688955,3142890.0,False,False,False,0.0,0,0,0,0,0
0x02661b367c2231e9b120aaa41c8f68044af99e7c,usdt,180,8.620013715123928,0.0009995003330835,0.9944444444444444,0.000687167021511,0.0412300212906609,0.9895205109758616,87315.01675977654,False,False,False,0.0,0,0,0,0,0
0x4c5cc1c904e98a028a1560b367a02408a221da45,usdt,245,12.041691308433396,11.51293546492023,0.1428571428571428,9.885237104472834e-05,0.0059311422626837,0.1423474143044088,606965.7142857143,False,False,False,0.0,0,0,0,0,0
0x5c64a0a5c283ae35680f6382d879022a75187149,usdt,421,8.14581486168823,8.006700845440367,0.0973871733966745,6.753188740424884e-05,0.0040519132442549,0.0972459178621183,888469.1707317074,False,False,False,0.0,0,0,0,0,0
0x8e8238c727847f6649a15832265296cab8339909,usdt,158,7.438192825390742,0.0001699855516374,1.0063291139240509,0.000695552662523,0.0417331597513858,1.0015958340332605,86262.3396226415,False,False,False,0.0,0,0,0,0,0
0xe06e2bcf58b7be42e73db507508396ff5920ac5b,usdt,156,6.568366765756958,6.248854923817375,0.2115384615384615,0.0001460091711457,0.0087605502687453,0.2102532064498887,410933.0909090909,False,False,False,0.0,0,0,0,0,0
0xd8fc703974eaac5ce858a50d7c9a13a6fbc8e7b9,usdt,937,12.234761742634422,0.0,0.1259338313767342,8.741275577305694e-05,0.0052447653463834,0.1258743683132019,686398.6779661017,False,False,False,0.0,0,0,0,0,0
0xdfbaae9b5acdc368f692fc9b8c7f2298dd26ff6f,usdt,134,9.4465067085653,4.750966977626341,0.0597014925373134,4.143222930252985e-05,0.0024859337581517,0.0596624101956429,1448148.0,False,False,False,0.0,0,0,0,0,0
0x07ae48bfad52397d2ca27be214dff12d2ca3949b,usdt,275,8.099148714569395,0.0001999800026662,2.9527272727272726,0.0020490386425472,0.1229423185528336,2.950615645268008,29282.02463054188,False,False,False,0.0,0,0,0,0,0
0xee8311fe397e2464f78b3732e74dcd65087e7187,usdt,469,8.580659644719393,0.0,0.0810234541577825,5.620874389136684e-05,0.003372524633482,0.0809405912035682,1067449.5789473683,False,False,False,0.0,0,0,0,0,0
0xe103ca0e8358c0e85424e202f9b3ead474134eb5,usdt,733,7.194192925707309,0.0,0.6643929058663028,0.0004611327579431,0.0276679654765906,0.6640311714381756,130114.37371663244,False,False,False,0.0,0,0,0,0,0
0xe01c99bba33c53ab3e5acc7dad804ef648b436ed,usdt,461,7.567431005878231,0.0,0.0108459869848156,7.517044899309184e-06,0.0004510226939585,0.0108245446550052,7981860.0,False,False,False,0.0,0,0,0,0,0
0xb2747c760bb45c69f8817f78b63250193c05a809,usdt,1052,7.984893177256519,4.970936938890168,0.0503802281368821,3.495983104419365e-05,0.0020975898626516,0.0503421567036388,1716255.433962264,False,False,False,0.0,0,0,0,0,0
0x36b4a21931b4bfeabedf222549b6013cfe62976a,usdt,146,7.0048965086637205,7.00397413672268,0.0342465753424657,2.371747740910277e-05,0.0014230486445461,0.0341531674691079,2529780.0,False,False,False,0.0,0,0,0,0,0
0x96d15b3e904321798ce425c74bcde25618904353,usdt,377,7.992427048573861,7.858370139900246,0.0928381962864721,6.442701192672844e-05,0.0038656207156037,0.0927748971744889,931286.4,False,False,False,0.0,0,0,0,0,0
0xc342ed728a323e8a3995226b6b42af4980aacf98,usdt,739,6.327790237277503,8.218744079471561,0.0311231393775372,2.1612960183383147e-05,0.0012967776110029,0.0311226626640717,2776112.086956522,False,False,False,0.0,0,0,0,0,0
0x7370d69696d7a41b233990968fa9d67a6689af56,usdt,201,3.725830911761126,3.218875824868201,0.6268656716417911,0.0004335280998463,0.0260116859907803,0.6242804637787273,138399.33333333334,False,False,False,0.0,0,0,0,0,0
0x73cdf70945aba2adf59a5c160acd72fcf4cb0594,usdt,402,10.622426324563492,9.926626147046132,0.2587064676616915,0.0001794531028649,0.010767186171896,0.2584124681255054,334349.1923076923,False,False,False,0.0,0,0,0,0,0
0xb20e2856629ae216cb8ca2e0830a2ee30fe054d7,usdt,374,9.20894096135774,7.244941546337007,0.4732620320855615,0.0003284582947039,0.0197074976822349,0.4729799443736393,182671.59322033892,False,False,False,0.0,0,0,0,0,0
0xc404ff2505f78cd384a968046cd924cb1bffda5e,usdt,189,8.608141143799001,0.0001499887511248,0.4814814814814814,0.0003343584543086,0.0200615072585178,0.4814761742044289,179448.13186813187,False,False,False,0.0,0,0,0,0,0
0x733d127ca66320ea77f9223c578c91927da5ae54,usdt,468,9.959240464137055,3.5352294614219524,0.0341880341880341,2.373370310442769e-05,0.0014240221862656,0.0341765324703758,2528050.5,False,False,False,0.0,0,0,0,0,0
0x446880eaf977b6fbc4b4a22eaca559b5e00e94da,usdt,417,9.251277144645174,0.0009995003330835,0.0959232613908872,6.652167159647687e-05,0.0039913002957886,0.0957912070989267,901961.7,False,False,False,0.0,0,0,0,0,0
0xd533a949740bb3306d119cc777fa900ba034cd52,usdt,1705,10.103747488352631,9.99995000033333e-06,0.0058651026392961,4.070632999646133e-06,0.0002442379799787,0.0058617115194904,14739722.3,False,False,False,0.0,0,0,0,0,0
0x843af6c65d0acd4ded60ecdb39b0efbf4ed384f2,usdt,461,7.439289009973596,0.0001999800026662,0.193058568329718,0.0001339166280214,0.0080349976812862,0.1928399443508699,448039.9550561798,False,False,False,0.0,0,0,0,0,0
0x687a19e7fd7c3254f55e9bd405573e6055c3b134,usdt,171,4.105524087800851,2.3739750890807185,0.0818713450292397,5.668043731386549e-05,0.0034008262388319,0.0816198297319663,1058566.2857142857,False,False,False,0.0,0,0,0,0,0
0x370d5f9cf1dd92f01b18a0d47cf1a6da13bef3a2,usdt,144,6.613839831350728,7.628517864415494,0.0625,4.312658130798129e-05,0.0025875948784788,0.062102277083493,1391253.3333333333,False,False,False,0.0,0,0,0,0,0
0xc509d36fa17bae3417f2e85aa5ff1a20ff91f945,usdt,212,7.782618178686797,6.2166061010848646,0.2122641509433962,0.000146763083127,0.0088057849876259,0.2113388397030232,408822.15555555554,False,False,False,0.0,0,0,0,0,0
0x93f3d0f1eb146f2e790794ecf93af2f4a409021f,usdt,286,4.840620039189771,1.0043631457649933,0.0454545454545454,3.154895670027035e-05,0.0018929374020162,0.0454304976483893,1901806.1538461533,False,False,False,0.0,0,0,0,0,0
0x328f287e1f9b6e10b3c01d6ec0e47e98191ba23a,usdt,330,8.863447615901064,0.0009995003330835,1.8818181818181816,0.0013033584672336,0.0782015080340191,1.876836192816459,46034.91787439614,False,False,False,0.0,0,0,0,0,0
0x64b58cf8684e6b0449cb3089d42fc8e161ce08e7,usdt,633,9.901190378851869,3.7133818534929706,0.0236966824644549,1.6452405166142967e-05,0.0009871443099685,0.0236914634392458,3646883.2,False,False,False,0.0,0,0,0,0,0
0xe8f5d4d6111b7f42bae0b75b077845d5e51ea905,usdt,124,5.352636555545463,0.0010494491355713,5.387096774193548,0.0037313474521264,0.2238808471275886,5.373140331062126,16079.982035928144,False,False,False,0.0,0,0,0,0,0
0xf98b5bc533ed491dee4af30816c326a98e054e60,usdt,359,4.468349710255103,3.713572066704308,2.0557103064066853,0.0014244117932032,0.085464707592192,2.0511529822126096,42122.650406504064,False,False,False,0.0,0,0,0,0,0
0x81eea4f3857f4b80e3a34359ae08eaf6f68f945c,usdt,417,12.173216500132057,8.881975184387736,0.0239808153477218,1.664164318253453e-05,0.000998498590952,0.0239639661828497,3605413.2,False,False,False,0.0,0,0,0,0,0
0xfe51eb0d8e7c1e81cdc03655e61e7e0c17204190,usdt,1645,8.819830540986924,0.0,0.1082066869300911,7.512042267982907e-05,0.0045072253607897,0.1081734086589538,798717.5505617978,False,False,False,0.0,0,0,0,0,0
0x3e630436ff5d3b658788dc4d1521606f875573df,usdt,1229,10.542245593442024,8.115504933720858,0.1432058584214808,9.939595871091876e-05,0.0059637575226551,0.143130180543723,603646.2727272727,False,False,False,0.0,0,0,0,0,0
0x9f8e1c6460cfb69b74060cc14708385350719f59,usdt,148,8.086148134506344,8.853808274977197,0.1351351351351351,9.351160385492236e-05,0.0056106962312953,0.1346567095510882,641631.6,False,False,False,0.0,0,0,0,0,0
0x2fd1fd25ee243103179bd046777928b0f4882e1a,usdt,1820,9.32837604904937,8.899737011914578,0.0401098901098901,2.784653654187824e-05,0.0016707921925126,0.0400990126203046,2154666.520547945,False,False,False,0.0,0,0,0,0,0
0x8f4afe45b096e80bcd83ade18bcb8c977263f0eb,usdt,1773,11.80551555759967,9.999500033330834e-05,0.0987027636773829,6.850591030174068e-05,0.0041103546181044,0.0986485108345065,875836.84,False,False,False,0.0,0,0,0,0,0
0xdb76212c11fd747efb23a842c454b9fb772c521d,usdt,775,6.767084021505284,6.962853581137354,0.024516129032258,1.7012385195500065e-05,0.00102074311173,0.02449783468152,3526842.3157894737,False,False,False,0.0,0,0,0,0,0
0xc64659b6b4b9b8ed8dc7da03adb46492063f2443,usdt,340,4.769236593523867,5.8562173976999565,1.373529411764706,0.0009514309766367,0.057085858598206,1.3700606063569445,63062.90364025696,False,False,False,0.0,0,0,0,0,0
0xcb6ae61de6b983d7eb851b00add112938fa1ebff,usdt,840,8.006687573109705,8.853808274977197,0.0059523809523809,4.132738946287123e-06,0.0002479643367772,0.0059511440826534,14518216.8,False,False,False,0.0,0,0,0,0,0
0x5fa5d55f11ba187d4c318b21a2c1b67714b5a9e4,usdt,1596,8.477480217330422,11.644988365454015,0.2976190476190476,0.0002066075785907,0.0123964547154428,0.2975149131706278,290405.6105263158,False,False,False,0.0,0,0,0,0,0
0x7a032918f3ef700a47dce82f87356d8481a1b7a0,usdt,470,11.54324053394668,0.0007996801705643,0.5531914893617021,0.000383391820247,0.0230035092148224,0.5520842211557376,156497.86153846153,False,False,False,0.0,0,0,0,0,0
0x4823be7f266c5bca85b7dbd8e41f4710e1c49a7b,usdt,905,10.8828752175778,7.705987345867634,0.0519337016574585,3.605331933066732e-05,0.00216319915984,0.0519167798361609,1664201.829787234,False,False,False,0.0,0,0,0,0,0
0x3fdb8e26a9f53b78216c63bbc7a5c849701d183e,usdt,202,6.292456105347101,6.093569770045136,0.0297029702970297,2.057146148576695e-05,0.001234287689146,0.0296229045395044,2916662.0,False,False,False,0.0,0,0,0,0,0
0x256478da32fb4eab4764ac762d70a772ec586ba2,usdt,1182,8.49135016142445,4.006240279137205,0.5363790186125211,0.0003722044124324,0.0223322647459457,0.5359743539026988,161201.7429022082,False,False,False,0.0,0,0,0,0,0
0x6eb13bf70edaade22b0c5a7f0de7138ce96d53db,usdt,2018,9.219154106851764,5.535998331747172,0.0678889990089197,4.712932284468533e-05,0.0028277593706811,0.0678662248963468,1273092.7664233577,False,False,False,0.0,0,0,0,0,0
0xad01f3ef6d7dcbe466b2d96fde91fa63e32640ca,usdt,378,7.622351496448118,8.191058178518265,0.0211640211640211,1.4659462518136503e-05,0.0008795677510881,0.0211096260261165,4092919.5,False,False,False,0.0,0,0,0,0,0
0x6671da2369b8fb239fd40dc620658810ffb7be8f,usdt,180,5.137024156137844,4.176692303570854,0.0333333333333333,2.313738283807765e-05,0.0013882429702846,0.0333178312868318,2593206.0,False,False,False,0.0,0,0,0,0,0
0xdc77b2c59db1b02f988e8e08a60fbe9139447cc3,usdt,1096,13.878531211116606,12.137783098081448,0.0200729927007299,1.3930988794355871e-05,0.0008358593276613,0.0200606238638724,4306944.818181818,False,False,False,0.0,0,0,0,0,0
0xbbda5e55b588a596f8b64898efa0043a6d7a7db1,usdt,138,5.06114261168495,5.066600752573756,0.0507246376811594,3.504601541824416e-05,0.0021027609250946,0.0504662622022715,1712034.857142857,False,False,False,0.0,0,0,0,0,0
0x6cb8e395d1f7c7b00d6594ded6aa03c5f7ca13c8,usdt,2069,8.850788709390086,0.0009995003330835,0.2653455775737071,0.0001842443989534,0.0110546639372095,0.2653119344930282,325654.4043715847,False,False,False,0.0,0,0,0,0,0
0x7c9206a6785c2c1e9406522300dee46d84723189,usdt,1520,9.649849445560925,0.0001849828896102,0.0513157894736842,3.5632340033634496e-05,0.002137940402018,0.0513105696484336,1683863.5897435895,False,False,False,0.0,0,0,0,0,0
0x1247e46704fcd97569781aecb95289c42e83c6a9,usdt,161,6.406831379277462,0.0,0.1801242236024844,0.0001245852171477,0.0074751130288642,0.1794027126927419,481598.0689655172,False,False,False,0.0,0,0,0,0,0
0x9d2773e66d41a28cae8ebbdbb7d396fe51ae03de,usdt,1565,7.292490608922553,5.303304908059076,0.0562300319488817,3.90402478558863e-05,0.0023424148713531,0.0562179569124762,1536875.4886363635,False,False,False,0.0,0,0,0,0,0
0xc3a038cb837ff7cdb038c72d3714951a835e6a36,usdt,2003,8.234834269293517,9.819446281557038,0.0579131303045431,4.0206381435549095e-05,0.0024123828861329,0.0578971892671906,1492300.4224137932,False,False,False,0.0,0,0,0,0,0
0xd96151623dd033286d68057b4a5ae9144810be9c,usdt,368,5.710891138130989,5.69035945432406,0.0217391304347826,1.5092756307074202e-05,0.0009055653784244,0.0217335690821868,3975417.0,False,False,False,0.0,0,0,0,0,0
0xd55f0760bada0c70e3373b76f293f922138f5baf,usdt,896,10.147141449556717,6.21051457336932,0.0602678571428571,4.182280513918629e-05,0.0025093683083511,0.0602248394004282,1434624.0,False,False,False,0.0,0,0,0,0,0
0x93aba977a66169f0713691e9f337f5f0e20746d5,usdt,897,11.617266930041335,10.819388378226746,0.0222965440356744,1.548276180266415e-05,0.0009289657081598,0.0222951769958363,3875277.6,False,False,False,0.0,0,0,0,0,0
0xf1ca0ccad877d559f9405c085d718da8e0591e2f,usdt,121,7.139209173143629,7.031044711460052,0.0661157024793388,4.585515274351379e-05,0.0027513091646108,0.0660314199506598,1308468.0,False,False,False,0.0,0,0,0,0,0
0xa502379cabe4315f370661b33838906cafa58cac,usdt,198,4.910651247439851,2.714694743820879,0.0909090909090909,6.310913462650962e-05,0.0037865480775905,0.0908771538621738,950734.0,False,False,False,0.0,0,0,0,0,0
0x828c1d5770eb80f65e060425ee51bf4cb90c115a,usdt,774,12.656988148588384,9.903571348625135,0.0917312661498708,6.363191999370493e-05,0.0038179151996222,0.091629964790935,942922.985915493,False,False,False,0.0,0,0,0,0,0
0x350a6f337ed70b55ce964f87d15af6da1a6c4ebd,usdt,745,10.90050325840721,0.0,0.3221476510067114,0.0002236987583041,0.013421925498247,0.3221262119579289,268217.85,False,False,False,0.0,0,0,0,0,0
0x573846c69ce32d52e71663a35206a419fbce7fd8,usdt,907,11.392981595163636,0.0,0.0639470782800441,4.436970613943624e-05,0.0026621823683661,0.0638923768407881,1352274.0,False,False,False,0.0,0,0,0,0,0
0xff96e99ed6f7d191f2527a1f7d4531e0173fc8c7,usdt,358,9.015056359098416,8.128825983183399,0.0223463687150838,1.5486636581294002e-05,0.0009291981948776,0.0223007566770633,3874308.0,False,False,False,0.0,0,0,0,0,0
0x21fa065835ea0009b4ea3b997d51db020ea79565,usdt,256,9.367324934106058,7.2793946946062045,0.0859375,5.965946378073954e-05,0.0035795678268443,0.0859096278442649,1005708.0,False,False,False,0.0,0,0,0,0,0
0xa19584348818c62fa454239006bba27e09430580,usdt,1243,7.517315853505606,8.784978714883335,0.3000804505229284,0.000208372787296,0.0125023672377645,0.3000568137063485,287945.4691689008,False,False,False,0.0,0,0,0,0,0
0xcd410999af25c4f1ddae2ddf920e41fbf9653699,usdt,491,8.388561147416008,0.0001109938399558,0.1018329938900203,7.060096672491717e-05,0.004236058003495,0.1016653920838807,849846.72,False,False,False,0.0,0,0,0,0,0
0xc503c55832e0c9f708f5f7abdb8bc093d3e8cc88,usdt,447,8.323209019380956,0.0,0.0425055928411633,2.9512781260688675e-05,0.0017707668756413,0.0424984050153916,2033017.4736842103,False,False,False,0.0,0,0,0,0,0
0xde2fd50c56668d0e6326e32397cf5d8cf7e3bc07,usdt,339,8.572016891999663,8.590341089160264,0.1002949852507374,6.94510831509221e-05,0.0041670649890553,0.1000095597373278,863917.4117647059,False,False,False,0.0,0,0,0,0,0
0xd6941458d58146b1f4ba0ca1d0bd5006813caa15,usdt,758,7.3936870996302995,0.0,0.0131926121372031,9.15530864162869e-06,0.0005493185184977,0.0131836444439453,6553574.8,False,False,False,0.0,0,0,0,0,0
0x5170a9264352469ae522b9ee258a63d7242d7360,usdt,1501,10.864447182713274,10.308985993422082,0.324450366422385,0.0002252825543988,0.0135169532639313,0.3244068783343524,266332.2073921971,False,False,False,0.0,0,0,0,0,0
0xd97140b221774c7e80ee4382a7ea850ac1baefd4,usdt,334,14.960209797106822,10.840995557897044,0.0449101796407185,3.116438882686022e-05,0.0018698633296116,0.0448767199106787,1925274.4,False,False,False,0.0,0,0,0,0,0
0x78c1574d851b42e4c237614032862ce77c092ceb,usdt,535,5.673198049710121,6.951805166725142,0.1682242990654205,0.0001166926502301,0.007001559013807,0.1680374163313698,514171.2,False,False,False,0.0,0,0,0,0,0
0xb7399443bcf8f89355c7339c280b4e2ea76cc80e,usdt,277,4.2307844419277965,0.0197045832743354,2.155234657039711,0.0014954977251901,0.0897298635114086,2.153516724273807,40120.42211055276,False,False,False,0.0,0,0,0,0,0
0x4ebc61f92a885b28529731cbc91575b52acd82c6,usdt,175,5.517080473710307,0.0,0.4971428571428571,0.0003450677522683,0.0207040651360994,0.4968975632663875,173878.89655172414,False,False,False,0.0,0,0,0,0,0
0xf91dc62ecb1d2cfc6ee72e1e7a27288c20bb5486,usdt,1138,12.985253715674975,0.0,0.3813708260105448,0.0002646719105043,0.0158803146302582,0.3811275511261973,226695.7603686636,False,False,False,0.0,0,0,0,0,0
0xbd74932817ef8f48123b97e910b1b8b9e8d5e946,usdt,643,6.67505327334612,3.0352870174512527,0.0171073094867807,1.1861723361750428e-05,0.000711703401705,0.0170808816409206,5058286.909090909,False,False,False,0.0,0,0,0,0,0
0x0fee5b57173273bc7ffa63e50f459c53148d353a,usdt,879,7.696540428344996,0.0001779841598796,0.1729237770193401,0.0001199830886993,0.0071989853219635,0.1727756477271256,500070.4736842105,False,False,False,0.0,0,0,0,0,0
0xad43ae8160d3dcac4ff71ea9f023ff66b338d5bd,usdt,988,6.934635897117233,4.02535169073515,0.0546558704453441,3.795345950000394e-05,0.0022772075700002,0.0546529816800056,1580883.5555555555,False,False,False,0.0,0,0,0,0,0
0xa6f49924f5bcf3aca5521200cbcf5b824c2423e2,usdt,217,7.459699360198905,7.149916836132109,1.9216589861751152,0.0013285137276565,0.0797108236593958,1.9130597678255004,45163.25179856115,False,False,False,0.0,0,0,0,0,0
0x0a6db4d1817242bf315072ff39b27f7f5cfe8dc2,usdt,336,8.300648385911106,9.049192641249656,0.0357142857142857,2.4757622872082312e-05,0.0014854573723249,0.0356509769357985,2423496.0,False,False,False,0.0,0,0,0,0,0
0x92fd48be5315a6d6541fcfbab96e9a2a3447fc5c,usdt,298,6.534204960644604,8.9215656689543,0.3456375838926174,0.000239574803569,0.0143744882141407,0.3449877171393791,250443.6990291262,False,False,False,0.0,0,0,0,0,0
0x25c256f6437de6e9ba2c0ded33b87d99bd9de8db,usdt,716,11.399282541682842,8.60957394299611,0.0293296089385474,2.0356313025810835e-05,0.0012213787815486,0.0293130907571676,2947488.571428572,False,False,False,0.0,0,0,0,0,0
0x4b91bfcf879b815c147608af0d7bbfec12dea32d,usdt,236,6.351911342413307,0.0,0.4279661016949153,0.0002967264898607,0.017803589391646,0.4272861453995055,202206.4158415841,False,False,False,0.0,0,0,0,0,0
0x8f9bc99528222242ad89c06381b87e710cb1e80e,usdt,329,8.811250101891831,0.0001059943823969,0.0395136778115501,2.736754529118226e-05,0.0016420527174709,0.0394092652193024,2192377.846153846,False,False,False,0.0,0,0,0,0,0
0x0280983c1d2d677ee495588eba3450d61941938e,usdt,744,11.706141632972676,2.6596098157530337,0.0268817204301075,1.8658930425326587e-05,0.0011195358255195,0.0268688598124702,3215618.4,False,False,False,0.0,0,0,0,0,0
0x78f81f0b5e26ad3177fc5fb5518d7a0c5ab4d866,usdt,137,8.062085763206888,6.90875477931522,0.3138686131386861,0.0002169114234635,0.0130146854078136,0.3123524497875277,276610.6046511628,False,False,False,0.0,0,0,0,0,0
0x8487a010abfb7225e665b06ab9f10a4cb5ef5c3d,usdt,1942,8.283177186351692,0.0,0.0339855818743563,2.3589961013300345e-05,0.001415397660798,0.0339695438591525,2543454.8181818184,False,False,False,0.0,0,0,0,0,0
0x3b7b8fdf3d5b35e079ec54fcc4207b02b1b15c61,usdt,160,7.919794445885492,5.754936591692367,0.08125,5.613407234559244e-05,0.0033680443407355,0.0808330641776531,1068869.5384615385,False,False,False,0.0,0,0,0,0,0
0x255d9d0f49b23a2cd072ace53a79d8ed6a0ab0d7,usdt,1353,5.907837489570627,7.116394144093465,0.0251293422025129,1.744580948876723e-05,0.001046748569326,0.0251219656638248,3439221.323529412,False,False,False,0.0,0,0,0,0,0
0x2447350e0aacb6a4050a008d72aabd02dc112739,usdt,1493,8.814667394980544,8.160803920954665,0.0495646349631614,3.4402711131995176e-05,0.0020641626679197,0.049539904030073,1744048.5945945946,False,False,False,0.0,0,0,0,0,0
0x22379ff016d0b4310db1a93c78ee3375da404fc3,usdt,834,8.856925112773514,4.038648361180718,0.0251798561151079,1.7468789096813692e-05,0.0010481273458088,0.0251550562994117,3434697.1428571427,False,False,False,0.0,0,0,0,0,0
0x4a1fb129bb758f660a5a183a97e939f98859b06f,usdt,339,6.40291719904572,6.444780429090295,0.079646017699115,5.530805768753324e-05,0.0033184834612519,0.0796436030700478,1084832.888888889,False,False,False,0.0,0,0,0,0,0
0xeae199f8106882dde2131587f2ac44f178281912,usdt,130,6.813708301002337,7.0155598056105735,0.0615384615384615,4.245851802788675e-05,0.0025475110816732,0.0611402659601569,1413144.0,False,False,False,0.0,0,0,0,0,0
0xf8992a1f4e302460bd49a1646ee315d810235212,usdt,2244,10.95518207020215,0.0,0.1648841354723707,0.0001144720518032,0.0068683231081946,0.1648397545966716,524145.4054054054,False,False,False,0.0,0,0,0,0,0
0x9ab6e492dd154be089fe28d7d398f1fc9290f184,usdt,187,8.526295638164774,9.908524844053396,0.2245989304812834,0.0001558409175913,0.0093504550554793,0.2244109213315048,385008.0,False,False,False,0.0,0,0,0,0,0
0x5149f7e121b8488e46541339b2df6615c1aa3089,usdt,1484,8.375741215799074,8.466162838246088,0.3571428571428571,0.0002478576293306,0.0148714577598378,0.3569149862361073,242074.45283018867,False,False,False,0.0,0,0,0,0,0
0xfeb2487adeab8e2b94660cb8108bd165b4c8ef83,usdt,342,4.816979191345292,6.080166858869599,0.0321637426900584,2.2310897900057727e-05,0.0013386538740034,0.0321276929760831,2689268.727272727,False,False,False,0.0,0,0,0,0,0
0x1fa0da296d422be7ae72bff571ca3c9deb502202,usdt,552,10.589550209441152,10.74608081823053,0.0398550724637681,2.764160101158208e-05,0.0016584960606949,0.0398039054566782,2170641.272727273,False,False,False,0.0,0,0,0,0,0
0x3efcfb7e76286dc2eafaf57f80ee75cee0454b4a,usdt,621,12.02499618412515,0.0025068552111807,0.4541062801932367,0.0003152217215934,0.0189133032956095,0.4539192790946295,190342.21276595743,False,False,False,0.0,0,0,0,0,0
0xde748ca4a5214772ad640083f4fcf81601c8db62,usdt,856,13.803673583762974,14.508658238524095,0.0595794392523364,4.136616714721716e-05,0.002481970028833,0.0595672806919927,1450460.705882353,False,False,False,0.0,0,0,0,0,0
0x61e3a9ed8bc7a682de9e6028e6e4d60f19e7faef,usdt,1577,8.317658428738081,9.16268216779324,0.0818008877615726,5.678846858932954e-05,0.0034073081153597,0.0817753947686345,1056552.5271317828,False,False,False,0.0,0,0,0,0,0
0xe5a42d23ba92856df23b07ba8210a14ef651e314,usdt,1020,5.148995901436769,5.011848311426503,0.0049019607843137,3.403099288734099e-06,0.000204185957324,0.0049004629757771,17630987.2,False,False,False,0.0,0,0,0,0,0
0xc2e4a11e2816125386505637d7d025b02a9bc69c,usdt,324,10.79562185743371,8.724695046740491,0.0493827160493827,3.422041196242941e-05,0.0020532247177457,0.0492773932258983,1753339.5,False,False,False,0.0,0,0,0,0,0
0xde9a51a46932fb8ee0bce4417a329d29b26f5a57,usdt,856,4.981770683980925,3.2489059335031647,0.0408878504672897,2.838458156017556e-05,0.0017030748936105,0.0408737974466528,2113823.657142857,False,False,False,0.0,0,0,0,0,0
0x2cd79be92971d4a47c98c0a3bbf2e5e713442c5b,usdt,191,7.205856693076408,0.0001199928005759,0.1256544502617801,8.722781287889582e-05,0.0052336687727337,0.1256080505456099,687854.0,False,False,False,0.0,0,0,0,0,0
0x6d0e0f0b11ff9795b18f5fd204909c103a7dc8b0,usdt,456,8.784632032260014,0.0,0.1359649122807017,9.4237383970221e-05,0.0056542430382132,0.1357018329171182,636690.0,False,False,False,0.0,0,0,0,0,0
0xe5e3aa6188bd53cf05d54bb808c0f69b3e658087,usdt,620,7.5093027312407665,6.084692599424876,0.0225806451612903,1.566910433161197e-05,0.0009401462598967,0.0225635102375212,3829191.4285714286,False,False,False,0.0,0,0,0,0,0
0xe1b846bb36331709bbc8e32147da55829125d5e0,usdt,193,4.3612370204663256,4.7091697760065765,0.1036269430051813,7.172536072477042e-05,0.0043035216434862,0.1032845194436694,836524.2,False,False,False,0.0,0,0,0,0,0
0xd87666833ba1b370ac77f609696267ea8f30a727,usdt,519,13.430589078225523,10.731795803237036,0.0693641618497109,4.814292672084886e-05,0.0028885756032509,0.0693258144780223,1246289.0,False,False,False,0.0,0,0,0,0,0
0x72a7044c610c7d3c7496e23409555bc68a94d4ba,usdt,196,10.07450747122739,0.0,2.372448979591837,0.0016434661089013,0.0986079665340819,2.366591196817967,36508.2064516129,False,False,False,0.0,0,0,0,0,0
0x00797aa2e015a7461e4ed4fe51b725292decce7a,usdt,583,8.54591777142222,5.954419380137027,0.1303602058319039,9.050437612475504e-05,0.0054302625674853,0.1303263016196472,662951.3684210526,False,False,False,0.0,0,0,0,0,0
0x45fe7b9b400040325d1a018af3a433fe3ebd2ad0,usdt,470,8.977741899811752,0.0013081440064156,0.0446808510638297,3.099824992737553e-05,0.0018598949956425,0.0446374798954207,1935593.142857143,False,False,False,0.0,0,0,0,0,0
0x8493a7afa721bc587c0e6277d0f447b5fe659942,usdt,1266,6.6367591296584525,0.001998002662673,0.0545023696682464,3.783028719109241e-05,0.0022698172314655,0.054475613555173,1586030.7826086956,False,False,False,0.0,0,0,0,0,0
0x89a2a295174d899c6d68dfc03535993ee15ff72e,usdt,1385,6.59035485306786,0.324912826179273,0.007942238267148,5.5119734302169e-06,0.000330718405813,0.0079372417395123,10885393.545454543,False,False,False,0.0,0,0,0,0,0
0xade670125b0627864e29670381d1425d6231afe8,usdt,850,7.165871524920203,6.2166061010848646,0.1894117647058823,0.0001315341853262,0.0078920511195765,0.189409226869836,456155.1801242236,False,False,False,0.0,0,0,0,0,0
0x59968a001e254cd54f409d1627b200aabf61ee13,usdt,528,9.113848627248872,6.68586094706836,0.2462121212121212,0.0001709290229065,0.0102557413743955,0.2461377929854936,351022.8923076923,False,False,False,0.0,0,0,0,0,0
0x229c6145065b282e902ef881e8cf28d226f3e28a,usdt,121,6.398431448626358,5.459676220668496,0.2892561983471074,0.0002003005653054,0.0120180339183254,0.2884328140398106,299549.82857142854,False,False,False,0.0,0,0,0,0,0
0x14a88f43f6552d531f891cf9303636e5885f6cb4,usdt,131,7.481611722875524,7.601402334583733,0.0381679389312977,2.632973037302909e-05,0.0015797838223817,0.0379148117371618,2278792.8,False,False,False,0.0,0,0,0,0,0
0x7f53cbfa66a67146ca58dd8ee0aff7c5832c2239,usdt,274,5.046895546072224,5.645446897643238,0.4124087591240876,0.0002863209531193,0.0171792571871626,0.4123021724919045,209555.0442477876,False,False,False,0.0,0,0,0,0,0
0x679e21a0ed6a30ee97a33e04d8009654f1d763e2,usdt,1860,7.491111791902807,0.0,0.0198924731182795,1.381306515113864e-05,0.0008287839090683,0.0198908138176396,4343713.675675675,False,False,False,0.0,0,0,0,0,0
0xa3c7c88123c0560d6fb006648c2e2e74c15315dd,usdt,1179,9.867053507597808,8.699684511632901,0.3655640373197625,0.0002537233459504,0.0152234007570256,0.3653616181686167,236478.04176334105,False,False,False,0.0,0,0,0,0,0
0x94ab7004390d951da2aa2a2e646758ac498b521a,usdt,1014,8.607971026920643,9.138560071000466,0.0424063116370808,2.942024063293748e-05,0.0017652144379762,0.0423651465114299,2039412.279069768,False,False,False,0.0,0,0,0,0,0
0x4d8222965d7ab82c5c4eed9ae7d55448c22c15d9,usdt,1490,6.232834751189297,4.777161822393885,0.0261744966442953,1.816484936146596e-05,0.0010898909616879,0.0261573830805109,3303082.717948718,False,False,False,0.0,0,0,0,0,0
0xf218caf1aee1f12076848938831efaf24a3c5cbb,usdt,551,5.710103819456684,5.302508471584743,0.0108892921960072,7.557139532001463e-06,0.00045342837192,0.0108822809260821,7939512.0,False,False,False,0.0,0,0,0,0,0
0x846232dfa5fb36969893a8c05457a981c4e3c4c3,usdt,146,9.107970839974966,9.387002366702609,0.1506849315068493,0.0001041722896027,0.0062503373761651,0.1500080970279645,575968.9090909091,False,False,False,0.0,0,0,0,0,0
0x1cbb87bb9a4dd0316189eede2277a58590dc124a,usdt,1013,8.908671316681781,10.328787967145065,0.0414610069101678,2.8775420529076983e-05,0.0017265252317446,0.0414366055618708,2085112.880952381,False,False,False,0.0,0,0,0,0,0
0xa486c29cfa5e8142008662d3a06beb125b62270c,usdt,192,6.552899540713439,2.714694743820879,0.0833333333333333,5.760459915119624e-05,0.0034562759490717,0.0829506227777225,1041583.5,False,False,False,0.0,0,0,0,0,0
0xe934931d46dab10024f7e27d55435b4d18e8a1b0,usdt,271,6.412153915807269,6.246920387889438,0.033210332103321,2.301086419601575e-05,0.0013806518517609,0.0331356444422626,2607464.0,False,False,False,0.0,0,0,0,0,0
0xbdd53e37b3abf86e9bff2b3e369c3393a0f22b3d,usdt,1989,6.500442744432132,5.381767244756688,0.1699346405228758,0.0001179603064615,0.0070776183876944,0.1698628413046668,508645.6775147929,False,False,False,0.0,0,0,0,0,0
0xce2a0dd041baacd6c6f52c9886053ceb1d5307bb,usdt,898,7.789740643589103,6.953486873349193,0.242761692650334,0.0001684188406603,0.0101051304396195,0.2425231305508686,356254.6788990826,False,False,False,0.0,0,0,0,0,0
0x459cd6d148ffe0fd3e2aa09af5a6e1b1d321b7fe,usdt,334,5.858055801247752,5.707110264748875,2.697604790419162,0.0018707842468754,0.1122470548125249,2.6939293155006,32072.110987791344,False,False,False,0.0,0,0,0,0,0
0x47a3eef73cc7e451d87cb88b93b19b42145b6dd9,usdt,1469,8.722020499817475,5.666426688112432,0.0660313138189244,4.582712672356454e-05,0.0027496276034138,0.0659910624819329,1309268.206185567,False,False,False,0.0,0,0,0,0,0
0xec04cd72c9ba567537437683d155507dfdaafb09,usdt,530,3.0091946971098147,2.9806186357439426,0.9509433962264152,0.0006597468300081,0.0395848098004868,0.9500354352116832,90943.97619047618,False,False,False,0.0,0,0,0,0,0
0x93828f12d69e9efc6af13eddaed60c9569379bfe,usdt,1665,7.6739301255537695,5.576341825263314,0.1297297297297297,9.008806233215275e-05,0.0054052837399291,0.1297268097582999,666014.9907407408,False,False,False,0.0,0,0,0,0,0
0xdcae87821fa6caea05dbc2811126f4bc7ff73bd1,usdt,1161,11.563739181851368,12.725759960267196,0.0189491817398794,1.3155036611064846e-05,0.0007893021966638,0.0189432527199333,4560990.727272728,False,False,False,0.0,0,0,0,0,0
0xc717ea2debcb3b7a42d772dcae8de42e62db7a64,usdt,1860,13.253742260174825,0.0,0.0763440860215053,5.299626481454756e-05,0.0031797758888728,0.0763146213329484,1132155.2605633803,False,False,False,0.0,0,0,0,0,0
0xeb2eb5c68156250c368914761bb8f1208d56acd0,usdt,1144,9.58293379777318,10.129604523174397,0.0131118881118881,9.098112590477696e-06,0.0005458867554286,0.0131012821302878,6594774.4,False,False,False,0.0,0,0,0,0,0
0x103c9cb9801208a2ddd8286d6b3fc150b22686b7,usdt,791,6.523782803130484,6.964135612418245,0.0720606826801517,4.9988055485689214e-05,0.0029992833291413,0.0719827998993924,1200286.7368421052,False,False,False,0.0,0,0,0,0,0
0xf865067a5b9672f11af8514440d9111afd05d040,usdt,1497,9.092721096822816,9.66307067255146,0.0160320641282565,1.1129530398043866e-05,0.0006677718238826,0.0160265237731831,5391063.041666667,False,False,False,0.0,0,0,0,0,0
0xa85d6d97e32200b230030c96d6bdf90bd853f740,usdt,383,9.821032721342837,10.622350274462704,0.0130548302872062,9.06512458019408e-06,0.0005439074748116,0.0130537793954794,6618772.8,False,False,False,0.0,0,0,0,0,0
0x5b8262e8e2c062c3f32b11769408bf6d8d99d9b6,usdt,1981,7.118352125347158,6.897704943128636,0.0141342756183745,9.811117533240242e-06,0.0005886670519944,0.0141280092478659,6115511.285714285,False,False,False,0.0,0,0,0,0,0
0xa9e1c418109c5ab2d5da2f427f36a7b653c18eaa,usdt,285,9.473083325347364,0.001998002662673,0.1824561403508772,0.0001266746634108,0.0076004798046481,0.1824115153115563,473654.3076923077,False,False,False,0.0,0,0,0,0,0
0x1ab03a729d4fa5fe4c2de7b2bffe29b06ff3e638,usdt,199,5.929122036972251,3.9573787071489432,0.0954773869346733,6.600788481554617e-05,0.0039604730889327,0.0950513541343864,908982.3157894736,False,False,False,0.0,0,0,0,0,0
0xdacbec98d55fd2e440f67a19c7b762bb5e34e7ef,usdt,235,6.184420460244768,0.0,2.1446808510638298,0.0014834009202972,0.0890040552178333,2.136097325227999,40447.59523809524,False,False,False,0.0,0,0,0,0,0
0xaf77ebc9e6e8aa274e2cb1c81a1b166538a100e0,usdt,932,6.300846229534268,6.218439296003321,0.0268240343347639,1.861587702728917e-05,0.0011169526216373,0.0268068629192964,3223055.24,False,False,False,0.0,0,0,0,0,0
0xe0e56d3b7cae7138f71fea1ddc91c84ac984161f,usdt,1232,8.822026773732322,9.490005186077155,0.0129870129870129,9.011603904412564e-06,0.0005406962342647,0.012976709622354,6658082.25,False,False,False,0.0,0,0,0,0,0
0x13544a1d8d12f0980043a493115658f52833ed09,usdt,668,8.567061671898369,0.0001999800026662,0.1047904191616766,7.269823875015527e-05,0.0043618943250093,0.1046854638002235,825329.4857142858,False,False,False,0.0,0,0,0,0,0
0x05ae0683d8b39d13950c053e70538f5810737bc5,usdt,2102,9.467912227559564,8.188966863648876,0.1503330161750713,0.0001043966207342,0.0062637972440547,0.150331133857314,574731.2468354431,False,False,False,0.0,0,0,0,0,0
0x229f0923dfbb977fe9fabe43f2c96e5aae0359ef,usdt,152,7.330206180243383,4.662731202106198,3.0657894736842106,0.0021162925461088,0.1269775527665302,3.0474612663967258,28351.4678111588,False,False,False,0.0,0,0,0,0,0
0x1063da52963e51e5121ae7710d85fac52e75d4d7,usdt,449,3.9814397897180345,1.978783839329073,0.0200445434298441,1.3907870556667157e-05,0.0008344722334,0.0200273336016007,4314104.0,False,False,False,0.0,0,0,0,0,0
0x3eb81b24f5c89fe0119998bb8772413d32fec77c,usdt,269,9.07241716566927,10.030743425393762,0.0743494423791821,5.159679171149138e-05,0.0030958075026894,0.0742993800645475,1162863.0,False,False,False,0.0,0,0,0,0,0
0x3eb9d4fcfc76897a51a37cfb1b7378f8534a8d4b,usdt,445,5.978885764901122,5.017279836814924,0.0112359550561797,7.79331140607236e-06,0.0004675986843643,0.0112223684247442,7698909.6,False,False,False,0.0,0,0,0,0,0
0xe79d18da566c0707fbbadaf8117e3b2e442dc70d,usdt,477,8.51416835962173,7.522391254602647,0.0293501048218029,2.0377323997413827e-05,0.0012226394398448,0.0293433465562759,2944449.4285714286,False,False,False,0.0,0,0,0,0,0
0xf48c47b696e577659f4b378deec8c6ddc3d66a64,usdt,144,3.805355880973148,4.598648968997826,1.0902777777777777,0.000753836403096,0.0452301841857606,1.0855244204582557,79592.86624203822,False,False,False,0.0,0,0,0,0,0
0x9bd03673f9f3db5037cd839e96675b047eed143f,usdt,901,10.789398144706851,11.51293546492023,0.0177580466148723,1.232630882673108e-05,0.0007395785296038,0.0177498847104927,4867637.25,False,False,False,0.0,0,0,0,0,0
0xc0ad5d21ff19a4e85b016bfd53ced8842995c151,usdt,1817,7.547181767195945,8.56845648535378,0.0269675288937809,1.8724863661815613e-05,0.0011234918197089,0.0269638036730144,3204295.6938775512,False,False,False,0.0,0,0,0,0,0
0xb22039f6680de126524b836f360c19703b718910,usdt,311,7.8567768676827585,8.633552992532433,0.0739549839228295,5.128548174905791e-05,0.0030771289049434,0.0738510937186433,1169921.7391304348,False,False,False,0.0,0,0,0,0,0
0x2c450bdfde4e748b166aa21ef0e2726bddadd089,usdt,1244,7.461997143507791,6.068425588244111,0.0779742765273311,5.412909174546232e-05,0.0032477455047277,0.0779458921134657,1108461.237113402,False,False,False,0.0,0,0,0,0,0
0x568e3106ebd686c1e633e8ad9fa3e5abc608c32d,usdt,1679,9.009577297324984,6.936217107923758,0.0571768910065515,3.969939316238191e-05,0.0023819635897429,0.0571671261538299,1511358.1145833333,False,False,False,0.0,0,0,0,0,0
0x09717588dcc62c95a0e81ebee0703124b1746955,usdt,384,7.642817995607773,0.0,0.015625,1.08412718546489e-05,0.0006504763112789,0.0156114314706944,5534406.0,False,False,False,0.0,0,0,0,0,0
0xe2be98b99ab4cbf9bb19f40b63c8143a794b6b96,usdt,258,3.678222873925408,3.9318256327243257,0.0310077519379844,2.1514213365059627e-05,0.0012908528019035,0.0309804672456858,2788854.0,False,False,False,0.0,0,0,0,0,0
0xcc4e62029e0491a61a7ac1b60ab1721f6df841e3,usdt,331,10.30038453779038,10.347668154753617,0.0513595166163142,3.566570243391145e-05,0.0021399421460346,0.0513586115048324,1682288.4705882352,False,False,False,0.0,0,0,0,0,0
0x27cf093eece9abbefbbf99341aa4b9071ddfb693,usdt,201,5.5409937440595005,3.9573787071489432,0.1343283582089552,9.328003703562952e-05,0.0055968022221377,0.1343232533313065,643224.4444444445,False,False,False,0.0,0,0,0,0,0
0x50c0de7999041556a0d8d11f5b2fa8b0027d27ed,usdt,318,7.846798894412489,7.783640596221253,0.0723270440251572,5.0176402779510925e-05,0.0030105841667706,0.0722540200024957,1195781.2173913044,False,False,False,0.0,0,0,0,0,0
0x060bb1e23a473168118cccb3b805895613bdb49b,usdt,426,7.29913782566009,7.258412150595307,0.0140845070422535,9.761656149566794e-06,0.000585699368974,0.0140567848553761,6146498.0,False,False,False,0.0,0,0,0,0,0
0xf3e8d03b200348308db705934f6ed428b8f289dd,usdt,1095,8.353258163960167,0.0,0.0264840182648401,1.8391313110583668e-05,0.001103478786635,0.0264834908792404,3262409.793103448,False,False,False,0.0,0,0,0,0,0
0x34f38d4f2b22ab6d349f15bd4971009c7d93d6bb,usdt,127,6.616401713507485,7.240649694255466,0.0551181102362204,3.827571198292247e-05,0.0022965427189753,0.0551170252554083,1567573.7142857143,False,False,False,0.0,0,0,0,0,0
0xa0f88fef5284e598f23c9d117c3aeb4e213ea87e,usdt,1035,11.081930787227089,9.328580600259643,0.0454106280193236,3.1518667299543624e-05,0.0018911200379726,0.0453868809113428,1903633.7872340423,False,False,False,0.0,0,0,0,0,0
0x779010aab07a1fe36771a29c05b9a4a436671174,usdt,547,7.167856215592877,1.8085864317919824,0.0493601462522851,3.4264768178538225e-05,0.0020558860907122,0.049341266177095,1751069.7777777778,False,False,False,0.0,0,0,0,0,0
0x847c944f5b9b38f0c5331580cea67a7f1ec17388,usdt,1822,10.640961335258584,0.0005828301215228,0.2596048298572996,0.0001802547624778,0.0108152857486716,0.2595668579681202,332862.2177589852,False,False,False,0.0,0,0,0,0,0
0x473d3a2005499301dc353afa9d0c9c5980b5188c,usdt,1267,12.610343773020416,13.747114290616532,0.7387529597474349,0.0005127460112633,0.0307647606757992,0.7383542562191818,117017.0,False,False,False,0.0,0,0,0,0,0
0x89bea9bcc7024be9e1663d4dbb23d97e3243d9b8,usdt,949,6.4304361276360735,4.61512051684126,0.1412012644889357,9.797245277837448e-05,0.0058783471667024,0.1410803320008592,612417.0447761194,False,False,False,0.0,0,0,0,0,0
0x275a8d31bc87d5664249db312001310a058b800e,usdt,936,9.816732660905862,0.0,0.3087606837606838,0.0002141897365318,0.012851384191908,0.3084332206057938,280125.4671280277,False,False,False,0.0,0,0,0,0,0
0x462728871225e2978d4e1edc6d15983caf8f0d0a,usdt,206,11.67759248290367,11.695292329071124,1.1650485436893203,0.0008064499869959,0.0483869992197596,1.1612879812742314,74400.15,False,False,False,0.0,0,0,0,0,0
0x19eaac7f4a31c41430ee9c5b99ef09f3d9d871e7,usdt,928,7.7835840377705425,8.517770705622802,0.0086206896551724,5.982593942055287e-06,0.0003589556365233,0.0086149352765596,10029094.5,False,False,False,0.0,0,0,0,0,0
0x4ef377462b03b650d52140c482394a6703d0d338,usdt,1178,11.683785053401596,9.999500033330834e-05,0.0560271646859083,3.8875709761490455e-05,0.0023325425856894,0.0559810220565462,1543380.181818182,False,False,False,0.0,0,0,0,0,0
0x9d8b139f15682f13654d6bf436b604849d5b53eb,usdt,193,7.1751154278267455,6.720333055878775,0.0414507772020725,2.8756781433184067e-05,0.001725406885991,0.041409765263785,2086464.375,False,False,False,0.0,0,0,0,0,0
0xbc6b07513297d9bf45106445bf73fac44c7edc65,usdt,1382,7.982144345004177,7.313886831633462,0.0354558610709117,2.461759002167017e-05,0.0014770554013002,0.035449329631205,2437281.6326530613,False,False,False,0.0,0,0,0,0,0
0xd90ed0db16f5fcf1e9f5eaf880a67b294970d12a,usdt,929,5.896514039363907,7.058087273187224,0.0139935414424111,9.70909908510288e-06,0.0005825459451061,0.0139811026825481,6179770.076923077,False,False,False,0.0,0,0,0,0,0
0x1bc9e19fef0a5a525157f8f3009c1af1d9f97a16,usdt,669,7.723265602033254,8.479464031024879,0.070254110612855,4.873927061992619e-05,0.0029243562371955,0.0701845496926937,1231040.170212766,False,False,False,0.0,0,0,0,0,0
0x85fe8b40520c38fc2aabcd4c8309eb0cf0624167,usdt,804,5.9063922107815054,4.756390138282902,0.1902985074626865,0.0001320081896845,0.0079204913810731,0.1900917931457551,454517.2549019608,False,False,False,0.0,0,0,0,0,0
0xb609679295e72cf250711444a3e282177ae423a4,usdt,955,13.30146163100022,0.0,0.012565445026178,8.720164683216763e-06,0.000523209880993,0.0125570371438321,6880604.0,False,False,False,0.0,0,0,0,0,0
0xc92db552b2a4be867920ef01621d13bd1b57baac,usdt,496,8.559978668626112,8.517393171418904,0.4596774193548387,0.0003191686831688,0.0191501209901284,0.4596029037630827,187988.36842105264,False,False,False,0.0,0,0,0,0,0
0xa5587f457b1972e83c80b77ca40445074b6ab4cc,usdt,240,1.3103378352892858,0.832909122935104,0.1125,7.802705978433321e-05,0.0046816235870599,0.1123589660894398,768964.0,False,False,False,0.0,0,0,0,0,0
0x711d42c69360bc174ace5f40a0a8c03bbcbaa7f8,usdt,175,5.272114777516821,5.118157152369472,0.0514285714285714,3.5710204548051655e-05,0.002142612272883,0.0514226945491943,1680192.0,False,False,False,0.0,0,0,0,0,0
0x31ef937fdc4c8557bc95c3436e23a9ab78c8ad6a,usdt,205,7.359026884231406,8.61133487916318,0.0341463414634146,2.36203999271142e-05,0.0014172239956268,0.0340133758950444,2540177.1428571427,False,False,False,0.0,0,0,0,0,0
0x728744f0c85b1fbd31a71ed9d938d0741a9ef248,usdt,1671,11.548721336610695,0.0953101798043248,0.0526630760023937,3.657001541737826e-05,0.0021942009250426,0.0526608222010247,1640688.3977272727,False,False,False,0.0,0,0,0,0,0
0x4f1893eead793c01175e67e99479f33963c22b08,usdt,1730,7.643362921920477,7.592366128519796,0.0421965317919075,2.9297541476740173e-05,0.0017578524886044,0.0421884597265058,2047953.410958904,False,False,False,0.0,0,0,0,0,0
0x5415054b6782bdfa21e84d7aeb960b3db29dea9f,usdt,277,6.3013896343337175,6.782402328682523,0.0288808664259927,2.001358922708519e-05,0.0012008153536251,0.0288195684870026,2997963.0,False,False,False,0.0,0,0,0,0,0
0x68c664d60ce296ec3afc6c39d18c0ec8c25900f2,usdt,1180,7.376662422932525,7.690286020676768,0.0296610169491525,2.0589794264520635e-05,0.0012353876558712,0.0296493037409097,2914065.057142857,False,False,False,0.0,0,0,0,0,0
0x69830527d2a2c66028f739bb2cb1e8bb3c9ddece,usdt,644,7.316681955609659,8.232573990514163,0.0077639751552795,5.387212352490045e-06,0.0003232327411494,0.0077575857875856,11137485.6,False,False,False,0.0,0,0,0,0,0
0x540ffe8161b68ada4ee6a28697b6dac05d083c83,usdt,205,7.419585510360877,7.824445930877619,0.3853658536585366,0.0002673566951192,0.0160414017071571,0.3849936409717705,224419.2911392405,False,False,False,0.0,0,0,0,0,0
0xef5a97bebed9b8335d696333e3ad80bb7159f492,usdt,170,7.188198240684704,7.090909822079984,0.2411764705882353,0.0001669290030592,0.0100157401835567,0.2403777644053622,359434.243902439,False,False,False,0.0,0,0,0,0,0
0xf1701bae468469467819a3136a4ee0ea276d6096,usdt,352,7.052701336235255,7.378241366826004,0.0568181818181818,3.9367908855417416e-05,0.002362074531325,0.056689788751801,1524084.0,False,False,False,0.0,0,0,0,0,0
0xb80345b78616636ab0e3797007034eda099fba31,usdt,277,7.546373582614119,0.0,0.1696750902527075,0.0001177052190494,0.0070623131429647,0.1694955154311542,509748.0,False,False,False,0.0,0,0,0,0,0
0x059c517d23a80d6dc0267fff96602555398a8f5f,usdt,529,8.179645001885238,0.0,0.4064272211720227,0.0002821212790827,0.016927276744966,0.4062546418791849,212674.4930232558,False,False,False,0.0,0,0,0,0,0
0x58f0a3d100898372bfbbeb11828427c59c2c4e4c,usdt,583,6.090531126437536,5.681497873810329,0.0205831903945111,1.4287721370382982e-05,0.0008572632822229,0.0205743187733514,4199410.0,False,False,False,0.0,0,0,0,0,0
0xca0206642101ead0fbe8d823e8fb0f63c2c28f9d,usdt,218,6.283599434174631,6.301290584666522,0.1009174311926605,6.997695849602976e-05,0.0041986175097617,0.1007668202342828,857425.0909090909,False,False,False,0.0,0,0,0,0,0
0xee84df6632ecaaa1674ce313158b0017230e17a4,usdt,437,6.652452239184166,5.308322344422881,0.0663615560640732,4.599311181781907e-05,0.0027595867090691,0.0662300810176594,1304543.1724137932,False,False,False,0.0,0,0,0,0,0
0x1a489020d94b46047394e96a2890a7bb2f13b333,usdt,220,6.405271404216079,5.215104574880288,0.3045454545454545,0.0002112594341526,0.0126755660491584,0.3042135851798038,284010.98507462686,False,False,False,0.0,0,0,0,0,0
0x60303dae1c3bded0bae1d070271eff3a2d7de08d,usdt,1893,6.058517030592504,0.4919620194497007,0.0232435287902799,1.6138120895174965e-05,0.0009682872537104,0.0232388940890519,3717904.977272727,False,False,False,0.0,0,0,0,0,0
0xf50d8f9cb6bb158864d8105741db5b1fbc61feae,usdt,178,3.802512691254607,3.3921566370100065,1.297752808988764,0.0008964969092201,0.0537898145532107,1.2909555492770586,66927.16883116883,False,False,False,0.0,0,0,0,0,0
0xc71fcd7b8db747b2db06d17955d89a749e5f81f6,usdt,1067,9.236453520980437,7.163983131046779,0.0937207122774133,6.506486511598007e-05,0.0039038919069588,0.0936934057670113,922156.68,False,False,False,0.0,0,0,0,0,0
0x298a7660daa53813d7defc506f971f4f0cf403f7,usdt,506,9.149556749282278,0.0002499687552073,1.0711462450592886,0.0007437380549081,0.0446242832944906,1.0709827990677752,80673.56457564575,False,False,False,0.0,0,0,0,0,0
0x25388638f9bfa7b214779ccf10273b5f5c1842fb,usdt,187,6.282682047562633,7.168387274707339,0.0267379679144385,1.856367638017221e-05,0.0011138205828103,0.0267316939874479,3232118.4,False,False,False,0.0,0,0,0,0,0
0x1705dc7d3a6d7b33965e66200fb722686fad40bf,usdt,191,11.11320134580357,9.15915233520675,0.0837696335078534,5.808128475801885e-05,0.0034848770854811,0.0836370500515471,1033035.0,False,False,False,0.0,0,0,0,0,0
0x700c2228557958122657cef45fe5d260445cff2a,usdt,1700,8.419071259880337,8.540813885121414,0.0205882352941176,1.4292275315121192e-05,0.0008575365189072,0.0205808764537745,4198071.942857143,False,False,False,0.0,0,0,0,0,0
0x4e2d34c64fdeeb0ea7015d607745abfed633bbdb,usdt,127,8.666196659907337,7.425953657077541,4.425196850393701,0.0030716089328071,0.1842965359684313,4.423116863242351,19533.73665480427,False,False,False,0.0,0,0,0,0,0
0x9e0620d59b1d716da88284e1a4dd64667af91acf,usdt,138,7.534153455486307,6.965778213460849,0.1304347826086956,9.014865513231318e-05,0.0054089193079387,0.129814063390531,665567.3333333334,False,False,False,0.0,0,0,0,0,0
0xa96a6b08e4e35e9c2377edd9e3cd72cbcc41ec29,usdt,1670,10.268625312238695,0.0,0.1437125748502994,9.974965607149833e-05,0.0059849793642899,0.1436395047429576,601505.8333333334,False,False,False,0.0,0,0,0,0,0
0x5e07aee22613bdf245a735bd5198d4125a2194a8,usdt,693,5.974396678697555,6.953415501418951,0.0548340548340548,3.8062064001560944e-05,0.0022837238400936,0.0548093721622477,1576372.7368421052,False,False,False,0.0,0,0,0,0,0
0x742d35cc6634c0532925a3b844bc454e4438f44e,usdt,782,16.368697044006947,4.615912282519994,1.2301790281329923,0.0008532825834203,0.0511969550052208,1.2287269201252995,70316.68191268192,False,False,False,0.0,0,0,0,0,0
0x821b1e87ea55572a9fdae81bd124f8bdc7b08e6b,usdt,352,7.385918235820483,4.788089330857386,0.0255681818181818,1.771515448795724e-05,0.0010629092692774,0.0255098224626584,3386930.6666666665,False,False,False,0.0,0,0,0,0,0
0x9c49cadc89a3b8cb6239a37a692ba370c32bdfd3,usdt,1118,7.554453311205567,7.172300818123961,0.0241502683363148,1.6759166749540055e-05,0.0010055500049724,0.0241332001193376,3580130.25925926,False,False,False,0.0,0,0,0,0,0
0x284a58302d83b19bfd1e77d1c63c776e0d3ad312,usdt,420,7.25654928414217,7.028257376415075,0.0476190476190476,3.306460625674931e-05,0.0019838763754049,0.047613033009719,1814629.2,False,False,False,0.0,0,0,0,0,0
0xb16c60e0a93b73cd96bca5b0811715146b3f6fb4,usdt,572,9.822435031230718,0.0,0.0506993006993006,3.5149819439013726e-05,0.0021089891663408,0.0506157399921797,1706978.896551724,False,False,False,0.0,0,0,0,0,0
0x98522e4e6713ad6a91f920bc3f8103e681997ac4,usdt,343,9.782070957139796,0.0004339058492399,0.151603498542274,0.0001052062102416,0.0063123726144997,0.1514969427479943,570308.5384615385,False,False,False,0.0,0,0,0,0,0
0x235ea6e206e79b30a630e050e2e47018f999ffa0,usdt,840,7.008525274104666,4.61512051684126,0.0321428571428571,2.229872796493385e-05,0.001337923677896,0.0321101682695047,2690736.4444444445,False,False,False,0.0,0,0,0,0,0
0x15d0c2aa136e99c88568ae3aa3a3efd50f75cc2c,usdt,1373,7.826194299630631,8.006700845440367,0.0458849235251274,3.1854730831611656e-05,0.0019112838498966,0.0458708123975207,1883550.6825396824,False,False,False,0.0,0,0,0,0,0
0x5ca96d732286cb108f4c9a052a6a169fcf75085b,usdt,151,9.571217375373893,9.615395808780516,0.2052980132450331,0.0001423413141149,0.0085404788468945,0.204971492325469,421522.0322580645,False,False,False,0.0,0,0,0,0,0
0x593f4eacbc535a18fee984070488850c4f123eff,usdt,176,4.240156946311972,4.119037174812473,0.5625,0.0003896217363276,0.0233773041796573,0.5610553003117761,153995.51515151514,False,False,False,0.0,0,0,0,0,0
0xe926ec993150b7513efbb9ba8103665805912877,usdt,1348,8.149945650016624,3.3837414088174,0.0096439169139465,6.694586525599712e-06,0.0004016751915359,0.0096402045968635,8962465.384615384,False,False,False,0.0,0,0,0,0,0
0x614152e2e05e97b37c48825699915d8418f0fece,usdt,2078,6.422206783123014,4.603652635089983,0.0226179018286814,1.5700132108817303e-05,0.000942007926529,0.0226081902366969,3821623.893617021,False,False,False,0.0,0,0,0,0,0
0xd163c4cfdfb5c3fecbd04699586021a8fdbdc2a7,usdt,439,6.224449589689181,4.61512051684126,0.0113895216400911,7.906090820743938e-06,0.0004743654492446,0.0113847707818712,7589085.6,False,False,False,0.0,0,0,0,0,0
0xe72369da5789937da28b2cd16696fcb1b244a3c8,usdt,207,5.542829044614646,3.976873977747762,0.0917874396135265,6.348234756384821e-05,0.0038089408538308,0.0914145804919414,945144.6315789474,False,False,False,0.0,0,0,0,0,0
0x835678a611b28684005a5e2233695fb6cbbb0007,usdt,685,17.71506858076045,0.0009995003330835,0.6204379562043796,0.0004302746508903,0.02581647905342,0.6195954972820815,139445.81647058824,False,False,False,0.0,0,0,0,0,0
0x7ca34b5628f4c8fd595761911b66b997bba2564f,usdt,137,6.943211837740714,7.041465357891314,0.4671532846715328,0.0003240243828348,0.0194414629700885,0.466595111282124,185171.25,False,False,False,0.0,0,0,0,0,0
0xfa7a95f0850db37113b7e80830eaf2d6f2bee975,usdt,189,5.742167242350571,0.0,4.761904761904762,0.0033033972136945,0.1982038328216738,4.756891987720172,18163.12,False,False,False,0.0,0,0,0,0,0
0x8552558de04289ec4024424b01a3c9632e38960c,usdt,528,8.022654720613627,6.476162655164843,0.0189393939393939,1.3141848136789292e-05,0.0007885108882073,0.0189242613169765,4565567.9,False,False,False,0.0,0,0,0,0,0
0x13647cdb2c213e3bbe793534d0663f1d30c49395,usdt,1262,8.881859504596145,0.0,0.0760697305863708,5.282460741893548e-05,0.0031694764451361,0.076067434683267,1135834.28125,False,False,False,0.0,0,0,0,0,0
0x4c2a93cc2b7d21ceaa99d47bd728fc57ccaadec7,usdt,320,9.78527630022683,6.2166061010848646,0.01875,1.3015647411317888e-05,0.000780938844679,0.0187425322722977,4609836.0,False,False,False,0.0,0,0,0,0,0
0x093fa8c0eead3d06d81843a6bae3489ff8a6ee95,usdt,713,6.061191000124863,6.503307752961662,0.0294530154277699,2.044636159916252e-05,0.0012267816959497,0.029442760702794,2934507.4285714286,False,False,False,0.0,0,0,0,0,0
0xe6937975ad85b9705f8812bd95d16a7334b4431b,usdt,179,10.03146111422291,10.12715196817696,0.0614525139664804,4.266294335524657e-05,0.0025597766013147,0.061434638431555,1406372.7272727273,False,False,False,0.0,0,0,0,0,0
0xc194f3529ee739feb0ee71dfde83d1e1282b2fbd,usdt,838,8.013447556608043,7.650168700845001,0.6563245823389021,0.0004555114399627,0.0273306863977658,0.6559364735463802,131720.07272727272,False,False,False,0.0,0,0,0,0,0
0x7b2da07048681c88551cac58442a0e135bd9ddf7,usdt,878,11.52717036839671,9.673042066428003,0.0387243735763098,2.686357774501124e-05,0.0016118146647006,0.0386835519528161,2233507.411764706,False,False,False,0.0,0,0,0,0,0
0xf65d3fbe66a89d9c14761dfc3519e2df7b0a473c,usdt,408,6.956945067100805,8.49987186098326,0.0833333333333333,5.774883818679292e-05,0.0034649302912075,0.0831583269889818,1038981.9411764706,False,False,False,0.0,0,0,0,0,0
0xbeed422f8f6da4752a363ba2e591b0198ac08444,usdt,842,9.47869381506951,9.513303250447128,0.0201900237529691,1.4007005480199698e-05,0.0008404203288119,0.0201700878914875,4283570.823529412,False,False,False,0.0,0,0,0,0,0
0x83c62543ea0b3541438e7c2ac54eef47ea8ed997,usdt,433,13.2188715898082,4.01639482248455,0.0808314087759815,5.6116434868379706e-05,0.0033669860921027,0.0808076662104667,1069205.4857142856,False,False,False,0.0,0,0,0,0,0
0xc753260c5326816ee5e2ae4e61f2d4abb7d170f4,usdt,1669,9.11441883577161,0.006379606964039,0.0701018573996405,4.867908809062088e-05,0.0029207452854372,0.070097886850494,1232562.1196581195,False,False,False,0.0,0,0,0,0,0
0xd225eda233800495e83931a159b0d2bb8cb0e9ab,usdt,462,7.002445609446819,7.002366658318642,0.0259740259740259,1.8019446586756428e-05,0.0010811667952053,0.0259480030849292,3329736.0,False,False,False,0.0,0,0,0,0,0
0xde6b0f37944e3c28df41662ce11f22b74a5eed50,usdt,1192,9.770557386567203,9.328212292571072,0.2206375838926174,0.0001531130562355,0.0091867833741343,0.2204828009792249,391867.30038022815,False,False,False,0.0,0,0,0,0,0
0x4d08babf6cceb890b0fe2889c5a4e7868409f7e6,usdt,1071,7.609165320884444,9.05292486840716,0.0718954248366013,4.98812243832381e-05,0.0029928734629942,0.0718289631118628,1202857.4025974027,False,False,False,0.0,0,0,0,0,0
0xf455ebe6ef864aa937fd4f2507087934bb6c0213,usdt,194,6.16148502574777,4.176692303570854,0.1288659793814432,8.945068690971492e-05,0.0053670412145828,0.1288089891499894,670760.64,False,False,False,0.0,0,0,0,0,0
0x3f2af394c178fed9f4cea733b086517272a954ae,usdt,427,6.15534968017451,0.0,0.0608899297423887,4.221667415742013e-05,0.0025330004494452,0.0607920107866849,1421239.3846153845,False,False,False,0.0,0,0,0,0,0
0x9b0c45d46d386cedd98873168c36efd0dcba8d46,usdt,157,14.800679708987747,15.501909696719672,1.2547770700636942,0.0008667898065518,0.0520073883931125,1.2481773214347,69220.93401015228,False,False,False,0.0,0,0,0,0,0
0x32630af8a2dcfdf1b31dfcec0d9c9e06b7aef24b,usdt,1140,8.218765874512506,6.744541990826116,0.0140350877192982,9.742128200582138e-06,0.0005845276920349,0.0140286646088382,6158818.5625,False,False,False,0.0,0,0,0,0,0
0x13b3a50f3947476eda74fe191344524e2d2d28e5,usdt,1561,9.893042207767786,0.000196980598048,0.1031390134529148,7.160371674583671e-05,0.0042962230047502,0.1031093521140048,837945.3291925465,False,False,False,0.0,0,0,0,0,0
0xa4bc8e08f7ba01043b2088040255036b57edaf91,usdt,1337,8.651834243515893,8.844500264084347,0.1241585639491398,8.616954791189945e-05,0.0051701728747139,0.1240841489931352,696301.6686746988,False,False,False,0.0,0,0,0,0,0
0xefc271bf093d27de3c6bd447ef46ba3e1f5de856,usdt,794,10.829327288247487,0.0,0.0113350125944584,7.87133240186318e-06,0.0004722799441117,0.0113347186586829,7622597.666666667,False,False,False,0.0,0,0,0,0,0
0x1ee3c405bfd4942f891b89403f742b739d8421ba,usdt,1044,10.445038632330638,8.716207971151853,0.2346743295019157,0.0001628176788897,0.0097690607333866,0.2344574576012796,368510.35102040815,False,False,False,0.0,0,0,0,0,0
0x9fb01ca6c25fc301a5e6ce723e36e344bebf42a7,usdt,310,4.7730631494632485,4.176692303570854,0.032258064516129,2.236524048001173e-05,0.0013419144288007,0.0322059462912169,2682734.4,False,False,False,0.0,0,0,0,0,0
0x61d03184c93c7716c339d5b80e57f1382811828b,usdt,1928,8.610373307153075,5.446559032488962,0.0995850622406639,6.91322404162236e-05,0.0041479344249734,0.099550426199362,867901.859375,False,False,False,0.0,0,0,0,0,0
0x6dca94b6173c28a4900ea257121e6002c0b96968,usdt,714,15.201805169084134,14.220976332738882,0.0098039215686274,6.805541188301936e-06,0.0004083324712981,0.0097999793111547,8816345.142857144,False,False,False,0.0,0,0,0,0,0
0x7129d2a17c8c09cf86805e768e328c6549ad2437,usdt,619,8.447141825850606,0.0,0.5525040387722132,0.0003833325225813,0.0229999513548787,0.5519988325170891,156522.0701754386,False,False,False,0.0,0,0,0,0,0
0xa342426bea5386eb6893e0309c76b9d094cd12b0,usdt,1375,7.253309206214345,7.236339342754344,0.0065454545454545,4.543935234045734e-06,0.0002726361140427,0.0065432667370258,13204413.555555556,False,False,False,0.0,0,0,0,0,0
0x6073b187357c6b2970da8812ece1959b3cce487d,usdt,1892,8.078710601382715,0.0,0.0295983086680761,2.0552894767875883e-05,0.0012331736860725,0.0295961684657412,2919296.8035714286,False,False,False,0.0,0,0,0,0,0
0xeb996667518ab265924774d0b18ecfcef8392253,usdt,312,8.288638315257515,0.0007996801705643,0.1121794871794871,7.78848434759427e-05,0.0046730906085565,0.1121541746053575,770368.1142857143,False,False,False,0.0,0,0,0,0,0
0x128f0ac8ab666e1394d5004626bd3b96ad322400,usdt,570,8.077694979221132,7.322852922237241,0.0842105263157894,5.838434462721718e-05,0.003503060677633,0.0840734562631927,1027672.75,False,False,False,0.0,0,0,0,0,0
0x0d18d7c855668eb1ba06005b199838f38e00d7e3,usdt,1121,10.670982433703704,9.111969823697768,0.2212310437109723,0.0001535861055109,0.0092151663306557,0.2211639919357386,390660.3387096774,False,False,False,0.0,0,0,0,0,0
0x6813cec8ae3b7b0f09d2db373711b99a5e0a7349,usdt,343,8.35311956341257,0.0012292441697173,0.0379008746355685,2.6291137540670367e-05,0.0015774682524402,0.0378592380585653,2282137.846153846,False,False,False,0.0,0,0,0,0,0
0xc6ca088d5acfe7795f3c7091acacedd2ae35744e,usdt,1381,8.906212387016195,4.757842344770162,0.0419985517740767,2.9148715776266653e-05,0.0017489229465759,0.0419741507178239,2058409.7241379311,False,False,False,0.0,0,0,0,0,0
0xa146b49da740d384f83a3dd40ab5558a7532ce1c,usdt,980,7.982188361469247,0.0,0.0683673469387755,4.74726617694719e-05,0.0028483597061683,0.0683606329480395,1263885.3134328355,False,False,False,0.0,0,0,0,0,0
0xfed848107291fb60ec1b045eba554a673c474b64,usdt,486,5.993961427306569,5.303304908059076,0.0123456790123456,8.560598191773379e-06,0.0005136358915064,0.0123272613961536,7008856.0,False,False,False,0.0,0,0,0,0,0
0xbc79514b4783b0120e15b2a1697479ad3f091222,usdt,439,4.615221571141042,7.048488380933487,0.0523917995444191,3.63608654644816e-05,0.0021816519278688,0.0523596462688535,1650125.7391304348,False,False,False,0.0,0,0,0,0,0
0x4dbd4fc535ac27206064b68ffcf827b0a60bab3f,usdt,529,5.5694346345434,6.922064601552387,0.0132325141776937,9.173785105263396e-06,0.0005504271063158,0.0132102505515792,6540375.571428572,False,False,False,0.0,0,0,0,0,0
0xdfc1d711815b593ed4b8fea04e745a74fdf3ae3d,usdt,209,10.071300137953315,11.577167277769234,0.0478468899521531,3.3112341565723694e-05,0.0019867404939434,0.0476817718546421,1812013.2,False,False,False,0.0,0,0,0,0,0
0xad7d08c8c2db19e6f445a0d3111b1f107c64fe61,usdt,261,8.608083716373182,3.914003043857607,0.0766283524904214,5.304806207472032e-05,0.0031828837244832,0.0763892093875972,1131049.8,False,False,False,0.0,0,0,0,0,0
0xc6d5ac887cad9253c9de2b34bc0f7cf02654be68,usdt,311,8.056854279487531,8.071218539969863,0.0739549839228295,5.1275991911769626e-05,0.0030765595147061,0.0738374283529482,1170138.2608695652,False,False,False,0.0,0,0,0,0,0
0x8eb7f29e9e580650f7f9b54ca78d0570ad152efd,usdt,928,3.8960208308542175,6.82101906049657,0.0409482758620689,2.842403392692689e-05,0.0017054420356156,0.0409306088547747,2110889.6842105263,False,False,False,0.0,0,0,0,0,0
0x6294371aacbc4b87481ff955a994e37717db6c4d,usdt,717,7.777449761534733,2.2235015168734167,0.0488145048814504,3.38951338789998e-05,0.0020337080327399,0.0488089927857597,1770165.6,False,False,False,0.0,0,0,0,0,0
0xd18860bb12df45b60fcbc4af85d8ddad3c24ec37,usdt,322,10.060684312205176,9.95213484935765,0.0559006211180124,3.872286817703063e-05,0.0023233720906218,0.0557609301749241,1549472.0,False,False,False,0.0,0,0,0,0,0
0x129376f82ae3f4050c9d12add268a3cd889a4c8d,usdt,579,8.5162280988642,8.985705709508089,0.0639032815198618,4.431012488748821e-05,0.0026586074932492,0.063806579837983,1354092.3243243245,False,False,False,0.0,0,0,0,0,0
0xa4b3291a6fc00f7e8e88e826471b99e0be78d17d,usdt,2132,10.330956381337808,0.0,0.0600375234521576,4.1686894264118384e-05,0.0025012136558471,0.0600291277403304,1439301.2734375,False,False,False,0.0,0,0,0,0,0
0xe9c24d46a11b7b954a8c903a218e0d8b28fa5982,usdt,622,9.710435085865852,9.078310623890363,0.5257234726688103,0.0003647961659588,0.0218877699575296,0.5253064789807127,164475.4128440367,False,False,False,0.0,0,0,0,0,0
0x9fd4c66f761820fd1da8a3992dfb314803d23580,usdt,1201,5.806555781373422,1.6448050562713916,0.0041631973355537,2.88961820283779e-06,0.0001733770921702,0.0041610502120864,20763988.8,False,False,False,0.0,0,0,0,0,0
0x756e87e8fc39ae79d3d0c0fe8f8561316d77451a,usdt,1978,9.775012898289324,12.121775050225413,0.0293225480283114,2.035422992745244e-05,0.0012212537956471,0.0293100910955315,2947790.224137931,False,False,False,0.0,0,0,0,0,0
0x12a12024b1e4cca4ed17a9686a8513f102c530e2,usdt,174,6.783982699013786,7.546902198835453,0.2011494252873563,0.0001389750313487,0.0083385018809277,0.2001240451422667,431732.22857142857,False,False,False,0.0,0,0,0,0,0
0xef368562a4b5b0c83c7089e82dd5c92e7df4dbf0,usdt,1083,7.776565633002143,8.936035096566041,0.0092336103416435,6.4072996057780775e-06,0.0003844379763466,0.0092265114323204,9364319.4,False,False,False,0.0,0,0,0,0,0
0x1f68053cd925d467852cfecf78bd836f33f0e4a1,usdt,372,11.35675272428015,10.819766284338282,2.1666666666666665,0.0015043033153277,0.0902581989196638,2.166196774071933,39885.57320099256,False,False,False,0.0,0,0,0,0,0
0xb86e7b67ad427b2283849f846c17f29fa6f3af29,usdt,771,9.64485189968874,7.581594110840109,0.0285343709468223,1.9798587172819348e-05,0.0011879152303691,0.0285099655288598,3030519.272727273,False,False,False,0.0,0,0,0,0,0
0x3978f65e7fec3179f7ede30c6c7f827469c0f329,usdt,1013,10.314710168805828,2.9129763384054828,0.0868706811451135,6.032117185392186e-05,0.0036192703112353,0.0868624874696474,994675.6363636364,False,False,False,0.0,0,0,0,0,0
0xe8efade91b879c5885798a240dbb03a930f2b908,usdt,1174,10.211484275920258,1.5896198250184137,0.5127768313458262,0.0003559750866716,0.0213585052002963,0.5126041248071124,168551.12126245847,False,False,False,0.0,0,0,0,0,0
0x12b9eebf7960fb75b4e3a77af97c8a4f5f6cce34,usdt,1718,9.177522907844509,8.453970764912729,0.0616996507566938,4.2840145365504576e-05,0.0025704087219302,0.0616898093263265,1400555.4716981133,False,False,False,0.0,0,0,0,0,0
0xc437e47febe3f629e868e010216a86d20ea6517c,usdt,518,7.9480174484820765,9.870910258127374,0.1583011583011583,0.0001097727169282,0.0065863630156974,0.1580727123767399,546583.9024390244,False,False,False,0.0,0,0,0,0,0
0x429af3a680e4dff0c49ea9bbc883e27f72b22094,usdt,558,6.043735994572793,4.61512051684126,0.017921146953405,1.2433780791947288e-05,0.0007460268475168,0.017904644340404,4825563.6,False,False,False,0.0,0,0,0,0,0
0x8db7deb26bd570f161ba9c06e199633250d91da6,usdt,200,5.268635454828831,4.176692303570854,0.135,9.33873458071157e-05,0.0056032407484269,0.1344777779622466,642485.3333333334,False,False,False,0.0,0,0,0,0,0
0xe043f105d759d49e4da27465c657f16f7b10135f,usdt,154,5.585108767469665,0.0009995003330835,1.4090909090909092,0.0009754764325792,0.0585285859547576,1.4046860629141842,61508.40552995392,False,False,False,0.0,0,0,0,0,0
0xd0c69efc25ed21e864a7daf053e09862583bb0a3,usdt,199,5.027891453134315,4.176692303570854,0.1155778894472361,7.987126141724955e-05,0.0047922756850349,0.1150146164408393,751208.8695652174,False,False,False,0.0,0,0,0,0,0
0x4872ea7c110ece996144f6ade6e6a82b0591a035,usdt,758,8.079657744214579,0.0,0.4947229551451187,0.0003432834263311,0.0205970055798661,0.494328133916787,174782.688,False,False,False,0.0,0,0,0,0,0
0x058966243843a1cb7dacedf9482a0e2009082cf3,usdt,146,8.242603126082212,8.19667613650845,0.047945205479452,3.3292874563863345e-05,0.0019975724738318,0.0479417393719632,1802187.4285714289,False,False,False,0.0,0,0,0,0,0
0xf7fe98de6f34614f7ae4f2d2974de708ce678e25,usdt,590,8.047811889444707,6.803505257608338,0.0525423728813559,3.643494200262426e-05,0.0021860965201574,0.0524663164837789,1646770.838709677,False,False,False,0.0,0,0,0,0,0
0xf67fc417f1c686e1b41429f92c398816599fdf09,usdt,1038,7.405926567915088,5.011347320545249,0.0192678227360308,1.3378470210728968e-05,0.0008027082126437,0.0192649971034497,4484817.7,False,False,False,0.0,0,0,0,0,0
0x19b39e12f280901e832951cd2bbf0a68342151c1,usdt,183,5.806948299741555,6.961657771001084,0.081967213114754,5.68182499713857e-05,0.0034090949982831,0.0818182799587954,1055998.7333333334,False,False,False,0.0,0,0,0,0,0
0x086bf93398aa6f3f156b25d4f70574a8468d99b0,usdt,230,6.581247253315783,6.216746005469447,0.0608695652173913,4.2150697172531234e-05,0.0025290418303518,0.0606970039284449,1423464.0,False,False,False,0.0,0,0,0,0,0
0xa1486dae9f01e7da3bd8efbd12af0e1be1c73b60,usdt,862,11.30869400924014,0.0,0.1832946635730858,0.0001271880162485,0.0076312809749106,0.1831507433978552,471742.5569620253,False,False,False,0.0,0,0,0,0,0
0x96a76a870e27342c2ea8076e11599b83fdd7659e,usdt,178,8.450495944252046,8.884076817901772,0.1235955056179775,8.558239990165803e-05,0.0051349439940994,0.1232386558583875,701078.7272727273,False,False,False,0.0,0,0,0,0,0
0xadfcef8f3547509530be5ac412df21477b06e9a4,usdt,198,7.169167167006196,2.714694743820879,0.0808080808080808,5.6115108922933614e-05,0.003366906535376,0.0808057568490244,1069230.75,False,False,False,0.0,0,0,0,0,0
0x08d2a85aed9f1c17b22bdafbc3fdf6b5f1dabce7,usdt,1355,10.417531956476685,0.0,0.5143911439114391,0.0003571449464054,0.0214286967843248,0.5142887228237952,167999.01721664277,False,False,False,0.0,0,0,0,0,0
0xe38651c0379fcbac0694ae4f85f8d6dc93ee7900,usdt,173,7.096620210297961,0.0001009948998434,0.1502890173410404,0.0001038863068258,0.0062331784095485,0.1495962818291661,577554.4615384615,False,False,False,0.0,0,0,0,0,0
0x54dc6782d6fc5fc05f8486d365186ff25cc44ba7,usdt,1345,11.015354626050026,12.57799460611442,0.3828996282527881,0.0002658956896372,0.0159537413782354,0.3828897930776509,225652.39805825244,False,False,False,0.0,0,0,0,0,0
0x22dc83a9c83a66c57d280e75e01be710a9a7f3d4,usdt,646,6.404076940743766,7.902361706995835,0.0371517027863777,2.5775395956173305e-05,0.0015465237573703,0.0371165701768895,2327801.2916666665,False,False,False,0.0,0,0,0,0,0
0x441135b6118e56f7335597bc75620dab5d1f0d23,usdt,515,9.58650939886128,9.024974184996005,0.058252427184466,4.037533992671607e-05,0.0024225203956029,0.0581404894944711,1486055.6,False,False,False,0.0,0,0,0,0,0
0x05f8770ae1db90a5468469028f45a765d5e5ce7e,usdt,1658,7.799086179406141,7.256812765217868,0.0482509047044632,3.348843548741043e-05,0.0020093061292446,0.048223347101871,1791663.275,False,False,False,0.0,0,0,0,0,0
0x778af8502d5674c3fc538ddd0ca43b67dae4145d,usdt,350,7.541802709704698,7.370444334338445,0.0514285714285714,3.564427018356799e-05,0.002138656211014,0.0513277490643379,1683300.0,False,False,False,0.0,0,0,0,0,0
0x45f037560374a81c1efa077674406e2ac5175fa1,usdt,813,9.32015097868472,8.944682697382353,0.01230012300123,8.539328989775178e-06,0.0005123597393865,0.0122966337452762,7026313.2,False,False,False,0.0,0,0,0,0,0
0xbf69c291b52786bc3408f50f39841b22fb2a99b9,usdt,197,6.15598980583057,1.3912819026309295,0.1218274111675127,8.426877525868758e-05,0.0050561265155212,0.1213470363725101,712007.5,False,False,False,0.0,0,0,0,0,0
0x617d18eef41e3e626ad3644576c972c6e07f0576,usdt,1364,8.35486229647415,6.753226808801089,0.032258064516129,2.2390147385265444e-05,0.0013434088431159,0.0322418122347822,2679750.113636364,False,False,False,0.0,0,0,0,0,0
0x4614840e8978652db0e3cc1fbc70987ff17b972c,usdt,1069,11.164774910848172,6.161692301119955,0.3227315247895229,0.0002241049734544,0.0134462984072697,0.3227111617744731,267731.6753623188,False,False,False,0.0,0,0,0,0,0
0xb1cbbb620519a87cd3b3280be4bfbd22fa0fbd3e,usdt,596,8.536021967614507,7.046816683864281,0.0369127516778523,2.560647778707888e-05,0.0015363886672247,0.0368733280133935,2343157.090909091,False,False,False,0.0,0,0,0,0,0
0xb4102c0cac7bc578384da5f97fc4dee1a8b58aa8,usdt,972,6.568481466208739,3.0492730404820207,0.6779835390946503,0.0004704659469037,0.0282279568142244,0.6774709635413878,127533.14112291353,False,False,False,0.0,0,0,0,0,0
0x3b38c24038231e2c4d6dfcef76995574e763d88c,usdt,291,5.492585161211941,4.176692303570854,0.0721649484536082,5.011026644821773e-05,0.003006615986893,0.0721587836854335,1197359.4285714286,False,False,False,0.0,0,0,0,0,0
0x2dfe0f36dc5c16f6c9a9463e5b4cbc1620d49d0b,usdt,380,9.513673930293312,0.0,0.9236842105263158,0.0006401287406497,0.0384077244389846,0.9217853865356306,93731.1452991453,False,False,False,0.0,0,0,0,0,0
0x35473e34eb89d0124175c76352c33f6ad3545213,usdt,1237,8.915526311384403,9.824955736598946,0.0452708164915117,3.1419110322258705e-05,0.0018851466193355,0.0452435188640525,1909665.7857142857,False,False,False,0.0,0,0,0,0,0
0xf0be27337ccc1182df91cd4075af2f6dc7a67c5e,usdt,456,8.832647000647201,9.682980171843832,0.0175438596491228,1.2178558369242322e-05,0.0007307135021545,0.0175371240517089,4926691.5,False,False,False,0.0,0,0,0,0,0
0x8764038f7da383c92c210e5bc749f97dced48626,usdt,1024,7.456028790374462,7.438971592395862,0.0185546875,1.2879607798317814e-05,0.000772776467899,0.0185466352295776,4658526.947368421,False,False,False,0.0,0,0,0,0,0
0x7e24712fa3fd3f54447c329db75ae25db35966af,usdt,365,11.235865342299975,10.59665973278358,0.5424657534246575,0.0003760048159,0.0225602889540039,0.5414469348960954,159572.42424242423,False,False,False,0.0,0,0,0,0,0
0x13fb8e9df53dde6fb1a4018b3bd76e7f170933c3,usdt,979,9.144812477196544,7.668148873058742,0.0623084780388151,4.3243702056942216e-05,0.0025946221234165,0.0622709309619968,1387485.2786885246,False,False,False,0.0,0,0,0,0,0
0xebb5c4ae85863d4b789232eec79091b2ea9e0328,usdt,316,6.215902360503568,3.9219733362813134,0.7879746835443038,0.0005468698181888,0.0328121890913307,0.7874925381919385,109715.32530120482,False,False,False,0.0,0,0,0,0,0
0x163a4c3d6c79d485184baf5105d0fef29758a707,usdt,363,7.153947197807574,6.219199320613083,0.0881542699724518,6.116437083652216e-05,0.0036698622501913,0.0880766940045919,980963.25,False,False,False,0.0,0,0,0,0,0
0xcf1d8430f2d28e6747949d5df559bb9aa57a2652,usdt,351,8.545598741733878,7.601402334583733,0.1196581196581196,8.289873997862791e-05,0.0049739243987176,0.1193741855692241,723774.5714285715,False,False,False,0.0,0,0,0,0,0
0x1ffc86aa913f6ece70f2e31951c2216c2d72ea59,usdt,595,7.746591781114654,5.707110264748875,0.0201680672268907,1.3988831317076449e-05,0.0008393298790245,0.02014391709659,4289136.0,False,False,False,0.0,0,0,0,0,0
0x8dbe9f0783b00e542d535760c84ba9babde5442e,usdt,791,6.644474805723526,7.090909822079984,0.0480404551201011,3.335703438407992e-05,0.0020014220630447,0.048034129513075,1798721.0526315789,False,False,False,0.0,0,0,0,0,0
0xd93177634b01af0db879c6d78f077537bdd4d3f3,usdt,527,6.467934420375966,0.0,0.8937381404174574,0.0006194882316964,0.0371692939017894,0.8920630536429459,96854.14012738854,False,False,False,0.0,0,0,0,0,0
0x79c668d4274e16a8aa2e9b70ab8feb2b1179c296,usdt,524,8.032265759254376,6.74158787600964,0.0362595419847328,2.5178418358459443e-05,0.0015107051015075,0.0362569224361816,2382993.210526316,False,False,False,0.0,0,0,0,0,0
0xb871c1058bb199c3b0772d4f24c4f4b7a0d260cd,usdt,389,7.112802458198507,6.4365079967204775,0.2287917737789203,0.0001586623586567,0.0095197415194077,0.228473796465787,378161.5280898877,False,False,False,0.0,0,0,0,0,0
0xa9c62faf9a30328cc0ec0856ef1f9dbb839abc78,usdt,184,6.243031088883388,6.90875477931522,0.3043478260869565,0.0002103447550535,0.0126206853032119,0.3028964472770871,285246.0,False,False,False,0.0,0,0,0,0,0
0x1ebef03483030dd746c0bba924e828ce2c0534ea,usdt,1413,9.440373936064251,6.776860830562242,0.1684359518754423,0.0001169284287228,0.0070157057233739,0.1683769373609739,513134.4075630252,False,False,False,0.0,0,0,0,0,0
0xd8e8bf2fad7224f6d9e137acf7f90eb09534c96e,usdt,1310,4.640510640280031,1.374239239247376,0.0473282442748091,3.286513677157969e-05,0.0019719082062947,0.0473257969510747,1825642.7903225808,False,False,False,0.0,0,0,0,0,0
0x782cf85f2edebb7c6fc4cf532abec5edc658570a,usdt,1723,8.229664469072395,8.517393171418904,0.044689495066744,3.10284261015553e-05,0.0018617055660933,0.0446809335862396,1933710.7142857143,False,False,False,0.0,0,0,0,0,0
0x0ae9e4b8a2ceae36539f9f5b919ca44aba733b30,usdt,175,10.292770067644254,0.0,2.9257142857142857,0.0020213489187757,0.1212809351265435,2.910742443037045,29683.1484375,False,False,False,0.0,0,0,0,0,0
0x379014e4c9fa8c8d2173b8f174d8a9cc1f351695,usdt,204,4.888719357257226,3.792112708755589,0.1176470588235294,8.166103999417485e-05,0.0048996623996504,0.1175918975916117,734744.5,False,False,False,0.0,0,0,0,0,0
0x7ae815bf8d19686e8857d48a8c27113dc1c9fb3f,usdt,419,6.3454973669588695,0.0009995003330835,0.0906921241050119,6.294688144584348e-05,0.0037768128867506,0.0906435092820146,953184.6315789474,False,False,False,0.0,0,0,0,0,0
0x3a72a7a88c75e08610c5111f1cc89d33213dc10b,usdt,991,13.964885659548193,13.815514194341665,0.0332996972754793,2.3114596096948687e-05,0.0013868757658169,0.0332850183796061,2595762.4242424243,False,False,False,0.0,0,0,0,0,0
0xfb626333099a91ab677bcd5e9c71bc4dbe0238a8,usdt,2039,12.137075261322323,0.0,0.0210887690044139,1.4641494993340786e-05,0.0008784896996004,0.0210837527904107,4097942.186046512,False,False,False,0.0,0,0,0,0,0
0xd51ce9be4a1cb6185b76ba825c59236a6cf5ca2a,usdt,418,7.929752617497725,1.0986122886681098,0.0239234449760765,1.659157871194265e-05,0.0009954947227165,0.0238918733451974,3616292.4,False,False,False,0.0,0,0,0,0,0
0xa964f0c47e1a0a7795364c44ece41a7377f69e28,usdt,384,7.949461892575048,6.90875477931522,0.1302083333333333,9.026453647174702e-05,0.0054158721883048,0.1299809325193157,664712.88,False,False,False,0.0,0,0,0,0,0
0xb05e3b5626214d4a3a13d63bf63e9ad117666613,usdt,813,7.78147234764316,0.0001149933880069,0.4514145141451414,0.0003132512802759,0.0187950768165544,0.4510818435973059,191539.5204359673,False,False,False,0.0,0,0,0,0,0
0xb6e14bc50a82f8d0109d769460691ab635b84f79,usdt,213,6.810463775551844,5.2574953720277815,0.4460093896713615,0.0003095811790285,0.0185748707417108,0.4457968978010611,193810.23157894737,False,False,False,0.0,0,0,0,0,0
0x5254dfae39f3751bab2795698f5c0c80bee4d4cc,usdt,2003,8.888524016493017,10.225331056278208,0.074388417373939,5.16379625249559e-05,0.0030982777514973,0.0743586660359365,1161935.8523489933,False,False,False,0.0,0,0,0,0,0
0x4af36ce12660d9f34d9656bc11c73c293c4bfcac,usdt,1604,6.70628826843416,2.4997952622817508,0.0143391521197007,9.953344778237316e-06,0.0005972006866942,0.0143328164806617,6028124.347826087,False,False,False,0.0,0,0,0,0,0
0x71e2737b2f8f40fe4ba0ad5cfb7b20d4aaac4972,usdt,210,6.6684093895707095,5.545177444479562,0.0333333333333333,2.3079649519036588e-05,0.0013847789711421,0.0332346953074126,2599692.8571428573,False,False,False,0.0,0,0,0,0,0
0xf64675c7887705eaf74eb4ad3adecad1f7338e5f,usdt,184,6.376823014712635,4.268997904375876,0.1032608695652173,7.165890361877464e-05,0.0042995342171264,0.1031888212110354,837300.0,False,False,False,0.0,0,0,0,0,0
0x2f2f89d7aefea4c99ef8d02c320607bc10c3ad21,usdt,632,11.437362270117998,9.287122609905747,0.0886075949367088,6.15295904590459e-05,0.0036917754275427,0.0886026102610261,975140.5714285716,False,False,False,0.0,0,0,0,0,0
0x76d49dcf15c272b8f39d89d8e12633224240c004,usdt,146,6.718689418413545,7.327642871258688,0.0616438356164383,4.266101392431794e-05,0.002559660835459,0.0614318600510178,1406436.3333333333,False,False,False,0.0,0,0,0,0,0
0x4c4180bf5ec78af9025bdd935ed69e29c2f6cbae,usdt,1946,8.205363174662045,3.044522437723423,0.0889003083247687,6.172607293740693e-05,0.0037035643762444,0.0888855450298659,972036.5664739884,False,False,False,0.0,0,0,0,0,0
0x8e8370171374694e4c4f02b6498003159a7a44e2,usdt,974,5.566072585212847,6.398594934535208,0.0338809034907597,2.351126324877496e-05,0.0014106757949264,0.0338562190782359,2551968.363636364,False,False,False,0.0,0,0,0,0,0
0x66bf73032fa79ba7a6b7f3b21847cfba5c431e5d,usdt,2082,8.164359736643608,6.576844615701079,0.0187319884726224,1.3003280727727606e-05,0.0007801968436636,0.0187247242479277,4614220.153846154,False,False,False,0.0,0,0,0,0,0
0xdeb1c9c7df201e7b0cb715ec1bc004b40e5090de,usdt,246,9.485129591842874,9.15500816964351,0.1260162601626016,8.742239852092582e-05,0.0052453439112555,0.1258882538701331,686322.9677419355,False,False,False,0.0,0,0,0,0,0
0xb3d90e50f5e6c79aef555fddb98dbb900787c3b9,usdt,295,8.97469872152926,0.0044729812869343,0.0745762711864406,5.167995076310145e-05,0.003100797045786,0.0744191290988661,1160991.818181818,False,False,False,0.0,0,0,0,0,0
0xcc202930867769a83b61cf5053b65d1845e76aea,usdt,1820,10.382507587460916,10.277235348022122,0.1087912087912088,7.55290106262261e-05,0.0045317406375735,0.1087617753017655,794396.7424242424,False,False,False,0.0,0,0,0,0,0
0xe6ea861295af4e0d0d7f331c7b950f7da3a9d265,usdt,1617,6.136749247895801,5.594711379601839,0.0383426097711812,2.6619606255950946e-05,0.001597176375357,0.0383322330085693,2253977.741935484,False,False,False,0.0,0,0,0,0,0
0x2888db2e7594a8ed8e0cb2fdd020306dd1e8114d,usdt,136,7.185654909239161,0.0,5.9338235294117645,0.0041149955127682,0.2468997307660928,5.925593538386228,14580.81784386617,False,False,False,0.0,0,0,0,0,0
0x2be011f77b30f63638ea405877cf35e53fd65621,usdt,181,6.786204957256369,3.4691951003710173,0.0441988950276243,3.056813943962487e-05,0.0018340883663774,0.0440181207930598,1962828.0,False,False,False,0.0,0,0,0,0,0
0xe8ceaf43304feb2ec431e922d093dfbe983e0c44,usdt,1068,7.184508753506012,6.2040604975387845,0.0308988764044943,2.144208713724172e-05,0.0012865252282345,0.030876605477628,2798235.0606060605,False,False,False,0.0,0,0,0,0,0
0x4a671356dddf2e12bcba704bee80b956d7e0da8d,usdt,277,11.591158437719388,11.952547127356368,0.0252707581227436,1.7498258923237137e-05,0.0010498955353942,0.0251974928494614,3428912.571428572,False,False,False,0.0,0,0,0,0,0
0x729fbaec0cc77eb31e2115d8760b16a5a8e61a1f,usdt,825,8.448630362804735,9.913383538793845,0.1078787878787878,7.485616681923867e-05,0.0044913700091543,0.1077928802197037,801537.1685393258,False,False,False,0.0,0,0,0,0,0
0xf9dbd46ec67dad36794fe788c29147e00fc25fe7,usdt,1313,10.908951758421058,12.07690654999142,0.035034272658035,2.432661484233934e-05,0.0014595968905403,0.0350303253729686,2466434.413043478,False,False,False,0.0,0,0,0,0,0
0x27d95fcbc497d90a46dc86576b04977bdfbf1c69,usdt,1728,9.89654436988266,0.0,0.0098379629629629,6.831296674876389e-06,0.0004098778004925,0.009837067211822,8783105.588235294,False,False,False,0.0,0,0,0,0,0
0x9e732b997b11a12dc3e2b18bb04aa3e6da9b92e0,usdt,571,10.8266983175356,0.0006397952873394,0.3047285464098073,0.0002114210630299,0.0126852637817979,0.3044463307631498,283793.8620689655,False,False,False,0.0,0,0,0,0,0
0x34174fc5a1f92a96ef05a97c78a746b2bef072c6,usdt,1301,6.803135800910347,4.037244970181528,0.0261337432744043,1.814585962185096e-05,0.001088751577311,0.0261300378554653,3306539.411764706,False,False,False,0.0,0,0,0,0,0
0x7e8ee98b75d536d61a0fea3a013a60de6da855d8,usdt,826,9.870162076379836,10.126697061955054,0.572639225181598,0.0003973067474361,0.0238384048461679,0.5721217163080309,151016.81606765327,False,False,False,0.0,0,0,0,0,0
0x6a1a252e84bf1569be1652c53801c85e26b142fe,usdt,1842,11.474037667663117,12.66581390440238,0.1465798045602606,0.0001017598441672,0.0061055906500341,0.1465341756008198,589623.5444444445,False,False,False,0.0,0,0,0,0,0
0xb0f7f73357f3dd2c65e8ef809710cbb9a555eabb,usdt,473,9.147788560290476,0.0003799278182854,0.5137420718816068,0.0003563369616159,0.0213802176969546,0.5131252247269109,168379.95061728396,False,False,False,0.0,0,0,0,0,0
0x29f278e2e83151384362a33c3e7a1e8af6f4c54a,usdt,161,6.554271987725522,0.0,0.1366459627329192,9.44451647080743e-05,0.0056667098824844,0.1360010371796269,635289.2727272727,False,False,False,0.0,0,0,0,0,0
0xf2fd5d37352174820507a9d2d572fc66ea0ee310,usdt,448,11.624071919881048,11.951186847493476,0.0736607142857142,5.109733857189443e-05,0.0030658403143136,0.0735801675435279,1174229.4545454546,False,False,False,0.0,0,0,0,0,0
0xa0edd4f3237949e62ffd72626719ca33dc2f2fea,usdt,594,7.976294891981699,0.0,0.0117845117845117,8.17200975364387e-06,0.0004903205852186,0.0117676940452471,7342135.142857143,False,False,False,0.0,0,0,0,0,0
0x135f13cd0f3fb292aa62214a1bae499f036d9cbb,usdt,903,7.078922466459443,6.196434533043806,0.0863787375415282,5.996186425433424e-05,0.00359771185526,0.0863450845262413,1000636.0,False,False,False,0.0,0,0,0,0,0
0x12920c17acb822f40d1b62ef776e28637e982547,usdt,136,8.707974118133299,0.0001729850372256,0.1176470588235294,8.14418464495427e-05,0.0048865107869725,0.1172762588873414,736722.0,False,False,False,0.0,0,0,0,0,0
0x0a0c50de056dc3cb14c6e8b8e54a8d676891c7df,usdt,231,8.984572970375526,6.67730550460376,0.2121212121212121,0.0001472570002797,0.0088354200167842,0.212050080402823,407450.9183673469,False,False,False,0.0,0,0,0,0,0
0x5fb91694454e0d57365105d2811d31f3a559d9af,usdt,445,8.050786907318653,5.324565178944131,0.049438202247191,3.433129197390572e-05,0.0020598775184343,0.0494370604424242,1747676.7272727273,False,False,False,0.0,0,0,0,0,0
0x968af8c01d117ac36abcd1374eee7799bf53cf42,usdt,1802,9.043554545028698,3.044522437723423,0.0305216426193118,2.1184501621471383e-05,0.0012710700972882,0.0305056823349187,2832259.2181818183,False,False,False,0.0,0,0,0,0,0
0xee956511a3819339b22314ae18f95bb75c3d7160,usdt,1471,8.084374380603522,0.0067243408592155,0.3623385452073419,0.0002514865347047,0.0150891920822853,0.3621406099748493,238581.3621013133,False,False,False,0.0,0,0,0,0,0
0xf4310440e670fe6b415a25b6e20c42557df3c38d,usdt,124,4.36876079371139,0.1512728284969556,0.3225806451612903,0.0002223867884456,0.0133432073067403,0.3202369753617677,269800.2,False,False,False,0.0,0,0,0,0,0
0x6afdb7641182be8adcac0a9bf51a8348b5f8c47b,usdt,1142,9.499077896966922,9.785634754221388,0.0201401050788091,1.3986150629869334e-05,0.0008391690377921,0.0201400569070118,4289958.0869565215,False,False,False,0.0,0,0,0,0,0
0x73e0eb1fc6c84d572e6194f913df2a9904b650eb,usdt,1567,8.730155238517177,8.517393171418904,0.0414805360561582,2.879010322041887e-05,0.0017274061932251,0.0414577486374031,2084049.4923076923,False,False,False,0.0,0,0,0,0,0
0xd3775aeaefe837161b1f4bd9a6c7cbeab41f1c90,usdt,351,7.641555859371051,0.0,0.2108262108262108,0.0001463489496891,0.0087809369813511,0.2107424875524285,409979.02702702704,False,False,False,0.0,0,0,0,0,0
0xe34dc246c62233b70b659fbced7b7001df04ff20,usdt,394,10.754117209007031,0.0,0.0685279187817258,4.756847570167025e-05,0.0028541085421002,0.0684986050104051,1261339.5555555555,False,False,False,0.0,0,0,0,0,0
0x287b4abd84836026f021fa706f6739a500c22442,usdt,238,8.623582242889709,8.447423813168788,0.0630252100840336,4.371740139102943e-05,0.0026230440834617,0.0629530580030823,1372451.2,False,False,False,0.0,0,0,0,0,0
0x547b38dbd86489e9f82b0d53f8fb63410b624ac7,usdt,301,9.134216733716377,3.044522437723423,0.0166112956810631,1.1528292254505495e-05,0.0006916975352703,0.0166007408464879,5204587.0,False,False,False,0.0,0,0,0,0,0
0xa949f63060cecdf467ca06c10a3281e5d79608ef,usdt,1091,7.701316052931896,7.59890045687141,0.0339138405132905,2.35410602855378e-05,0.0014124636171322,0.0338991268111744,2548738.2162162163,False,False,False,0.0,0,0,0,0,0
0xc819016762f868441c3e605e9b73350196436176,usdt,262,7.039027953622701,5.721441718310641,0.6145038167938931,0.0004252174551501,0.0255130473090073,0.6123131354161769,141104.27329192546,False,False,False,0.0,0,0,0,0,0
0xf66a7dd3e575341fcd62435f1d3c3999dd822464,usdt,391,7.036389460318223,7.067874261860489,0.1048593350383631,7.264094114312037e-05,0.0043584564685872,0.1046029552460933,825980.487804878,False,False,False,0.0,0,0,0,0,0
0x214d3bd72c7b250acb7978909b5e9754ab3e4365,usdt,349,8.822164651356426,0.0002009798022064,0.5071633237822349,0.0003514666285414,0.0210879977124883,0.5061119450997211,170713.22033898305,False,False,False,0.0,0,0,0,0,0
0x70863e2be17ebb182859986bb878d5d19484e555,usdt,299,9.20047352282332,9.90760846226214,0.0367892976588628,2.553378374927867e-05,0.0015320270249567,0.0367686485989612,2349828.0,False,False,False,0.0,0,0,0,0,0
0x6fbd0505147fb7bf06d21b9379d6afccfa282ad4,usdt,318,10.783725455008929,11.766021010000548,0.0220125786163522,1.526613008400297e-05,0.0009159678050401,0.0219832273209642,3930269.142857143,False,False,False,0.0,0,0,0,0,0
0xbaf4070b161521be43b20a28e9ac03ae6046e259,usdt,1479,8.818150185210046,8.873961628884313,0.0730223123732251,5.069353290396746e-05,0.003041611974238,0.0729986873817131,1183582.9259259258,False,False,False,0.0,0,0,0,0,0
0x67f8bf2c521af007328b74c8ae7416badc512357,usdt,785,8.675880865900409,7.591265452397914,0.1159235668789809,8.042192701188707e-05,0.0048253156207132,0.1158075748971173,746065.1868131869,False,False,False,0.0,0,0,0,0,0
0x47d7054560b40d384561ca75865fccb16f2e1581,usdt,731,9.686057556111503,6.215727471690108,0.893296853625171,0.0006200208433346,0.0372012506000814,0.8928300144019542,96770.94027565084,False,False,False,0.0,0,0,0,0,0
0x2079c29be9c8095042edb95f293b5b510203d6ce,usdt,2056,13.181532716703355,13.122365377402328,0.1352140077821011,9.388858222809032e-05,0.0056333149336854,0.13519955840845,639055.3417266187,False,False,False,0.0,0,0,0,0,0
0x6eee3653a1dcd7f194a0a97f7ce5a503013af5d3,usdt,1004,6.23097321050154,5.282046358736023,0.0607569721115537,4.21519729265479e-05,0.0025291183755928,0.0606988410142289,1423420.9180327868,False,False,False,0.0,0,0,0,0,0
0xea2ad4d194ab21f2dc471b6fc9e80702ba82b812,usdt,205,6.262042090071911,4.176692303570854,0.1121951219512195,7.754253545211006e-05,0.0046525521271266,0.1116612510510385,773768.8695652174,False,False,False,0.0,0,0,0,0,0
0x22044237650a760561a7569d554c1bfa35898af3,usdt,275,8.223574356009253,7.946543236703131,0.2690909090909091,0.0001863341525321,0.0111800491519278,0.2683211796462673,322002.1621621622,False,False,False,0.0,0,0,0,0,0
0x6c432978708d2606287d9a042bc0f3c4a1b15c01,usdt,1220,13.29873114988836,4.61512051684126,0.1311475409836065,9.10260360917664e-05,0.0054615621655059,0.1310774919721436,659152.06875,False,False,False,0.0,0,0,0,0,0
0xc1b2eb5d8c0480b21043c926397a07ec6e9d1b65,usdt,1128,9.15783505981279,6.624221588748854,0.0549645390070922,3.813762534168929e-05,0.0022882575205013,0.0549181804920325,1573249.5,False,False,False,0.0,0,0,0,0,0
0x597699a6b56002fbdcbd02b38b0d2f21f5a33201,usdt,218,8.583702641683828,0.0001219925586052,0.2660550458715596,0.0001840877120817,0.0110452627249044,0.2650863053977056,325931.5862068966,False,False,False,0.0,0,0,0,0,0
0x481d458f29ab76329da72262fe7ea0f34a976633,usdt,374,5.444072773050327,3.0456659741125764,0.2433155080213903,0.0001687029045449,0.0101221742726958,0.2429321825446997,355654.8131868132,False,False,False,0.0,0,0,0,0,0
0x0b4c34bdb46e58d3b964956da35e83d9ef5d6980,usdt,1475,8.759785888265192,7.272322678592705,0.2772881355932203,0.0001925150267431,0.0115509016045892,0.2772216385101411,311663.9828850856,False,False,False,0.0,0,0,0,0,0
0x11111113ea761e8605ce2bb5051f74d2940e3b6b,usdt,173,9.78040242604294,0.0,0.5086705202312138,0.0003522823895634,0.0211369433738084,0.5072866409714027,170317.9090909091,False,False,False,0.0,0,0,0,0,0
0xcc33eb65a8575ecb388315304cad27c4750ca0c6,usdt,200,5.889504592981304,2.4740142086215764,0.085,5.896042368266806e-05,0.00353762542096,0.084903010103042,1017631.7647058824,False,False,False,0.0,0,0,0,0,0
0x942f2d75e01fa5eaf9e127b22326c12311ac5bc1,usdt,867,10.484612336190748,9.209842481549313,0.1995386389850057,0.0001385321652269,0.0083119299136147,0.1994863179267548,433112.4104046243,False,False,False,0.0,0,0,0,0,0
0xc4afca15a491f6aa81ebdc7923435c81d0ff0f2a,usdt,168,6.160911499462982,0.6475455526017697,0.0773809523809523,5.342358906246532e-05,0.0032054153437479,0.07692996824995,1123099.3846153845,False,False,False,0.0,0,0,0,0,0
0x7932acea4fa2763c75dd89f81f2d44d10a0d0e8c,usdt,1145,9.052498697400758,8.097253703058298,0.0061135371179039,4.244697084772361e-06,0.0002546818250863,0.0061123638020722,14135284.285714284,False,False,False,0.0,0,0,0,0,0
0x785e2e0b1d145505a48127045ec38019627147cc,usdt,332,1.2917864094445148,0.4633093977926023,0.1174698795180722,8.156654617126632e-05,0.0048939927702759,0.1174558264866235,735595.6923076923,False,False,False,0.0,0,0,0,0,0
0x9955f9e3a57adac56ab30cc1bebc3e03963698f1,usdt,536,7.177857452311216,0.0005828301215228,1.3805970149253732,0.0009579880800391,0.0574792848023476,1.3795028352563432,62631.25945945946,False,False,False,0.0,0,0,0,0,0
0xc628ae4f2aab26bf9407e5643619741bd614f060,usdt,587,8.414711160055706,0.0,0.5621805792163543,0.0003897790023925,0.023386740143552,0.5612817634452495,153933.3818181818,False,False,False,0.0,0,0,0,0,0
0xe2ceb0251ce1ac8f4b5fda1195192cb32e6dc873,usdt,609,4.743951473765628,3.5467396869528134,0.8160919540229885,0.0005661252519656,0.0339675151179363,0.8152203628304713,105983.61368209256,False,False,False,0.0,0,0,0,0,0
0x83ef0e93a5dba507427eb21bdda6987eff59663d,usdt,1020,8.949230096885262,7.751475318021456,0.0264705882352941,1.83673554768886e-05,0.0011020413286133,0.0264489918867195,3266665.1481481483,False,False,False,0.0,0,0,0,0,0
0x1019c4d4e31dedc7d806b3b6bcdf2da78587ed1e,usdt,352,7.174772026155821,7.003689505846767,0.065340909090909,4.525896589953376e-05,0.002715537953972,0.0651729108953286,1325704.1739130437,False,False,False,0.0,0,0,0,0,0
0x2708c14f9cc052ecfe9f5c8db434146825bddd9b,usdt,364,6.546214513252791,5.986452005284438,0.0137362637362637,9.517402951993838e-06,0.0005710441771196,0.0137050602508711,6304240.8,False,False,False,0.0,0,0,0,0,0
0x4ba55f0cc5c84c17df675ee59ad378e44fdc556a,usdt,229,8.036873607204983,8.38958706681109,0.0873362445414847,6.061296681076389e-05,0.0036367780086458,0.0872826722075,989887.2,False,False,False,0.0,0,0,0,0,0
0x5cc5e3929bc61a7e0a458481c785f877a91f69f2,usdt,983,10.70458951454452,0.0,0.0081383519837232,5.651147861153557e-06,0.0003390688716692,0.0081376529200611,10617312.0,False,False,False,0.0,0,0,0,0,0
0x4cd2539dbc558d4dbe60f80a5ffdd552458e334b,usdt,598,10.193554963554488,0.0003569362906623,0.1254180602006689,8.705527522467226e-05,0.0052233165134803,0.125359596323528,689217.28,False,False,False,0.0,0,0,0,0,0
0x796b85ec16e06af2258085cde364ade274b5cb8f,usdt,273,8.566173813637858,9.210440366976515,0.0293040293040293,2.033515383798068e-05,0.0012201092302788,0.0292826215266921,2950555.5,False,False,False,0.0,0,0,0,0,0
0x65771c1cad7aa4940917a16181b62a31385bc387,usdt,951,5.704516325321921,6.021094300715914,0.0420609884332281,2.919787311013117e-05,0.0017518723866078,0.0420449372785888,2054944.2,False,False,False,0.0,0,0,0,0,0
0x0e871dc472a31e63a35befdae5419a365a3e7bfa,usdt,352,6.794684306224402,7.090767505542142,0.0539772727272727,3.738787082372564e-05,0.0022432722494235,0.0538385339861649,1604798.5263157894,False,False,False,0.0,0,0,0,0,0
0x43401c8725a55f6eece7170e13673beeda565348,usdt,219,11.81992810920251,0.0001819834400092,0.1917808219178082,0.000132861947579,0.0079717168547401,0.1913212045137632,451596.5714285714,False,False,False,0.0,0,0,0,0,0
0x0d23b7c4e3b5923344bb6515dcc9a8769a9c33bc,usdt,642,10.320581672845297,0.0,0.0685358255451713,4.752287893600594e-05,0.0028513727361603,0.0684329456678485,1262549.7727272727,False,False,False,0.0,0,0,0,0,0
0xaf4807d083287f205d897e6d00c6fde1bf0a241a,usdt,1630,9.075284275867544,4.102542599629555,0.0337423312883435,2.342091805655266e-05,0.0014052550833931,0.0337261220014358,2561812.4727272727,False,False,False,0.0,0,0,0,0,0
0x6e9fbe62bfa466034bed7e4d66526084bb538685,usdt,201,5.15864066728958,5.03574898224951,0.0945273631840796,6.539353485096814e-05,0.003923612091058,0.0941666901853941,917521.894736842,False,False,False,0.0,0,0,0,0,0
0x18c2f8a7e2696d28661d59785b18c6794cd8d8e1,usdt,623,11.154294818477046,12.244938488032004,0.0144462279293739,1.0027144594544607e-05,0.0006016286756726,0.0144390882161442,5983757.333333333,False,False,False,0.0,0,0,0,0,0
0x9a15342876e19052c3fabcef9bad8507b9623c12,usdt,1056,10.106793273956956,0.0,0.0388257575757575,2.6937237419423165e-05,0.0016162342451653,0.0387896218839693,2227399.9024390243,False,False,False,0.0,0,0,0,0,0
0x2cb99cf52a8a50625c5ad45b2f7f464bb259f0bd,usdt,1219,6.858821579612021,6.265510316349311,0.0090237899917965,6.26215445040358e-06,0.0003757292670242,0.0090175024085811,9581367.0,False,False,False,0.0,0,0,0,0,0
0xac3a26d1580104febcddb8ec96df42b46c28928d,usdt,140,9.220737182548389,9.210444524452123,0.0714285714285714,4.94244522535079e-05,0.0029654671352104,0.0711712112450513,1213974.0,False,False,False,0.0,0,0,0,0,0
0xb479f2e3d529f47ac445f1634aa965d5f2c571e0,usdt,165,6.409302476860419,7.748727068050415,0.1818181818181818,0.0001261584853356,0.007569509120137,0.1816682188832899,475592.26666666666,False,False,False,0.0,0,0,0,0,0
0xcf7d504212180d754e0bca03e21611be2b23b6ab,usdt,1172,7.023938776503646,0.0,0.0162116040955631,1.1250490654622037e-05,0.0006750294392773,0.0162007065426557,5333100.736842105,False,False,False,0.0,0,0,0,0,0
0x86dee528228ba1ec54965a6b1b8d2a61c89d3e7f,usdt,189,7.600702439539416,7.599301178175108,0.0317460317460317,2.193351221331072e-05,0.0013160107327986,0.0315842575871674,2735540.0,False,False,False,0.0,0,0,0,0,0
0x6c795be0a4887816ce761d41e482fcf4fbca9963,usdt,1827,8.319523848873827,2.718969896952777,0.0415982484948002,2.8877206159181308e-05,0.0017326323695508,0.041583176869221,2077763.3289473683,False,False,False,0.0,0,0,0,0,0
0x2d86499a410a9ac2139833ba8d6942b8a8700a7b,usdt,859,7.693370532110414,0.0066081182142447,0.0349243306169965,2.422984234610779e-05,0.0014537905407664,0.0348909729783952,2476285.2,False,False,False,0.0,0,0,0,0,0
0x76f67123bb1f8b7d3282a649aae51cd8920efbac,usdt,1965,7.908372680141103,6.821897934023133,0.0117048346055979,8.124735603882542e-06,0.0004874841362329,0.0116996192695908,7384855.695652174,False,False,False,0.0,0,0,0,0,0
0xca08b960d3e62e65b1e4cb47fb67af411c5f4de1,usdt,754,9.503981984589252,8.006367567650246,0.0344827586206896,2.392462491709197e-05,0.0014354774950255,0.0344514598806124,2507876.3076923075,False,False,False,0.0,0,0,0,0,0
0x9b2b79236b7cec66131aac5081795f47df169a36,usdt,200,9.597779148320742,10.142882195038949,0.035,2.4191285331372224e-05,0.0014514771198823,0.034835450877176,2480232.0,False,False,False,0.0,0,0,0,0,0
0xa0aafe9a0f843ce1050036cd58b7297b47915fdd,usdt,1569,9.372906166880757,7.284620909716143,0.0108349267049075,7.521668710815332e-06,0.0004513001226489,0.010831202943574,7976953.294117647,False,False,False,0.0,0,0,0,0,0
0x5d28fcb0303e2f42360da7b9a61d42b65145fccd,usdt,451,10.93312078956822,8.03292915781669,0.0753880266075388,5.231179677174671e-05,0.0031387078063048,0.0753289873513152,1146968.8235294118,False,False,False,0.0,0,0,0,0,0
0x86e96ba26163a4c05d69386d0804b68958b9da19,usdt,187,8.564839814753919,9.09796445281933,3.727272727272727,0.0025783568949036,0.1547014136942194,3.712833928661267,23270.634146341465,False,False,False,0.0,0,0,0,0,0
0x1bdb066d70fcc92799c22fe07b791bb60911c6e8,usdt,494,7.835578224921717,7.313886831633462,0.0607287449392712,4.217230973171734e-05,0.002530338583903,0.0607281260136729,1422734.5,False,False,False,0.0,0,0,0,0,0
0x91259d6b5921cc24683496f392e7e70f1c096a43,usdt,486,7.939301424900242,8.188966863648876,0.2222222222222222,0.0001540739286654,0.0092444357199289,0.2218664572782954,389423.4444444445,False,False,False,0.0,0,0,0,0,0
0xc00f681cea47db9a130e073e6d0a16ad4622c389,usdt,748,10.372370562403695,0.0044889097521972,0.1323529411764706,9.19100751824415e-05,0.0055146045109464,0.1323505082627157,652812.0,False,False,False,0.0,0,0,0,0,0
0x1a68f8a252e090b5f06a5ea7681fa4d99c3c3eed,usdt,239,8.076269950961454,0.0,0.1213389121338912,8.423483976209758e-05,0.0050540903857258,0.1212981692574205,712294.3448275862,False,False,False,0.0,0,0,0,0,0
0x1e0f7f6025d416c526c7f4f3d3af38898c7217dc,usdt,183,5.537612440923013,4.653304516097754,0.3060109289617486,0.0002118547886748,0.0127112873204908,0.3050708956917815,283212.8571428572,False,False,False,0.0,0,0,0,0,0
0x29100f4d2147946781c26a5d989b0e0df56874e2,usdt,268,6.070335529348544,0.0009995003330835,1.4029850746268655,0.0009708291655671,0.05824974993403,1.3979939984167222,61802.84042553192,False,False,False,0.0,0,0,0,0,0
0xba0f886c760c93ae7a92c141b3a453de8a13a531,usdt,612,9.621499037647355,9.219010934968756,0.2696078431372549,0.0001870004114009,0.0112200246840543,0.2692805924173033,320854.9090909091,False,False,False,0.0,0,0,0,0,0
0x7ea6b477bb6e7cf1506d8f425b741294f39c4878,usdt,629,7.705329069946121,5.707125899178153,0.151033386327504,0.0001047730868599,0.0062863852115986,0.1508732450783669,572666.1473684211,False,False,False,0.0,0,0,0,0,0
0xc6c36027878ba38964e4d5a60ddb20d09565354e,usdt,1208,5.991411635708198,5.054080852062257,0.0496688741721854,3.4463848729437085e-05,0.0020678309237662,0.0496279421703894,1740954.7166666666,False,False,False,0.0,0,0,0,0,0
0xe52e74f9ad5378aefe90c41b54774c437594a2d1,usdt,485,7.428711126924472,7.841261092164454,0.0206185567010309,1.4311708437295967e-05,0.0008587025062377,0.0206088601497061,4192371.6,False,False,False,0.0,0,0,0,0,0
0x3fd472e767028dca572c2cc4645cba25ca17ac01,usdt,350,7.124801280365842,0.000499875041651,0.0514285714285714,3.562678801942373e-05,0.0021376072811654,0.0513025747479701,1684126.0,False,False,False,0.0,0,0,0,0,0
0x17f537d7a3e71ee051f24b01ba51a02ea2d7af33,usdt,146,5.83750160465696,5.278791980816862,0.0753424657534246,5.221396714127581e-05,0.0031328380284765,0.0751881126834371,1149117.818181818,False,False,False,0.0,0,0,0,0,0
0xb4a726f320b429730b2f1d2165c2ce06b9328085,usdt,1146,9.453933221998556,0.0,0.0383944153577661,2.66408847486263e-05,0.0015984530849175,0.0383628740380218,2252177.4545454546,False,False,False,0.0,0,0,0,0,0
0x77147740725f66defa8a0a7557b2da85b3529cb0,usdt,603,7.481083423079481,6.55108116361449,0.8341625207296849,0.0005791241294428,0.0347474477665726,0.8339387463977442,103604.73161033796,False,False,False,0.0,0,0,0,0,0
0x0a73c27259ed42e205780e970574072ab60ca377,usdt,1115,6.326498178003448,7.665553104393555,0.0206278026905829,1.4317946562435337e-05,0.0008590767937461,0.0206178430499068,4190545.0434782607,False,False,False,0.0,0,0,0,0,0
0xa76b0152fe8bc2ec3cbfac3d3ecee4a397747051,usdt,1286,8.583193853105149,4.397384348944847,0.1251944012441679,8.68969962407064e-05,0.0052138197744423,0.1251316745866172,690472.6583850932,False,False,False,0.0,0,0,0,0,0
0xbcf86f32f337147e027bced0bf8e61c254aee83f,usdt,463,8.35508548488412,4.896846762276049,0.0647948164146868,4.4902677935841855e-05,0.0026941606761505,0.0646598562276122,1336223.2,False,False,False,0.0,0,0,0,0,0
0xeabda1da67279af473b72667986c35e63daa55a0,usdt,901,8.480973255121203,6.398594934535208,0.0377358490566037,2.61886690255982e-05,0.0015713201415358,0.0377116833968613,2291067.1764705884,False,False,False,0.0,0,0,0,0,0
0xb61cbc559425bf5f156d8c759b4a72ff09a2dc30,usdt,817,10.34015223650102,11.3247897333278,0.00734394124847,5.099303698578798e-06,0.0003059582219147,0.0073429973259534,11766312.333333334,False,False,False,0.0,0,0,0,0,0
0xfe61659ffe229481cf10c3310240e4d28bdfe854,usdt,125,6.034834433792525,4.45339559934759,0.096,6.614347180469155e-05,0.0039686083082814,0.0952465993987558,907119.0,False,False,False,0.0,0,0,0,0,0
0xc4e860a8eebe24441a6d460db9f39fca2c479146,usdt,437,6.70616718917578,5.462220337817973,1.65675057208238,0.0011496848370861,0.0689810902251699,1.6555461654040775,52188.21546961326,False,False,False,0.0,0,0,0,0,0
0x20dcbe73e26c774b0f91a75f34c3addc6c06e6b9,usdt,337,7.882071840005005,8.542426671760051,0.0771513353115727,5.351163960487005e-05,0.0032106983762922,0.0770567610310128,1121251.3846153845,False,False,False,0.0,0,0,0,0,0
0x808507121b80c02388fad14726482e061b8da827,usdt,244,6.021962046984528,9.99995000033333e-06,0.0204918032786885,1.4225390501194649e-05,0.0008535234300716,0.0204845623217202,4217810.4,False,False,False,0.0,0,0,0,0,0
0x1d24c1ea359c4c2689fa29e5b5fa5a427d9c04b9,usdt,158,6.469157022521516,6.985641817639208,0.120253164556962,8.328663072044908e-05,0.0049971978432269,0.1199327482374466,720403.7368421053,False,False,False,0.0,0,0,0,0,0
0x81ec492258cc56bb464fb51204011fe1eb4ecbeb,usdt,290,8.26634355090476,10.515832837664508,0.5758620689655173,0.0003985577460055,0.0239134647603355,0.5739231542480528,150542.80239520958,False,False,False,0.0,0,0,0,0,0
0xb40c5707f7f6661418ae4142f57d0ae5faf20cf2,usdt,1037,8.290347501887338,4.166618199440284,0.2719382835101254,0.0001888404575367,0.011330427452206,0.2719302588529456,317728.52482269506,False,False,False,0.0,0,0,0,0,0
0x260db26a5d85e9e6983257e8af71a60e95873d6b,usdt,379,8.497174066634168,6.082915626517489,0.0131926121372031,9.139140489426562e-06,0.0005483484293655,0.0131603623047742,6565168.8,False,False,False,0.0,0,0,0,0,0
0xfa942e138ff9095643d54d7c53b49cd92d02035e,usdt,1100,10.644152246050282,0.0,0.1218181818181818,8.453572788983809e-05,0.0050721436733902,0.1217314481613668,709759.0746268657,False,False,False,0.0,0,0,0,0,0
0x32b02f704a805e58989177e9215b1656f65e7121,usdt,146,7.026809761118882,5.707110264748875,3.0753424657534247,0.0021220043820099,0.1273202629205964,3.055686310094313,28275.153674832964,False,False,False,0.0,0,0,0,0,0
0x9a3b587af0e846aea60769939b4ae7d87a52e096,usdt,1535,8.398833571417045,5.303304908059076,0.2254071661237785,0.0001564644485263,0.0093878669115812,0.2253088058779502,383473.6936416185,False,False,False,0.0,0,0,0,0,0
0x0172e05392aba65366c4dbbb70d958bbf43304e4,usdt,2059,10.997573978052342,0.0,0.0369111219038368,2.562735930120306e-05,0.0015376415580721,0.0369033973937324,2341247.8552631577,False,False,False,0.0,0,0,0,0,0
0x48dff72631721b71a813b496282ac7183a884480,usdt,427,7.504491572331561,0.0,0.7236533957845434,0.0005022629465182,0.0301357767910956,0.7232586429862962,119459.33980582524,False,False,False,0.0,0,0,0,0,0
0xa66522d79f572fd5c4245b5f18d994027b9994fa,usdt,2468,8.430823249681204,0.0,0.1681523500810372,0.0001167445596683,0.0070046735801013,0.1681121659224318,513942.578313253,False,False,False,0.0,0,0,0,0,0
0x2d38342fa9e183cb5330056d6c3728f93e5e80b0,usdt,648,12.308008338770666,9.999500033330834e-05,0.0432098765432098,2.9967478863830133e-05,0.0017980487318298,0.0431531695639153,2002170.4285714289,False,False,False,0.0,0,0,0,0,0
0x72d0455d25db9c36af5869bbf426312ba923c643,usdt,1418,8.168073505926866,7.901858541224401,0.0352609308885754,2.446977484846297e-05,0.0014681864909077,0.0352364757817866,2452004.58,False,False,False,0.0,0,0,0,0,0
0xeab23c1e3776fad145e2e3dc56bcf739f6e0a393,usdt,1110,13.190881573665752,0.0158733491562901,0.0423423423423423,2.938822929509362e-05,0.0017632937577056,0.0423190501849348,2041633.7234042552,False,False,False,0.0,0,0,0,0,0
0x9881653bc8c4942b9a000e407861ac84bf29d684,usdt,2334,5.562152080144338,0.0004958770326595,0.0184233076263924,1.279266677533161e-05,0.0007675600065198,0.0184214401564775,4690187.046511628,False,False,False,0.0,0,0,0,0,0
0xb5aab050202d103dc9e528743ad2ec4f186f115f,usdt,1040,7.273290467469555,5.993961427306569,0.0125,8.672643081376746e-06,0.0005203585848826,0.0124886060371825,6918306.153846154,False,False,False,0.0,0,0,0,0,0
0x9d03d1b962d87cc20e3c28cea67c7c78b58de400,usdt,343,5.931784028079975,6.435292036967375,0.1865889212827988,0.0001295121318465,0.0077707279107952,0.1864974698590867,463277.0625,False,False,False,0.0,0,0,0,0,0
0x8a95d0efbb0052638fe7f30eeef621045ac2f5b2,usdt,375,7.736197514561866,0.815413927122338,0.0666666666666666,4.618171433173766e-05,0.0027709028599042,0.0665016686377022,1299215.52,False,False,False,0.0,0,0,0,0,0
0xa088b1b17523da1261db45f4acfda29223fdc027,usdt,1050,7.387304769918178,5.28035476057386,0.0142857142857142,9.915288403019191e-06,0.0005949173041811,0.0142780153003476,6051261.2,False,False,False,0.0,0,0,0,0,0
0xd21d0ff68445891498e21f1068eae04c5a207010,usdt,1886,12.621860717002582,9.999500033330834e-05,0.108695652173913,7.544896597284146e-05,0.0045269379583704,0.1086465110008916,795239.5268292683,False,False,False,0.0,0,0,0,0,0
0x119e6440503d0f8293f0cb6e2e0649228a41da16,usdt,495,6.531330093860763,5.707110264748875,0.0323232323232323,2.244248272209361e-05,0.0013465489633256,0.0323171751198148,2673501.0,False,False,False,0.0,0,0,0,0,0
0x973aa3d61ef2d5893be58abd734bc3c60663a3ad,usdt,1425,7.862630320393897,3.818237484740185,0.1347368421052631,9.353425465548484e-05,0.005612055279329,0.1346893267038981,641476.21875,False,False,False,0.0,0,0,0,0,0
0xac3766c416a7548ba31bfb8842d4aec870ffc81d,usdt,236,6.718901082888093,3.1354942159291497,0.0296610169491525,2.051189484782225e-05,0.0012307136908693,0.029537128580864,2925132.0,False,False,False,0.0,0,0,0,0,0
0xd0b6d64f55c52fc9dd559aec1975edaf7c8eefae,usdt,692,8.530659939549636,7.952849541785303,0.01878612716763,1.3030146547051255e-05,0.000781808792823,0.0187634110277538,4604706.461538462,False,False,False,0.0,0,0,0,0,0
0xf3b1c99ff41836dbd20eaa1a5d502213a49ec997,usdt,1643,7.143176842866554,0.0080673710777587,0.0127814972611077,8.874318353746897e-06,0.0005324591012248,0.0127790184293955,6761082.666666667,False,False,False,0.0,0,0,0,0,0
0x9b166f61172f16eb560e559ba9c38310b9a81869,usdt,352,6.716574082023618,7.090767505542142,0.0568181818181818,3.936784686222513e-05,0.0023620708117335,0.0566896994816042,1524086.4,False,False,False,0.0,0,0,0,0,0
0xf2e95d627336d27b71ed7789d9b48b3f0606213c,usdt,685,10.955217810676844,8.657476736863293,0.091970802919708,6.38632264594065e-05,0.0038317935875643,0.0919630461015453,939507.8095238096,False,False,False,0.0,0,0,0,0,0
0xcde62da282f2f027f772f92719ee79e8fc01d9eb,usdt,1322,11.1689970142805,11.73282836374955,0.0219364599092284,1.5226307825644914e-05,0.0009135784695386,0.0219258832689286,3940548.206896552,False,False,False,0.0,0,0,0,0,0
0x59d651308803b32a3c7aa199de9127448ed96e1a,usdt,199,9.4339669769212,7.50584353317097,0.0351758793969849,2.435360318517297e-05,0.0014612161911103,0.035069188586649,2463701.1428571427,False,False,False,0.0,0,0,0,0,0
0xc12bd26cc33372000e09fd078b8f79b3c58f1a55,usdt,637,8.136436859280012,0.0,1.4709576138147566,0.0010200444726326,0.0612026683579591,1.4688640405910205,58820.96478121665,False,False,False,0.0,0,0,0,0,0
0xa2501eab283a0ea851fbf9d02cbc298fee8a1f62,usdt,450,7.781679162830774,7.444971604476035,0.0444444444444444,3.082501060187709e-05,0.0018495006361126,0.044388015266703,1946471.35,False,False,False,0.0,0,0,0,0,0
0xd0f82e5c2bcad488535d579d70862c05caf68e15,usdt,1179,8.07659725334486,7.82456714983978,0.0500424088210347,3.4742550048998774e-05,0.0020845530029399,0.0500292720705582,1726988.9491525425,False,False,False,0.0,0,0,0,0,0
0x8949ae95e09c8b4faad11dc59d93f8a0372c717f,usdt,1010,8.505602705291476,7.090909822079984,0.1217821782178217,8.454360133471663e-05,0.0050726160800829,0.1217427859219919,709692.9756097561,False,False,False,0.0,0,0,0,0,0
0x1613c5b4bbae7661eb59739104f60f19b8e680e1,usdt,796,5.818647520822887,6.443748805196808,0.0402010050251256,2.788687549520991e-05,0.0016732125297125,0.0401571007131022,2151549.75,False,False,False,0.0,0,0,0,0,0
0xefa0a089628d3b39e4ad1f83801f4bd45fecf3a8,usdt,299,9.089914379672289,9.295842866191204,0.0702341137123745,4.863986718073602e-05,0.0029183920308441,0.0700414087402598,1233556.0,False,False,False,0.0,0,0,0,0,0
0x82d8fcc90d646ab7b5f27f7546e7a1010afc42e6,usdt,221,5.36351972979367,4.620058798481842,0.0723981900452488,5.014482452132064e-05,0.0030086894712792,0.0722085473107017,1196534.25,False,False,False,0.0,0,0,0,0,0
0x73c93a802c6d4459651a561b49fcba320ee260e2,usdt,855,9.823682446203993,5.5260498923938295,0.0163742690058479,1.1360087104820267e-05,0.0006816052262892,0.0163585254309411,5281649.642857143,False,False,False,0.0,0,0,0,0,0
0x7a5b6f12a70db56c43a56f2340c4b2738fde9e37,usdt,989,10.09709735278221,0.0,0.0990899898887765,6.876136711350095e-05,0.00412568202681,0.0990163686434413,872583.0,False,False,False,0.0,0,0,0,0,0
0x4c4b46abe88f996d1b3b4a8fa41876535675ef1e,usdt,2073,7.590772439200725,7.352567886436643,0.1456825856246985,0.0001011374530826,0.0060682471849587,0.1456379324390092,593252.036423841,False,False,False,0.0,0,0,0,0,0
0x7263a7c2cc2aec9710011c756fbc51dcfa31bb7c,usdt,1261,12.502753920030491,0.0,0.1435368754956383,9.964471155099388e-05,0.0059786826930596,0.1434883846334312,602139.3314917127,False,False,False,0.0,0,0,0,0,0
0x48acc6272817435d7662e9d949c2b51b35b4fcb3,usdt,705,4.504931077949935,2.407402751331496,0.0141843971631205,9.840648412132654e-06,0.0005904389047279,0.014170533713471,6097159.2,False,False,False,0.0,0,0,0,0,0
0x536188955c70cf4629f5f85035486b2210e4adce,usdt,1113,6.098696834407789,5.017279836814924,0.174303683737646,0.0001210433185336,0.0072625991120162,0.1743023786883895,495690.3092783505,False,False,False,0.0,0,0,0,0,0
0x911d3ad2d25f0fbec10c64fdf59eabc54cf39a09,usdt,1394,8.443954157011353,0.0009995003330835,0.5703012912482066,0.0003957642538374,0.023745855230249,0.5699005255259771,151605.40503144654,False,False,False,0.0,0,0,0,0,0
0x2b656b31b26682fd4f6ba977e9da9e4c9877b781,usdt,773,6.250618535302138,6.90875477931522,0.038809831824062,2.6945960953146904e-05,0.0016167576571888,0.0388021837725315,2226678.8,False,False,False,0.0,0,0,0,0,0
0xbcacd8227cf4ce32bb44fe508f46460d7b8923a2,usdt,536,5.514675782807605,3.700934400392711,0.0205223880597014,1.4242409960778992e-05,0.0008545445976467,0.0205090703435217,4212770.181818182,False,False,False,0.0,0,0,0,0,0
0xf85767d6dc933e0110702146aa592d3f980a1ca4,usdt,1208,8.175021814422161,2.964676805867267,0.0355960264900662,2.471043394050509e-05,0.0014826260364303,0.0355830248743273,2428124.093023256,False,False,False,0.0,0,0,0,0,0
0x722cda979393ee84f1aa6bfd29a3279fa9509059,usdt,539,7.273949373898661,7.091134660249115,0.0575139146567718,3.990142545911739e-05,0.002394085527547,0.057458052661129,1503705.677419355,False,False,False,0.0,0,0,0,0,0
0x724b8d3c014042a81261cb8fc7ef3b26fe39d227,usdt,440,10.842157112352078,9.169622538697624,0.0818181818181818,5.670600488238702e-05,0.0034023602929432,0.0816566470306373,1058089.0,False,False,False,0.0,0,0,0,0,0
0x1e62e2641f979cddadae22d04142897cfcb23a3c,usdt,572,7.395268718463032,6.259540642964066,0.0996503496503496,6.914481690452483e-05,0.0041486890142714,0.0995685363425157,867744.0,False,False,False,0.0,0,0,0,0,0
0xd5b04960838ddf47453f93be966bd57cf6854cd9,usdt,755,5.313562930105501,6.0477400357285935,0.0066225165562913,4.5973088457371175e-06,0.0002758385307442,0.0066201247378614,13051113.6,False,False,False,0.0,0,0,0,0,0
0x593aebee9117eea447279e5973f64c68d8e977a0,usdt,1473,15.601661199634822,13.742940940397675,0.0230821452817379,1.6020069440404526e-05,0.0009612041664242,0.0230688999941825,3745302.117647059,False,False,False,0.0,0,0,0,0,0
0xa377bdac642273ce9192018aa03f2fce7116cac5,usdt,431,7.724334447558747,8.005684660522245,0.0812064965197215,5.632649540407984e-05,0.0033795897242447,0.0811101533818749,1065218.0571428572,False,False,False,0.0,0,0,0,0,0
0xecc2d8dcb4c80c33c752a25c4ce4778790337892,usdt,134,9.279530694128468,0.0002839596796338,5.007462686567164,0.0034773361635705,0.2086401698142345,5.00736407554163,17254.587183308493,False,False,False,0.0,0,0,0,0,0
0xfe11fee17f1f2246225ee6d73cae0ceef5fae43a,usdt,565,6.5253618035567325,4.581180193502393,0.311504424778761,0.0002163095428887,0.0129785725733264,0.3114857417598354,277380.2727272727,False,False,False,0.0,0,0,0,0,0
0xd9a31fa6f05dcf6f824ede33f0fd627108c42f9f,usdt,661,6.843723709856011,6.909734199626422,0.1966717095310136,0.0001364732563595,0.00818839538157,0.1965214891576809,439646.57692307694,False,False,False,0.0,0,0,0,0,0
0x33d089df4823b3157e45420ee5c859e569bafdbc,usdt,433,5.80057888886076,5.899526462893234,0.0138568129330254,9.61174940246958e-06,0.0005767049641481,0.0138409191395561,6242360.0,False,False,False,0.0,0,0,0,0,0
0x4eb63d831378c003b18c19f812ea0b997aa85c3b,usdt,200,8.062662344496436,0.0129162252665463,0.055,3.814840144325807e-05,0.0022889040865954,0.0549336980782916,1572805.0909090908,False,False,False,0.0,0,0,0,0,0
0xe5e1daf68eadca9dd55d57cb355839010c06c69b,usdt,1950,7.6219610619868465,7.18671023670677,0.0451282051282051,3.132324682467556e-05,0.0018793948094805,0.0451054754275328,1915510.2386363635,False,False,False,0.0,0,0,0,0,0
0x7cfabfdb36944a67d4bb54c8a11696161ff2b710,usdt,307,7.767729665624095,7.819715352276412,0.1921824104234527,0.0001333119431684,0.0079987165901064,0.1919691981625547,450072.2033898305,False,False,False,0.0,0,0,0,0,0
0x103040ca8fa53998c3176de3d3dab5008d2d17ce,usdt,395,9.06051682075974,0.0,1.2658227848101269,0.0008777310161702,0.0526638609702157,1.2639326632851786,68358.072,False,False,False,0.0,0,0,0,0,0
0x6a33d28d7f1e7ccad132304a6abd87336a7754fa,usdt,1208,6.74959832223373,0.0,0.0529801324503311,3.676749808320692e-05,0.0022060498849924,0.0529451972398179,1631876.0625,False,False,False,0.0,0,0,0,0,0
0x85001c23c185f473cf0ffa5c5c9532626b36c1eb,usdt,807,8.81844869331614,5.525452939131784,0.0061957868649318,4.297475370738903e-06,0.0002578485222443,0.006188364533864,13961685.6,False,False,False,0.0,0,0,0,0,0
0x615c949d63ea9b28e01bbe85083874015968a2a4,usdt,391,10.89199251197252,0.0004029188173103,0.2966751918158568,0.0002057282549668,0.0123436952980097,0.296248687152235,291646.8620689655,False,False,False,0.0,0,0,0,0,0
0xe4a8601e4140870742adb9d0b8d19550604eb255,usdt,1074,7.676550297137087,8.626058645953371,0.0074487895716946,5.171400688959856e-06,0.0003102840413375,0.0074468169921021,11602272.5,False,False,False,0.0,0,0,0,0,0
0x13e38aaaa49a797cc09bfc4503479b715ca820f6,usdt,590,7.19370481145291,8.757098092930152,0.0525423728813559,3.644972184159045e-05,0.0021869833104954,0.0524875994518902,1646103.0967741937,False,False,False,0.0,0,0,0,0,0
0x62687557c1009c486093b502c19dbf6ba6dbc81a,usdt,602,6.282113570679147,6.724885726065731,0.0382059800664451,2.651508339339576e-05,0.0015909050036037,0.0381817200864898,2262862.95652174,False,False,False,0.0,0,0,0,0,0
0x8698500917b4beb25a3f647365729bb4e10e35a4,usdt,235,11.20486773296664,0.009950330853168,0.2638297872340425,0.0001829508676592,0.0109770520595546,0.2634492494293113,327956.9032258064,False,False,False,0.0,0,0,0,0,0
0x688e6e7c78d2864ab102232a220c012655777ec0,usdt,180,7.005290883418408,6.90875477931522,0.0277777777777777,1.9186698859389127e-05,0.0011512019315633,0.0276288463575203,3127166.4,False,False,False,0.0,0,0,0,0,0
0x1cc47aed336e786d324cf7116e5fde5edc0025d7,usdt,410,9.04868388305783,0.0001299915507322,0.0512195121951219,3.552105840575401e-05,0.0021312635043452,0.0511503241042857,1689138.857142857,False,False,False,0.0,0,0,0,0,0
0xf0d6999725115e3ead3d927eb3329d63afaec09b,usdt,1288,10.436760950610305,10.33586473510516,0.062111801242236,4.312476087657006e-05,0.0025874856525942,0.0620996556622608,1391312.0625,False,False,False,0.0,0,0,0,0,0
0x43880403d18918b83d8c8a28c4cbc7c9a20a64db,usdt,362,7.067708076778495,7.438526239272626,0.0386740331491712,2.6813810644699773e-05,0.0016088286386819,0.0386118873283676,2237652.8571428573,False,False,False,0.0,0,0,0,0,0
0x0c3a4fa60f30b226a015644b955693badf9fade2,usdt,579,8.066291970095799,0.0,0.2953367875647668,0.0002049066392627,0.012294398355762,0.2950655605382885,292816.2807017544,False,False,False,0.0,0,0,0,0,0
0x88a7ec7471564c7856d1003db842c19089362919,usdt,836,6.227551310491422,7.955687017777129,0.0681818181818181,4.734570036251855e-05,0.0028407420217511,0.0681778085220267,1267274.5263157894,False,False,False,0.0,0,0,0,0,0
0x88b77b4b8eafe7826befdf482b2091e27fb76ce3,usdt,1071,9.105097642603502,0.0009995003330835,0.0186741363211951,1.2959668087348682e-05,0.0007775800852409,0.0186619220457821,4629748.2,False,False,False,0.0,0,0,0,0,0
0xf5617a5d8a4cc8af7ed302652ab3a36adb3044b8,usdt,445,5.486334833303832,5.444579873526289,0.0359550561797752,2.4930350832362087e-05,0.0014958210499417,0.0358997051986014,2406705.0,False,False,False,0.0,0,0,0,0,0
0xe4e6733ddb6a0ca1649e5c108b95e86473a987a6,usdt,1627,8.315382955101743,7.939648985149256,0.1278426551936078,8.872755136073939e-05,0.0053236530816443,0.1277676739594647,676227.3846153846,False,False,False,0.0,0,0,0,0,0
0x6b54dbdab957e4dcf952fcd8d0ae7bbf35a6941a,usdt,1393,8.496743741007084,7.627706605665867,0.0674802584350323,4.682959646438539e-05,0.0028097757878631,0.0674346189087149,1281241.0212765958,False,False,False,0.0,0,0,0,0,0
0x873beda8cfabba1934e72d11908d80e585a52741,usdt,831,9.950707177148942,10.043599284162676,0.0204572803850782,1.4204159927755971e-05,0.0008522495956653,0.0204539902959686,4224114.647058823,False,False,False,0.0,0,0,0,0,0
0x7397d35d961a040312b1cc32f7f943f12727022b,usdt,563,7.690694658252164,6.97113996502044,0.0230905861456483,1.6034516146141048e-05,0.0009620709687684,0.0230897032504431,3741927.692307693,False,False,False,0.0,0,0,0,0,0
0x53965cd7992bc61b4807aa7ace3bec0062c90de2,usdt,490,6.108872905915094,4.061796697347146,0.010204081632653,7.081803899751117e-06,0.000424908233985,0.0101977976156416,8472417.6,False,False,False,0.0,0,0,0,0,0
0x5fa5fb780bffa95938f7c8062f8adfcb16b00fb1,usdt,393,7.531226285371301,9.999500033330834e-05,1.0432569974554708,0.000724006574686,0.0434403944811627,1.0425694675479062,82872.1756097561,False,False,False,0.0,0,0,0,0,0
0x37db9d4fc539b0690dce6414670dfeefed285304,usdt,163,10.483997217824022,0.0,0.6134969325153374,0.0004256329800863,0.0255379788051801,0.612911491324323,140966.52,False,False,False,0.0,0,0,0,0,0
0xb4029226a822bd7458fff77ca55b840ffb50c769,usdt,647,9.626822071916148,6.90875477931522,0.3601236476043277,0.0002497447351558,0.0149846841093534,0.3596324186244832,240245.3047210301,False,False,False,0.0,0,0,0,0,0
0x154af3a2071363d3ffcdb43744c2a906d8eb856a,usdt,1416,10.58190839555478,10.819798284210286,0.1080508474576271,7.502815210736793e-05,0.004501689126442,0.1080405390346098,799699.8235294118,False,False,False,0.0,0,0,0,0,0
0xa4db6e848f1c4af89d2d4d4cc350acbc1f5f93e3,usdt,277,9.666969077494942,8.239992103715409,0.223826714801444,0.0001552256463479,0.0093135387808744,0.2235249307409871,386534.064516129,False,False,False,0.0,0,0,0,0,0
0x5ba77290a7ef53e0424511acbaba234e6eb17149,usdt,701,9.20708388637795,8.329899292995725,0.1212553495007132,8.413217659838763e-05,0.0050479305959032,0.1211503343016781,713163.5294117647,False,False,False,0.0,0,0,0,0,0
0x73ecd40f5f89697c517b0661f90122728267a956,usdt,474,14.162944676092163,0.009950330853168,0.1075949367088607,7.469743146290965e-05,0.0044818458877745,0.1075643013065899,803240.4705882353,False,False,False,0.0,0,0,0,0,0
0xbafc4696a29ed4511b76d0e98d930378ed468c02,usdt,986,8.357594013644846,0.0,0.0324543610547667,2.2537585649868463e-05,0.0013522551389921,0.0324541233358105,2662219.5,False,False,False,0.0,0,0,0,0,0
0xd56744e65218d52ea0b69aee010ee05f79cfff2f,usdt,1472,7.989284682839204,0.0,0.0394021739130434,2.7347024809904583e-05,0.0016408214885942,0.0393797157262626,2194022.9482758623,False,False,False,0.0,0,0,0,0,0
0xaf803df825ce8c694f9fcb632bbe198b124e6313,usdt,249,9.100416519673043,9.947310331938516,0.0321285140562249,2.227754479178849e-05,0.0013366526875073,0.0320796645001754,2693295.0,False,False,False,0.0,0,0,0,0,0
0x89b12f388b9470cec4a89975637a15711cfa6f3a,usdt,645,6.582728646221151,6.827629234502852,0.0449612403100775,3.1218626625871456e-05,0.0018731175975522,0.0449548223412549,1921929.5172413792,False,False,False,0.0,0,0,0,0,0
0xde09e48ec3e1ef54861b824cd3a2067111b601a7,usdt,2035,10.01975154676639,0.0009995003330835,0.1484029484029484,0.0001030564448565,0.0061833866913953,0.1484012805934886,582205.2185430464,False,False,False,0.0,0,0,0,0,0
0x59f02451e0199bc997554b89c6e1041bf8f4614e,usdt,1174,9.512919004796531,7.667388519868468,0.1524701873935264,0.0001058490770941,0.0063509446256466,0.1524226710155196,566844.8100558659,False,False,False,0.0,0,0,0,0,0
0x0080a9a99a38e44f1496dbe1d22c4ab7328b55d9,usdt,516,7.656537587214983,7.576097340623111,0.0096899224806201,6.719438448465535e-06,0.0004031663069079,0.0096759913657903,8929317.6,False,False,False,0.0,0,0,0,0,0
0xf1b6c4cea58270109dcb26561cf9230582671fc7,usdt,254,7.083054227382934,7.320606589148762,0.0669291338582677,4.6374066312732513e-05,0.0027824439787639,0.0667786554903348,1293826.5882352942,False,False,False,0.0,0,0,0,0,0
0xa0f75491720835b36edc92d06ddc468d201e9b73,usdt,1634,14.017695857717037,8.226946704863506,0.3812729498164015,0.0002647138705082,0.0158828322304957,0.3811879735318988,226659.82664526484,False,False,False,0.0,0,0,0,0,0
0xc12824dfc5d43085065bb81efc374b26b7715bdc,usdt,661,5.227585519633675,4.644679319082804,0.0347957639939485,2.413129438584387e-05,0.0014478776631506,0.0347490639156151,2486397.913043478,False,False,False,0.0,0,0,0,0,0
0x8547401e7b9dc17194c8a9d82148137427f204b9,usdt,210,8.885384033394779,9.495347274900654,0.0761904761904762,5.281776155685633e-05,0.0031690656934113,0.0760575766418731,1135981.5,False,False,False,0.0,0,0,0,0,0
0x3c37535e26e7baa54f1f71424fab643fa752652c,usdt,301,4.552758571777122,2.772588722239781,0.1760797342192691,0.000122232303184,0.0073339381910449,0.1760145165850785,490868.6037735849,False,False,False,0.0,0,0,0,0,0
0x20ccead2c6da0782876b49f7d2f268852bc07e1e,usdt,509,6.83895604696014,6.90875477931522,0.0943025540275049,6.537973914573743e-05,0.0039227843487442,0.0941468243698619,917715.5,False,False,False,0.0,0,0,0,0,0
0xd9b1f01710da84ba31392ff5a279f8b7f49acd03,usdt,343,8.394191679919285,7.018122876557102,0.3265306122448979,0.0002266932977316,0.0136015978639014,0.3264383487336346,264674.78571428574,False,False,False,0.0,0,0,0,0,0
0x0f8c20740d31d99484e625c8b5ea7bb5d18b122f,usdt,1971,8.129645159363388,9.233724050725325,0.0928462709284627,6.444878972245833e-05,0.0038669273833474,0.09280625720034,930971.7103825136,False,False,False,0.0,0,0,0,0,0
0x234e7d7a0192bf7e952841d2114b0e53db5655fd,usdt,148,6.262437130375808,3.9338678596840304,2.8986486486486487,0.0020049577136191,0.1202974628171478,2.8871391076115485,29925.81818181818,False,False,False,0.0,0,0,0,0,0
0x05a9b2dc60414bfd3ec0a95e9534ba55cb7ef292,usdt,199,4.533396143485033,5.043231549799244,0.0854271356783919,5.931239489494728e-05,0.0035587436936968,0.085409848648724,1011592.9411764706,False,False,False,0.0,0,0,0,0,0
0xb4b60c4c8678752363fc4d1a2c7f6fbcb19589c7,usdt,1005,8.53308611085347,8.987328821324502,0.0308457711442786,2.139981210274657e-05,0.0012839887261647,0.030815729427955,2803762.935483871,False,False,False,0.0,0,0,0,0,0
0x9f57d48741eb008c471b732c5f504f1067e10e7e,usdt,217,6.418422420417715,5.860786223465865,0.0737327188940092,5.1144224154905626e-05,0.0030686534492943,0.073647682783064,1173153.0,False,False,False,0.0,0,0,0,0,0
0xe394ea5ba9c613a694006004b8163e44480f93c8,usdt,383,7.604612236303111,7.601402334583733,0.0391644908616188,2.7170477356305304e-05,0.0016302286413783,0.0391254873930796,2208279.2,False,False,False,0.0,0,0,0,0,0
0x15ee0b65549a7ecafbafb514a58a109397ed82d8,usdt,911,6.858889638614449,5.512695860734567,0.274423710208562,0.0001905663265337,0.0114339795920234,0.2744155102085618,314851.008,False,False,False,0.0,0,0,0,0,0
0x6277b5e9508f07b19fdac830d62c4031722d5a6b,usdt,184,8.125173868333096,8.313102801079259,0.1358695652173913,9.415706452922598e-05,0.0056494238717535,0.1355861729220854,637233.12,False,False,False,0.0,0,0,0,0,0
0xa65ce1d604fa901c13aa29f2126a57d9032e412b,usdt,631,13.455263635798936,14.991969490637368,0.0412044374009508,2.8597203765415816e-05,0.0017158322259249,0.0411799734221987,2098107.230769231,False,False,False,0.0,0,0,0,0,0
0x7607c933b50dd284a492d09a4baf53e51007bd99,usdt,198,7.897552595927333,7.910909710275459,0.5252525252525253,0.0003631132773766,0.0217867966425987,0.5228831194223706,165237.6923076923,False,False,False,0.0,0,0,0,0,0
0x7f9221179b8c9961636b5e3ead4405a41cff7295,usdt,341,6.271867731361537,0.0,0.0175953079178885,1.2212626716179367e-05,0.0007327576029707,0.0175861824712982,4912948.0,False,False,False,0.0,0,0,0,0,0
0x91f9975fbb2c6e8bb55fb1bdce0224d7e284cce4,usdt,1086,7.4356738403842755,7.60167707195241,0.0230202578268876,1.5984615894155755e-05,0.0009590769536493,0.0230178468875842,3753609.12,False,False,False,0.0,0,0,0,0,0
0x3bc38718e39dc2412027e797cbf8e20e985a2b45,usdt,198,4.264181101752085,3.9573787071489432,0.0757575757575757,5.2547650209209706e-05,0.0031528590125525,0.0756686163012619,1141820.8,False,False,False,0.0,0,0,0,0,0
0xfd245eb623ca59617cfc22b9d02ed98feff10a84,usdt,1088,12.402824576784576,0.0009995003330835,0.0707720588235294,4.912639238232123e-05,0.0029475835429392,0.0707420050305425,1221339.4285714286,False,False,False,0.0,0,0,0,0,0
0xb8ff43db09fac285e78938efaba2c0ee04b90ada,usdt,192,7.98807939718518,7.32052696227274,0.4791666666666667,0.0003320601952947,0.0199236117176824,0.4781666812243781,180690.13043478265,False,False,False,0.0,0,0,0,0,0
0x194f0fe6d4dfbf198868b1b507cd74122fbfebcc,usdt,1144,8.769333753954246,8.943924163740958,0.2998251748251748,0.0002081028768402,0.0124861726104154,0.2996681426499717,288318.9358600583,False,False,False,0.0,0,0,0,0,0
0xb9cbf8aae2f5285b3be83dcca2abecbc3bcf2dac,usdt,199,8.393108428494752,7.095719220873378,0.0351758793969849,2.433052813929853e-05,0.0014598316883579,0.0350359605205898,2466037.714285714,False,False,False,0.0,0,0,0,0,0
0x130306b0772e69298572e4f09282b299f55f9e0d,usdt,272,6.621862715071084,6.898714534329988,0.0220588235294117,1.531115325647815e-05,0.0009186691953886,0.0220480606893285,3918712.0,False,False,False,0.0,0,0,0,0,0
0x64923c2c652117f576d9aaed3823cfc488b224a1,usdt,311,7.218425870442208,7.00397413672268,0.0578778135048231,4.013710836216516e-05,0.0024082265017299,0.0577974360415178,1494876.0,False,False,False,0.0,0,0,0,0,0
0xd749ecea8f1873803562a25b487ff7807af2cc43,usdt,727,6.870059619463178,0.0,0.0137551581843191,9.5416806372774e-06,0.0005725008382366,0.0137400201176794,6288200.4,False,False,False,0.0,0,0,0,0,0
0xa36b087231f86758d9ca7e9a3167c0d46bddde4a,usdt,234,9.415756768772166,0.0001669860570522,0.4700854700854701,0.0003254054700067,0.0195243282004071,0.4685838768097721,184385.34545454543,False,False,False,0.0,0,0,0,0,0
0x36a27140334035711c0f2d30a7f6af98d94c7de3,usdt,1278,7.822629206062213,0.0,0.0422535211267605,2.93228963129716e-05,0.0017593737787782,0.0422249706906791,2046182.5925925928,False,False,False,0.0,0,0,0,0,0
0x5b705164a2e3579dd7e2c1a0ac8332ae53ebdf57,usdt,602,9.512082838082566,9.631155488581642,0.0431893687707641,2.9972108071505995e-05,0.0017983264842903,0.0431598356229686,2001861.1923076925,False,False,False,0.0,0,0,0,0,0
0xf6ee9fcf6c4f5fa0465100efab599e4b56b594cc,usdt,813,9.036261930006706,7.601402334583733,0.3677736777367774,0.0002552251589523,0.015313509537141,0.3675242288913855,235086.54180602008,False,False,False,0.0,0,0,0,0,0
0x69087ea14ab04a0b4cdfb3e16954cc0fcef06f17,usdt,1559,8.160590894838622,6.235508162529934,0.0230917254650416,1.603386923275085e-05,0.000962032153965,0.0230887716951612,3742078.6666666665,False,False,False,0.0,0,0,0,0,0
0x30ba6b4844ee20c44af7105fdbfefbbadd7ae6e4,usdt,749,7.000910985939331,6.755263874795352,0.1975967957276368,0.0001370569356736,0.0082234161404174,0.1973619873700181,437774.2702702703,False,False,False,0.0,0,0,0,0,0
0x0c4f0c0e59318048162b6b9ffe71a5f8f467cd29,usdt,418,8.320421314474007,9.210190360725058,0.0358851674641148,2.486854349748653e-05,0.0014921126098491,0.0358107026363806,2412686.533333333,False,False,False,0.0,0,0,0,0,0
0xf11d632d9e3fc469adb3230e6cfa4a90354d2f11,usdt,1793,8.119968113023763,0.0001169931560338,0.0552147239263803,3.832831109858967e-05,0.0022996986659153,0.0551927679819691,1565422.4848484849,False,False,False,0.0,0,0,0,0,0
0xd441a4509d26e3ac53f8658dcd3e62cd7785ea7a,usdt,547,5.861556354189485,5.227089857259669,0.1334552102376599,9.263167084439731e-05,0.0055579002506638,0.1333896060159321,647726.6301369863,False,False,False,0.0,0,0,0,0,0
0xfb010263317b13beef37b7a8fbedc26a37d1910b,usdt,223,9.431729405904534,0.000499875041651,3.802690582959641,0.0026323827782565,0.1579429666953911,3.7906312006893854,22793.03773584905,False,False,False,0.0,0,0,0,0,0
0x0414d0a3b55042ed7de07fd503a0f1a935aae45e,usdt,447,6.960778772811009,5.037519565036566,0.0492170022371364,3.411628483996361e-05,0.0020469770903978,0.0491274501695475,1758690.9090909092,False,False,False,0.0,0,0,0,0,0
0x3a26141534c57459441dac9ccfa7cd6141d6e9d3,usdt,1497,9.409642127085087,0.0,0.0227120908483633,1.576211031910284e-05,0.0009457266191461,0.022697438859508,3806596.882352941,False,False,False,0.0,0,0,0,0,0
0x4c434b565497acdd971d9d4e2129c6f48c936c98,usdt,1221,7.834876484962797,6.912789720885873,0.072072072072072,5.002129315501803e-05,0.003001277589301,0.0720306621432259,1199489.181818182,False,False,False,0.0,0,0,0,0,0
0x507b25f31525e75a27bb645425476e1d6657ac3d,usdt,720,6.726059135376577,0.0,0.0722222222222222,5.011479178556883e-05,0.0030068875071341,0.0721653001712191,1197251.3076923075,False,False,False,0.0,0,0,0,0,0
0x04ecf168b13bb654e65eb3ed1065d90059a99d31,usdt,266,6.13118848006514,6.579835185908592,0.0413533834586466,2.870430340135557e-05,0.0017222582040813,0.041334196897952,2090278.9090909087,False,False,False,0.0,0,0,0,0,0
0x197ab5f98708af22bb7ac4e82b100a280cd28cae,usdt,809,6.186074507911462,6.507553049103244,0.0259579728059332,1.8018290108885387e-05,0.0010810974065331,0.0259463377567949,3329949.714285714,False,False,False,0.0,0,0,0,0,0
0x90f56f63ccde48a5ad8a74a24d6c1f46e9198234,usdt,246,10.00226565156052,7.215975002651466,0.0365853658536585,2.540088237020713e-05,0.0015240529422124,0.0365772706130982,2362122.6666666665,False,False,False,0.0,0,0,0,0,0
0x462de9dc1d498da9706abfe8f452946e31e1831e,usdt,175,5.276495532825986,4.497139441774387,0.2914285714285714,0.0002017606185426,0.0121056371125602,0.2905352907014465,297382.1176470588,False,False,False,0.0,0,0,0,0,0
0x0a92fe79f50e14ccff955cb4d184cc067fbff67f,usdt,883,6.236165019378367,1.0986122886681098,0.0113250283125707,7.856723532584033e-06,0.000471403411955,0.011313681886921,7636771.2,False,False,False,0.0,0,0,0,0,0
0xe57200a7495a66dc436aee8d77d8d897cff55f9d,usdt,431,8.769140761398406,8.958925938694943,0.1160092807424593,8.045315507774726e-05,0.0048271893046648,0.115852543311956,745775.6,False,False,False,0.0,0,0,0,0,0
0x992324b9f1a1c0b562c36c5ec115174e8a339e47,usdt,187,7.24352991733825,8.297610736116294,0.1443850267379679,0.0001001763041115,0.0060105782466908,0.1442538779205798,598944.0370370371,False,False,False,0.0,0,0,0,0,0
0x4ffe2f674c4afa078554cb2e5a6a672452b6c290,usdt,1275,9.10594681100029,10.159785450871471,0.0054901960784313,3.811573589098392e-06,0.0002286944153459,0.0054886659683016,15741530.0,False,False,False,0.0,0,0,0,0,0
0xbab8fff4c289723229d1c6aa22d417ecf86d2664,usdt,530,7.405097130908489,7.856733892999638,0.0415094339622641,2.8818783559145967e-05,0.0017291270135487,0.0414990483251701,2081975.4545454544,False,False,False,0.0,0,0,0,0,0
0x98f89c6b36f87be8d9d66f02ab04f050888a0f14,usdt,712,7.313624691348319,5.707110264748875,0.0421348314606741,2.924352840716349e-05,0.0017546117044298,0.0421106809063154,2051736.0,False,False,False,0.0,0,0,0,0,0
0xf13176ece4ed8d9aa4c335cd4f247458d4863fe4,usdt,1561,7.836376853368646,0.009950330853168,0.0365150544522741,2.534496009910324e-05,0.0015206976059461,0.0364967425427086,2367334.5614035088,False,False,False,0.0,0,0,0,0,0
0x90ab687f8c23f16392c220ec39b1ac0e24ae1083,usdt,951,6.529352729507747,7.000974621782087,0.021030494216614,1.4590778277949656e-05,0.0008754466966769,0.0210107207202475,4112186.4,False,False,False,0.0,0,0,0,0,0
0x82ac81ac46c557d0128f90177ef1360d6307b224,usdt,157,6.250103305487609,6.353334722431504,0.0382165605095541,2.653758001448952e-05,0.0015922548008693,0.0382141152208649,2260944.6666666665,False,False,False,0.0,0,0,0,0,0
0x1f89aa5a09cfec19cbe7d6bd5b144ab080062cbf,usdt,680,8.509207732740807,0.0,0.0602941176470588,4.1855296236473846e-05,0.0025113177741884,0.0602716265805223,1433510.3414634147,False,False,False,0.0,0,0,0,0,0
0xa3374cafccb17aff5c72ac9c7ab2d517a0b2bd7a,usdt,359,5.882400342364455,7.584864669454123,0.0306406685236768,2.1239031005895955e-05,0.0012743418603537,0.0305842046484901,2824987.636363636,False,False,False,0.0,0,0,0,0,0
0x45e282f7a41f8398582581b8bbf8d408be767484,usdt,442,8.729638894174725,0.0,0.7398190045248869,0.0005128779416373,0.0307726764982388,0.7385442359577313,116986.8990825688,False,False,False,0.0,0,0,0,0,0
0x0176530b06f678b20f836c982ed3ae82a47efe57,usdt,855,10.08267963642556,0.0001489889006025,1.1345029239766082,0.0007869395935432,0.0472163756125959,1.1331930147023033,76244.73402061856,False,False,False,0.0,0,0,0,0,0
0xbbe89c51e4ea7de808825bdd2f6ec7bd5eaceff7,usdt,506,5.378864285547214,5.131787746147625,0.0296442687747035,2.0547089545860007e-05,0.0012328253727516,0.0295878089460384,2920121.6,False,False,False,0.0,0,0,0,0,0
0x1bf0573ad88305e6d1615a3ccaf65181cdfa8a20,usdt,691,8.300502992359535,2.7468625616601487,0.0868306801736613,6.028625117784263e-05,0.0036171750706705,0.0868122016960934,995251.8,False,False,False,0.0,0,0,0,0,0
0x7ecfda62c61163e6338c8b482cb9b8e9696397a3,usdt,149,3.644381440473538,4.100149580453252,0.0335570469798657,2.320469885870009e-05,0.001392281931522,0.0334147663565281,2585683.2,False,False,False,0.0,0,0,0,0,0
0xe61ebc623f5a44c1d4623d97672dc644e05c4648,usdt,270,5.448794155896791,6.1101766821289605,0.0407407407407407,2.8239160013349425e-05,0.0016943496008009,0.0406643904192231,2124709.090909091,False,False,False,0.0,0,0,0,0,0
0x218c0564750861dbe29b3ec9612385e74dd4693f,usdt,1272,6.095473329586018,4.737661044945175,0.0070754716981132,4.911341464344107e-06,0.0002946804878606,0.0070723317086555,12216621.555555556,False,False,False,0.0,0,0,0,0,0
0x731a35932d035c544961801cfe59505a830d09dc,usdt,781,8.705344350842791,6.406525882127788,0.0499359795134443,3.463404601319504e-05,0.0020780427607917,0.0498730262590008,1732399.3846153845,False,False,False,0.0,0,0,0,0,0
0xa979c74bf79d6c9be011edea3d085eee6beb8c6b,usdt,259,7.49430543305307,0.0,3.4092664092664093,0.0023596653818114,0.1415799229086897,3.3979181498085542,25427.33408833522,False,False,False,0.0,0,0,0,0,0
0x6ea9b51cbdd1b544c2132982632e78c6c214b94d,usdt,363,9.4477625905147,0.0003999200213269,0.1652892561983471,0.0001145458752412,0.0068727525144728,0.1649460603473489,523807.6,False,False,False,0.0,0,0,0,0,0
0x7523a8fdbcc92143cf523b6d771433369e915722,usdt,864,7.094115289400565,0.0016166924482225,0.2847222222222222,0.0001976012493539,0.0118560749612388,0.2845457990697319,303641.8048780488,False,False,False,0.0,0,0,0,0,0
0x6929834248a6dab22aa18d35055a6a361d039658,usdt,1616,10.471962026248615,0.0,0.0154702970297029,1.0737126035563595e-05,0.0006442275621338,0.0154614614912115,5588087.52,False,False,False,0.0,0,0,0,0,0
0xcead03574e4b930ee871bf8bb49922148a63a8e6,usdt,1119,8.930979724364208,8.52672095715976,0.0634495084897229,4.402935261234676e-05,0.0026417611567408,0.0634022677617793,1362727.281690141,False,False,False,0.0,0,0,0,0,0
0x8b330549a876bcbc82b048ac768c2904ecd6fa0b,usdt,125,9.038082840680826,8.151044945685024,0.216,0.0001488257647163,0.0089295458829832,0.2143091011915983,403156.0,False,False,False,0.0,0,0,0,0,0
0xc0525a515c660103c0b82d83ec64ca046d80808f,usdt,1248,7.695762563532027,5.520250109129115,0.0673076923076923,4.671008368945602e-05,0.0028026050213673,0.0672625205128166,1284519.2142857143,False,False,False,0.0,0,0,0,0,0
0xc10775662284b90e6b65aca2cbbffa9357cece62,usdt,822,6.528258069940757,5.993961427306569,0.0656934306569343,4.5616183405440695e-05,0.0027369710043264,0.0656873041038346,1315322.6666666667,False,False,False,0.0,0,0,0,0,0
0x26b91cfa381c809ba67b851cb21652fb88d76adc,usdt,218,13.56693894643822,14.508658238524095,4.077981651376147,0.0028285581925735,0.1697134915544152,4.073123797305966,21212.220472440946,False,False,False,0.0,0,0,0,0,0
0x19b311c661377e9412f88f6325f45cba532994ef,usdt,1426,10.278155342707718,3.3271277882591392,0.0252454417952314,1.752959947940985e-05,0.0010517759687645,0.0252426232503501,3422782.138888889,False,False,False,0.0,0,0,0,0,0
0x40786472eddbf02e9ce122adef40bda90c20302c,usdt,384,8.829521443673087,8.294299608857235,1.1015625,0.000763907173901,0.0458344304340618,1.100026330417483,78543.5744680851,False,False,False,0.0,0,0,0,0,0
0x7c5b6f1414ffadfccfbf183ee3372cc20bbe3c83,usdt,1727,7.956661180126358,0.0001999800026662,0.0538506079907353,3.739543302041666e-05,0.0022437259812249,0.0538494235493999,1604474.0,False,False,False,0.0,0,0,0,0,0
0xbb6c952dc372670aa4ea096cb4ceb743c98123a0,usdt,467,7.039520472419735,6.007829901194246,0.6124197002141327,0.000425097898857,0.0255058739314213,0.6121409743541113,141143.95804195805,False,False,False,0.0,0,0,0,0,0
0x6eb3857d8eee2d4f3cc9a0a7ea713b668d2ac7f9,usdt,186,6.912666868355154,0.0,0.0967741935483871,6.719020277256638e-05,0.0040314121663539,0.0967538919924956,892987.3333333334,False,False,False,0.0,0,0,0,0,0
0x5d75bea1cf59a0f29125065554066cea00b5a7f7,usdt,265,4.3847031620765895,3.9320734647565287,0.0415094339622641,2.882100852394428e-05,0.0017292605114366,0.0415022522744797,2081814.7272727275,False,False,False,0.0,0,0,0,0,0
0x43adde52c6c142912662d3e427709db5cac9b811,usdt,747,15.627186903240956,11.516191625256848,0.0348058902275769,2.414585919178144e-05,0.0014487515515068,0.0347700372361652,2484898.1153846155,False,False,False,0.0,0,0,0,0,0
0xbbdd1b3c87c211e482cda98ea14fa8bf50022ca0,usdt,806,10.278452619336203,0.0,0.7220843672456576,0.0005013153930183,0.0300789235811008,0.7218941659464205,119685.13402061856,False,False,False,0.0,0,0,0,0,0
0x7a5ba4a01d7671a474f8a1ea755f8ecb6e8af44c,usdt,1057,11.145000323091612,0.0006997551142733,0.1144749290444654,7.948807054861878e-05,0.0047692842329171,0.114462821590011,754830.2479338843,False,False,False,0.0,0,0,0,0,0
0x94909384a03c2b910ea8a48ac4d75b00c29f6d8b,usdt,213,6.423492167234869,5.319136266479887,0.028169014084507,1.953843699016891e-05,0.0011723062194101,0.0281353492658432,3070870.0,False,False,False,0.0,0,0,0,0,0
0x79c0d8f4095f5701c8ad32f64e1473401b94a32d,usdt,1041,13.373880807550297,0.0008796130270075,0.069164265129683,4.802253857810599e-05,0.0028813523146863,0.0691524555524726,1249413.3333333333,False,False,False,0.0,0,0,0,0,0
0x1e0fa0e83f3c55da84fc078f106530d07c8e211d,usdt,540,5.280927139273616,2.98291948928724,0.0314814814814814,2.182182454585574e-05,0.0013093094727513,0.0314234273460322,2749540.9411764704,False,False,False,0.0,0,0,0,0,0
0xe749e9e7eaa02203c925a036226af80e2c79403e,usdt,511,8.592048123854223,9.329044886496035,0.0665362035225048,4.617631688687601e-05,0.0027705790132125,0.0664938963171014,1299367.3823529412,False,False,False,0.0,0,0,0,0,0
0x1668eb9192a345c54b2b13c4dba2e7b33067577e,usdt,160,6.282545883634657,0.0,0.15,0.0001041343958512,0.0062480637510771,0.1499535300258513,576178.5,False,False,False,0.0,0,0,0,0,0
0x4d4cf975483fb998e9ea48fdb1d5496013792547,usdt,345,7.24436838782325,7.8612704373700435,0.072463768115942,5.029238315151519e-05,0.0030175429890909,0.0724210317381818,1193023.6,False,False,False,0.0,0,0,0,0,0
0xcfb9ae81a23b202479a4284d228950d04a26e2e4,usdt,771,7.401536468138869,7.189922170745808,0.0181582360570687,1.2599890128958076e-05,0.0007559934077374,0.0181438417856996,4761946.285714285,False,False,False,0.0,0,0,0,0,0
0x6debda4b98424dbb074477fa6548360fb8ad9ee1,usdt,129,8.101286861371591,7.812782818577581,0.0387596899224806,2.676650931528057e-05,0.0016059905589168,0.038543773414004,2241607.2,False,False,False,0.0,0,0,0,0,0
0x6ddd49983d91ff9b8acfadbf758e299642712cf1,usdt,130,4.150717160908698,0.0004029188173103,0.7307692307692307,0.0005059704513256,0.0303582270795385,0.7285974499089254,118584.0,False,False,False,0.0,0,0,0,0,0
0x813f545744f9d4c3873290c092b1239db40dfc83,usdt,468,11.288704444957544,7.601402334583733,0.0876068376068376,6.073069993168537e-05,0.0036438419959011,0.0874522079016269,987968.1951219512,False,False,False,0.0,0,0,0,0,0
0x6e9a66b142fe334933e4dc2950604326accf2dfe,usdt,411,9.795901615185548,0.0001179930385476,0.6423357664233577,0.000445893673951,0.0267536204370636,0.642086890489527,134561.22727272726,False,False,False,0.0,0,0,0,0,0
0xa439f4792d1dc984a4b50e76b13ed67c186d19c7,usdt,836,9.454290447219565,9.590203399698488,0.0107655502392344,7.469969477704714e-06,0.0004481981686622,0.0107567560478947,8032161.333333333,False,False,False,0.0,0,0,0,0,0
0xccafa89d300560cd7f28501eee37d0b043321c61,usdt,990,8.453088415770821,7.402563595635188,0.108080808080808,7.505294739938732e-05,0.0045031768439632,0.1080762442551177,799435.6261682243,False,False,False,0.0,0,0,0,0,0
0x169c356bf2d7c25e9cf14c1cf7d8aea3d96a759b,usdt,396,7.012889920332283,7.228929937744663,0.0631313131313131,4.3814253968563686e-05,0.0026288552381138,0.0630925257147317,1369417.36,False,False,False,0.0,0,0,0,0,0
0x3a14fae1defc55fdce1fb7b028ca65238f47f2a1,usdt,1704,8.359622552322634,0.0,0.0105633802816901,7.3347889720089505e-06,0.0004400873383205,0.0105620961196928,8180194.444444444,False,False,False,0.0,0,0,0,0,0
0xabbf477f48bd6ef6677871d872db9d092a66ab11,usdt,349,6.901598641724905,7.060737569651397,0.0515759312320916,3.5778303321299896e-05,0.0021466981992779,0.0515207567826718,1676994.0,False,False,False,0.0,0,0,0,0,0
0x6444bcaafc44e997f8563947c677259e9e7ae343,usdt,317,7.203104140106935,6.522033972910569,0.0694006309148265,4.809971157663858e-05,0.0028859826945983,0.0692635846703595,1247408.7272727273,False,False,False,0.0,0,0,0,0,0
0x05873faa3fc2160e87f78c092d0bb09215d18dd0,usdt,844,8.351810588575965,9.210440366976515,0.0426540284360189,2.961181379762464e-05,0.0017767088278574,0.0426410118685794,2026218.3333333333,False,False,False,0.0,0,0,0,0,0
0xc87ec01c4ae9b85cd3a9ffa9e28c6451d747b60a,usdt,201,4.57794132233036,2.7219531062712017,2.5920398009950247,0.0017912508569467,0.1074750514168072,2.5794012340033734,33496.145873320536,False,False,False,0.0,0,0,0,0,0
0x84596e37aed3fa6a7ab28fabb03b45f90c1e7d90,usdt,356,8.244883077353537,7.810439644257793,0.5224719101123596,0.0003620273062015,0.0217216383720916,0.5213193209302,165733.35483870967,False,False,False,0.0,0,0,0,0,0
0xc119dd069a0e9266010111d5cd2324153ea3ae2c,usdt,366,8.777581024028404,9.758829461842332,0.0573770491803278,3.974292008266528e-05,0.0023845752049599,0.0572298049190379,1509702.857142857,False,False,False,0.0,0,0,0,0,0
0x30454c44043df209629a018736f206919cb90c2b,usdt,1006,9.395104522291572,0.0002999550089979,0.0705765407554672,4.89911345366936e-05,0.0029394680722016,0.0705472337328387,1224711.38028169,False,False,False,0.0,0,0,0,0,0
0xfbc374549abf8774a763fcd1bce21d288f293165,usdt,305,6.850256801680104,5.29307443637809,0.140983606557377,9.78429497783516e-05,0.005870576986701,0.1408938476808262,613227.6279069767,False,False,False,0.0,0,0,0,0,0
0x2d953f9e21362b7b38af112456ad55e6ae99f0e5,usdt,703,5.907521389225484,3.311580613586845,0.1906116642958748,0.0001322734348548,0.0079364060912903,0.1904737461909693,453605.8208955224,False,False,False,0.0,0,0,0,0,0
0x241539e9a7228748db48a2ac6904d939dc8a37a7,usdt,310,2.6658195064964043,1.3825373122421782,0.1419354838709677,9.850915351532154e-05,0.0059105492109192,0.141853181062063,609080.4545454546,False,False,False,0.0,0,0,0,0,0
0x0c54a765c77a88d9cda0bd7ad9b10422848d92ef,usdt,1226,9.906837076811218,8.58244472455033,0.0367047308319739,2.5473553356904865e-05,0.0015284132014142,0.036681916833943,2355384.0,False,False,False,0.0,0,0,0,0,0
0xe2a131ae532317da46342c5da025bddff4ddf67b,usdt,265,4.479669806843019,3.481240089335692,0.0452830188679245,3.137766788621203e-05,0.0018826600731727,0.0451838417561453,1912188.0,False,False,False,0.0,0,0,0,0,0
0x9ba3560231e3e0ad7dde23106f5b98c72e30b468,usdt,2078,11.018119217427715,0.0069756137364252,0.1852743022136669,0.0001286252791314,0.0077175167478883,0.18522040194932,466471.2909090909,False,False,False,0.0,0,0,0,0,0
0x733ccf3aa196eb4b57593c4d3688958f9f66e102,usdt,128,10.56463501339439,9.225520579291931,1.59375,0.0010995680422406,0.0659740825344396,1.583377980826552,54566.882352941175,False,False,False,0.0,0,0,0,0,0
0xdb93302c4e7b2571d4cbed58d55487eed1bc6e03,usdt,379,6.10391868493122,6.869955653125821,0.1424802110817942,9.88682152602724e-05,0.0059320929156163,0.1423702299747922,606868.4444444445,False,False,False,0.0,0,0,0,0,0
0x123432244443b54409430979df8333f9308a6040,usdt,1971,12.24124244029117,0.0,0.1552511415525114,0.0001078032919672,0.006468197518037,0.1552367404328894,556569.274509804,False,False,False,0.0,0,0,0,0,0
0xa4582d3687f4a66ce9938574ec5157f68a804e41,usdt,1126,7.42343927711148,7.623113114622523,0.0088809946714031,6.162235326215643e-06,0.0003697341195729,0.0088736188697505,9736726.5,False,False,False,0.0,0,0,0,0,0
0xfc1b8c7f285eb84981777397dbfa5780b29cc6d3,usdt,310,9.463208905121402,10.165779827258572,0.4,0.0002777239003365,0.0166634340201923,0.3999224164846156,216041.90322580645,False,False,False,0.0,0,0,0,0,0
0x2d38f114ad7380928aba5beec9d8d14d6b2fa2d4,usdt,1707,5.89921008733215,0.7543245907372078,0.002929115407147,2.0340523276640523e-06,0.0001220431396598,0.0029290353518362,29497766.2,False,False,False,0.0,0,0,0,0,0
0xae549b969dc91b022b8cf1ef2d5d5d2131ac00f7,usdt,1468,9.66411924825554,9.621047379625066,0.0374659400544959,2.6007794141846823e-05,0.0015604676485108,0.0374512235642594,2307000.727272727,False,False,False,0.0,0,0,0,0,0
0x214de0a79bb591c1f1ed5e1e47d168145518b472,usdt,767,7.692435778250077,5.709891764881285,0.121251629726206,8.409701866121886e-05,0.0050458211196731,0.1210997068721551,713461.6774193548,False,False,False,0.0,0,0,0,0,0
0x8fdd85bc15d67e0e72b71c00adbe2ba8d61caa8e,usdt,1212,8.981068298323551,7.985956613140582,0.0338283828382838,2.348460524937061e-05,0.0014090763149622,0.0338178315590936,2554865.1707317075,False,False,False,0.0,0,0,0,0,0
0x3302579b87806ace536284e8504c6c036ffb7789,usdt,548,7.311847078533629,6.420068075308957,0.0857664233576642,5.945857652752088e-05,0.0035675145916512,0.08562035019963,1009105.8936170212,False,False,False,0.0,0,0,0,0,0
0x49cfb6e4899195276dd8a4cf976ce78998041dda,usdt,772,7.504634444860357,8.42279596951899,0.0207253886010362,1.4378036686279508e-05,0.0008626822011767,0.0207043728282424,4173031.5,False,False,False,0.0,0,0,0,0,0
0xd286b01fe1c902a9645dc4ba38ed29ab29d7f2f4,usdt,1066,8.316231234674971,7.603098789841918,0.0328330206378986,2.278908738690427e-05,0.0013673452432142,0.0328162858371421,2632839.0857142857,False,False,False,0.0,0,0,0,0,0
0x171b39fa6e2432d43987cab97e0765671b521f6a,usdt,197,4.075665574406568,3.9388596593817056,0.116751269035533,8.082335809105068e-05,0.004849401485463,0.1163856356511129,742359.6521739131,False,False,False,0.0,0,0,0,0,0
0x003f7293e7282b4c8ca4a807f3f621a0659f1c09,usdt,1771,8.03823801345955,0.0,0.0790513833992094,5.486695566659844e-05,0.0032920173399959,0.0790084161599017,1093554.3857142858,False,False,False,0.0,0,0,0,0,0
0x7976e529c97272363fe674c3c18e16851c144ced,usdt,346,10.317569169282669,9.753880713519044,0.1040462427745664,7.210905773892436e-05,0.0043265434643354,0.103837043144051,832073.0,False,False,False,0.0,0,0,0,0,0
0xa37a6f18f82279d10b43e6e29a77a24777350567,usdt,619,5.110785493600615,5.198497031265826,0.0662358642972536,4.595996237112154e-05,0.0027575977422672,0.066182345814415,1305484.0975609757,False,False,False,0.0,0,0,0,0,0
0x2640d2deba87516196d1e057ae2166edf98ba28c,usdt,1547,7.798509163910361,5.375565403533953,0.0452488687782805,3.141981921350223e-05,0.0018851891528101,0.0452445396674432,1909622.7,False,False,False,0.0,0,0,0,0,0
0x133334b31c5a6a93d16b79eb1a849b49619f570a,usdt,160,9.13656436250137,5.9186995343189786,0.1,6.913567444010906e-05,0.0041481404664065,0.099555371193757,867858.75,False,False,False,0.0,0,0,0,0,0
0xfa79c7a49430af227f42ce4c156219a386664c8b,usdt,343,7.919244577523012,0.0,0.0466472303206997,3.230810299338613e-05,0.0019384861796031,0.046523668310476,1857119.25,False,False,False,0.0,0,0,0,0,0
0xeade4e927fceda5ebe0e47512bb90661aeaf7660,usdt,798,8.08966172915255,6.55250788703459,0.0964912280701754,6.69583732837134e-05,0.0040175023970228,0.0964200575285473,896079.1168831169,False,False,False,0.0,0,0,0,0,0
0x0bff926237388495e68d58c1616f3d147ff33dbd,usdt,1508,10.289848410889736,0.0002059787849134,0.0981432360742705,6.811072604262162e-05,0.0040866435625572,0.0980794455013751,880918.5202702703,False,False,False,0.0,0,0,0,0,0
0x6e29cf7be177231e18716a9c7141857598f0f635,usdt,151,8.943559630736742,9.584289630907763,0.271523178807947,0.0001885022804178,0.0113101368250698,0.2714432838016772,318298.53658536583,False,False,False,0.0,0,0,0,0,0
0x17966f7e987a42d00a633fa0219fded049682406,usdt,926,8.85155603626267,0.0,0.0086393088552915,5.9945206334834565e-06,0.000359671238009,0.0086321097122161,10009140.625,False,False,False,0.0,0,0,0,0,0
0x7eb9e83e62f20c3d851c5535ae4460e184a7b344,usdt,677,6.062320503973046,6.206937982142696,0.2274741506646972,0.0001578697992408,0.0094721879544523,0.2273325109068553,380060.025974026,False,False,False,0.0,0,0,0,0,0
0xf530815f0a9f0eb4d282caa2d315b7eea4bde6d7,usdt,810,6.328867186484572,5.831683084972173,0.2333333333333333,0.0001620358423283,0.0097221505396993,0.2333316129527851,370288.4444444445,False,False,False,0.0,0,0,0,0,0
0x90cbec79209562e8af973d800132d5f5511cbb48,usdt,733,7.849209054435189,8.691507537894939,0.0300136425648021,2.082880464626252e-05,0.0012497282787757,0.029993478690618,2880626.1818181816,False,False,False,0.0,0,0,0,0,0
0xf545737c04a9a212246d25c0c97503583f7710fe,usdt,1073,7.711547364587555,9.148768884304976,0.02143522833178,1.4877471730216325e-05,0.0008926483038129,0.0214235592915115,4032943.304347826,False,False,False,0.0,0,0,0,0,0
0x00be96f0c2c2e69cdc3c904118218fbbffaf423f,usdt,312,7.49913767371464,6.945755022054721,0.1634615384615384,0.0001134270997357,0.0068056259841468,0.1633350236195254,528974.1176470588,False,False,False,0.0,0,0,0,0,0
0x9c1a8a57457855806cfd10f0f1740d40023763f9,usdt,280,8.199962435658382,9.105090961257083,0.0214285714285714,1.4839145517483666e-05,0.000890348731049,0.0213683695451764,4043359.5,False,False,False,0.0,0,0,0,0,0
0xc13da65a2e47e7772017ddb29312e19f937b51e8,usdt,172,8.75847521039452,0.0120263921675707,0.2209302325581395,0.0001529386764203,0.0091763205852238,0.2202316940453728,392314.1052631579,False,False,False,0.0,0,0,0,0,0
0xc1b13e49761244dd511e5085376b43aa94d8804a,usdt,623,9.943030208908208,0.0,0.4028892455858748,0.0002795473782688,0.0167728426961286,0.4025482247070878,214632.6693227092,False,False,False,0.0,0,0,0,0,0
0xfff94f585f6d0640c2284ba82159909c694ae2d7,usdt,156,11.388777579546506,12.935971487213653,0.2756410256410256,0.0001903109592557,0.011418657555345,0.274047781328282,315273.488372093,False,False,False,0.0,0,0,0,0,0
0x9ef3d7a5c548d98e21cd5d94a9e88ba915d39e61,usdt,964,5.786107729182673,7.012187993465534,0.0975103734439834,6.769311513489869e-05,0.0040615869080939,0.0974780857942541,886353.0638297872,False,False,False,0.0,0,0,0,0,0
0x182ddbbdfbc1623e1f1cfb9e026ab12b86a73317,usdt,335,8.434047751978278,8.699681400989514,0.0388059701492537,2.6907158711668684e-05,0.0016144295227001,0.0387463085448029,2229889.846153846,False,False,False,0.0,0,0,0,0,0
0xb780ce1708521bff5be8056b9841642c4bc03f11,usdt,368,8.954596102965814,7.3655778197152015,0.0815217391304347,5.6469057591662455e-05,0.0033881434554997,0.0813154429319939,1062528.8,False,False,False,0.0,0,0,0,0,0
0x5d3260514f59bb459f639c8dabd93649bfa8d995,usdt,1763,7.897567628394884,4.654597575657651,0.0901871809415768,6.261351283485456e-05,0.0037568107700912,0.0901634584821905,958259.6037735848,False,False,False,0.0,0,0,0,0,0
0xb3844d4ceb9b0e9881807b06b25ac75f9a21687c,usdt,243,4.564666057609707,0.0009995003330835,0.1440329218106996,9.971129307314192e-05,0.0059826775843885,0.1435842620253244,601737.2571428572,False,False,False,0.0,0,0,0,0,0
0x444b8bc159e03ab12fd44515d6cdb5533ac5e079,usdt,367,3.303101194541026,4.184101670406102,0.0190735694822888,1.3212273673751968e-05,0.0007927364204251,0.0190256740902028,4541232.0,False,False,False,0.0,0,0,0,0,0
0x6d5596d228c44453b0e16d1e4abd3f14724773fb,usdt,1219,10.662834610440289,0.0001189929200616,0.0213289581624282,1.480246003221926e-05,0.0008881476019331,0.0213155424463957,4053380.307692308,False,False,False,0.0,0,0,0,0,0
0x8e40bd80d89b690268a80d7d4ba4d74446836f24,usdt,599,12.028910815547892,10.787425106660622,0.025041736227045,1.7383101539331586e-05,0.0010429860923598,0.0250316662166374,3451628.0,False,False,False,0.0,0,0,0,0,0
0x38ed287126738dc31c472cae62c56bfb1af6415f,usdt,175,7.754257724396423,0.0,4.668571428571428,0.0032368203568663,0.1942092214119826,4.661021313887583,18536.709914320687,False,False,False,0.0,0,0,0,0,0
0x1337ad33674fa283162d0f12cc5a8343ad496fda,usdt,449,5.1334089668918335,4.390738575275903,0.2093541202672605,0.0001453379602342,0.0087202776140578,0.2092866627373879,412830.89361702127,False,False,False,0.0,0,0,0,0,0
0x0debf03103dd97b3c6a21bbb787830b26ad425da,usdt,920,8.32155630951783,0.000499875041651,1.058695652173913,0.0007351408338127,0.044108450028764,1.058602800690338,81617.01437371664,False,False,False,0.0,0,0,0,0,0
0x9065fe0ffa175db56bf083e0d089bb654e5912f0,usdt,189,5.838037155228254,3.37348354309464,0.1216931216931216,8.41562349524993e-05,0.0050493740971499,0.1211849783315989,712959.6521739131,False,False,False,0.0,0,0,0,0,0
0xae3d643e85c2ba0c2d4e76030bcd6d8997aaf830,usdt,208,6.368505190670266,4.176692303570854,0.125,8.67813337356427e-05,0.0052068800241385,0.1249651205793254,691392.9230769231,False,False,False,0.0,0,0,0,0,0
0x23318663d3202d269ebaaa37247ee289b90dea9c,usdt,686,6.491036544690283,6.142037405587356,0.2288629737609329,0.0001588505453126,0.0095310327187604,0.2287447852502513,377713.5286624204,False,False,False,0.0,0,0,0,0,0
0x66e81feea36764103b755144b161c70e75906535,usdt,442,9.566806953929063,9.2351991141809,0.0791855203619909,5.498374209294514e-05,0.0032990245255767,0.079176588613841,1091231.657142857,False,False,False,0.0,0,0,0,0,0
0x82b88620f5c0d29c703f647e9cd7bfb286cefd40,usdt,278,9.128689510841747,10.706564792468267,0.0431654676258992,2.995861217727709e-05,0.0017975167306366,0.043140401535279,2002763.0,False,False,False,0.0,0,0,0,0,0
0x7ef158a4e900d2701d313d44dc27fb9942ad3ebe,usdt,575,8.362854616337772,9.259841703396704,0.0191304347826086,1.3276054800657625e-05,0.0007965632880394,0.0191175189129469,4519414.909090909,False,False,False,0.0,0,0,0,0,0
0x77004a52f2bff12ffa8d84ad8d6ed6659c80eeb3,usdt,946,7.864649900825479,8.294374587300968,0.0105708245243128,7.339452773337002e-06,0.0004403671664002,0.0105688119936052,8174996.4,False,False,False,0.0,0,0,0,0,0
0x3821132b2a9d8a125eaa0067f829aaf64726fd37,usdt,221,7.181478752654567,7.354714155919661,0.0497737556561085,3.449763910702547e-05,0.0020698583464215,0.0496766003141166,1739249.4545454546,False,False,False,0.0,0,0,0,0,0
0x8cf581d083eb45e801b22aa55f2f5c0db6c86454,usdt,1242,6.988923808987512,5.525452939131784,0.7600644122383253,0.0005278007292819,0.0316680437569169,0.7600330501660056,113679.26694915254,False,False,False,0.0,0,0,0,0,0
0xa57b911af0300f12419ab5a584657b3682a6d91a,usdt,288,8.472363433195866,8.294425069619546,0.5138888888888888,0.0003565072693759,0.0213904361625557,0.513370467901338,168299.51351351352,False,False,False,0.0,0,0,0,0,0
0x884a2c0f0a30d2cf7b92e650d03359f5e08e8b5c,usdt,214,4.541726681101334,3.498791647923538,0.0514018691588785,3.553240135074809e-05,0.0021319440810448,0.0511666579450772,1688599.6363636365,False,False,False,0.0,0,0,0,0,0
0xb3af9503d5f561741dd7854059af52358627d442,usdt,166,6.505885908454217,6.029017042636603,0.0542168674698795,3.751854041205362e-05,0.0022511124247232,0.0540266981933572,1599209.3333333333,False,False,False,0.0,0,0,0,0,0
0x97251bbbe8f80bf1787b15abed08c09ac5cc1776,usdt,850,10.891282297981816,0.0,0.2023529411764706,0.0001404165309442,0.0084249918566575,0.2021998045597819,427300.11627906974,False,False,False,0.0,0,0,0,0,0
0x3e4a84336c3ba0ff2c71dda4688faa21b5838def,usdt,148,5.497372138927633,7.149131598557407,0.5472972972972973,0.0003794533061626,0.0227671983697561,0.5464127608741479,158122.22222222222,False,False,False,0.0,0,0,0,0,0
0x695720e25d616c8741a87084884bfd66dc9aa4bc,usdt,762,6.835073026161277,2.7542833210410134,0.0183727034120734,1.275780563556016e-05,0.0007654683381336,0.0183712401152066,4703003.142857143,False,False,False,0.0,0,0,0,0,0
0xa3d010372182ed113cb467e9b7137afa1149b446,usdt,1728,5.437341776143181,4.333545645205025,0.0127314814814814,8.838082650012845e-06,0.0005302849590007,0.0127268390160184,6788802.7727272725,False,False,False,0.0,0,0,0,0,0
0x659dbe7212a3a4468ec44e0587bf3d640d3d85b7,usdt,364,12.101296514786217,0.007178175145992,0.0219780219780219,1.5262427908875675e-05,0.0009157456745325,0.0219778961887809,3931222.5,False,False,False,0.0,0,0,0,0,0
0x87bf01acfc7a5c83ae431b71a5be87feed90a4a8,usdt,186,7.027080612685213,7.378241366826004,0.053763440860215,3.733045440868934e-05,0.0022398272645213,0.0537558543485126,1607266.8,False,False,False,0.0,0,0,0,0,0
0x446b86a33e2a438f569b15855189e3da28d027ba,usdt,768,15.53716028124216,13.103224226758831,0.20703125,0.0001437602881281,0.00862561728769,0.2070148149045603,417361.43396226416,False,False,False,0.0,0,0,0,0,0
0xcb1ada11b21fe066dcb91a12cb8195fafa50420b,usdt,858,8.842165176918176,5.023356218950371,0.0372960372960372,2.5888229188493006e-05,0.0015532937513095,0.0372790500314299,2317655.625,False,False,False,0.0,0,0,0,0,0
0xd33619b122b27f712aa5f784bc54de9c95c7588d,usdt,2200,7.942064466976881,9.20793825730745,0.4077272727272727,0.0002830183038643,0.0169810982318618,0.4075463575646835,212000.42251950948,False,False,False,0.0,0,0,0,0,0
0x9f3e77cb89df964003053aa5b438e5697c77f4f9,usdt,774,7.529003558209098,4.871560396984773,0.6705426356589147,0.0004653370519651,0.0279202231179088,0.670085354829813,128938.79768786128,False,False,False,0.0,0,0,0,0,0
0x982fe539103578bb60c59392da9771012edb3a99,usdt,525,7.522574851078024,8.381703545292861,0.04,2.77684995727618e-05,0.0016661099743657,0.0399866393847769,2160721.714285714,False,False,False,0.0,0,0,0,0,0
0x93d5e040944520415685ace4e7c5ab7ef037b727,usdt,932,6.802298377568242,7.034933862805347,0.0064377682403433,4.470555024621954e-06,0.0002682333014773,0.0064375992354556,13421152.333333334,False,False,False,0.0,0,0,0,0,0
0x93416559e809428f88dd4e5b637679b6b37743e6,usdt,736,4.623289583722406,1.7868695329534698,0.0163043478260869,1.1309460193810218e-05,0.0006785676116286,0.0162856226790867,5305293.0,False,False,False,0.0,0,0,0,0,0
0xab2ce223111bd3618a5ace9193e0e1cb88c267d2,usdt,643,10.89140895730478,12.611541086966117,0.0870917573872472,6.043236769124471e-05,0.0036259420614746,0.0870226094753923,992845.4285714284,False,False,False,0.0,0,0,0,0,0
0xc4be352fa5bce5791a1c4b9e9b545323ad73aead,usdt,633,8.166760802125026,8.517393171418904,0.0379146919431279,2.632478377480727e-05,0.0015794870264884,0.0379076886357224,2279221.0,False,False,False,0.0,0,0,0,0,0
0x4e1ad837eb20ffd454d6fa3feb298a53e292fbe4,usdt,223,6.501422565613352,0.0,0.7040358744394619,0.0004882202103265,0.0292932126195906,0.7030371028701751,122895.36305732484,False,False,False,0.0,0,0,0,0,0
0xa7fe8081a93d39a6aea5db7004dfbe3f7459573a,usdt,280,5.325782668266162,6.101572088041704,0.0357142857142857,2.4793003216148378e-05,0.0014875801929689,0.0357019246312536,2420037.6,False,False,False,0.0,0,0,0,0,0
0x2bb4fc5e1cd842dfaeefdc0fa5e483c083a0a269,usdt,140,6.707504410380356,7.921401370580957,0.1857142857142857,0.0001280865155442,0.007685190932657,0.1844445823837688,468433.3846153846,False,False,False,0.0,0,0,0,0,0
0x45032242ec7bf168fe5fe60c076cf068a90e250b,usdt,592,5.3651591721507375,5.130797772188406,0.4864864864864865,0.0003372994912633,0.0202379694758014,0.4857112674192349,177883.45833333334,False,False,False,0.0,0,0,0,0,0
0xa2e9370d8e888a79e8cb83d9c002d0f481b7e0c8,usdt,361,8.91997412555043,1.076416099085863,0.074792243767313,5.192978784950671e-05,0.0031157872709704,0.0747788945032896,1155406.2222222222,False,False,False,0.0,0,0,0,0,0
0xc138645964759bd2cea45c8caa2e81a19edd8a07,usdt,362,6.854047190271599,5.303304908059076,0.0165745856353591,1.1501832625331636e-05,0.0006901099575198,0.0165626389804775,5216560.0,False,False,False,0.0,0,0,0,0,0
0xdd06ced62c2502535b69e944892d12b3c0f2e50d,usdt,1432,10.884822973766855,9.05392045270488,0.3777932960893855,0.0002622304533896,0.01573382720338,0.3776118528811218,228806.37707948245,False,False,False,0.0,0,0,0,0,0
0x6793feff04f8a3377e4934b7e6132da5f5dcb382,usdt,283,4.85777627860023,5.7071758373497765,0.5901060070671378,0.000408973115038,0.0245383869022808,0.5889212856547414,146708.91017964072,False,False,False,0.0,0,0,0,0,0
0x65d31d8f7a5c2ab5794d32e288f5228d5903bf24,usdt,692,7.120018728059695,7.6059889304878014,0.1011560693641618,7.017398938929182e-05,0.0042104393633575,0.1010505447205802,855017.6571428571,False,False,False,0.0,0,0,0,0,0
0xe9a71041a30aa685d19164561d699a8f33fa0730,usdt,1018,8.888775419398543,7.641019318632774,0.0962671905697446,6.681903224222854e-05,0.0040091419345337,0.096219406428809,897947.7551020408,False,False,False,0.0,0,0,0,0,0
0x47871642fce4f5403fc3c902ab283e6e4394e62c,usdt,486,3.2998889046553166,2.5649493574615367,0.125514403292181,8.703860975654302e-05,0.0052223165853925,0.1253355980494219,689349.2459016393,False,False,False,0.0,0,0,0,0,0
0xa87e7535e6aa294c69b4ddb85ad5d0d743ab0afd,usdt,850,5.5239510389357465,5.41178108738019,0.0588235294117647,4.0815453579686703e-05,0.0024489272147812,0.0587742531547488,1470031.44,False,False,False,0.0,0,0,0,0,0
0x5286521cc71e0d88a12e28f8e116b7c5da0673b5,usdt,187,4.575456834304397,4.176692303570854,0.1443850267379679,9.974399042457692e-05,0.0059846394254746,0.1436313462113907,601540.0,False,False,False,0.0,0,0,0,0,0
0x6734386dcb09a755afe8d129afbbd9fbb8a1d43a,usdt,184,6.425954559295998,0.0,0.1521739130434782,0.0001051938723066,0.0063116323383996,0.1514791761215921,570375.4285714285,False,False,False,0.0,0,0,0,0,0
0xda2ba9f10c336e76cd31b8a9005f05c7d560066a,usdt,839,6.17304866330945,4.723298859682544,0.0083432657926102,5.788035284910455e-06,0.0003472821170946,0.008334770810271,10366211.857142856,False,False,False,0.0,0,0,0,0,0
0x78e021638d58f9b85065d49e3d50f656e35d0102,usdt,270,9.193877027884705,7.384610547671063,0.0259259259259259,1.7989993451642382e-05,0.0010793996070985,0.025905590570365,3335187.4285714286,False,False,False,0.0,0,0,0,0,0
0xce45ee964a34acb520ac15eeb70d49911d5ccbb7,usdt,520,7.442703445757757,6.846943139585379,0.0288461538461538,2.0028376203404985e-05,0.0012017025722042,0.0288408617329031,2995749.6,False,False,False,0.0,0,0,0,0,0
0xb91fad57cd7adc64cb40d1f0887c12dabeab73d3,usdt,569,10.01947862398326,0.0,0.3550087873462214,0.0002463189342438,0.0147791360546291,0.3546992653110996,243586.6336633664,False,False,False,0.0,0,0,0,0,0
0xa374cb4c5d414e36662aadce1132c4dc9efbc425,usdt,974,9.658372023034696,0.0,0.0328542094455852,2.280153642452813e-05,0.0013680921854716,0.0328342124513205,2631401.625,False,False,False,0.0,0,0,0,0,0
0xb8628428b127e747da3987f0417ee06ef525d6f0,usdt,542,8.023946871271468,0.0,0.2140221402214022,0.0001485069546062,0.0089104172763773,0.2138500146330559,404021.4827586207,False,False,False,0.0,0,0,0,0,0
0x887c871632eff3945cec8cec70fd4898dbb84030,usdt,1972,7.906655316766118,8.995589787596808,0.0223123732251521,1.5491912769686767e-05,0.0009295147661812,0.0223083543883489,3872988.5,False,False,False,0.0,0,0,0,0,0
0x3966f9bd2fb4edee1d7c6fcc8875d89179aafae8,usdt,386,7.115520749808679,4.795790545596741,0.1321243523316062,9.17164573133624e-05,0.0055029874388017,0.1320716985312418,654190.1176470588,False,False,False,0.0,0,0,0,0,0
0xf896506e115a9e928d06c64f4dbb657444a1204d,usdt,604,7.661184776661302,8.216628493133443,0.0910596026490066,6.320941070900731e-05,0.0037925646425404,0.0910215514209705,949225.7454545456,False,False,False,0.0,0,0,0,0,0
0xa8db2dc9ef86cfafa3bf8206ce12bbf87815c6de,usdt,341,5.639867410684371,6.047172579931482,0.0381231671554252,2.6446576897491035e-05,0.0015867946138494,0.038083070732387,2268724.6153846155,False,False,False,0.0,0,0,0,0,0
0xed8381e8dc31869c293aebc334aff715a36eff66,usdt,746,4.04791801999621,4.51085950651685,0.0120643431635388,8.370004804382758e-06,0.0005022002882629,0.0120528069183111,7168454.666666667,False,False,False,0.0,0,0,0,0,0
0xb53d0df85269b4694a6ceb04e64c1c02d851f9e4,usdt,729,8.816757704420294,0.0001359907528383,0.2318244170096021,0.0001607943736811,0.0096476624208706,0.2315438981008947,373147.3846153846,False,False,False,0.0,0,0,0,0,0
0xc470aab250173785384ae4435733d163f39201fd,usdt,1030,9.35663631804977,8.156510226079966,0.0737864077669902,5.1217234869097845e-05,0.0030730340921458,0.0737528182115009,1171480.6578947369,False,False,False,0.0,0,0,0,0,0
0x8b94f9c38a6cacc49cbd48ad867c0a9c2f89eb11,usdt,1672,9.403770697368524,6.311734809152915,0.0358851674641148,2.490959667329015e-05,0.0014945758003974,0.0358698192095378,2408710.216666667,False,False,False,0.0,0,0,0,0,0
0x4fdfe365436b5273a42f135c6a6244a20404271e,usdt,571,1.7292471606014297,0.0,0.0385288966725043,2.675177297375384e-05,0.0016051063784252,0.0385225530822055,2242842.0,False,False,False,0.0,0,0,0,0,0
0x6e3fcc131c161bc0c418a3e887e0907833f32af4,usdt,1593,6.257971612543684,8.379245202602085,0.032015065913371,2.2219865819168065e-05,0.00133319194915,0.031996606779602,2700286.333333333,False,False,False,0.0,0,0,0,0,0
0xd76e55d82e8687a0f2e166d8a8953137a9bca331,usdt,1061,7.06313001363424,7.312898090491665,0.0169651272384542,1.1778094419486516e-05,0.0007066856651691,0.0169604559640605,5094202.666666667,False,False,False,0.0,0,0,0,0,0
0x21f60ffb54da2251239ce01a9ec07f5248451032,usdt,1172,8.242775138958935,0.0,0.0665529010238907,4.62049103261419e-05,0.0027722946195685,0.0665350708696443,1298563.282051282,False,False,False,0.0,0,0,0,0,0
0xc83af24515fd0a73f9a3036bcc7ac61ea7fbaee1,usdt,186,8.454072268744328,8.517393171418904,0.1720430107526881,0.0001189887444084,0.0071393246645075,0.1713437919481804,504249.375,False,False,False,0.0,0,0,0,0,0
0xe45f094ea6c763158f581a8d2f7fe190710c9f40,usdt,456,6.86156705153755,6.635516179623586,0.0175438596491228,1.2165672122970611e-05,0.0007299403273782,0.0175185678570776,4931910.0,False,False,False,0.0,0,0,0,0,0
0x8f8888e07d5bf2c5f4f7c14ecef37cd6d49d4581,usdt,190,11.436422350052284,11.918377247649609,0.5052631578947369,0.0003503907952338,0.0210234477140285,0.5045627451366853,171237.375,False,False,False,0.0,0,0,0,0,0
0xce4d8a797f3241ef0a09daf2defe37cc58323444,usdt,1806,10.03023766282638,0.0001539881432172,0.0415282392026578,2.882778444927449e-05,0.0017296670669564,0.0415120096069552,2081325.4,False,False,False,0.0,0,0,0,0,0
0x2d23b731e5f04996a2dfdbe434c7d922afdb5e00,usdt,1685,10.784554493685842,11.652825028049136,0.0326409495548961,2.265950053324671e-05,0.0013595700319948,0.0326296807678752,2647895.963636364,False,False,False,0.0,0,0,0,0,0
0xbe0573b77cda13ea549700416f8fcbf7d03e7e9c,usdt,132,5.606328196247711,3.434374355339034,0.0984848484848484,6.792164976462535e-05,0.0040752989858775,0.0978071756610605,883370.7692307692,False,False,False,0.0,0,0,0,0,0
0x748e75bc06ea5e18722a18e1373c6794f4969c45,usdt,256,11.382873725609954,0.0,0.05859375,4.065333706982671e-05,0.0024392002241896,0.0585408053805504,1475893.6,False,False,False,0.0,0,0,0,0,0
0xdd9225ed756f2f1b58279b58dc49254c4f50dac0,usdt,576,6.75084822868702,4.087275417928496,0.046875,3.255087460583302e-05,0.0019530524763499,0.0468732594323995,1843268.4444444445,False,False,False,0.0,0,0,0,0,0
0xa0afb3094daf125afc4a75fd3ee5d46a30c3e62d,usdt,387,7.973226414729175,7.602445510426494,0.1550387596899224,0.0001074716051063,0.00644829630638,0.1547591113531212,558287.0,False,False,False,0.0,0,0,0,0,0
0x6ab4853dbf4fe7522cd53d0a04841ab0b8a2baf1,usdt,935,7.99327353981576,7.085418661642662,0.1497326203208556,0.0001039200832785,0.0062352049967151,0.1496449199211632,577366.7428571428,False,False,False,0.0,0,0,0,0,0
0x4ae901fbdb69ea08d63224964fc5e9696f0fe6d0,usdt,346,9.679785103442647,11.606596077145095,0.0664739884393063,4.604943560410219e-05,0.0027629661362461,0.0663111872699071,1302947.5652173914,False,False,False,0.0,0,0,0,0,0
0x5816b97424656a74b3497b925b3f738644d78649,usdt,416,7.736102897535147,8.04019754738694,0.1875,0.000129918887308,0.0077951332384814,0.1870831977235545,461826.6153846154,False,False,False,0.0,0,0,0,0,0
0x78d056f1a354c316797ff75588d9b3772dff3ad3,usdt,196,3.3550868440844406,2.598979106047848,2.7551020408163267,0.0019047417487645,0.1142845049258737,2.742828118220971,31500.33333333333,False,False,False,0.0,0,0,0,0,0
0x1570909b5592da6229c91175954ae44e2361eb4d,usdt,719,7.788624384314045,2.5937610547000824,0.2114047287899861,0.0001467014657985,0.0088020879479148,0.2112501107499552,408993.86842105264,False,False,False,0.0,0,0,0,0,0
0xc95acd19f7127fe415e8d00aed0ea91eff1fd52e,usdt,1163,10.378915878037787,11.342238215370791,0.0180567497850386,1.253577458854628e-05,0.0007521464753127,0.0180515154075066,4786301.761904762,False,False,False,0.0,0,0,0,0,0
0xb51ef7654fc036738be6595921ad312278ee5a0f,usdt,134,1.1431164556629092,0.0,1.4701492537313432,0.0010162077396857,0.0609724643811449,1.463339145147479,59043.04568527919,False,False,False,0.0,0,0,0,0,0
0xf5f07cd696ae72fab810a5e52afa0b83b2358485,usdt,2305,4.131954812609422,0.0003499387642879,0.0052060737527114,3.614438071671385e-06,0.0002168662843002,0.0052047908232067,16600090.75,False,False,False,0.0,0,0,0,0,0
0xab40682e6c499ecc12223749f150540489e9f781,usdt,337,5.041925728882476,4.266919328558247,0.0148367952522255,1.0289615637581628e-05,0.0006173769382548,0.0148170465181175,5831121.6,False,False,False,0.0,0,0,0,0,0
0xc5a98f06f4cffcd7fa1d66f0cba16929a7130aa4,usdt,993,6.816412199519296,6.906332642514585,0.0594159113796576,4.122012117597792e-05,0.0024732072705586,0.0593569744934082,1455599.7966101696,False,False,False,0.0,0,0,0,0,0
0xe88b5468b9232757611f1f3deebca8d9cf132b26,usdt,212,11.530641901997676,12.512601484176669,0.0377358490566037,2.6087149339799464e-05,0.0015652289603879,0.0375654950493112,2299983.0,False,False,False,0.0,0,0,0,0,0
0x4f739b482b4c574a65361cf86b5c99e6627bdad4,usdt,246,5.176309070161407,3.745165265124528,0.3170731707317073,0.0002194910284449,0.0131694617066947,0.3160670809606728,273359.6923076923,False,False,False,0.0,0,0,0,0,0
0xa96e10ac0a049e4136c4e72fe9992649cad1183e,usdt,651,7.719228362486018,7.611258999960181,0.0076804915514592,5.3282307354088e-06,0.0003196938441245,0.0076726522589886,11260773.6,False,False,False,0.0,0,0,0,0,0
0x6e1f7e852810e18757364fe458f8df9db083a485,usdt,410,7.724292462736034,6.901103202901759,0.0219512195121951,1.524126154970099e-05,0.000914475692982,0.0219474166315694,3936682.0,False,False,False,0.0,0,0,0,0,0
0xa52c3b3a5d519423f0cf1c564bd47c1d24b518b5,usdt,157,6.119356484102875,6.513341523103365,0.5031847133757962,0.000348658107625,0.0209194864575012,0.5020676749800294,172088.35443037975,False,False,False,0.0,0,0,0,0,0
0xd9df68a898712e706c0875057dc2e2e73b635a52,usdt,301,6.349843175202343,7.290875255126654,0.1594684385382059,0.0001105734986652,0.0066344099199171,0.1592258380780114,542625.5,False,False,False,0.0,0,0,0,0,0
0xe707635f35ab8192be64b640aa52df78f8ce2374,usdt,121,5.678297733081155,0.0,2.7355371900826446,0.0018960484288575,0.1137629057314508,2.730309737554819,31644.761329305136,False,False,False,0.0,0,0,0,0,0
0xb7b1b2eeeaf370cac2892303f88d4918bc50c567,usdt,219,7.424025587514459,7.438771689994604,0.1095890410958904,7.588841620242982e-05,0.0045533049721457,0.1092793193314989,790634.5,False,False,False,0.0,0,0,0,0,0
0xd7a51eb5dd48adb1b83591908f8f10076d3cadd9,usdt,146,5.613927662570227,3.044522437723423,0.0753424657534246,5.2006308838046686e-05,0.0031203785302828,0.0748890847267872,1153706.181818182,False,False,False,0.0,0,0,0,0,0
0x7f28c79074a9ffdbbca8e3ed0808cd6306489271,usdt,706,7.7100328196485695,7.244941546337007,0.0113314447592068,7.859725899918966e-06,0.0004715835539951,0.0113180052958833,7633854.0,False,False,False,0.0,0,0,0,0,0
0xe693b060616d65c0d9acea233072479233540673,usdt,1252,7.584510814057452,0.0003649334037046,0.0135782747603833,9.425543088703896e-06,0.0005655325853222,0.0135727820477336,6365680.94117647,False,False,False,0.0,0,0,0,0,0
0xa928dfe3903ea3bd1dc9b22afb0c095bab6f0d90,usdt,588,6.065388016527836,2.244014223284259,0.0238095238095238,1.6528504113708553e-05,0.0009917102468225,0.0238010459237403,3630092.5714285714,False,False,False,0.0,0,0,0,0,0
0x1e1d82a2c4907cfbe95a6524376faf77e676bbf5,usdt,977,5.142153115011908,0.655531498654607,0.0204708290685772,1.4201979415082958e-05,0.0008521187649049,0.0204508503577194,4224763.2,False,False,False,0.0,0,0,0,0,0
0xefa417562cd30c2a571f6f27223657bba76d2110,usdt,1534,14.598836033510906,15.424948670498354,0.2614080834419817,0.0001814545145004,0.0108872708700275,0.2612945008806615,330661.3790523691,False,False,False,0.0,0,0,0,0,0
0x7f3e50cca0768a2bf78678890248561a7aa502c8,usdt,137,8.212647789441137,0.0,0.1094890510948905,7.58869668687621e-05,0.0045532180121257,0.1092772322910174,790649.6,False,False,False,0.0,0,0,0,0,0
0x6ddde5b7517b1579a7df1638f0033dda36dd7cdb,usdt,380,9.271209885498314,0.0,1.3368421052631578,0.0009262250785285,0.0555735047117142,1.3337641130811424,64779.07086614173,False,False,False,0.0,0,0,0,0,0
0xf6bbb72057595c8838dd043adb16bb2143637b2b,usdt,137,6.782715636601621,7.02943719124265,0.0364963503649635,2.528411762980613e-05,0.0015170470577883,0.0364091293869208,2373031.2,False,False,False,0.0,0,0,0,0,0
0x23f735e9f842b563e76c89ca944d01cedc1a558f,usdt,438,5.569669808362963,6.614353422375095,0.3675799086757991,0.0002551356751301,0.0153081405078119,0.3673953721874857,235168.99378881988,False,False,False,0.0,0,0,0,0,0
0x57a224c6e3321b69074ccbfba42ff88b11d1664b,usdt,266,5.015275816862625,4.744974197043568,0.1541353383458646,0.0001068037088499,0.0064082225309978,0.1537973407439477,561778.243902439,False,False,False,0.0,0,0,0,0,0
0x5cf385d2b9df282acb3ebfcc9b299b71edf04b07,usdt,1336,8.147337827831269,8.302265801568137,0.0261976047904191,1.8180550265520445e-05,0.0010908330159312,0.0261799923823494,3300230.1428571427,False,False,False,0.0,0,0,0,0,0
0x8492f3b9bb1208bcc843889d29f688b38be8a316,usdt,250,9.151462110952432,8.693155784118954,0.04,2.7716339891019352e-05,0.0016629803934611,0.0399115294430678,2164788.0,False,False,False,0.0,0,0,0,0,0
0xc074e6fe27459284664ae7bf64f927a834fac40e,usdt,1005,9.012212370492744,9.584265241829709,0.1194029850746268,8.290062946793375e-05,0.004974037768076,0.1193769064338245,723758.075,False,False,False,0.0,0,0,0,0,0
0x9ba831f068ea0bd605071e83377589a6249fba81,usdt,941,12.307163976553264,0.0,0.1200850159404888,8.33045821943459e-05,0.0049982749316607,0.1199585983598581,720248.4955752213,False,False,False,0.0,0,0,0,0,0
0xa2c1aef4106a556526a5679f808d8141fe4c9769,usdt,176,10.95642290161576,0.0,0.6079545454545454,0.0004221806617583,0.0253308397054993,0.6079401529319856,142119.2523364486,False,False,False,0.0,0,0,0,0,0
0x1cfd3cbfb5c530205d69291a4f8e6019bbe754b6,usdt,198,8.903422710655542,0.0,0.1313131313131313,9.0747965674931e-05,0.0054448779404958,0.1306770705719006,661171.8461538461,False,False,False,0.0,0,0,0,0,0
0xe9ed3ad8e68b3925a33cab867a29c73e8357cfc4,usdt,133,11.28876996714832,11.510885516369196,0.037593984962406,2.596388319991359e-05,0.0015578329919948,0.0373879918078755,2310902.4,False,False,False,0.0,0,0,0,0,0
0xa205af661abc96754fdd6c11eb6d25ee084dd99f,usdt,334,10.776834537105374,0.0,0.0449101796407185,3.109677066256023e-05,0.0018658062397536,0.0447793497540867,1929460.8,False,False,False,0.0,0,0,0,0,0
0x95bdcb8679699834fc79da3283037517ee69d9ce,usdt,1289,10.43164304776776,7.933286137959932,0.0038789759503491,2.692084370103632e-06,0.0001615250622062,0.0038766014929492,22287563.0,False,False,False,0.0,0,0,0,0,0
0x7eb80a45f4fcf9387e5bdce4dbc4d0ba0018584d,usdt,551,9.1307970549697,8.517393171418904,0.043557168784029,3.0195721115339352e-05,0.0018117432669203,0.0434818384060886,1987036.5,False,False,False,0.0,0,0,0,0,0
0xec1949615ae8843567980190b7c49c82036c56ae,usdt,919,9.458254623056272,0.0009995003330835,0.0348204570184983,2.416487330583472e-05,0.00144989239835,0.0347974175604019,2482942.875,False,False,False,0.0,0,0,0,0,0
0x56661ac9bc7806b028b0448348d812ffc96fc7b7,usdt,525,9.941528905854453,0.0001459893430372,0.0114285714285714,7.928845483452104e-06,0.0004757307290071,0.011417537496171,7567306.0,False,False,False,0.0,0,0,0,0,0
0x653325afdb00dd741fee25a694467eba17e8e93d,usdt,864,8.826298979431485,8.871115065132521,0.0891203703703703,6.186705615951223e-05,0.0037120233695707,0.0890885608696976,969821.4805194804,False,False,False,0.0,0,0,0,0,0
0x80b8c9f846df16d02deee062fd7a0a73ad6f2b66,usdt,288,6.941901500190454,7.8355227009827155,0.1076388888888889,7.461486694002987e-05,0.0044768920164017,0.107445408393643,804129.2903225806,False,False,False,0.0,0,0,0,0,0
0x561c6b1b594564efd3102df02a263301a7a2c47b,usdt,1438,8.011153042644404,7.656276788543142,0.064673157162726,4.488535014647385e-05,0.0026931210087884,0.0646349042109223,1336739.0430107526,False,False,False,0.0,0,0,0,0,0
0xa71f422b0e98e5a22d68140ed0a5abc0b300640a,usdt,340,7.832162402456561,7.414703332480024,0.0352941176470588,2.4500005920834765e-05,0.00147000035525,0.035280008526002,2448979.0,False,False,False,0.0,0,0,0,0,0
0x75d415edcb3c3782e5952470821e983f9053a209,usdt,1673,11.680348081251893,12.3458650695625,0.0406455469216975,2.821690177477949e-05,0.0016930141064867,0.0406323385556824,2126385.117647059,False,False,False,0.0,0,0,0,0,0
0x0ff23ac72005099fa258c48451c95820462555c2,usdt,912,10.029198470566325,0.0,0.0175438596491228,1.2182199720007367e-05,0.0007309319832004,0.0175423675968106,4925218.875,False,False,False,0.0,0,0,0,0,0
0xf8a549a32fcb690c3205f94f7574638bae159fe0,usdt,179,5.557290066927797,4.04569727284558,0.106145251396648,7.356061239596981e-05,0.0044136367437581,0.1059272818501965,815653.8947368421,False,False,False,0.0,0,0,0,0,0
0x8517c2283bd8df3462e4ec2cf63097126f0c89f3,usdt,651,5.459885809476534,5.916202062607435,0.0168970814132104,1.1720334076402512e-05,0.0007032200445841,0.0168772810700196,5119308.0,False,False,False,0.0,0,0,0,0,0
0x7256e388e40d4697d334a16c81590e5c56441708,usdt,191,5.006083282728193,3.9573787071489432,0.0837696335078534,5.789068068585984e-05,0.0034734408411515,0.0833625801876381,1036436.25,False,False,False,0.0,0,0,0,0,0
0xd92d5f9713cca76726aff0be306403fef6e8ddab,usdt,262,9.563636951492814,0.0110160993537681,0.1145038167938931,7.950065111033258e-05,0.0047700390666199,0.1144809375988789,754710.8,False,False,False,0.0,0,0,0,0,0
0x251b9530f44a0be7e63aa7e1fb6df81a1dbc5e98,usdt,168,7.458247025730183,7.901576782998218,0.0416666666666666,2.881068662451526e-05,0.0017286411974709,0.0414873887393019,2082560.571428572,False,False,False,0.0,0,0,0,0,0
0x40753ebe9f50ecb30ff161f7850f1a8453d26a98,usdt,331,8.29210634587832,0.0,1.0906344410876132,0.0007553884726463,0.0453233083587814,1.0877594006107556,79429.3296398892,False,False,False,0.0,0,0,0,0,0
0x4c7a572ad38aed2c1d33fbfeba7bd69a83ec0e30,usdt,810,12.072291819365406,0.0,0.3802469135802469,0.0002637872969972,0.0158272378198356,0.3798537076760562,227455.98701298705,False,False,False,0.0,0,0,0,0,0
0x79819dfe0e47b97d6eaff62fa76b588e5fb61198,usdt,1401,9.244456560529056,0.0,0.0563882940756602,3.9148210591042914e-05,0.0023488926354625,0.0563734232511018,1532637.1012658228,False,False,False,0.0,0,0,0,0,0
0x4275363b4945cc0b365d0893d75c5f8afaa767a7,usdt,161,7.669401966544789,8.585412520809966,0.031055900621118,2.143361751452342e-05,0.0012860170508714,0.0308644092209137,2799340.8,False,False,False,0.0,0,0,0,0,0
0x682d7fbe4625b27059191b03acfbb327d4e95803,usdt,210,6.101211295915265,4.176692303570854,0.1285714285714285,8.923531285900688e-05,0.0053541187715404,0.1284988505169699,672379.5555555555,False,False,False,0.0,0,0,0,0,0
0x23e51a7c52cc90bcba1a521e859131a358f5cf1a,usdt,193,7.089592119987039,8.733343586231188,0.2176165803108808,0.000150597657561,0.0090358594536603,0.2168606268878492,398412.5714285714,False,False,False,0.0,0,0,0,0,0
0x0cdd61fe995b50b7881bfc1b08221066266fb0b6,usdt,944,7.554236565886556,9.149090282176674,0.125,8.673390259194713e-05,0.0052040341555168,0.1248968197324038,691771.0169491526,False,False,False,0.0,0,0,0,0,0
0xa84c6fd42d4e5c2e9ffbdf452041a3485b170885,usdt,631,11.198004024565911,6.893630784296002,0.0253565768621236,1.7597912770226035e-05,0.0010558747662135,0.0253409943891254,3409495.25,False,False,False,0.0,0,0,0,0,0
0x65b0186a46c250e87b1f4df2ceed891d32ad416e,usdt,1053,10.187400355508547,10.087678832890427,0.050332383665717,3.494979890017599e-05,0.0020969879340105,0.0503277104162534,1716748.075471698,False,False,False,0.0,0,0,0,0,0
0x139cfd93dbaf2682b2ceae7aef2465470cfb9ee3,usdt,551,15.207831358325173,13.71015115341694,0.0617059891107078,4.2847007199557416e-05,0.0025708204319734,0.0616996903673626,1400331.1764705882,False,False,False,0.0,0,0,0,0,0
0x157f1c29d391d7fa07a028723e61e0543f8fa486,usdt,1306,6.971988012433919,1.8394356798482172,0.0359877488514548,2.4982439426952805e-05,0.0014989463656171,0.035974712774812,2401687.0,False,False,False,0.0,0,0,0,0,0
0x6dcb6d2df8ec2f78b54529b866405cceb11308c8,usdt,1374,9.153998686193646,8.987323440270371,0.1142649199417758,7.92993727007128e-05,0.0047579623620427,0.1141910966890264,756626.4140127389,False,False,False,0.0,0,0,0,0,0
0x3b7148083b9e244c73c2e67abbdff1bb7057a42c,usdt,163,8.203729970560554,4.189661484427938,0.4049079754601227,0.0002795359364623,0.0167721561877397,0.4025317485057534,214641.45454545456,False,False,False,0.0,0,0,0,0,0
0x1a05a7e4cc57897fcad9acf24f8418699afb6469,usdt,279,5.356701560479179,3.279447927658477,0.017921146953405,1.2434649698509484e-05,0.0007460789819105,0.0179058955658536,4825226.4,False,False,False,0.0,0,0,0,0,0
0xdf453bd4a6ac1ceb1196c94f9a98a810d336b5ed,usdt,1318,8.045336081696314,7.131698705510857,0.1213960546282245,8.426099939355779e-05,0.0050556599636134,0.1213358391267232,712073.20625,False,False,False,0.0,0,0,0,0,0
0xeb30b9e8e2cedd697bd1b1238770fd606260ee52,usdt,129,6.82793263159356,6.595589238838791,1.310077519379845,0.000903700788412,0.0542220473047257,1.3013291353134184,66393.65680473374,False,False,False,0.0,0,0,0,0,0
0x8debc4cb75e66b9d12cdecd9bc03a99c8d3ac8f1,usdt,658,13.294478504450645,13.815511557963774,0.047112462006079,3.271481922213024e-05,0.0019628891533278,0.0471093396798675,1834031.225806452,False,False,False,0.0,0,0,0,0,0
0x1aebe3861f601c962dabda17e0d456bc5b4f675f,usdt,298,9.879012344387949,9.999500033330834e-05,0.5570469798657718,0.0003866332950892,0.0231979977053546,0.5567519449285124,155185.80722891566,False,False,False,0.0,0,0,0,0,0
0x894b87dfb9e79082d2d0ac7c16ce40658afd42d1,usdt,1455,8.97907658384717,0.0091995540412704,0.0632302405498281,4.389451299264464e-05,0.0026336707795586,0.0632080987094082,1366913.4456521738,False,False,False,0.0,0,0,0,0,0
0xd8a53c79bcd754330302d1e03723fc3aad8e95ed,usdt,202,6.42131605670104,4.176692303570854,0.0891089108910891,6.163264886852729e-05,0.0036979589321116,0.0887510143706793,973510.0,False,False,False,0.0,0,0,0,0,0
0x8ff356f6f374b8752eb1f9b35b11860447cede39,usdt,226,9.052956781553826,0.0,0.1592920353982301,0.000110253920905,0.0066152352543037,0.1587656461032895,544198.3333333334,False,False,False,0.0,0,0,0,0,0
0xc62ffb97f4388b9d16620e7de46a804b64d1bebf,usdt,234,4.625265417530296,4.7098229512496825,0.0683760683760683,4.747716953973604e-05,0.0028486301723841,0.0683671241372199,1263765.3125,False,False,False,0.0,0,0,0,0,0
0x3567cfca39d9c2196e80992838cb9dd2ace332fb,usdt,275,6.161548016816459,4.809660848803092,0.5527272727272727,0.0003825159989833,0.0229509599389987,0.5508230385359704,156856.18421052632,False,False,False,0.0,0,0,0,0,0
0xbb8971e2f6d29ef9e56768caf23d0e11e9385d62,usdt,1675,12.39059843465563,0.0009995003330835,0.5265671641791044,0.0003654593208348,0.0219275592500923,0.5262614220022174,164176.95918367346,False,False,False,0.0,0,0,0,0,0
0xbb1bc9ccd881e8bfa4f851c95b2a3e8de74acf4e,usdt,198,12.20773294646746,12.429220196836384,0.0252525252525252,1.7491642493216743e-05,0.001049498549593,0.0251879651902321,3430209.6,False,False,False,0.0,0,0,0,0,0
0xdeb27a70269944901be1fff3d32e3fa504255525,usdt,1229,8.037600362159342,0.0001999800026662,0.0179007323026851,1.2421682702117998e-05,0.000745300962127,0.0178872230910499,4830263.454545454,False,False,False,0.0,0,0,0,0,0
0x26994d7c461a91ef5324f7058c10b18d9dd8d43a,usdt,159,14.767782233493724,7.788253016357477,0.0817610062893081,5.6448037627393455e-05,0.0033868822576436,0.0812851741834465,1062924.4615384615,False,False,False,0.0,0,0,0,0,0
0xc0e37460f90c5d017ecb4e015028685ffb7782bd,usdt,132,6.946177356002771,7.597458837074431,0.1212121212121212,8.357317092280451e-05,0.0050143902553682,0.1203453661288384,717933.75,False,False,False,0.0,0,0,0,0,0
0x2b26da567c2a8c220daf91be8e37a429d33aef0b,usdt,1144,6.317517958274567,0.0,0.6809440559440559,0.0004728432007029,0.0283705920421764,0.6808942090122336,126891.95892169447,False,False,False,0.0,0,0,0,0,0
0xa041e8fcfeb517d9682807b5c7822655e6d3da20,usdt,1393,6.843153956939297,7.884593401643429,0.0114860014357501,7.971451111418325e-06,0.000478287066685,0.0114788896004423,7526860.4375,False,False,False,0.0,0,0,0,0,0
0xbeeb4a3e0f593b3ec84773ca202b84b3bbbc234a,usdt,359,5.3115918346468405,0.0,0.075208913649025,5.221055627833873e-05,0.0031326333767003,0.0751832010408077,1149192.888888889,False,False,False,0.0,0,0,0,0,0
0x9ef7a266b3fc44fb49ac3f2b35f97a3c2814fff3,usdt,407,6.3038910253210405,4.530568873700597,0.0319410319410319,2.2161571494082008e-05,0.0013296942896449,0.031912662951478,2707389.230769231,False,False,False,0.0,0,0,0,0,0
0x12ebae87933ba8731d50e2d6fd47629672122874,usdt,2003,6.558647488922355,0.0,0.1083374937593609,7.520322849423759e-05,0.0045121937096542,0.1082926490317021,797838.0875576037,False,False,False,0.0,0,0,0,0,0
0x61bf7804f19dedf098e2f31c670003dffac643d0,usdt,1408,7.081899273805873,0.0,0.2066761363636363,0.0001434526980831,0.0086071618849894,0.2065718852397476,418256.3367697594,False,False,False,0.0,0,0,0,0,0
0x6d75888701cb5e5789e3257078f50af2b81af430,usdt,1570,7.616270710685405,0.0,0.0127388535031847,8.844365501275825e-06,0.0005306619300765,0.0127358863218371,6783980.15,False,False,False,0.0,0,0,0,0,0
0x8b7fb99f39e30ac0b0601a68ea0bbf70b862ed08,usdt,268,9.407190716846833,8.2987883944492,0.3470149253731343,0.0002401473730201,0.0144088423812083,0.3458122171490014,249846.5806451613,False,False,False,0.0,0,0,0,0,0
0x1c4bc8f676f0cb3e173660b78454267f59705255,usdt,408,7.812470695033908,9.491599758265307,0.0294117647058823,2.0390200469654284e-05,0.0012234120281792,0.0293618886763021,2942590.0,False,False,False,0.0,0,0,0,0,0
0x9abde6fae4c59d730a73142542d9a908bd291644,usdt,140,6.693419752873006,5.017279836814924,0.7285714285714285,0.0005024378085436,0.0301462685126166,0.7235104443027985,119417.76470588236,False,False,False,0.0,0,0,0,0,0
0xf27912ae3fd00ec676db24e2ca420e3f8d2ededd,usdt,1538,7.907952300046584,5.166393458370678,0.0058517555266579,4.062532425027318e-06,0.0002437519455016,0.0058500466920393,14769112.888888888,False,False,False,0.0,0,0,0,0,0
0x7a8cbfbd249ea1d5c55ee92af8f0bc7aba0474b6,usdt,1280,9.10042907352934,6.933445346144381,0.33515625,0.0002326802376918,0.0139608142615087,0.3350595422762093,257864.61538461532,False,False,False,0.0,0,0,0,0,0
0xa6d2b8763047a2d2cd7dfe9335e93a6ba7ec1f5d,usdt,342,4.561465394364983,3.387098457282653,0.0584795321637426,4.057135832501959e-05,0.0024342814995011,0.0584227559880282,1478875.8,False,False,False,0.0,0,0,0,0,0
0x57e114b691db790c35207b2e685d4a43181e6061,usdt,382,3.908684177741224,9.99995000033333e-06,0.0157068062827225,1.0902644472759015e-05,0.0006541586683655,0.0156998080407729,5503252.0,False,False,False,0.0,0,0,0,0,0
0xddc22336e042ea6faa4b2f397dac999d23e15070,usdt,316,6.288377670753723,2.714694743820879,0.0664556962025316,4.610136152687709e-05,0.0027660816916126,0.066385960598703,1301480.0,False,False,False,0.0,0,0,0,0,0
0x49bbe6fa00ba37132b89bc946aedda4fe831e521,usdt,665,5.508577303375962,5.017279836814924,0.0330827067669172,2.2944970243502453e-05,0.0013766982146101,0.0330407571506435,2614952.1818181816,False,False,False,0.0,0,0,0,0,0
0x8f70b3ac45a6896532fb90b992d5b7827ba88d3c,usdt,1359,8.400125930656872,7.472339311582856,0.1405445180279617,9.75508987136169e-05,0.005853053922817,0.1404732941476083,615063.5287958115,False,False,False,0.0,0,0,0,0,0
0x4bd12715a5102984c389b28e6ddd7f7b64edd84b,usdt,234,4.679012693623512,4.481372365224082,0.0299145299145299,2.072657911364857e-05,0.0012435947468189,0.0298462739236539,2894833.714285714,False,False,False,0.0,0,0,0,0,0
0x4d8aed46afd94f2edf1fd8ce13fffea3d4ea54fc,usdt,1268,6.434304455784703,6.99894790236499,0.0134069400630914,9.305992982843362e-06,0.0005583595789706,0.0134006298952944,6447458.117647059,False,False,False,0.0,0,0,0,0,0
0x4c54e945f5105ebaaa1e05846919750d940ff903,usdt,478,7.630274782747007,0.0,0.0543933054393305,3.773127092271533e-05,0.0022638762553629,0.05433303012871,1590192.923076923,False,False,False,0.0,0,0,0,0,0
0x03e0a79dcb924a5c7e02bc95617f175093e7cf5f,usdt,1112,8.02579588241657,0.0,0.0539568345323741,3.746588263062948e-05,0.0022479529578377,0.0539508709881064,1601457.0,False,False,False,0.0,0,0,0,0,0
0xaf3ebf56a4191b7705aac97fb6a4382580a60596,usdt,1176,7.750200664274994,0.0,0.0756802721088435,5.251134628589608e-05,0.0031506807771537,0.0756163386516903,1142610.202247191,False,False,False,0.0,0,0,0,0,0
0xe6124e5f5af2eabd0640fdf510eaa49bb3293772,usdt,255,4.255139236045077,0.0003749297050731,0.1450980392156863,0.000100392289655,0.0060235373793054,0.1445648971033297,597655.4594594594,False,False,False,0.0,0,0,0,0,0
0x8b8023898585e97da73eb02a6af93d52127aae13,usdt,194,9.826303558157772,5.300729036133759,0.0412371134020618,2.8490738729241827e-05,0.0017094443237545,0.0410266637701082,2105947.5,False,False,False,0.0,0,0,0,0,0
0x448000e78ff1c3647fb263690d45bedd17abf7de,usdt,218,3.862762233540271,3.3248321509957126,0.0458715596330275,3.1724801307569414e-05,0.0019034880784541,0.0456837138828999,1891264.8,False,False,False,0.0,0,0,0,0,0
0xb1cda0f86897d08aeedc629464cc58592bc40ac5,usdt,442,9.046655850734322,6.252605344213647,0.253393665158371,0.0001757038494883,0.010542230969299,0.2530135432631771,341483.6964285714,False,False,False,0.0,0,0,0,0,0
0x91f7700f37700f726e8584cd567aacfb448f793f,usdt,1102,5.013431481119034,2.3513752571634776,0.0344827586206896,2.393058015787129e-05,0.0014358348094722,0.0344600354273346,2507252.210526316,False,False,False,0.0,0,0,0,0,0
0x158ce4d73f51c8565cd75cb228cca90d361ab457,usdt,230,9.32625187892586,9.475559666272284,0.0565217391304347,3.923777305717185e-05,0.0023542663834303,0.0565023932023274,1529138.7692307692,False,False,False,0.0,0,0,0,0,0
0x94bd1bd3c8abbc52b29668a65930d4575fa4caac,usdt,316,6.7571481148143295,8.00383101999825,0.0443037974683544,3.0719386595288465e-05,0.0018431631957173,0.0442359166972153,1953164.0,False,False,False,0.0,0,0,0,0,0
0xbc01a35f29c3fe770d1aad0e3bfee940d595a31c,usdt,1593,8.359698293486588,6.095796312033186,0.0527306967984934,3.6617930187480175e-05,0.0021970758112488,0.0527298194699714,1638541.5476190476,False,False,False,0.0,0,0,0,0,0
0xbb3b1f2bcb612da41c12ffa728ef130c54882df1,usdt,1557,8.927842067353938,0.0125627570784584,0.0346820809248554,2.4074388075866425e-05,0.0014444632845519,0.0346671188292476,2492275.185185185,False,False,False,0.0,0,0,0,0,0
0x9ddb69e6001bf357c1dde81614fdbcffd4644d14,usdt,242,9.06783841173827,9.105090961257083,0.0289256198347107,2.0046622716832862e-05,0.0012027973630099,0.0288671367122393,2993022.8571428573,False,False,False,0.0,0,0,0,0,0
0x46e088980de404471dabefb6e17897306e97ccb6,usdt,597,8.769326344872423,0.0,0.1323283082077052,9.186713082437608e-05,0.0055120278494625,0.1322886683871015,653117.164556962,False,False,False,0.0,0,0,0,0,0
0x6ec07a1eebb88cfad5af426a856a83c726be22a9,usdt,309,5.657932395198866,7.159291872138155,0.029126213592233,2.01954833025988e-05,0.0012117289981559,0.0290814959557422,2970961.333333333,False,False,False,0.0,0,0,0,0,0
0x7a3d164e75acb5fb3ca48ec1129deb81224487d8,usdt,160,10.212271731161744,0.0115174191603183,0.11875,8.196289927795e-05,0.0049177739566769,0.1180265749602479,732038.5263157894,False,False,False,0.0,0,0,0,0,0
0x39c7b27ac161a19b0eb74b88aa34d601fe9a4a42,usdt,592,8.841970022482462,8.23576813892376,0.0084459459459459,5.864014443302135e-06,0.0003518408665981,0.008444180798355,10231898.4,False,False,False,0.0,0,0,0,0,0
0x9359b73dcefe15417235a9581a24e03eaa4b1843,usdt,737,7.080914173164164,4.49992994087525,0.0122116689280868,8.471897492299516e-06,0.0005083138495379,0.0121995323889113,7082238.666666667,False,False,False,0.0,0,0,0,0,0
0xa884dedba93039358e9f5772f17d5658ea822895,usdt,213,6.398007046288561,0.9877481372343956,0.0610328638497652,4.229523898762116e-05,0.0025377143392572,0.0609051441421744,1418599.3846153845,False,False,False,0.0,0,0,0,0,0
0xfa18da7e2db0802312bf47ed927ccffeeba4036a,usdt,863,8.215412538060217,7.38193736692265,0.0393974507531865,2.7342834593060616e-05,0.0016405700755836,0.0393736818140072,2194359.1764705884,False,False,False,0.0,0,0,0,0,0
0x230cef50d746624aab59597e0031fbb47b7d466f,usdt,1324,9.244783752885889,7.243357675973954,0.0060422960725075,4.193777655397133e-06,0.0002516266593238,0.0060390398237718,14306910.125,False,False,False,0.0,0,0,0,0,0
0x2ff5bb7e591babb30475b465eac5d53d17b03b31,usdt,1013,5.633971053963523,5.293304824724492,0.016781836130306,1.1652555878460829e-05,0.0006991533527076,0.0167796804649835,5149084.94117647,False,False,False,0.0,0,0,0,0,0
0xa93d14435c58de6e4884674dd8d79b04c545e6aa,usdt,746,9.18178065992578,8.381621823914278,0.1367292225201072,9.486778314266458e-05,0.0056920669885598,0.136609607725437,632459.1764705882,False,False,False,0.0,0,0,0,0,0
0x9bd088b58633c49e8c68973c3696b1a0405ae99e,usdt,265,6.213825368168777,4.117774263854897,0.0264150943396226,1.833245861316522e-05,0.0010999475167899,0.0263987404029579,3272883.4285714286,False,False,False,0.0,0,0,0,0,0
0x7b887b9fedb33b1e028476f1243e601b4b17f9e8,usdt,649,6.267806190530167,5.707113723214656,0.0215716486902927,1.4958965420855533e-05,0.0008975379252513,0.0215409102060319,4010972.5714285714,False,False,False,0.0,0,0,0,0,0
0xde390c76ed6b7711252109e5a80e1d3a747516bd,usdt,351,6.13050323016808,5.527435037221892,0.0541310541310541,3.758409441124517e-05,0.0022550456646747,0.054121095952193,1596420.0,False,False,False,0.0,0,0,0,0,0
0x35a12e627ff0825ec99c3e640545f3f44829e813,usdt,132,5.702404108479183,4.325853029867938,2.159090909090909,0.0014911644581736,0.0894698674904173,2.147276819770016,40237.01052631579,False,False,False,0.0,0,0,0,0,0
0x0e5320abe24e9df47e8bff934c6eefcaec7ddff4,usdt,350,8.740890205861469,8.87045358023112,0.0685714285714285,4.748347476154393e-05,0.0028490084856926,0.0683762036566232,1263597.5,False,False,False,0.0,0,0,0,0,0
0x2bcce259cea9ffe4153eda976a4423b68acbce90,usdt,1118,9.873342186055911,12.143363521432963,0.0626118067978533,4.344620782257661e-05,0.0026067724693545,0.0625625392645103,1381018.1142857142,False,False,False,0.0,0,0,0,0,0
0x5fc67fab9118ab9e0c9b04387238603f13a97c86,usdt,957,8.157420262817539,0.0006867641235252,0.2978056426332288,0.000206702888749,0.0124021733249414,0.2976521597985945,290271.7052631579,False,False,False,0.0,0,0,0,0,0
0x2dcc0e9ac4bd3091ec711d3f785d4aece4d27ce8,usdt,750,6.484618343889534,5.191465851013234,0.0066666666666666,4.623688190305088e-06,0.0002774212914183,0.0066581109940393,12976653.6,False,False,False,0.0,0,0,0,0,0
0x42627bd273dee93a5068e81c47ba7d4049ba6c8f,usdt,835,6.722593155195054,6.906407696400456,0.0095808383233532,6.652198135721472e-06,0.0003991318881432,0.0095791653154389,9019575.0,False,False,False,0.0,0,0,0,0,0
0x53068573edc1716b2417f622d3308f383a5d4253,usdt,715,5.410355236968992,4.047058369021139,0.0139860139860139,9.709273288080352e-06,0.0005825563972848,0.0139813535348357,6179659.2,False,False,False,0.0,0,0,0,0,0
0x4cc7a9a050a90b73ef1122a4fa665a9dd11683a8,usdt,957,12.38968608595384,0.0027113210449043,0.4503657262277952,0.0003124793825233,0.0187487629514003,0.4499703108336094,192012.66821345707,False,False,False,0.0,0,0,0,0,0
0x006e4d082359d878e6007614d497eac0f810fa91,usdt,1456,12.258751177143468,12.81377812621798,0.0528846153846153,3.67245664432422e-05,0.0022034739865945,0.0528833756782687,1633783.7532467532,False,False,False,0.0,0,0,0,0,0
0x2c967961bd5a9ab8f566f037cd583c8dccf7119a,usdt,554,10.650853068432252,9.604812938541578,0.0487364620938628,3.383883540264078e-05,0.0020303301241584,0.0487279229798027,1773110.6666666667,False,False,False,0.0,0,0,0,0,0
0x2f3e0c0e432e651777c8d3e9b2d0095d7ef3f5af,usdt,678,8.917554681526749,0.0,0.5294985250737463,0.0003671973879275,0.0220318432756543,0.5287642386157048,163399.85515320333,False,False,False,0.0,0,0,0,0,0
0xca3cdf2a026445cf759b36e9ffcee5d37b40640f,usdt,316,5.917126907044144,0.0,0.300632911392405,0.0002086211023539,0.0125172661412342,0.3004143873896229,287602.7368421053,False,False,False,0.0,0,0,0,0,0
0x296a46f7c10ed20d1ccbb0a8d7bdede550dc75bb,usdt,768,10.033714529700996,5.189976937577688,0.4192708333333333,0.0002907922354499,0.0174475341269974,0.418740819047939,206332.88198757765,False,False,False,0.0,0,0,0,0,0
0x6ca978ba05371e59079f72243e22423a44e5d16c,usdt,1317,6.952249086060393,7.330890073965216,0.0068337129840546,4.7423211918113566e-06,0.0002845392715086,0.0068289425162083,12652032.111111112,False,False,False,0.0,0,0,0,0,0
0x7baab805c24c87fd410acff3aa349de6df07305c,usdt,297,5.28940888358283,4.290870315632018,0.2053872053872054,0.0001422811540914,0.0085368692454853,0.2048848618916489,421700.262295082,False,False,False,0.0,0,0,0,0,0
0x7891b20c690605f4e370d6944c8a5dbfac5a451c,usdt,811,9.71107108841053,9.210440366976515,0.279901356350185,0.0001942676494726,0.0116560589683617,0.2797454152406822,308852.24669603526,False,False,False,0.0,0,0,0,0,0
0xc95c558daa63b1a79331b2ab4a2a7af375384d3b,usdt,1874,9.211484767006327,9.99995000033333e-06,0.0053361792956243,3.7041071541403374e-06,0.0002222464292484,0.005333914301962,16198235.5,False,False,False,0.0,0,0,0,0,0
0x0dcb5d4688140ff4070f0993f05a776250ff8aef,usdt,194,7.661531666289183,0.0029955089797984,0.865979381443299,0.000600325891198,0.0360195534718847,0.8644692833252337,99945.71428571428,False,False,False,0.0,0,0,0,0,0
0x034ae2b0e33bb31439b6d19f9277e3828711385f,usdt,207,9.726128536940708,9.407436103928008,0.0772946859903381,5.361276305437272e-05,0.0032167657832623,0.0772023787982967,1119136.5,False,False,False,0.0,0,0,0,0,0
0xa24c3218d42c498ba19f653b7a819177a18bcde7,usdt,150,6.498887732640195,4.709530201312334,0.7533333333333333,0.0005207698053058,0.0312461883183498,0.7499085196403954,115214.05309734514,False,False,False,0.0,0,0,0,0,0
0xd813c2c899d2b3c495f73100aac50829a58ea7f3,usdt,201,5.5014633650093145,4.934330037886181,0.7064676616915423,0.0004904412313252,0.0294264738795144,0.7062353731083475,122338.81690140846,False,False,False,0.0,0,0,0,0,0
0x18b7b7f43d3abdea74d41feb98c461177897ab06,usdt,121,9.42288558575584,9.359780134809595,0.6363636363636364,0.0004399240816727,0.0263954449003657,0.6334906776087784,136387.16883116882,False,False,False,0.0,0,0,0,0,0
